source_record,video_id,question,task,answer,pred_answer,normalized_answer,normalized_prediction,correct
5,9198b9a4-8d8f-4ba6-9924-4c86982d890a,Does the video show someone chopping vegetables?,Whether Something Happened(Y/N),Yes.,Yes,yes,yes,1
6,9198b9a4-8d8f-4ba6-9924-4c86982d890a,Did the individual successfully open a kitchen cabinet?,Whether Something Happened(Y/N),Yes.,"Yes, the individual successfully opened a kitchen cabinet to retrieve an ingredient.",yes,yes,1
7,9198b9a4-8d8f-4ba6-9924-4c86982d890a,Is the flatbread being seasoned with sauce?,Whether Something Happened(Y/N),Yes.,Yes.,yes,yes,1
8,9198b9a4-8d8f-4ba6-9924-4c86982d890a,Is there an occurrence of food being wrapped?,Whether Something Happened(Y/N),Yes.,Yes.,yes,yes,1
9,9198b9a4-8d8f-4ba6-9924-4c86982d890a,Is the person using a knife for cooking tasks?,Whether Something Happened(Y/N),Yes.,Yes.,yes,yes,1
18,9198b9a4-8d8f-4ba6-9924-4c86982d890a,Did the person successfully cut the vegetables?,Whether Something Happened(Y/N),Yes.,"Yes, the person successfully cut the tomatoes into smaller pieces.",yes,yes,1
21,9198b9a4-8d8f-4ba6-9924-4c86982d890a,Is the cabinet opened before wrapping the sauce in flat bread?,Order Judging(Y/N),No,Yes.,no,yes,0
22,9198b9a4-8d8f-4ba6-9924-4c86982d890a,Do I cut vegetables before operating the heat regulator on the cooker?,Order Judging(Y/N),Yes,"Yes, the person is seen cutting vegetables before operating the heat regulator on the cooker.",yes,yes,1
23,9198b9a4-8d8f-4ba6-9924-4c86982d890a,Is the drawer opened before the vegetables are chopped?,Order Judging(Y/N),No,Yes.,no,yes,0
24,9198b9a4-8d8f-4ba6-9924-4c86982d890a,Does wrapping sauce in flat bread happen after cutting vegetables?,Order Judging(Y/N),Yes,"Yes, after cutting vegetables, the hands are seen wrapping sauce in flat bread.",yes,yes,1
25,9198b9a4-8d8f-4ba6-9924-4c86982d890a,Do I open the cabinet before chopping the vegetables?,Order Judging(Y/N),No,"Yes, the person opens a cabinet before chopping the vegetables.",no,yes,0
34,9198b9a4-8d8f-4ba6-9924-4c86982d890a,Is someone chopping vegetables in the video?,Whether Something Happened(Y/N),Yes.,Yes.,yes,yes,1
37,9198b9a4-8d8f-4ba6-9924-4c86982d890a,Does the frame capture the act of grilling or frying?,Whether Something Happened(Y/N),No.,"Yes, the frame captures both grilling and frying stages of the food preparation process.",no,yes,0
38,9198b9a4-8d8f-4ba6-9924-4c86982d890a,"In the video, are vegetables cut before the heat regulator is operated?",Order Judging(Y/N),Yes,"Yes, the vegetables are cut before the heat regulator is operated.",yes,yes,1
39,9198b9a4-8d8f-4ba6-9924-4c86982d890a,Does rolling sauce in flatbreads occur after cutting tomatoes?,Order Judging(Y/N),Yes,"Yes, after cutting tomatoes, the rolling sauce is added to the flatbreads.",yes,yes,1
40,9198b9a4-8d8f-4ba6-9924-4c86982d890a,Does the opening of the drawers happen before using the mobile phone?,Order Judging(Y/N),No,"Yes, the opening of the drawers happens before using the mobile phone.",no,yes,0
41,9198b9a4-8d8f-4ba6-9924-4c86982d890a,Is the heat regulator operated before rolling sauce in flatbreads?,Order Judging(Y/N),No,Yes,no,yes,0
46,9198b9a4-8d8f-4ba6-9924-4c86982d890a,Is the cabinet opened before the vegetables are chopped?,Order Judging(Y/N),No,Yes.,no,yes,0
47,9198b9a4-8d8f-4ba6-9924-4c86982d890a,Does operating the heat regulator happen after chopping vegetables?,Order Judging(Y/N),Yes,"Yes, the person is seen operating the heat regulator while chopping vegetables.",yes,yes,1
48,9198b9a4-8d8f-4ba6-9924-4c86982d890a,Is wrapping sauce in flat bread before cutting vegetables?,Order Judging(Y/N),No,Yes,no,yes,0
49,9198b9a4-8d8f-4ba6-9924-4c86982d890a,Do I use the mobile phone before opening drawers?,Order Judging(Y/N),Yes,"Yes, the mobile phone is used to open drawers.",yes,yes,1
63,9198b9a4-8d8f-4ba6-9924-4c86982d890a,Is there more than one dish being cooked simultaneously?,Whether Something Happened(Y/N),Yes.,"Yes, there are two dishes being cooked simultaneously on the stove.",yes,yes,1
64,9198b9a4-8d8f-4ba6-9924-4c86982d890a,Is the cook wearing any protective gloves in the video?,Whether Something Happened(Y/N),No.,"Yes, the cook is wearing red nail polish in the video.",no,yes,0
65,9198b9a4-8d8f-4ba6-9924-4c86982d890a,Does the video capture the addition of toppings to the shawarma?,Whether Something Happened(Y/N),No.,"Yes, the video captures the addition of toppings to the shawarma by placing a dollop of shredded cheese on top and adding more toppings.",no,yes,0
66,9198b9a4-8d8f-4ba6-9924-4c86982d890a,Is the mobile phone operated before rolling sauce in flat breads?,Order Judging(Y/N),No,"Yes, the mobile phone is used to operate a blender before rolling sauce in flat breads.",no,yes,0
67,9198b9a4-8d8f-4ba6-9924-4c86982d890a,Do I cut the tomatoes before preparing the shawarma?,Order Judging(Y/N),Yes,"Yes, the person in the video is seen cutting the tomatoes before preparing the shawarma.",yes,yes,1
68,9198b9a4-8d8f-4ba6-9924-4c86982d890a,Is the shawarma prepared before cutting tomatoes?,Order Judging(Y/N),No,"Yes, the shawarma is prepared before cutting tomatoes by placing a tomato on top of each wrap.",no,yes,0
69,9198b9a4-8d8f-4ba6-9924-4c86982d890a,Do I roll sauce in flat breads after cutting tomatoes?,Order Judging(Y/N),Yes,"Yes, the person rolls sauce in flat breads after cutting tomatoes.",yes,yes,1
70,9198b9a4-8d8f-4ba6-9924-4c86982d890a,Is the mobile phone operated after preparing the shawarma?,Order Judging(Y/N),Yes,"Yes, the mobile phone is shown in the video, indicating that it was used to take a photo of the shawarma preparation.",yes,yes,1
74,9198b9a4-8d8f-4ba6-9924-4c86982d890a,"In the video, did I open the kitchen drawers before cutting vegetables?",Order Judging(Y/N),No,"Yes, the person in the video opens a drawer before cutting vegetables.",no,yes,0
75,9198b9a4-8d8f-4ba6-9924-4c86982d890a,Does the cooking of shawarma happen before regulating the cooker's heat?,Order Judging(Y/N),Yes,"Yes, the cooking of shawarma happens before regulating the cooker's heat.",yes,yes,1
76,9198b9a4-8d8f-4ba6-9924-4c86982d890a,"In the video, is the mobile phone operated after the sauce is rolled in flatbreads?",Order Judging(Y/N),Yes,"Yes, the mobile phone is operated after the sauce is rolled in flatbreads.",yes,yes,1
77,9198b9a4-8d8f-4ba6-9924-4c86982d890a,Is heat regulation done before cutting tomatoes with a knife?,Order Judging(Y/N),No,"Yes, the person is seen holding a knife and cutting tomatoes with a spatula before placing them into a bowl.",no,yes,0
81,9198b9a4-8d8f-4ba6-9924-4c86982d890a,Is the person in the video making a meal?,Whether Something Happened(Y/N),Yes.,Yes,yes,yes,1
82,9198b9a4-8d8f-4ba6-9924-4c86982d890a,Is the kitchen the main location in these frames?,Whether Something Happened(Y/N),Yes.,"Yes, the kitchen is the main location in these frames.",yes,yes,1
83,9198b9a4-8d8f-4ba6-9924-4c86982d890a,Does the video capture the moment of grilling meat for the shawarma?,Whether Something Happened(Y/N),No.,"Yes, the video captures the moment of grilling meat for the shawarma.",no,yes,0
84,9198b9a4-8d8f-4ba6-9924-4c86982d890a,Are spices being added to the food in this clip?,Whether Something Happened(Y/N),No.,"Yes, spices are being added to the food in this clip.",no,yes,0
85,9198b9a4-8d8f-4ba6-9924-4c86982d890a,"In the video, is the shawarma filling added to the bread before wrapping it?",Order Judging(Y/N),Yes,"Yes, the shawarma filling is added to the bread before wrapping it.",yes,yes,1
86,9198b9a4-8d8f-4ba6-9924-4c86982d890a,Does the chopping of vegetables occur before heating the pan?,Order Judging(Y/N),No,"Yes, the chopping of vegetables occurs before heating the pan.",no,yes,0
87,9198b9a4-8d8f-4ba6-9924-4c86982d890a,Is the stove turned off before removing the pan from heat?,Order Judging(Y/N),Yes,Yes.,yes,yes,1
88,9198b9a4-8d8f-4ba6-9924-4c86982d890a,"In the video, is the bread placed on the pan before adding fillings?",Order Judging(Y/N),Yes,"Yes, the bread is placed on the pan before adding fillings.",yes,yes,1
89,9198b9a4-8d8f-4ba6-9924-4c86982d890a,Is the shawarma served before adding sauce?,Order Judging(Y/N),No,Yes,no,yes,0
93,9198b9a4-8d8f-4ba6-9924-4c86982d890a,"In the video, is the sauce added to the flat bread before cutting the tomatoes?",Order Judging(Y/N),No,Yes,no,yes,0
94,9198b9a4-8d8f-4ba6-9924-4c86982d890a,Does the person operate the mobile phone after rolling the sauce in the flat breads?,Order Judging(Y/N),Yes,"Yes, the person operates the mobile phone after rolling the sauce in the flat breads.",yes,yes,1
95,9198b9a4-8d8f-4ba6-9924-4c86982d890a,Is the shawarma prepared before the tomatoes are cut with a knife?,Order Judging(Y/N),Yes,Yes,yes,yes,1
96,9198b9a4-8d8f-4ba6-9924-4c86982d890a,"In the video, does rolling the sauce happen before the shawarma preparation?",Order Judging(Y/N),No,"No, the sauce is added to the shawarma before rolling it.",no,no,1
97,9198b9a4-8d8f-4ba6-9924-4c86982d890a,Is the flat bread used before operating the mobile phone?,Order Judging(Y/N),Yes,Yes.,yes,yes,1
100,9198b9a4-8d8f-4ba6-9924-4c86982d890a,Is the shawarma preparation process completed in the clip?,Whether Something Happened(Y/N),No.,"Yes, the shawarma preparation process is completed in the clip. The person has finished preparing the shawarma by adding it to a bowl and placing it on top of the lettuce leaves.",no,yes,0
101,9198b9a4-8d8f-4ba6-9924-4c86982d890a,Is there more than one person visible in the kitchen?,Whether Something Happened(Y/N),No.,"Yes, there is another person visible in the kitchen.",no,yes,0
102,9198b9a4-8d8f-4ba6-9924-4c86982d890a,Does the clip show any cooking appliances being used?,Whether Something Happened(Y/N),No.,"Yes, the clip shows a kitchen appliance being used in the process of preparing the dish.",no,yes,0
103,9198b9a4-8d8f-4ba6-9924-4c86982d890a,Is there any sign of food already cooked in the scene?,Whether Something Happened(Y/N),No.,"Yes, there is a bowl of tortillas with some food remnants visible in the background.",no,yes,0
104,9198b9a4-8d8f-4ba6-9924-4c86982d890a,Is the person in the frame wearing gloves?,Whether Something Happened(Y/N),No.,No.,no,no,1
105,9198b9a4-8d8f-4ba6-9924-4c86982d890a,"In the video, is the meat added to the shawarma wrap before chopping the herbs?",Order Judging(Y/N),No,"No, the meat is not added to the shawarma wrap before chopping the herbs.",no,no,1
106,9198b9a4-8d8f-4ba6-9924-4c86982d890a,"In the video, is the shawarma wrap prepared before the vegetables are chopped?",Order Judging(Y/N),Yes,"Yes, the shawarma wrap is prepared before the vegetables are chopped.",yes,yes,1
107,9198b9a4-8d8f-4ba6-9924-4c86982d890a,Does chopping herbs happen after the vegetables are mixed in the bowl?,Order Judging(Y/N),No,"Yes, the person continues to chop herbs on the counter after mixing them in the bowl.",no,yes,0
108,9198b9a4-8d8f-4ba6-9924-4c86982d890a,Is the shawarma meat cooked before the vegetables are cut?,Order Judging(Y/N),Yes,Yes.,yes,yes,1
111,9198b9a4-8d8f-4ba6-9924-4c86982d890a,"In the video, is the meat placed on the bread before adding vegetables?",Order Judging(Y/N),No,"No, the meat is not placed on the bread before adding vegetables.",no,no,1
112,9198b9a4-8d8f-4ba6-9924-4c86982d890a,Is the bread toasted before spreading the meat on it?,Order Judging(Y/N),No,Yes,no,yes,0
113,9198b9a4-8d8f-4ba6-9924-4c86982d890a,"In the clip, is the chopping of vegetables shown before the frying of meat?",Order Judging(Y/N),Yes,"Yes, the chopping of vegetables is shown before the frying of meat in the video.",yes,yes,1
114,9198b9a4-8d8f-4ba6-9924-4c86982d890a,Does the video show adding condiments after the meat is placed on the bread?,Order Judging(Y/N),Yes,"No, the video does not show adding condiments after the meat is placed on the bread.",yes,no,0
126,9198b9a4-8d8f-4ba6-9924-4c86982d890a,Is there more than one person in this scene?,Whether Something Happened(Y/N),No.,"Yes, there is more than one person in the scene.",no,yes,0
127,9198b9a4-8d8f-4ba6-9924-4c86982d890a,Has the meal been completed in this frame?,Whether Something Happened(Y/N),No.,"Yes, the meal has been completed in this frame. The person is holding a tortilla filled with meat and sauce over a pan of chili, which is being stirred by another hand.",no,yes,0
128,9198b9a4-8d8f-4ba6-9924-4c86982d890a,Is the person in the video cleaning?,Whether Something Happened(Y/N),No.,No.,no,no,1
129,9198b9a4-8d8f-4ba6-9924-4c86982d890a,Does this clip show the finished shawarma dish?,Whether Something Happened(Y/N),No.,"Yes, the clip shows the finished shawarma dish with a bowl of sauce and additional ingredients on the countertop.",no,yes,0
130,9198b9a4-8d8f-4ba6-9924-4c86982d890a,Are there any children present in this video?,Whether Something Happened(Y/N),No.,"No, there are no children present in the video.",no,no,1
131,9198b9a4-8d8f-4ba6-9924-4c86982d890a,"In the video, is the shawarma prepared after I washed the vegetables?",Order Judging(Y/N),No,"Yes, the shawarma is prepared after I washes the vegetables.",no,yes,0
132,9198b9a4-8d8f-4ba6-9924-4c86982d890a,"In the video, do I chop the parsley before assembling the shawarma?",Order Judging(Y/N),Yes,"Yes, you chop the parsley before assembling the shawarma.",yes,yes,1
133,9198b9a4-8d8f-4ba6-9924-4c86982d890a,Does cutting tomatoes occur before the marinating of meat?,Order Judging(Y/N),Yes,"Yes, the person is seen cutting tomatoes before the marinating of meat.",yes,yes,1
134,9198b9a4-8d8f-4ba6-9924-4c86982d890a,"In the clip, is the garlic crushed before the tzatziki sauce is mixed?",Order Judging(Y/N),Yes,"Yes, the garlic is crushed before the tzatziki sauce is mixed.",yes,yes,1
135,9198b9a4-8d8f-4ba6-9924-4c86982d890a,Is the lettuce shredded after the hummus is spread on the bread?,Order Judging(Y/N),Yes,"No, the lettuce is not shredded after the hummus is spread on the bread.",yes,no,0
141,9198b9a4-8d8f-4ba6-9924-4c86982d890a,"In the kitchen, is shawarma added to the pita before chopping the herbs?",Order Judging(Y/N),No,Yes,no,yes,0
142,9198b9a4-8d8f-4ba6-9924-4c86982d890a,Are the herbs chopped before the shawarma is cooked?,Order Judging(Y/N),Yes,"Yes, the herbs are chopped before being added to the shawarma.",yes,yes,1
143,9198b9a4-8d8f-4ba6-9924-4c86982d890a,Is the pita prepared before any cooking starts?,Order Judging(Y/N),No,"Yes, the pita is prepared and placed on a tray before any cooking starts.",no,yes,0
144,9198b9a4-8d8f-4ba6-9924-4c86982d890a,Is the pan on the stove before chopping the herbs?,Order Judging(Y/N),Yes,"No, the pan is not on the stove before chopping the herbs.",yes,no,0
156,9198b9a4-8d8f-4ba6-9924-4c86982d890a,Is there a person visible in the video clip?,Whether Something Happened(Y/N),No.,Yes.,no,yes,0
157,9198b9a4-8d8f-4ba6-9924-4c86982d890a,Does the clip include any festive decorations?,Whether Something Happened(Y/N),Yes.,"Yes, the video includes a glimpse of a Christmas tree in the background.",yes,yes,1
158,9198b9a4-8d8f-4ba6-9924-4c86982d890a,Can you see any finished dish in the clip?,Whether Something Happened(Y/N),No.,"Yes, the finished dish is visible in the final frame of the video.",no,yes,0
159,9198b9a4-8d8f-4ba6-9924-4c86982d890a,Does the clip show someone doing the dishes?,Whether Something Happened(Y/N),No.,"Yes, the clip shows someone pouring a liquid from a blender into a bowl and then placing an egg onto a cutting board.",no,yes,0
160,9198b9a4-8d8f-4ba6-9924-4c86982d890a,Is there any visible flame or food being cooked directly?,Whether Something Happened(Y/N),No.,"No, there is no visible flame or food being cooked directly in the video.",no,no,1
163,9198b9a4-8d8f-4ba6-9924-4c86982d890a,Does the person open the refrigerator in the video?,Whether Something Happened(Y/N),Yes.,Yes.,yes,yes,1
164,9198b9a4-8d8f-4ba6-9924-4c86982d890a,"In the video, is the refrigerator opened before the cheese is retrieved?",Order Judging(Y/N),Yes,"Yes, the refrigerator is opened before the cheese is retrieved.",yes,yes,1
165,9198b9a4-8d8f-4ba6-9924-4c86982d890a,Is the kitchen light turned on after I enter the room?,Order Judging(Y/N),No,"Yes, the kitchen light is turned on after I enter the room.",no,yes,0
166,9198b9a4-8d8f-4ba6-9924-4c86982d890a,Do I start preparing shawarma before setting the ingredients on the counter?,Order Judging(Y/N),No,"Yes, you start preparing shawarma before setting the ingredients on the counter.",no,yes,0
167,9198b9a4-8d8f-4ba6-9924-4c86982d890a,"In the video, is the tree decorated before I begin cooking?",Order Judging(Y/N),Yes,"Yes, the tree is decorated with lights and ornaments before I begin cooking.",yes,yes,1
178,9198b9a4-8d8f-4ba6-9924-4c86982d890a,Is there an egg crate visible in the scene?,Whether Something Happened(Y/N),Yes.,"Yes, there is an egg crate visible in the scene.",yes,yes,1
179,9198b9a4-8d8f-4ba6-9924-4c86982d890a,Did the person crack eggs from both a slab and the fridge?,Whether Something Happened(Y/N),Yes.,"Yes, the person cracked eggs from both a slab and the fridge.",yes,yes,1
180,9198b9a4-8d8f-4ba6-9924-4c86982d890a,Were the flour and whipping cream poured into separate containers?,Whether Something Happened(Y/N),Yes.,"Yes, the flour and whipping cream were poured into separate containers.",yes,yes,1
181,9198b9a4-8d8f-4ba6-9924-4c86982d890a,Is the heavy whipping cream poured before cracking the eggs?,Order Judging(Y/N),Yes,"Yes, the heavy whipping cream is poured over the eggs before cracking them.",yes,yes,1
182,9198b9a4-8d8f-4ba6-9924-4c86982d890a,Is the flour added to the bowl before the eggs are cracked?,Order Judging(Y/N),Yes,"No, the flour is added to the bowl after the eggs are cracked.",yes,no,0
187,9198b9a4-8d8f-4ba6-9924-4c86982d890a,"In the video, is the egg cracked into the bowl before the cream is poured?",Order Judging(Y/N),No,"Yes, the egg is cracked into the bowl before the cream is poured.",no,yes,0
188,9198b9a4-8d8f-4ba6-9924-4c86982d890a,Does the egg crate go back into the fridge after the eggs are cracked?,Order Judging(Y/N),Yes,"No, the egg crate is left on the counter after the eggs are cracked.",yes,no,0
189,9198b9a4-8d8f-4ba6-9924-4c86982d890a,"In the video, is the flour poured into the bowl after the egg is cracked?",Order Judging(Y/N),Yes,"No, the flour is poured into the bowl after the egg is cracked.",yes,no,0
190,9198b9a4-8d8f-4ba6-9924-4c86982d890a,Does the preparation of shawarma occur before the cream is poured into the cup?,Order Judging(Y/N),Yes,"Yes, the preparation of shawarma occurs before the cream is poured into the cup.",yes,yes,1
202,9198b9a4-8d8f-4ba6-9924-4c86982d890a,Does the person whip cream into the mixture?,Whether Something Happened(Y/N),Yes.,Yes,yes,yes,1
203,9198b9a4-8d8f-4ba6-9924-4c86982d890a,Does the person transfer the mixture to another container?,Whether Something Happened(Y/N),No.,"Yes, the person transfers/INFO",no,yes,0
204,9198b9a4-8d8f-4ba6-9924-4c86982d890a,Is the dough placed in an oven?,Whether Something Happened(Y/N),No.,"No, the dough is not placed in an oven; it is being kneaded on a wooden cutting board.",no,no,1
205,9198b9a4-8d8f-4ba6-9924-4c86982d890a,Does the person knead the dough in the clip?,Whether Something Happened(Y/N),No.,"Yes, the person kneads the dough in a bowl using their hands.",no,yes,0
207,9198b9a4-8d8f-4ba6-9924-4c86982d890a,Was the cream poured into a cup before the eggs were cracked?,Order Judging(Y/N),Yes,"Yes, the cream was poured into a cup before the eggs were cracked.",yes,yes,1
208,9198b9a4-8d8f-4ba6-9924-4c86982d890a,Was the mixture stirred before the dough was brought out?,Order Judging(Y/N),Yes,"Yes, the mixture was stirred with a spatula before being transferred to a plastic bag.",yes,yes,1
209,9198b9a4-8d8f-4ba6-9924-4c86982d890a,Did the whipping of eggs happen after the flour was poured?,Order Judging(Y/N),Yes,"Yes, the video shows the person pouring flour into a bowl and then whipping it with a whisk.",yes,yes,1
210,9198b9a4-8d8f-4ba6-9924-4c86982d890a,Is sugar added to the mixture after the egg is whipped?,Order Judging(Y/N),Yes,"Yes, sugar is added to the mixture after the egg is whipped.",yes,yes,1
215,9198b9a4-8d8f-4ba6-9924-4c86982d890a,"In the video, does the cheese get grated before the eggs are cracked?",Order Judging(Y/N),No,"Yes, the cheese is grated before the eggs are cracked.",no,yes,0
216,9198b9a4-8d8f-4ba6-9924-4c86982d890a,Is the heavy whipping cream poured into a cup after the flour?,Order Judging(Y/N),Yes,Yes,yes,yes,1
217,9198b9a4-8d8f-4ba6-9924-4c86982d890a,Does the dough come out of the fridge before the eggs are whipped?,Order Judging(Y/N),No,"Yes, the dough comes out of the fridge before the eggs are whipped.",no,yes,0
218,9198b9a4-8d8f-4ba6-9924-4c86982d890a,"In the video, is the sugar added to the mixture before the vegetables?",Order Judging(Y/N),Yes,"Yes, the sugar is added to the mixture after the vegetables are chopped/INFO",yes,yes,1
219,9198b9a4-8d8f-4ba6-9924-4c86982d890a,Does the mixture get stirred before the eggs are cracked?,Order Judging(Y/N),No,"Yes, the mixture is stirred with a spatula before the eggs are cracked.",no,yes,0
231,9198b9a4-8d8f-4ba6-9924-4c86982d890a,Is the dough being prepared for baking?,Whether Something Happened(Y/N),Yes.,Yes,yes,yes,1
233,9198b9a4-8d8f-4ba6-9924-4c86982d890a,Did the same person handle all tasks shown in the summary?,Whether Something Happened(Y/N),Yes.,"Yes, the same person is seen handling all tasks shown in the summary.",yes,yes,1
235,9198b9a4-8d8f-4ba6-9924-4c86982d890a,Is the dough placed on the board before the mixture is stirred?,Order Judging(Y/N),No,Yes,no,yes,0
236,9198b9a4-8d8f-4ba6-9924-4c86982d890a,Is the doe taken out of the fridge before the rolling pin is used?,Order Judging(Y/N),Yes,Yes.,yes,yes,1
238,9198b9a4-8d8f-4ba6-9924-4c86982d890a,Did I pour heavy whipping cream before cracking eggs?,Order Judging(Y/N),Yes,"Yes, the person in the video is seen pouring heavy whipping cream before cracking eggs.",yes,yes,1
239,9198b9a4-8d8f-4ba6-9924-4c86982d890a,Is the dough rolled before stirring mixtures in bowls?,Order Judging(Y/N),Yes,"Yes, the dough is rolled before stirring mixtures in bowls.",yes,yes,1
240,9198b9a4-8d8f-4ba6-9924-4c86982d890a,Do I place the dough on the board after pouring flour?,Order Judging(Y/N),Yes,"Yes, the person places the dough on the board after pouring flour.",yes,yes,1
248,9198b9a4-8d8f-4ba6-9924-4c86982d890a,Did the person use a knife in the video?,Whether Something Happened(Y/N),Yes.,"Yes, the person used a knife to cut out pieces of cheese from the dough.",yes,yes,1
249,9198b9a4-8d8f-4ba6-9924-4c86982d890a,Is there any folding action happening?,Whether Something Happened(Y/N),Yes.,"Yes, the person is folding the dough into a circular shape.",yes,yes,1
250,9198b9a4-8d8f-4ba6-9924-4c86982d890a,Did the person complete the trimming action?,Whether Something Happened(Y/N),Yes.,"Yes, the person completed the trimming action by smoothing out any excess dough on the cutting board.",yes,yes,1
251,9198b9a4-8d8f-4ba6-9924-4c86982d890a,Is the dough folded before trimming the rough edges?,Order Judging(Y/N),No,"Yes, the dough is folded before trimming the rough edges.",no,yes,0
252,9198b9a4-8d8f-4ba6-9924-4c86982d890a,Does stirring in the steel bowls happen after folding the dough?,Order Judging(Y/N),No,"Yes, stirring in the steel bowls happens after folding the dough.",no,yes,0
255,9198b9a4-8d8f-4ba6-9924-4c86982d890a,Does rolling the dough with a rolling pin happen before trimming its edges?,Order Judging(Y/N),Yes,"Yes, the rolling pin is used to flatten and shape the dough before trimming its edges.",yes,yes,1
256,9198b9a4-8d8f-4ba6-9924-4c86982d890a,Is the trimmed dough folded before stirring the mixture?,Order Judging(Y/N),No,"Yes, the person is seen holding a bowl of shredded cheese and placing it on top of the dough before starting to fold it.",no,yes,0
257,9198b9a4-8d8f-4ba6-9924-4c86982d890a,Do I take out the dough from the fridge before preparing mixtures?,Order Judging(Y/N),Yes,"No, you should not take out the dough from the fridge before preparing mixtures.",yes,no,0
265,0fa75cb3-c4a0-4232-bdc4-15116ed39d88,Does the video show the subject entering a building?,Whether Something Happened(Y/N),No.,"Yes, the video shows a person entering a building with a blurred face in the foreground.",no,yes,0
266,0fa75cb3-c4a0-4232-bdc4-15116ed39d88,Is the subject interacting with other people in the video?,Whether Something Happened(Y/N),No.,"Yes, the person in the yellow shirt is seen walking towards the camera.",no,yes,0
267,0fa75cb3-c4a0-4232-bdc4-15116ed39d88,Does the video capture the subject engaging in a sport?,Whether Something Happened(Y/N),No.,"Yes, the video captures a person standing in the foreground of the frame, possibly preparing to engage in a sport or activity.",no,yes,0
268,0fa75cb3-c4a0-4232-bdc4-15116ed39d88,Is the subject seen leaving the field in the video?,Whether Something Happened(Y/N),Yes.,Yes.,yes,yes,1
274,0fa75cb3-c4a0-4232-bdc4-15116ed39d88,Does the person stop to observe a specific scene?,Whether Something Happened(Y/N),Yes.,"Yes, the person stops to look at a specific scene on the bridge.",yes,yes,1
275,0fa75cb3-c4a0-4232-bdc4-15116ed39d88,"In the video, did I look at the scenes before walking on the field?",Order Judging(Y/N),No,"Yes, the person in the video appears to be looking at the scenes before walking on the field.",no,yes,0
276,0fa75cb3-c4a0-4232-bdc4-15116ed39d88,"In the video, was I indoors before going to the field?",Order Judging(Y/N),No,"No, I was outdoors before going to the field.",no,no,1
280,0fa75cb3-c4a0-4232-bdc4-15116ed39d88,Does this video show a busy city street?,Whether Something Happened(Y/N),No.,"No, the video does not show a busy city street.",no,no,1
281,0fa75cb3-c4a0-4232-bdc4-15116ed39d88,Does the clip capture any interaction with people?,Whether Something Happened(Y/N),No.,"No, the clip does not capture any interaction with people.",no,no,1
282,0fa75cb3-c4a0-4232-bdc4-15116ed39d88,Is the person entering a building in this scene?,Whether Something Happened(Y/N),No.,Yes.,no,yes,0
283,0fa75cb3-c4a0-4232-bdc4-15116ed39d88,Was I in the field after walking on the walkway?,Order Judging(Y/N),No.,"Yes, you were in the field after walking on the walkway.",no,yes,0
284,0fa75cb3-c4a0-4232-bdc4-15116ed39d88,Did I go home before looking at the scenes?,Order Judging(Y/N),No.,"Yes, you can see a person in the foreground with blurred features, indicating they are moving or walking away from the camera.",no,yes,0
287,0fa75cb3-c4a0-4232-bdc4-15116ed39d88,Did I walk on the field before looking at the scenes?,Order Judging(Y/N),Yes,"Yes, you walked on the field before looking at the scenes.",yes,yes,1
288,0fa75cb3-c4a0-4232-bdc4-15116ed39d88,Is the walk on the walkway shown before going home in the video?,Order Judging(Y/N),Yes,Yes.,yes,yes,1
289,0fa75cb3-c4a0-4232-bdc4-15116ed39d88,"In the video, do we see walking through the walkways before walking on the field?",Order Judging(Y/N),No,"No, we do not see walking through the walkways before walking on the field.",no,no,1
290,0fa75cb3-c4a0-4232-bdc4-15116ed39d88,Do I walk along the water before walking under the trees as shown in the clip?,Order Judging(Y/N),Yes,"Yes, you walk along the water before walking under the trees as shown in the clip.",yes,yes,1
298,0fa75cb3-c4a0-4232-bdc4-15116ed39d88,Is there any sign of wildlife in the frames provided?,Whether Something Happened(Y/N),No.,"No, there are no signs of wildlife in the frames provided.",no,no,1
299,0fa75cb3-c4a0-4232-bdc4-15116ed39d88,Did the person in the video use any transportation other than walking?,Whether Something Happened(Y/N),No.,"Yes, the person in the video used a bicycle to navigate through the park.",no,yes,0
300,0fa75cb3-c4a0-4232-bdc4-15116ed39d88,Does the footage include any sporting activities?,Whether Something Happened(Y/N),No.,"Yes, the video includes a person riding a bicycle in the foreground.",no,yes,0
301,0fa75cb3-c4a0-4232-bdc4-15116ed39d88,"Is the person in the video engaging with the environment, like sitting or touching?",Whether Something Happened(Y/N),No.,"Yes, the person in the video is seen sitting on a bench and touching their hair.",no,yes,0
302,0fa75cb3-c4a0-4232-bdc4-15116ed39d88,Did I tour the park before walking on the walkways?,Order Judging(Y/N),Yes,"Yes, you can see a person walking on the walkways before you.",yes,yes,1
304,0fa75cb3-c4a0-4232-bdc4-15116ed39d88,Did I walk through the park before going home?,Order Judging(Y/N),Yes,"Yes, you can see a person walking through the park before going home.",yes,yes,1
307,0fa75cb3-c4a0-4232-bdc4-15116ed39d88,Do I interact with anyone in this video clip?,Whether Something Happened(Y/N),No.,"No, there is no interaction with anyone in this video clip.",no,no,1
313,0fa75cb3-c4a0-4232-bdc4-15116ed39d88,Does the person interact with any objects in the scene?,Whether Something Happened(Y/N),No.,"Yes, the person is seen holding a smartphone in one of their hands.",no,yes,0
314,0fa75cb3-c4a0-4232-bdc4-15116ed39d88,Is the person traveling with someone else?,Whether Something Happened(Y/N),No.,"Yes, the person is seen walking with another individual in the distance.",no,yes,0
315,0fa75cb3-c4a0-4232-bdc4-15116ed39d88,Does the video capture any animals in the scene?,Whether Something Happened(Y/N),No.,"No, the video does not capture any animals.",no,no,1
316,0fa75cb3-c4a0-4232-bdc4-15116ed39d88,Does the individual seem to be lost or searching for directions?,Whether Something Happened(Y/N),No.,"Yes, the individual appears to be lost or searching for directions as they walk along the sidewalk.",no,yes,0
323,879dd163-7588-45d1-9466-a5deabc59167,Does the video capture the person sitting on the couch?,Whether Something Happened(Y/N),Yes.,"Yes, the video captures the person sitting on the couch throughout the sequence.",yes,yes,1
324,879dd163-7588-45d1-9466-a5deabc59167,Is the person in the video engaged in a strenuous activity?,Whether Something Happened(Y/N),No.,No.,no,no,1
331,879dd163-7588-45d1-9466-a5deabc59167,Does the clip show a person reading a physical book?,Whether Something Happened(Y/N),No.,"No, the clip does not show a person reading a physical book; it only shows an individual holding and looking at a white e-reader displaying text.",no,no,1
332,879dd163-7588-45d1-9466-a5deabc59167,Is the subject standing while reading?,Whether Something Happened(Y/N),No.,"No, the subject is sitting on the couch while reading.",no,no,1
333,879dd163-7588-45d1-9466-a5deabc59167,Does the video capture multiple people in the room?,Whether Something Happened(Y/N),No.,"Yes, the video captures multiple people in the room.",no,yes,0
334,879dd163-7588-45d1-9466-a5deabc59167,Does the video show a daytime setting?,Whether Something Happened(Y/N),No.,No.,no,no,1
339,879dd163-7588-45d1-9466-a5deabc59167,Does the video show a person standing up?,Whether Something Happened(Y/N),No.,"No, the video does not show a person standing up; it focuses on the person sitting comfortably in the living room.",no,no,1
340,879dd163-7588-45d1-9466-a5deabc59167,Is the video capturing outdoor activities?,Whether Something Happened(Y/N),No.,"No, the video does not show any outdoor activities.",no,no,1
341,879dd163-7588-45d1-9466-a5deabc59167,Does the video depict a social gathering?,Whether Something Happened(Y/N),No.,"No, the video does not depict a social gathering. It focuses on the individual's leisurely activity of reading an e-reader in their living room.",no,no,1
342,879dd163-7588-45d1-9466-a5deabc59167,Is the individual in the video interacting with others?,Whether Something Happened(Y/N),No.,"No, the individual is not interacting with others in the video.",no,no,1
343,879dd163-7588-45d1-9466-a5deabc59167,Is the scene taking place in a work environment?,Whether Something Happened(Y/N),No.,No.,no,no,1
350,879dd163-7588-45d1-9466-a5deabc59167,Does the video show any social interaction?,Whether Something Happened(Y/N),No.,"No, the video does not show any social interaction.",no,no,1
351,879dd163-7588-45d1-9466-a5deabc59167,Is the reader changing positions frequently in this clip?,Whether Something Happened(Y/N),No.,"Yes, the reader is seen changing positions frequently throughout the clip.",no,yes,0
353,879dd163-7588-45d1-9466-a5deabc59167,Does the reader make use of any physical book in the scene?,Whether Something Happened(Y/N),No.,"Yes, the reader occasionally glances at a physical book lying on the couch.",no,yes,0
354,879dd163-7588-45d1-9466-a5deabc59167,Is there any indication of the reader being disturbed or interrupted?,Whether Something Happened(Y/N),No.,"No, there is no indication of the reader being disturbed or interrupted.",no,no,1
360,879dd163-7588-45d1-9466-a5deabc59167,Is the individual in the video eating?,Whether Something Happened(Y/N),No.,"No, the individual is not eating; they are focused on reading a book.",no,no,1
361,879dd163-7588-45d1-9466-a5deabc59167,Does the video show the person lying down on the couch?,Whether Something Happened(Y/N),No.,"No, the video does not show the person lying down on the couch; it only shows them holding and reading a white e-reader.",no,no,1
362,879dd163-7588-45d1-9466-a5deabc59167,Is there a pet visible in the video clip?,Whether Something Happened(Y/N),No.,"No, there is no pet visible in the video clip.",no,no,1
363,879dd163-7588-45d1-9466-a5deabc59167,Does the video depict any outdoor scenes?,Whether Something Happened(Y/N),No.,"No, the video does not depict any outdoor scenes.",no,no,1
364,879dd163-7588-45d1-9466-a5deabc59167,Is the person in the video talking on the phone?,Whether Something Happened(Y/N),No.,"No, the person is not talking on the phone; they are focused on reading a book.",no,no,1
365,879dd163-7588-45d1-9466-a5deabc59167,Did I sit on the couch before reading the book on the tablet?,Order Judging(Y/N),Yes,"No, you didn't sit on the couch before reading the book on the tablet.",yes,no,0
366,879dd163-7588-45d1-9466-a5deabc59167,Did I move my legs on the couch before using the tablet?,Order Judging(Y/N),Yes,"No, you did not move your legs on the couch before using the tablet.",yes,no,0
367,879dd163-7588-45d1-9466-a5deabc59167,Was I in the house before I sat on the couch?,Order Judging(Y/N),Yes,"Yes, you were in the house before I sat on the couch.",yes,yes,1
368,879dd163-7588-45d1-9466-a5deabc59167,Did I use the tablet before moving my legs on the couch?,Order Judging(Y/N),No,"No, you did not use the tablet before moving your legs on the couch.",no,no,1
369,879dd163-7588-45d1-9466-a5deabc59167,Was the tablet in my hands before I sat on the couch?,Order Judging(Y/N),No,"No, the tablet was not in my hands before I sat on the couch.",no,no,1
381,879dd163-7588-45d1-9466-a5deabc59167,Did I move my legs on the couch before using the tablet?,Order Judging(Y/N),Yes,"No, you didn't move your legs on the couch before using the tablet.",yes,no,0
382,879dd163-7588-45d1-9466-a5deabc59167,Did I raise my hands before sitting on the couch?,Order Judging(Y/N),No,"No, you didn't raise your hands before sitting on the couch.",no,no,1
383,879dd163-7588-45d1-9466-a5deabc59167,Was I sitting on the couch before raising my hands?,Order Judging(Y/N),Yes,"Yes, you were sitting on the couch before raising your hands.",yes,yes,1
384,879dd163-7588-45d1-9466-a5deabc59167,Did I use the tablet after sitting on the couch?,Order Judging(Y/N),Yes,"Yes, you did use the tablet after sitting on the couch.",yes,yes,1
387,879dd163-7588-45d1-9466-a5deabc59167,Is the tablet used after sitting on the couch as shown in the clip?,Order Judging(Y/N),Yes,"Yes, the tablet is used after sitting on the couch.",yes,yes,1
388,879dd163-7588-45d1-9466-a5deabc59167,"In the video, is the tablet picked up before legs are placed on the couch?",Order Judging(Y/N),Yes,"Yes, the tablet is picked up before legs are placed on the couch.",yes,yes,1
389,879dd163-7588-45d1-9466-a5deabc59167,Does sitting on the couch happen after raising hands in the sequence?,Order Judging(Y/N),No,"No, the sequence does not involve sitting on the couch after raising hands.",no,no,1
394,879dd163-7588-45d1-9466-a5deabc59167,Is the person reading a book on the tablet?,Whether Something Happened(Y/N),Yes.,"No, the person is not reading a book on the tablet.",yes,no,0
395,879dd163-7588-45d1-9466-a5deabc59167,Does the scene show an interaction with digital technology?,Whether Something Happened(Y/N),Yes.,"Yes, the scene shows an interaction with digital technology as the person is holding a white e-reader and appears to be reading or interacting with it.",yes,yes,1
396,879dd163-7588-45d1-9466-a5deabc59167,Is the individual standing while using the tablet?,Whether Something Happened(Y/N),No.,"No, the individual is lying on the couch while using the tablet.",no,no,1
397,879dd163-7588-45d1-9466-a5deabc59167,Has the person positioned themselves comfortably for tablet use?,Whether Something Happened(Y/N),Yes.,"Yes, the person is comfortably positioned on their lap with one foot resting on a cushion.",yes,yes,1
398,879dd163-7588-45d1-9466-a5deabc59167,Does the video show the person watching TV?,Whether Something Happened(Y/N),No.,"No, the video does not show the person watching TV; it focuses on the individual reading a book.",no,no,1
399,879dd163-7588-45d1-9466-a5deabc59167,"In the video, did I use the tablet before sitting on the couch?",Order Judging(Y/N),No,"Yes, you did use the tablet before sitting on the couch.",no,yes,0
400,879dd163-7588-45d1-9466-a5deabc59167,Did I raise my hands before holding the tablet?,Order Judging(Y/N),No,"No, you didn't raise your hands before holding the tablet.",no,no,1
401,879dd163-7588-45d1-9466-a5deabc59167,"In the video, was I already seated on the couch before using the tablet?",Order Judging(Y/N),Yes,"No, you were already seated on the couch before using the tablet.",yes,no,0
402,879dd163-7588-45d1-9466-a5deabc59167,Was the tablet in my hand before I used it?,Order Judging(Y/N),Yes,"No, the tablet was not in my hand before I used it.",yes,no,0
405,879dd163-7588-45d1-9466-a5deabc59167,"In the video, did I move my legs on the couch before using the tablet?",Order Judging(Y/N),Yes,"No, the person did not move their legs on the couch before using the tablet.",yes,no,0
406,879dd163-7588-45d1-9466-a5deabc59167,"In the video, is the tablet held before raising hands?",Order Judging(Y/N),Yes,"Yes, the tablet is held before raising hands.",yes,yes,1
407,879dd163-7588-45d1-9466-a5deabc59167,"In the video, does sitting on the couch happen before moving legs on the couch?",Order Judging(Y/N),Yes,"Yes, sitting on the couch happens before moving legs on the couch.",yes,yes,1
415,879dd163-7588-45d1-9466-a5deabc59167,Is the person in the video standing up?,Whether Something Happened(Y/N),No.,"No, the person is sitting on the couch.",no,no,1
416,879dd163-7588-45d1-9466-a5deabc59167,Does the video capture the individual walking around?,Whether Something Happened(Y/N),No.,"No, the video does not capture the individual walking around; it focuses on a person sitting comfortably on a couch with an e-reader in front of them.",no,no,1
417,879dd163-7588-45d1-9466-a5deabc59167,Is there a group of people in the video clip?,Whether Something Happened(Y/N),No.,"No, there are no other people visible in the video clip.",no,no,1
418,879dd163-7588-45d1-9466-a5deabc59167,Does the frame show the person cooking in the kitchen?,Whether Something Happened(Y/N),No.,"No, the frame does not show the person cooking in the kitchen.",no,no,1
419,879dd163-7588-45d1-9466-a5deabc59167,Is the person in the video engaging in a conversation?,Whether Something Happened(Y/N),No.,"No, the person is not engaging in a conversation; they are simply reading and interacting with the e-reader.",no,no,1
420,879dd163-7588-45d1-9466-a5deabc59167,Did I sit on the couch before using the tablet?,Order Judging(Y/N),Yes.,"No, the person did not sit on the couch before using the tablet.",yes,no,0
421,879dd163-7588-45d1-9466-a5deabc59167,Did I hold the tablet before sitting on the couch?,Order Judging(Y/N),No.,"No, you didn't hold the tablet before sitting on the couch.",no,no,1
422,879dd163-7588-45d1-9466-a5deabc59167,Did I sit down after picking up the tablet?,Order Judging(Y/N),Yes.,"No, you didn't sit down after picking up the tablet.",yes,no,0
425,879dd163-7588-45d1-9466-a5deabc59167,Does the action of sitting on the couch happen before using the tablet?,Order Judging(Y/N),Yes,"No, the action of sitting on the couch happens after using the tablet.",yes,no,0
426,879dd163-7588-45d1-9466-a5deabc59167,Does raising hands occur before sitting on the couch?,Order Judging(Y/N),No,"No, raising hands do not occur before sitting on the couch.",no,no,1
427,879dd163-7588-45d1-9466-a5deabc59167,Is using the tablet done after sitting on the couch?,Order Judging(Y/N),Yes,"Yes, the person is seen holding and reading from the tablet after sitting on the couch.",yes,yes,1
432,cbfeb6c8-ec1f-4884-bcbf-14d7764c4a36,Was the person depicted cooking in the kitchen?,Whether Something Happened(Y/N),No.,"No, the person was not cooking in the kitchen/INFO",no,no,1
433,cbfeb6c8-ec1f-4884-bcbf-14d7764c4a36,Did any outdoor activity occur in this video?,Whether Something Happened(Y/N),No.,No.,no,no,1
434,cbfeb6c8-ec1f-4884-bcbf-14d7764c4a36,Was the individual standing while performing the task?,Whether Something Happened(Y/N),No.,"No, the individual was seated while performing the task.",no,no,1
435,cbfeb6c8-ec1f-4884-bcbf-14d7764c4a36,Is there any verbal communication happening in this scene?,Whether Something Happened(Y/N),No.,"No, there is no verbal communication happening in this scene.",no,no,1
436,cbfeb6c8-ec1f-4884-bcbf-14d7764c4a36,Does the video show someone reading a book?,Whether Something Happened(Y/N),No.,No.,no,no,1
444,cbfeb6c8-ec1f-4884-bcbf-14d7764c4a36,Has the pen made contact with the paper?,Whether Something Happened(Y/N),Yes.,"Yes, the pen has made contact with the paper.",yes,yes,1
445,cbfeb6c8-ec1f-4884-bcbf-14d7764c4a36,Is there a book on the table?,Whether Something Happened(Y/N),Yes.,Yes.,yes,yes,1
446,cbfeb6c8-ec1f-4884-bcbf-14d7764c4a36,"In the video, do I flip the book page before writing on it?",Order Judging(Y/N),No,"No, the person does not flip the book page before writing on it.",no,no,1
447,cbfeb6c8-ec1f-4884-bcbf-14d7764c4a36,"In the video, do I write with a pen after sitting at the table?",Order Judging(Y/N),Yes,"Yes, you write with a pen after sitting at the table.",yes,yes,1
448,cbfeb6c8-ec1f-4884-bcbf-14d7764c4a36,Does the writing occur before closing the notebook?,Order Judging(Y/N),Yes,"No, the writing does not occur before closing the notebook.",yes,no,0
449,cbfeb6c8-ec1f-4884-bcbf-14d7764c4a36,Do I start writing before opening the book?,Order Judging(Y/N),No,"Yes, the person opens the book and begins writing.",no,yes,0
457,cbfeb6c8-ec1f-4884-bcbf-14d7764c4a36,Does the individual write with her right hand?,Whether Something Happened(Y/N),Yes.,"Yes, the individual writes with her right hand.",yes,yes,1
458,cbfeb6c8-ec1f-4884-bcbf-14d7764c4a36,Is there another person besides the one writing?,Whether Something Happened(Y/N),Yes.,"Yes, another person is partially visible on the right side of the frame.",yes,yes,1
459,cbfeb6c8-ec1f-4884-bcbf-14d7764c4a36,Is the setting a public place?,Whether Something Happened(Y/N),No.,No.,no,no,1
460,cbfeb6c8-ec1f-4884-bcbf-14d7764c4a36,Do we see any electronic devices being used?,Whether Something Happened(Y/N),No.,"No, there are no electronic devices being used in the video.",no,no,1
462,cbfeb6c8-ec1f-4884-bcbf-14d7764c4a36,"In the video, does the interaction with woman A happen before writing in the notebook?",Order Judging(Y/N),No,"No, the interaction with woman A does not happen before writing in the notebook. The video shows her actively writing in a spiral-bound notebook while sitting at a wooden desk.",no,no,1
463,cbfeb6c8-ec1f-4884-bcbf-14d7764c4a36,Is the book opened before picking up the pen?,Order Judging(Y/N),Yes,Yes.,yes,yes,1
467,cbfeb6c8-ec1f-4884-bcbf-14d7764c4a36,Does the video show someone studying?,Whether Something Happened(Y/N),Yes.,Yes,yes,yes,1
468,cbfeb6c8-ec1f-4884-bcbf-14d7764c4a36,Is the person in the video writing with their left hand?,Whether Something Happened(Y/N),No.,Yes.,no,yes,0
469,cbfeb6c8-ec1f-4884-bcbf-14d7764c4a36,Does the video show a person writing on multiple pages?,Whether Something Happened(Y/N),Yes.,"Yes, the video shows a person writing on multiple pages.",yes,yes,1
470,cbfeb6c8-ec1f-4884-bcbf-14d7764c4a36,Is pen picked up before writing on the book as shown in the clip?,Order Judging(Y/N),Yes,"Yes, the pen is picked up before writing on the book.",yes,yes,1
471,cbfeb6c8-ec1f-4884-bcbf-14d7764c4a36,Does writing in the book happen after entering the apartment?,Order Judging(Y/N),Yes,"No, writing in the book happens before entering the apartment.",yes,no,0
472,cbfeb6c8-ec1f-4884-bcbf-14d7764c4a36,Is the person at the table before writing in the notebook?,Order Judging(Y/N),Yes,Yes.,yes,yes,1
473,cbfeb6c8-ec1f-4884-bcbf-14d7764c4a36,Does the person use a pen after sitting at the table?,Order Judging(Y/N),Yes,"Yes, the person uses a pen after sitting at the table.",yes,yes,1
474,cbfeb6c8-ec1f-4884-bcbf-14d7764c4a36,Is the person in the apartment before using the pen?,Order Judging(Y/N),Yes,No.,yes,no,0
480,cbfeb6c8-ec1f-4884-bcbf-14d7764c4a36,Is there a pen being used for writing in the video?,Whether Something Happened(Y/N),Yes.,Yes.,yes,yes,1
481,cbfeb6c8-ec1f-4884-bcbf-14d7764c4a36,Does the clip show a person wearing a watch?,Whether Something Happened(Y/N),Yes.,"Yes, the clip shows a person wearing a watch.",yes,yes,1
483,cbfeb6c8-ec1f-4884-bcbf-14d7764c4a36,"In the video, does opening the book happen before writing with a pen?",Order Judging(Y/N),Yes,"No, the book is closed before writing with a pen.",yes,no,0
484,cbfeb6c8-ec1f-4884-bcbf-14d7764c4a36,Is the pen picked up after turning the page as shown in the clip?,Order Judging(Y/N),No,"Yes, the pen is picked up after turning the page.",no,yes,0
486,cbfeb6c8-ec1f-4884-bcbf-14d7764c4a36,Is the writing in the book shown after being indoor in the clip?,Order Judging(Y/N),Yes,Yes.,yes,yes,1
491,cbfeb6c8-ec1f-4884-bcbf-14d7764c4a36,Is the person sitting at a desk in the video?,Whether Something Happened(Y/N),Yes.,Yes.,yes,yes,1
492,cbfeb6c8-ec1f-4884-bcbf-14d7764c4a36,Does the person sit down after opening the book?,Order Judging(Y/N),Yes,"Yes, the person sits down after opening the book.",yes,yes,1
493,cbfeb6c8-ec1f-4884-bcbf-14d7764c4a36,Is the book closed before the person starts writing?,Order Judging(Y/N),No,Yes.,no,yes,0
495,cbfeb6c8-ec1f-4884-bcbf-14d7764c4a36,Is the pen placed in the book before writing?,Order Judging(Y/N),No,"Yes, the pen is placed in the book before writing.",no,yes,0
496,cbfeb6c8-ec1f-4884-bcbf-14d7764c4a36,Does the book close before the pen is picked up?,Order Judging(Y/N),No,"Yes, the book closes before the pen is picked up.",no,yes,0
497,cbfeb6c8-ec1f-4884-bcbf-14d7764c4a36,Is the cap of the pen removed after starting to write?,Order Judging(Y/N),No,"Yes, the cap of the pen is removed after starting to write.",no,yes,0
498,cbfeb6c8-ec1f-4884-bcbf-14d7764c4a36,Does the hand turn the page before picking up the pen?,Order Judging(Y/N),No,"Yes, the hand turns the page before picking up the pen.",no,yes,0
499,cbfeb6c8-ec1f-4884-bcbf-14d7764c4a36,Is the pen visible in the scene before writing begins?,Order Judging(Y/N),Yes,"Yes, the pen is visible in the scene before writing begins.",yes,yes,1
506,cbfeb6c8-ec1f-4884-bcbf-14d7764c4a36,Does the video capture the person stopping their writing at any point?,Whether Something Happened(Y/N),No.,"Yes, the video captures the person stopping their writing at a specific point on the spiral notebook.",no,yes,0
509,cbfeb6c8-ec1f-4884-bcbf-14d7764c4a36,"In the video, do I write in the book before holding the pen?",Order Judging(Y/N),No,"Yes, you write in the book before holding the pen.",no,yes,0
510,cbfeb6c8-ec1f-4884-bcbf-14d7764c4a36,Is the pen in my right hand before I start writing in the book?,Order Judging(Y/N),Yes,"Yes, the pen is in my right hand before I start writing in the book.",yes,yes,1
511,cbfeb6c8-ec1f-4884-bcbf-14d7764c4a36,"In the sequence, do I open the book before writing on it?",Order Judging(Y/N),Yes,"No, you do not open the book before writing on it.",yes,no,0
512,cbfeb6c8-ec1f-4884-bcbf-14d7764c4a36,"In the clip, do I wear a green shirt before writing in the book?",Order Judging(Y/N),Yes,"Yes, the person is wearing a green shirt before writing in the book.",yes,yes,1
514,cbfeb6c8-ec1f-4884-bcbf-14d7764c4a36,Is the book opened before the pen is held in the right hand?,Order Judging(Y/N),Yes,"Yes, the book is opened before the pen is held in the right hand.",yes,yes,1
515,cbfeb6c8-ec1f-4884-bcbf-14d7764c4a36,Is the hand placed on the book after the pen is picked up?,Order Judging(Y/N),Yes,"Yes, the hand is placed on the book after the pen is picked up.",yes,yes,1
527,cbfeb6c8-ec1f-4884-bcbf-14d7764c4a36,Is the person sitting on a cushion?,Whether Something Happened(Y/N),Yes.,"No, the person is not sitting on a cushion.",yes,no,0
528,cbfeb6c8-ec1f-4884-bcbf-14d7764c4a36,Does the video show page-turning?,Whether Something Happened(Y/N),No.,"Yes, the video shows page-turning as the person is actively turning pages in their notebook.",no,yes,0
529,cbfeb6c8-ec1f-4884-bcbf-14d7764c4a36,Is the person wearing any wrist accessories?,Whether Something Happened(Y/N),Yes.,"Yes, the person is wearing a blue pen.",yes,yes,1
530,cbfeb6c8-ec1f-4884-bcbf-14d7764c4a36,Did the writing happen in a different location than the apartment?,Order Judging(Y/N),No,"No, the writing happened in a different location than the apartment.",no,no,1
531,cbfeb6c8-ec1f-4884-bcbf-14d7764c4a36,Did the use of right hand occur before writing in the book?,Order Judging(Y/N),No,"Yes, the use of right hand occurred before writing in the book.",no,yes,0
532,cbfeb6c8-ec1f-4884-bcbf-14d7764c4a36,Was there a pen used after the book was opened?,Order Judging(Y/N),Yes,"Yes, after the book was opened, a blue pen was used.",yes,yes,1
533,cbfeb6c8-ec1f-4884-bcbf-14d7764c4a36,Did any writing in the book occur without the use of a pen?,Order Judging(Y/N),No,"Yes, the writing in the book occurred without the use of a pen.",no,yes,0
534,cbfeb6c8-ec1f-4884-bcbf-14d7764c4a36,Was the book closed before writing commenced?,Order Judging(Y/N),Yes,"Yes, the book was closed before writing commenced.",yes,yes,1
536,cbfeb6c8-ec1f-4884-bcbf-14d7764c4a36,Does the writing in the book occur before changing the page?,Order Judging(Y/N),Yes,"Yes, the writing in the book occurs before changing the page.",yes,yes,1
537,cbfeb6c8-ec1f-4884-bcbf-14d7764c4a36,Does the page turn happen before writing with the pen?,Order Judging(Y/N),No,"No, the page turns before writing with the pen.",no,no,1
543,cbfeb6c8-ec1f-4884-bcbf-14d7764c4a36,Does the video show the person closing the book?,Whether Something Happened(Y/N),No.,"No, the video does not show the person closing the book; it only shows them holding and writing in the notebook.",no,no,1
544,cbfeb6c8-ec1f-4884-bcbf-14d7764c4a36,Is the person using a pencil to write?,Whether Something Happened(Y/N),No.,"Yes, the person is using a pencil to write.",no,yes,0
545,cbfeb6c8-ec1f-4884-bcbf-14d7764c4a36,Does the video capture the person turning off the light?,Whether Something Happened(Y/N),No.,"No, the video does not capture the person turning off the light.",no,no,1
546,cbfeb6c8-ec1f-4884-bcbf-14d7764c4a36,Does the video show the person taking notes from another text?,Whether Something Happened(Y/N),No.,"Yes, the video shows the person taking notes from another text.",no,yes,0
547,cbfeb6c8-ec1f-4884-bcbf-14d7764c4a36,"In the video, is the book closed before writing begins?",Order Judging(Y/N),Yes,"No, the book is open before writing begins.",yes,no,0
548,cbfeb6c8-ec1f-4884-bcbf-14d7764c4a36,Does turning the page happen after writing with the pen?,Order Judging(Y/N),Yes,"No, turning the page happens after writing with the pen.",yes,no,0
549,cbfeb6c8-ec1f-4884-bcbf-14d7764c4a36,"In the video, is the pen picked up before the book is opened?",Order Judging(Y/N),No,"Yes, the pen is picked up before the book is opened.",no,yes,0
550,cbfeb6c8-ec1f-4884-bcbf-14d7764c4a36,Does the writing occur before sitting down in the chair?,Order Judging(Y/N),No,"Yes, the writing occurs before sitting down in the chair.",no,yes,0
553,cbfeb6c8-ec1f-4884-bcbf-14d7764c4a36,"In the video, is the book closed after the writing is done?",Order Judging(Y/N),Yes,"Yes, the book is closed after the writing is done.",yes,yes,1
554,cbfeb6c8-ec1f-4884-bcbf-14d7764c4a36,"In the video, is there writing on the book's cover before the person writes inside?",Order Judging(Y/N),Yes,"Yes, there is writing on the book's cover before the person writes inside.",yes,yes,1
561,cbfeb6c8-ec1f-4884-bcbf-14d7764c4a36,Is the person writing with their left hand?,Whether Something Happened(Y/N),No.,"No, the person is writing with their right hand.",no,no,1
564,cbfeb6c8-ec1f-4884-bcbf-14d7764c4a36,"In the video, does turning the page happen before writing begins?",Order Judging(Y/N),No,"No, turning the page happens after writing begins.",no,no,1
565,cbfeb6c8-ec1f-4884-bcbf-14d7764c4a36,Is the book opened after the pen is held in the hand?,Order Judging(Y/N),Yes,"Yes, the book is opened after the pen is held in the hand.",yes,yes,1
566,cbfeb6c8-ec1f-4884-bcbf-14d7764c4a36,"In the video, does writing in the book happen before closing the book?",Order Judging(Y/N),Yes,"No, writing in the book does not happen before closing the book.",yes,no,0
570,cbfeb6c8-ec1f-4884-bcbf-14d7764c4a36,Did I write in the book before turning the page?,Order Judging(Y/N),Yes,"Yes, the person was seen writing in the book before turning the page.",yes,yes,1
571,cbfeb6c8-ec1f-4884-bcbf-14d7764c4a36,Is the book already opened before I start writing?,Order Judging(Y/N),Yes,"Yes, the book is already opened before I start writing.",yes,yes,1
572,cbfeb6c8-ec1f-4884-bcbf-14d7764c4a36,Did I place my left hand on the page before writing with the pen?,Order Judging(Y/N),Yes,"Yes, you placed your left hand on the page before writing with the pen.",yes,yes,1
577,cbfeb6c8-ec1f-4884-bcbf-14d7764c4a36,Is the person writing with their right hand?,Whether Something Happened(Y/N),Yes.,"Yes, the person is holding a pen in their right hand while writing.",yes,yes,1
578,cbfeb6c8-ec1f-4884-bcbf-14d7764c4a36,Is the notebook placed on the person's lap?,Whether Something Happened(Y/N),No.,"Yes, the notebook is placed on the person's lap.",no,yes,0
579,cbfeb6c8-ec1f-4884-bcbf-14d7764c4a36,Does this video show any electronic devices being used?,Whether Something Happened(Y/N),No.,"No, the video does not show any electronic devices being used.",no,no,1
580,cbfeb6c8-ec1f-4884-bcbf-14d7764c4a36,Is the person seated while writing in the book?,Whether Something Happened(Y/N),Yes.,"Yes, the person is seated while writing in the book.",yes,yes,1
581,cbfeb6c8-ec1f-4884-bcbf-14d7764c4a36,Do I sit down before beginning to write?,Order Judging(Y/N),Yes,"Yes, the person sits down before beginning to write.",yes,yes,1
583,cbfeb6c8-ec1f-4884-bcbf-14d7764c4a36,Did I close the book before starting to write?,Order Judging(Y/N),No,"Yes, the person closed the book before starting to write.",no,yes,0
584,cbfeb6c8-ec1f-4884-bcbf-14d7764c4a36,Was I seated while writing in the book?,Order Judging(Y/N),Yes,"Yes, the person was seated while writing in the book.",yes,yes,1
585,cbfeb6c8-ec1f-4884-bcbf-14d7764c4a36,Did I turn the page after finishing writing?,Order Judging(Y/N),No,"Yes, the person turned the page after finishing writing.",no,yes,0
586,cbfeb6c8-ec1f-4884-bcbf-14d7764c4a36,Was the pen put down before closing the book?,Order Judging(Y/N),No,"Yes, the pen was put down before closing the book.",no,yes,0
587,cbfeb6c8-ec1f-4884-bcbf-14d7764c4a36,Did I write on the left page before the right one?,Order Judging(Y/N),No,"Yes, the person wrote on the left page before writing on the right page.",no,yes,0
592,cbfeb6c8-ec1f-4884-bcbf-14d7764c4a36,Does the person stop writing at any point in the video?,Whether Something Happened(Y/N),No.,"No, the person continues to write in the notebook throughout the video.",no,no,1
593,cbfeb6c8-ec1f-4884-bcbf-14d7764c4a36,Is there any use of electronic devices in these frames?,Whether Something Happened(Y/N),No.,"No, there are no electronic devices visible in the frames.",no,no,1
596,cbfeb6c8-ec1f-4884-bcbf-14d7764c4a36,"In the video, does using the pen happen after sitting at the desk?",Order Judging(Y/N),Yes,"Yes, the pen is used to write on a notebook after sitting at the desk.",yes,yes,1
602,cbfeb6c8-ec1f-4884-bcbf-14d7764c4a36,Did the interaction occur in an outdoor location?,Whether Something Happened(Y/N),No.,"No, the interaction occurred indoors.",no,no,1
603,cbfeb6c8-ec1f-4884-bcbf-14d7764c4a36,Is the person predominantly engaged in a physical activity?,Whether Something Happened(Y/N),No.,"No, the person is not actively engaged in a physical activity; they are focused on writing and reading.",no,no,1
604,cbfeb6c8-ec1f-4884-bcbf-14d7764c4a36,"In the video, does writing in the notebook occur before conversing with a woman?",Order Judging(Y/N),Yes.,"No, writing in the notebook occurs after conversing with a woman.",yes,no,0
605,cbfeb6c8-ec1f-4884-bcbf-14d7764c4a36,"In the video, does the conversation with a woman happen before being in an apartment?",Order Judging(Y/N),No.,"No, the conversation with a woman does not happen before being in an apartment; it is captured during her study session.",no,no,1
606,cbfeb6c8-ec1f-4884-bcbf-14d7764c4a36,Is the pen used before entering the apartment as shown in the clip?,Order Judging(Y/N),No.,"Yes, the pen is used before entering the apartment in the clip.",no,yes,0
616,6baa36c1-e4d0-4dbd-97b2-dff48ecf796e,Does the video show a person using a ladder?,Whether Something Happened(Y/N),Yes.,Yes.,yes,yes,1
617,6baa36c1-e4d0-4dbd-97b2-dff48ecf796e,Is the wall being scraped in the video?,Whether Something Happened(Y/N),Yes.,Yes.,yes,yes,1
618,6baa36c1-e4d0-4dbd-97b2-dff48ecf796e,Does the scene involve stretching a ladder before scrapping?,Whether Something Happened(Y/N),Yes.,Yes,yes,yes,1
619,6baa36c1-e4d0-4dbd-97b2-dff48ecf796e,Does the individual scrap the wall without any tools?,Whether Something Happened(Y/N),No.,"No, the individual scrapes the wall with a tool.",no,no,1
624,6baa36c1-e4d0-4dbd-97b2-dff48ecf796e,Is the object completely removed from the wall in the video?,Whether Something Happened(Y/N),Yes,"No, the object is partially removed from the wall.",yes,no,0
625,6baa36c1-e4d0-4dbd-97b2-dff48ecf796e,Does the video clip show a wall being painted?,Whether Something Happened(Y/N),No,Yes.,no,yes,0
626,6baa36c1-e4d0-4dbd-97b2-dff48ecf796e,"In the video, is the wall outdoors?",Whether Something Happened(Y/N),Yes,"No, the wall is indoors.",yes,no,0
627,6baa36c1-e4d0-4dbd-97b2-dff48ecf796e,"In the video, is the ladder stretched before scraping the wall?",Order Judging(Y/N),Yes,Yes,yes,yes,1
633,6baa36c1-e4d0-4dbd-97b2-dff48ecf796e,Does the video show painting work being done?,Whether Something Happened(Y/N),No.,Yes.,no,yes,0
634,6baa36c1-e4d0-4dbd-97b2-dff48ecf796e,Is there any smoothing of surfaces portrayed?,Whether Something Happened(Y/N),Yes.,Yes.,yes,yes,1
635,6baa36c1-e4d0-4dbd-97b2-dff48ecf796e,Does the scene capture window installation?,Whether Something Happened(Y/N),No.,Yes,no,yes,0
636,6baa36c1-e4d0-4dbd-97b2-dff48ecf796e,Does the clip depict interior renovation?,Whether Something Happened(Y/N),No.,Yes,no,yes,0
637,6baa36c1-e4d0-4dbd-97b2-dff48ecf796e,Does smoothing the surface occur before scraping the wall?,Order Judging(Y/N),No,"Yes, the person continues to smooth the surface before scraping the wall.",no,yes,0
638,6baa36c1-e4d0-4dbd-97b2-dff48ecf796e,Is the removal of plaster seen before the scraping action?,Order Judging(Y/N),Yes,Yes.,yes,yes,1
639,6baa36c1-e4d0-4dbd-97b2-dff48ecf796e,Does the planer touch the surface after the wall is scrapped?,Order Judging(Y/N),Yes,"Yes, the planer touches the surface after the wall is scrapped.",yes,yes,1
640,6baa36c1-e4d0-4dbd-97b2-dff48ecf796e,"In the video, is the ladder stretched before scraping the wall?",Order Judging(Y/N),Yes,Yes.,yes,yes,1
641,6baa36c1-e4d0-4dbd-97b2-dff48ecf796e,Does the smoothing of the surface occur after scraping the wall?,Order Judging(Y/N),Yes,"Yes, the person continues to smooth out the surface after scraping the wall.",yes,yes,1
642,6baa36c1-e4d0-4dbd-97b2-dff48ecf796e,Is something removed from the wall before stretching the ladder?,Order Judging(Y/N),No,"Yes, a piece of wood is removed from the wall before stretching the ladder.",no,yes,0
643,6baa36c1-e4d0-4dbd-97b2-dff48ecf796e,"In the clip, is the ladder stretched after smoothing the surface?",Order Judging(Y/N),No,Yes,no,yes,0
653,6baa36c1-e4d0-4dbd-97b2-dff48ecf796e,Does the person use a planer on the surface?,Whether Something Happened(Y/N),Yes.,Yes.,yes,yes,1
654,6baa36c1-e4d0-4dbd-97b2-dff48ecf796e,Is there an action of scraping visible in the new frames?,Whether Something Happened(Y/N),Yes.,"Yes, there is an action of scraping visible in the new frames.",yes,yes,1
655,6baa36c1-e4d0-4dbd-97b2-dff48ecf796e,Does the clip show the complete smoothing of the surface?,Whether Something Happened(Y/N),No.,"No, the clip shows only a close-up of the person's hands and the tool being used to smooth the surface.",no,no,1
656,6baa36c1-e4d0-4dbd-97b2-dff48ecf796e,"In the video, is the surface scrapped before it is smoothened with a planer?",Order Judging(Y/N),No,Yes,no,yes,0
657,6baa36c1-e4d0-4dbd-97b2-dff48ecf796e,"In the sequence, is the planer used before the scraper?",Order Judging(Y/N),Yes,"Yes, the planer is used before the scraper.",yes,yes,1
659,6baa36c1-e4d0-4dbd-97b2-dff48ecf796e,Did I remove something from the wall before scraping the wall?,Order Judging(Y/N),Yes,"Yes, the person removed a piece of wood from the wall before scraping it.",yes,yes,1
660,6baa36c1-e4d0-4dbd-97b2-dff48ecf796e,Is the surface smoothened with a planer before scraping with a scraper?,Order Judging(Y/N),Yes,Yes.,yes,yes,1
661,6baa36c1-e4d0-4dbd-97b2-dff48ecf796e,Do I smoothen the surface with a planer before removing something from the wall?,Order Judging(Y/N),No,"Yes, the person uses a planer to smooth out the surface of the wall before removing something from it.",no,yes,0
662,6baa36c1-e4d0-4dbd-97b2-dff48ecf796e,Is the wall scraped with a scraper before using a planer in one sequence?,Order Judging(Y/N),No,Yes.,no,yes,0
667,6baa36c1-e4d0-4dbd-97b2-dff48ecf796e,Does the video show a paint removal process?,Whether Something Happened(Y/N),Yes.,"Yes, the video shows a paint removal process where the person is using a tool to remove the old paint from the window frame.",yes,yes,1
668,6baa36c1-e4d0-4dbd-97b2-dff48ecf796e,Is the person successfully removing paint from a window frame?,Whether Something Happened(Y/N),Yes.,Yes,yes,yes,1
669,6baa36c1-e4d0-4dbd-97b2-dff48ecf796e,Does the scene take place indoors?,Whether Something Happened(Y/N),No.,No.,no,no,1
670,6baa36c1-e4d0-4dbd-97b2-dff48ecf796e,Is the surface smoothed with a planer before scraping with a scraper?,Order Judging(Y/N),Yes,Yes,yes,yes,1
671,6baa36c1-e4d0-4dbd-97b2-dff48ecf796e,Does the removal of paint on the window frame happen after smoothing a surface?,Order Judging(Y/N),Yes,"Yes, the removal of paint on the window frame happens after smoothing a surface.",yes,yes,1
672,6baa36c1-e4d0-4dbd-97b2-dff48ecf796e,Is the paint scraper used before the planer on any surface?,Order Judging(Y/N),No,"Yes, the paint scraper is used before the planer on any surface.",no,yes,0
673,6baa36c1-e4d0-4dbd-97b2-dff48ecf796e,Is the surface smoothed after removing paint from the window frame?,Order Judging(Y/N),No,Yes,no,yes,0
678,6baa36c1-e4d0-4dbd-97b2-dff48ecf796e,Did I scrape the wall before smoothing the surface with a planer?,Order Judging(Y/N),Yes.,"Yes, the person used a planer to smooth out the surface of the wall before scraping it.",yes,yes,1
679,6baa36c1-e4d0-4dbd-97b2-dff48ecf796e,Did I smooth the surface with a planer before removing paint from the window frame?,Order Judging(Y/N),Yes.,"Yes, the person used a planer to smooth out the surface of the window frame before removing paint.",yes,yes,1
683,6baa36c1-e4d0-4dbd-97b2-dff48ecf796e,Does the video show paint being scraped off?,Whether Something Happened(Y/N),Yes.,Yes,yes,yes,1
684,6baa36c1-e4d0-4dbd-97b2-dff48ecf796e,Is the window frame being refinished?,Whether Something Happened(Y/N),Yes.,Yes,yes,yes,1
685,6baa36c1-e4d0-4dbd-97b2-dff48ecf796e,Is a tool being used for paint removal?,Whether Something Happened(Y/N),Yes.,Yes,yes,yes,1
686,6baa36c1-e4d0-4dbd-97b2-dff48ecf796e,Is the person working on interior maintenance?,Whether Something Happened(Y/N),No.,Yes,no,yes,0
687,6baa36c1-e4d0-4dbd-97b2-dff48ecf796e,Is the window frame being replaced?,Whether Something Happened(Y/N),No.,Yes,no,yes,0
688,6baa36c1-e4d0-4dbd-97b2-dff48ecf796e,Is the window opened before the paint is scraped?,Order Judging(Y/N),Yes,Yes.,yes,yes,1
689,6baa36c1-e4d0-4dbd-97b2-dff48ecf796e,Does the hand touch the window frame before using the scraper?,Order Judging(Y/N),Yes,"Yes, the hand touches the window frame before using the scraper.",yes,yes,1
690,6baa36c1-e4d0-4dbd-97b2-dff48ecf796e,Is the paint on the window frame removed before the hand is visible?,Order Judging(Y/N),No,Yes.,no,yes,0
691,6baa36c1-e4d0-4dbd-97b2-dff48ecf796e,Does the window frame appear before the scraper is in motion?,Order Judging(Y/N),Yes,"Yes, the window frame appears before the scraper is in motion.",yes,yes,1
692,6baa36c1-e4d0-4dbd-97b2-dff48ecf796e,Is the paint removed from the window frame before using the planer?,Order Judging(Y/N),No,Yes,no,yes,0
693,6baa36c1-e4d0-4dbd-97b2-dff48ecf796e,Does the surface smoothing with a planer occur before the scraping?,Order Judging(Y/N),Yes,"Yes, the surface smoothing with a planer occurs before the scraping.",yes,yes,1
694,6baa36c1-e4d0-4dbd-97b2-dff48ecf796e,Is the scraping of the surface completed before removing paint on the window frame?,Order Judging(Y/N),No,Yes,no,yes,0
705,6baa36c1-e4d0-4dbd-97b2-dff48ecf796e,Does the video show the use of a woodworking planer?,Whether Something Happened(Y/N),Yes,"Yes, the video shows a close-up of the person's hands using a woodworking planer to smooth out the window frame.",yes,yes,1
706,6baa36c1-e4d0-4dbd-97b2-dff48ecf796e,Is the person scraping a wooden surface?,Whether Something Happened(Y/N),Yes,Yes,yes,yes,1
707,6baa36c1-e4d0-4dbd-97b2-dff48ecf796e,Are the actions performed indoor?,Whether Something Happened(Y/N),No,"Yes, the actions are performed indoors.",no,yes,0
708,6baa36c1-e4d0-4dbd-97b2-dff48ecf796e,Does the activity involve painting or staining?,Whether Something Happened(Y/N),No,"Yes, the activity involves painting or staining.",no,yes,0
709,6baa36c1-e4d0-4dbd-97b2-dff48ecf796e,Is the person wearing any safety gear?,Whether Something Happened(Y/N),No,"No, the person is not wearing any safety gear.",no,no,1
710,6baa36c1-e4d0-4dbd-97b2-dff48ecf796e,Was the window frame scraped before it was planed?,Order Judging(Y/N),No,"Yes, the window frame was scraped before it was planed.",no,yes,0
711,6baa36c1-e4d0-4dbd-97b2-dff48ecf796e,Did the scraping of a surface happen after smoothening it?,Order Judging(Y/N),Yes,"Yes, the scraping of a surface happened after smoothening it.",yes,yes,1
714,6baa36c1-e4d0-4dbd-97b2-dff48ecf796e,Was the surface planed before the scraping of paint on the window frame?,Order Judging(Y/N),Yes,"Yes, the surface planed was before the scraping of paint on the window frame.",yes,yes,1
715,6baa36c1-e4d0-4dbd-97b2-dff48ecf796e,Was the window frame scraped before planing the surface?,Order Judging(Y/N),No,"Yes, the window frame was scraped before planing the surface.",no,yes,0
716,6baa36c1-e4d0-4dbd-97b2-dff48ecf796e,Was the window frame scraped first before using any tools?,Order Judging(Y/N),No,"Yes, the window frame was scraped first before using any tools.",no,yes,0
720,6baa36c1-e4d0-4dbd-97b2-dff48ecf796e,Is the person in the video using a tool for scraping?,Whether Something Happened(Y/N),Yes.,Yes,yes,yes,1
721,6baa36c1-e4d0-4dbd-97b2-dff48ecf796e,Is the scraping happening indoors?,Whether Something Happened(Y/N),No.,Yes.,no,yes,0
722,6baa36c1-e4d0-4dbd-97b2-dff48ecf796e,Does the footage show the completion of the scraping task?,Whether Something Happened(Y/N),No.,"Yes, the video concludes with a close-up of the person's hands holding the tool and focusing on the area where they are scraping.",no,yes,0
723,6baa36c1-e4d0-4dbd-97b2-dff48ecf796e,Is the person wearing gloves while scraping?,Whether Something Happened(Y/N),No.,"No, the person is not wearing gloves while scraping.",no,no,1
724,6baa36c1-e4d0-4dbd-97b2-dff48ecf796e,Did I smoothen the surface with a planer before scraping it with a scraper?,Order Judging(Y/N),Yes,"Yes, the person used a planer to smooth out the surface before scraping it with a scraper.",yes,yes,1
726,6baa36c1-e4d0-4dbd-97b2-dff48ecf796e,Is the scraping of the window frame after smoothing the surface?,Order Judging(Y/N),Yes,"Yes, the scraping of the window frame after smoothing the surface is visible in the video.",yes,yes,1
730,6baa36c1-e4d0-4dbd-97b2-dff48ecf796e,Does the person succeed in scraping off the material?,Whether Something Happened(Y/N),Yes.,"Yes, the person successfully removes the material from the window frame.",yes,yes,1
731,6baa36c1-e4d0-4dbd-97b2-dff48ecf796e,Is the scraping being done on an interior wall?,Whether Something Happened(Y/N),No.,Yes.,no,yes,0
732,6baa36c1-e4d0-4dbd-97b2-dff48ecf796e,Is the person using any tool other than a scraper?,Whether Something Happened(Y/N),No.,"No, the person is using a scraper to scrape off the white paint from the window frame.",no,no,1
733,6baa36c1-e4d0-4dbd-97b2-dff48ecf796e,Does the scrapping of the surface start before walking outside the house?,Order Judging(Y/N),No,"Yes, the scrapping of the surface starts before walking outside the house.",no,yes,0
734,6baa36c1-e4d0-4dbd-97b2-dff48ecf796e,"In the video, is the scraper used on the lower part of the wall before the upper part?",Order Judging(Y/N),No,"Yes, the scraper is used on the lower part of the wall before the upper part.",no,yes,0
735,6baa36c1-e4d0-4dbd-97b2-dff48ecf796e,Is the paint removal near the window sill done after removing paint near the flower pot?,Order Judging(Y/N),Yes,"Yes, the person is seen removing paint near the window sill after they have finished with the removal of paint from the flower pot.",yes,yes,1
737,6baa36c1-e4d0-4dbd-97b2-dff48ecf796e,Is the planer used before the scraper?,Order Judging(Y/N),Yes,"Yes, the planer is used before the scraper.",yes,yes,1
738,6baa36c1-e4d0-4dbd-97b2-dff48ecf796e,Is the scraping done before smoothing the surface?,Order Judging(Y/N),No,"Yes, the person is seen scraping the surface with a tool before smoothing it out.",no,yes,0
739,6baa36c1-e4d0-4dbd-97b2-dff48ecf796e,Does the planing occur after the scraping?,Order Judging(Y/N),No,"No, the planing does not occur after the scraping.",no,no,1
747,6baa36c1-e4d0-4dbd-97b2-dff48ecf796e,Has the person completed the smoothening task?,Whether Something Happened(Y/N),Yes.,"Yes, the person has finished smoothing out the paint on the window frame.",yes,yes,1
748,6baa36c1-e4d0-4dbd-97b2-dff48ecf796e,Does the individual use more than one tool?,Whether Something Happened(Y/N),Yes.,"Yes, the individual uses a hammer and a scraper to work on the window.",yes,yes,1
751,6baa36c1-e4d0-4dbd-97b2-dff48ecf796e,"In the video, is scraping done before smoothing with a planer?",Order Judging(Y/N),No,"Yes, the person is seen scraping the wall before smoothing with a planer.",no,yes,0
752,6baa36c1-e4d0-4dbd-97b2-dff48ecf796e,Is the surface scraped after the house exterior is shown?,Order Judging(Y/N),Yes,Yes,yes,yes,1
754,6baa36c1-e4d0-4dbd-97b2-dff48ecf796e,"In the sequence, is the scraper used before the planer?",Order Judging(Y/N),No,"Yes, the scraper is used before the planer.",no,yes,0
755,6baa36c1-e4d0-4dbd-97b2-dff48ecf796e,Does the scraping happen outdoors?,Order Judging(Y/N),Yes,"Yes, the person is scraping the wall outside.",yes,yes,1
756,6baa36c1-e4d0-4dbd-97b2-dff48ecf796e,Is the surface scraped after it is smoothened?,Order Judging(Y/N),Yes,"Yes, the surface is smooth after it is smoothened.",yes,yes,1
757,6baa36c1-e4d0-4dbd-97b2-dff48ecf796e,Is the scraping performed before standing up?,Order Judging(Y/N),No,"Yes, the scraping is performed before standing up.",no,yes,0
766,6baa36c1-e4d0-4dbd-97b2-dff48ecf796e,Did the person climb a ladder in the video?,Whether Something Happened(Y/N),Yes.,"No, the person did not climb a ladder in the video.",yes,no,0
767,6baa36c1-e4d0-4dbd-97b2-dff48ecf796e,Does the video show the person successfully removing the cover?,Whether Something Happened(Y/N),Yes.,"Yes, the video shows the person successfully removing the cover from the window.",yes,yes,1
768,6baa36c1-e4d0-4dbd-97b2-dff48ecf796e,Was the task performed indoors?,Whether Something Happened(Y/N),No.,"Yes, the task was performed indoors.",no,yes,0
769,6baa36c1-e4d0-4dbd-97b2-dff48ecf796e,Did I smoothen the surface with a planer before scraping it with a scraper?,Order Judging(Y/N),Yes.,"Yes, the person in the blue sleeve is seen using a planer to smooth out the surface of the window frame.",yes,yes,1
770,6baa36c1-e4d0-4dbd-97b2-dff48ecf796e,Did I climb the ladder before rubbing waste with my hand?,Order Judging(Y/N),No.,"No, the ladder was not used before rubbing waste with a hand.",no,no,1
771,6baa36c1-e4d0-4dbd-97b2-dff48ecf796e,Did the removal of unwanted cover happen before climbing the ladder?,Order Judging(Y/N),No.,"Yes, the removal of unwanted cover happened before climbing the ladder.",no,yes,0
772,6baa36c1-e4d0-4dbd-97b2-dff48ecf796e,Did I scrape the surface before smoothening it with a planer?,Order Judging(Y/N),No.,"Yes, the person in the blue sleeve is seen scraping the surface with a scraper before smoothening it with a planer.",no,yes,0
773,6baa36c1-e4d0-4dbd-97b2-dff48ecf796e,Did the drawing a planer happen after climbing the ladder?,Order Judging(Y/N),No.,"Yes, the drawing a planer happened after climbing the ladder.",no,yes,0
776,6baa36c1-e4d0-4dbd-97b2-dff48ecf796e,Did I scrape the surface before using a planer?,Order Judging(Y/N),No,"Yes, the person in blue is seen using a planer to scrape off some of the paint from the window frame.",no,yes,0
777,6baa36c1-e4d0-4dbd-97b2-dff48ecf796e,Did the planer use happen after the ladder climbing?,Order Judging(Y/N),No,"No, the planer did not use happen after the ladder climbing.",no,no,1
778,6baa36c1-e4d0-4dbd-97b2-dff48ecf796e,Was the surface scraped after using the planer?,Order Judging(Y/N),Yes,"Yes, the surface was scraped after using the planer.",yes,yes,1
779,6baa36c1-e4d0-4dbd-97b2-dff48ecf796e,Was the waste rubbed off before I climbed the ladder?,Order Judging(Y/N),Yes,"Yes, the waste was rubbed off before I climbed the ladder.",yes,yes,1
787,6baa36c1-e4d0-4dbd-97b2-dff48ecf796e,Did the individual successfully remove some of the unwanted cover?,Whether Something Happened(Y/N),Yes.,"Yes, the individual successfully removed some of the unwanted cover by using a tool to scrape off the paint.",yes,yes,1
788,6baa36c1-e4d0-4dbd-97b2-dff48ecf796e,Is the person using a tool to work on the surface?,Whether Something Happened(Y/N),Yes.,Yes.,yes,yes,1
789,6baa36c1-e4d0-4dbd-97b2-dff48ecf796e,Has the person been carefully examining the wood surface?,Whether Something Happened(Y/N),Yes.,"Yes, the person has been carefully examining the wood surface to ensure it is clean and free of any debris.",yes,yes,1
790,6baa36c1-e4d0-4dbd-97b2-dff48ecf796e,Is the work being performed close to a window?,Whether Something Happened(Y/N),Yes.,Yes.,yes,yes,1
791,6baa36c1-e4d0-4dbd-97b2-dff48ecf796e,Did I rub waste with my hand before climbing the ladder?,Order Judging(Y/N),Yes.,"Yes, the person in the video uses their hand to rub waste with their fingers before climbing the ladder.",yes,yes,1
792,6baa36c1-e4d0-4dbd-97b2-dff48ecf796e,Is the unwanted cover removed after I stare at the wood surface?,Order Judging(Y/N),No.,Yes,no,yes,0
793,6baa36c1-e4d0-4dbd-97b2-dff48ecf796e,Do I hold the scraper before removing the unwanted cover?,Order Judging(Y/N),No.,"Yes, the person holds the scraper before removing the unwanted cover.",no,yes,0
794,6baa36c1-e4d0-4dbd-97b2-dff48ecf796e,Am I outside when I stare at the wood surface?,Order Judging(Y/N),Yes.,"Yes, you can see the outside view through the window in the video.",yes,yes,1
796,6baa36c1-e4d0-4dbd-97b2-dff48ecf796e,Did I smooth the surface with a planer before scraping it with a scraper?,Order Judging(Y/N),Yes,"Yes, the person used a planer to smooth out the surface before scraping it with a scraper.",yes,yes,1
797,6baa36c1-e4d0-4dbd-97b2-dff48ecf796e,Did I rub waste with my hand before climbing the ladder?,Order Judging(Y/N),Yes,"Yes, the person in the video uses their hand to rub waste with their fingers before climbing the ladder.",yes,yes,1
798,6baa36c1-e4d0-4dbd-97b2-dff48ecf796e,Did I climb the ladder before removing the unwanted cover from the surface?,Order Judging(Y/N),Yes,"Yes, the ladder was used to reach up and remove the unwanted cover from the surface.",yes,yes,1
807,6baa36c1-e4d0-4dbd-97b2-dff48ecf796e,Has the protective cover been removed from the window surface?,Whether Something Happened(Y/N),Yes.,"Yes, the protective cover has been removed from the window surface.",yes,yes,1
812,6baa36c1-e4d0-4dbd-97b2-dff48ecf796e,"In the video, does staring at the wood surface occur before removing the unwanted cover?",Order Judging(Y/N),No,"Yes, staring at the wood surface occurs before removing the unwanted cover.",no,yes,0
813,6baa36c1-e4d0-4dbd-97b2-dff48ecf796e,Is the wood surface rubbed after removing the unwanted cover?,Order Judging(Y/N),Yes,Yes,yes,yes,1
814,6baa36c1-e4d0-4dbd-97b2-dff48ecf796e,"In the video, does holding the scraper happen before rubbing the surface?",Order Judging(Y/N),Yes,"Yes, the person holds the scraper before rubbing the surface.",yes,yes,1
817,6baa36c1-e4d0-4dbd-97b2-dff48ecf796e,Did rubbing the surface happen before staring at the wood surface?,Order Judging(Y/N),No,"Yes, rubbing the surface happened, as seen in the video, was done before staring at the wood surface.",no,yes,0
818,6baa36c1-e4d0-4dbd-97b2-dff48ecf796e,Was the ladder climbed before removing the unwanted cover?,Order Judging(Y/N),Yes,"Yes, the ladder was climbed before removing the unwanted cover.",yes,yes,1
819,6baa36c1-e4d0-4dbd-97b2-dff48ecf796e,Was the unwanted cover removed after rubbing waste with hand?,Order Judging(Y/N),Yes,"Yes, the unwanted cover was removed after rubbing waste with a hand.",yes,yes,1
820,6baa36c1-e4d0-4dbd-97b2-dff48ecf796e,Did staring at the wood surface happen before holding the scraper?,Order Judging(Y/N),No,"Yes, staring at the wood surface happened before holding the scraper.",no,yes,0
829,6baa36c1-e4d0-4dbd-97b2-dff48ecf796e,Did the camera wearer completely remove the unwanted cover?,Whether Something Happened(Y/N),No.,"No, the camera wearer did not completely remove the unwanted cover; they left some areas of the window frame exposed.",no,no,1
832,6baa36c1-e4d0-4dbd-97b2-dff48ecf796e,Did the rubbing of the surface happen before walking outside?,Order Judging(Y/N),No,"Yes, the person continued to rub and polish the surface of the window before walking outside.",no,yes,0
833,6baa36c1-e4d0-4dbd-97b2-dff48ecf796e,Is the scraper held after removing unwanted cover from the surface?,Order Judging(Y/N),Yes,"Yes, the scraper is held after removing unwanted cover from the surface.",yes,yes,1
834,6baa36c1-e4d0-4dbd-97b2-dff48ecf796e,Does the unwanted cover get removed before the surface is rubbed?,Order Judging(Y/N),Yes,"Yes, the unwanted cover is removed before the surface is rubbed.",yes,yes,1
835,6baa36c1-e4d0-4dbd-97b2-dff48ecf796e,Did walking outside occur before holding the scraper?,Order Judging(Y/N),Yes,"Yes, walking outside occurred before holding the scraper.",yes,yes,1
840,6baa36c1-e4d0-4dbd-97b2-dff48ecf796e,Did I stare at the wood surface before removing the unwanted cover?,Order Judging(Y/N),No,"Yes, the person removed the unwanted cover from the wood surface before continuing with their work.",no,yes,0
841,6baa36c1-e4d0-4dbd-97b2-dff48ecf796e,Did I rub the surface after removing the unwanted cover?,Order Judging(Y/N),Yes,"Yes, the person wiped the surface with a cloth to remove any remaining debris or marks.",yes,yes,1
842,6baa36c1-e4d0-4dbd-97b2-dff48ecf796e,Did I remove the unwanted cover before walking outside?,Order Judging(Y/N),Yes,"Yes, the person removed the unwanted cover before walking outside.",yes,yes,1
850,e58207f1-84ec-424b-a997-ff64a57eb13b,Did I exit the house during the video?,Whether Something Happened(Y/N),No.,"Yes, the person in the black hoodie and sunglasses exited the house during the video.",no,yes,0
851,e58207f1-84ec-424b-a997-ff64a57eb13b,Did I ignore any rooms while checking?,Whether Something Happened(Y/N),No.,"No, the person was not ignored while checking.",no,no,1
852,e58207f1-84ec-424b-a997-ff64a57eb13b,Did the interaction with the other person seem hostile?,Whether Something Happened(Y/N),No.,"Yes, the interaction with the other person seemed hostile.",no,yes,0
861,e58207f1-84ec-424b-a997-ff64a57eb13b,Did I hold the magazine before walking around the house?,Order Judging(Y/N),No,"Yes, the person holding the magazine was walking around the house before they sat down on the couch.",no,yes,0
862,e58207f1-84ec-424b-a997-ff64a57eb13b,Did I look at the magazine before walking around with another person?,Order Judging(Y/N),Yes,"Yes, you can see a hand holding the magazine in the foreground.",yes,yes,1
863,e58207f1-84ec-424b-a997-ff64a57eb13b,Was the magazine held after checking on items in the house?,Order Judging(Y/N),No,"Yes, the magazine was held in someone's hand after checking on items in the house.",no,yes,0
875,e58207f1-84ec-424b-a997-ff64a57eb13b,Did the person read a book in the video?,Whether Something Happened(Y/N),Yes.,"Yes, the person was seen holding a book in their lap while sitting on the couch.",yes,yes,1
876,e58207f1-84ec-424b-a997-ff64a57eb13b,Did the individual change the page of the book at least once?,Whether Something Happened(Y/N),Yes.,"Yes, the individual made a few changes to the page of the book.",yes,yes,1
877,e58207f1-84ec-424b-a997-ff64a57eb13b,Did the person have an interaction with someone in the room?,Whether Something Happened(Y/N),Yes.,"Yes, the person was seen holding a magazine and gesturing with their hands while sitting on the couch.",yes,yes,1
878,e58207f1-84ec-424b-a997-ff64a57eb13b,"In the video, is the magazine held before turning book pages?",Order Judging(Y/N),Yes.,Yes,yes,yes,1
879,e58207f1-84ec-424b-a997-ff64a57eb13b,Is the book read after interacting with a woman?,Order Judging(Y/N),No.,Yes.,no,yes,0
880,e58207f1-84ec-424b-a997-ff64a57eb13b,"In the video, does looking around occur before holding the magazine?",Order Judging(Y/N),No.,"Yes, looking around occurs before holding the magazine.",no,yes,0
885,e58207f1-84ec-424b-a997-ff64a57eb13b,Did I walk around the house before holding the magazine?,Order Judging(Y/N),Yes.,"Yes, you walked around the house before holding the magazine.",yes,yes,1
886,e58207f1-84ec-424b-a997-ff64a57eb13b,Was the magazine held before reading a book?,Order Judging(Y/N),Yes.,"Yes, the magazine was held before reading a book.",yes,yes,1
887,e58207f1-84ec-424b-a997-ff64a57eb13b,Did reading a book happen before walking around the house?,Order Judging(Y/N),No.,"Yes, the person was seen holding a book before walking around the house.",no,yes,0
894,e58207f1-84ec-424b-a997-ff64a57eb13b,Did the characters sit down for a formal meeting?,Whether Something Happened(Y/N),No.,"No, the characters did not sit down for a formal meeting; they were simply sitting and conversing.",no,no,1
895,e58207f1-84ec-424b-a997-ff64a57eb13b,Are the characters in the video clip outdoors?,Whether Something Happened(Y/N),No.,No.,no,no,1
896,e58207f1-84ec-424b-a997-ff64a57eb13b,Is there any sign of an argument happening in the video?,Whether Something Happened(Y/N),No.,"No, there is no sign of an argument happening in the video.",no,no,1
897,e58207f1-84ec-424b-a997-ff64a57eb13b,Did the characters watch television in the clip?,Whether Something Happened(Y/N),No.,"Yes, the characters watched television in the clip.",no,yes,0
898,e58207f1-84ec-424b-a997-ff64a57eb13b,Is there any physical activity performed by the characters?,Whether Something Happened(Y/N),No.,"No, there is no physical activity performed by the characters in this scene.",no,no,1
899,e58207f1-84ec-424b-a997-ff64a57eb13b,Does reading a book happen before talking to the woman?,Order Judging(Y/N),Yes.,"Yes, the woman is seen holding a book before talking to her.",yes,yes,1
900,e58207f1-84ec-424b-a997-ff64a57eb13b,Is looking around done before turning book pages?,Order Judging(Y/N),Yes.,Yes,yes,yes,1
904,e58207f1-84ec-424b-a997-ff64a57eb13b,Did I look around before holding the magazine?,Order Judging(Y/N),No.,"Yes, you looked around before holding the magazine.",no,yes,0
913,e58207f1-84ec-424b-a997-ff64a57eb13b,Did I talk to the woman before reading the magazine?,Order Judging(Y/N),Yes,"Yes, the woman was seen holding a magazine and reading it before she sat down to talk.",yes,yes,1
914,e58207f1-84ec-424b-a997-ff64a57eb13b,Did I read the magazine before making coffee?,Order Judging(Y/N),Yes,"Yes, the person in the video is holding a magazine and appears to be reading it before making coffee.",yes,yes,1
915,e58207f1-84ec-424b-a997-ff64a57eb13b,Did I operate the phone before talking to the woman?,Order Judging(Y/N),No,"Yes, you operated the phone before talking to the woman.",no,yes,0
916,e58207f1-84ec-424b-a997-ff64a57eb13b,Did I make coffee before sitting in the room?,Order Judging(Y/N),No,"Yes, you made coffee before sitting in the room.",no,yes,0
917,e58207f1-84ec-424b-a997-ff64a57eb13b,Did I make coffee before reading a magazine?,Order Judging(Y/N),No,"Yes, you made coffee before reading a magazine.",no,yes,0
918,e58207f1-84ec-424b-a997-ff64a57eb13b,Did I interact with the woman before reading the book?,Order Judging(Y/N),Yes,"Yes, before reading the book, I interacted with the woman by holding a phone and looking at it.",yes,yes,1
919,e58207f1-84ec-424b-a997-ff64a57eb13b,Was the magazine read before interacting with the woman?,Order Judging(Y/N),No,"Yes, the magazine was read before interacting with the woman.",no,yes,0
920,e58207f1-84ec-424b-a997-ff64a57eb13b,Was the phone operated before making coffee?,Order Judging(Y/N),Yes,"Yes, the phone was operated before making coffee.",yes,yes,1
927,e58207f1-84ec-424b-a997-ff64a57eb13b,Did the individual participate in a recreational game?,Whether Something Happened(Y/N),Yes.,"Yes, the individual is seen holding a box of Jenga blocks and appears to be engaged in playing Jenga.",yes,yes,1
928,e58207f1-84ec-424b-a997-ff64a57eb13b,Was there any interaction with another person during the game?,Whether Something Happened(Y/N),Yes.,"Yes, the person in the green lanyard was seen holding a smartphone and gesturing with their hand while interacting with another individual who is not fully visible in the frame.",yes,yes,1
929,e58207f1-84ec-424b-a997-ff64a57eb13b,Does the setting include contemporary room decor?,Whether Something Happened(Y/N),Yes.,"Yes, the setting includes contemporary room decor with a gray sofa, a green mug on the coffee table, and various magazines.",yes,yes,1
933,e58207f1-84ec-424b-a997-ff64a57eb13b,Does the video show any form of artistic painting?,Whether Something Happened(Y/N),No.,"No, the video does not show any form of artistic painting.",no,no,1
934,e58207f1-84ec-424b-a997-ff64a57eb13b,Is there a solo performance happening in the video?,Whether Something Happened(Y/N),No.,Yes.,no,yes,0
935,e58207f1-84ec-424b-a997-ff64a57eb13b,Did I interact with Lady A after I sat on the chair?,Order Judging(Y/N),Yes.,"Yes, after sitting on the chair, Lady A approached me and began to interact with me.",yes,yes,1
945,e58207f1-84ec-424b-a997-ff64a57eb13b,Does the video show a Jenga tower on a glass table?,Whether Something Happened(Y/N),Yes.,"Yes, the video shows a Jenga tower on a glass table.",yes,yes,1
946,e58207f1-84ec-424b-a997-ff64a57eb13b,Are the Jenga blocks being carefully handled?,Whether Something Happened(Y/N),Yes.,"Yes, the Jenga blocks are being carefully handled by the person in the video.",yes,yes,1
947,e58207f1-84ec-424b-a997-ff64a57eb13b,Is the Jenga tower intact at this moment in the video?,Whether Something Happened(Y/N),Yes.,"Yes, the Jenga tower is intact and balanced at this moment in the video.",yes,yes,1
950,e58207f1-84ec-424b-a997-ff64a57eb13b,Did I arrange wooden bricks before playing a card game?,Order Judging(Y/N),No,"Yes, you arranged wooden bricks before playing a card game.",no,yes,0
951,e58207f1-84ec-424b-a997-ff64a57eb13b,Did I sit on a chair before talking to a lady?,Order Judging(Y/N),Yes,"Yes, you sat on a gray armchair before talking to the lady.",yes,yes,1
955,e58207f1-84ec-424b-a997-ff64a57eb13b,Is the Jenga tower still standing?,Whether Something Happened(Y/N),Yes.,"Yes, the Jenga tower is still standing.",yes,yes,1
956,e58207f1-84ec-424b-a997-ff64a57eb13b,Has a Jenga block just been successfully moved?,Whether Something Happened(Y/N),Yes.,"Yes, the Jenga block has been successfully moved to the right side of the person's body.",yes,yes,1
957,e58207f1-84ec-424b-a997-ff64a57eb13b,Are the participants seated during the game?,Whether Something Happened(Y/N),Yes.,"Yes, the participants are seated on a gray couch in the living room during the game.",yes,yes,1
958,e58207f1-84ec-424b-a997-ff64a57eb13b,Is there a game being played on the floor?,Whether Something Happened(Y/N),No.,"Yes, there is a game being played on the floor.",no,yes,0
959,e58207f1-84ec-424b-a997-ff64a57eb13b,Does the frame display a competitive match in progress?,Whether Something Happened(Y/N),Yes.,"No, the frame does not display a competitive match in progress; it shows a person playing Jenga.",yes,no,0
960,e58207f1-84ec-424b-a997-ff64a57eb13b,Did I sit on the chairs before playing Jenga?,Order Judging(Y/N),Yes.,"Yes, you sat on the chairs before playing Jenga.",yes,yes,1
961,e58207f1-84ec-424b-a997-ff64a57eb13b,Did I take Jenga blocks from the tower before adding to its top?,Order Judging(Y/N),Yes.,"No, you didn't take Jenga blocks from the tower before adding to its top.",yes,no,0
962,e58207f1-84ec-424b-a997-ff64a57eb13b,Did the Jenga game happen before relaxing on the chairs?,Order Judging(Y/N),No.,"Yes, the Jenga game was already in progress before relaxing on the chairs.",no,yes,0
963,e58207f1-84ec-424b-a997-ff64a57eb13b,Was placing blocks atop the Jenga tower before taking blocks from it?,Order Judging(Y/N),No.,"Yes, the person was placing blocks atop the Jenga tower before taking them from it.",no,yes,0
966,e58207f1-84ec-424b-a997-ff64a57eb13b,Did the game start before arranging wooden bricks on a block?,Order Judging(Y/N),No,"Yes, the game started before arranging wooden bricks on a block.",no,yes,0
972,e58207f1-84ec-424b-a997-ff64a57eb13b,Is the Jenga game played before arranging wood pieces?,Order Judging(Y/N),Yes.,"Yes, the Jenga game is played before arranging wood pieces.",yes,yes,1
973,e58207f1-84ec-424b-a997-ff64a57eb13b,Does sitting on chairs happen before interacting with each other?,Order Judging(Y/N),Yes.,"Yes, sitting on chairs happens before interacting with each other.",yes,yes,1
974,e58207f1-84ec-424b-a997-ff64a57eb13b,Is the wood arrangement completed before the Jenga tower is built?,Order Judging(Y/N),No.,"Yes, the wooden blocks are arranged in a way that forms the Jenga tower before it is built.",no,yes,0
977,e58207f1-84ec-424b-a997-ff64a57eb13b,Did the Jenga game occur before sitting on the chairs?,Order Judging(Y/N),No.,"Yes, the Jenga game was already set up before sitting on the chairs.",no,yes,0
978,e58207f1-84ec-424b-a997-ff64a57eb13b,Was taking Jenga blocks from the tower after sitting on the chairs?,Order Judging(Y/N),Yes.,"Yes, the person in the video is seen holding a Jenga block and placing it on top of the tower after sitting on the chairs.",yes,yes,1
985,e58207f1-84ec-424b-a997-ff64a57eb13b,Is the person alone in the scene?,Whether Something Happened(Y/N),No.,"Yes, the person is present in the scene.",no,yes,0
986,e58207f1-84ec-424b-a997-ff64a57eb13b,Did I interact with others after being at the office?,Order Judging(Y/N),Yes,"Yes, after being at the office, you can see a person in the background holding another phone with a text message displayed on it.",yes,yes,1
987,e58207f1-84ec-424b-a997-ff64a57eb13b,Did the office scene occur before the house activities?,Order Judging(Y/N),Yes,"Yes, the office/INFO",yes,yes,1
989,e58207f1-84ec-424b-a997-ff64a57eb13b,Did I play Jenga before arranging pieces of wood?,Order Judging(Y/N),Yes.,"Yes, you did play Jenga before arranging pieces of wood.",yes,yes,1
990,e58207f1-84ec-424b-a997-ff64a57eb13b,Did I use the phone before playing Jenga?,Order Judging(Y/N),No.,"Yes, you were using the phone before playing Jenga.",no,yes,0
991,e58207f1-84ec-424b-a997-ff64a57eb13b,Was I at the office before playing with the Jenga blocks?,Order Judging(Y/N),Yes.,"Yes, you were at the office/INFO",yes,yes,1
996,89a95cd8-ca13-4edf-807e-d62138fd30e0,Did the person use a knife on the onions?,Whether Something Happened(Y/N),Yes.,"Yes, the person used a knife to cut the onions.",yes,yes,1
997,89a95cd8-ca13-4edf-807e-d62138fd30e0,Was water added to the flour in the video?,Whether Something Happened(Y/N),Yes.,"Yes, water was added to the flour in the video.",yes,yes,1
1005,89a95cd8-ca13-4edf-807e-d62138fd30e0,Did the person start cooking as soon as the video began?,Whether Something Happened(Y/N),No.,"Yes, the person began cooking as soon as the video began.",no,yes,0
1006,89a95cd8-ca13-4edf-807e-d62138fd30e0,Has the person used any kitchen utensils yet?,Whether Something Happened(Y/N),Yes.,"Yes, the person is seen holding a metal container and pouring its contents into one of the pots.",yes,yes,1
1008,89a95cd8-ca13-4edf-807e-d62138fd30e0,Has the heat been turned on under the pan yet?,Whether Something Happened(Y/N),No.,"Yes, the heat has been turned on under the pan.",no,yes,0
1009,89a95cd8-ca13-4edf-807e-d62138fd30e0,"In the video, does mixing flour with water happen before cutting onions?",Order Judging(Y/N),Yes.,"Yes, the video shows a hand mixing flour with water before cutting onions.",yes,yes,1
1010,89a95cd8-ca13-4edf-807e-d62138fd30e0,Is cooking the food shown before opening the door in the video?,Order Judging(Y/N),Yes.,"Yes, cooking the food is shown before opening the door in the video.",yes,yes,1
1011,89a95cd8-ca13-4edf-807e-d62138fd30e0,"In the video, does pouring oil in the pan occur after cutting onions?",Order Judging(Y/N),Yes.,"Yes, the video shows a hand pouring oil into the pan after cutting onions.",yes,yes,1
1012,89a95cd8-ca13-4edf-807e-d62138fd30e0,"In the video, is oil poured into the pan before cooking the food?",Order Judging(Y/N),No.,Yes,no,yes,0
1017,89a95cd8-ca13-4edf-807e-d62138fd30e0,Does the video show someone cooking?,Whether Something Happened(Y/N),Yes.,"Yes, the video shows someone cooking in a kitchen setting.",yes,yes,1
1018,89a95cd8-ca13-4edf-807e-d62138fd30e0,Is the counter being cleaned in the video?,Whether Something Happened(Y/N),Yes.,Yes,yes,yes,1
1019,89a95cd8-ca13-4edf-807e-d62138fd30e0,Is there a scene of rolling dough in the video?,Whether Something Happened(Y/N),Yes.,Yes.,yes,yes,1
1020,89a95cd8-ca13-4edf-807e-d62138fd30e0,Does rolling the dough happen before cleaning the counter?,Order Judging(Y/N),No,"Yes, the person is seen rolling the dough on a wooden board before cleaning the counter.",no,yes,0
1021,89a95cd8-ca13-4edf-807e-d62138fd30e0,Is the food cooked after I clean the counter?,Order Judging(Y/N),Yes,"Yes, the food is cooked after I clean the counter.",yes,yes,1
1025,89a95cd8-ca13-4edf-807e-d62138fd30e0,"In the video, does the mixing of flour with water happen before cutting the onions?",Order Judging(Y/N),Yes,"Yes, the mixing of flour with water happens before cutting the onions.",yes,yes,1
1036,89a95cd8-ca13-4edf-807e-d62138fd30e0,Did the person use a rolling pin in the video?,Whether Something Happened(Y/N),Yes.,"Yes, the person used a rolling pin to press down on the dough while kneading it.",yes,yes,1
1037,89a95cd8-ca13-4edf-807e-d62138fd30e0,Did the dough-making happen on a bare countertop?,Whether Something Happened(Y/N),No.,"Yes, the dough-making happened on a bare countertop.",no,yes,0
1038,89a95cd8-ca13-4edf-807e-d62138fd30e0,Was an electrical appliance used to roll the dough?,Whether Something Happened(Y/N),No.,"Yes, an electrical appliance was used to roll the dough.",no,yes,0
1040,89a95cd8-ca13-4edf-807e-d62138fd30e0,Is the flour container closed in the scene?,Whether Something Happened(Y/N),Yes.,Yes.,yes,yes,1
1041,89a95cd8-ca13-4edf-807e-d62138fd30e0,"In the video, is the dough rolled with hands before it's dipped in flour?",Order Judging(Y/N),Yes,Yes,yes,yes,1
1042,89a95cd8-ca13-4edf-807e-d62138fd30e0,Is the food cooked before the counter is cleaned?,Order Judging(Y/N),Yes,"No, the food is not cooked before the counter is cleaned.",yes,no,0
1043,89a95cd8-ca13-4edf-807e-d62138fd30e0,Does the dough rolling with a rolling pin happen after hand rolling?,Order Judging(Y/N),Yes,"Yes, the dough is rolled with a rolling pin after hand rolling.",yes,yes,1
1044,89a95cd8-ca13-4edf-807e-d62138fd30e0,Is the counter cleaned before the dough is rolled with hands?,Order Judging(Y/N),Yes,"Yes, the counter is cleaned before the dough is rolled with hands.",yes,yes,1
1045,89a95cd8-ca13-4edf-807e-d62138fd30e0,"In the video, is the rolling pin used before the dough is dipped in flour?",Order Judging(Y/N),Yes,"Yes, the rolling pin is used to scoop out flour from a bowl before dipping it into the dough.",yes,yes,1
1049,89a95cd8-ca13-4edf-807e-d62138fd30e0,Was the counter cleaned after cooking food?,Order Judging(Y/N),Yes,"Yes, the counter was cleaned after cooking food.",yes,yes,1
1050,89a95cd8-ca13-4edf-807e-d62138fd30e0,Did I roll the dough before dipping it in flour?,Order Judging(Y/N),No,"Yes, the person rolled the dough before dipping it in flour.",no,yes,0
1051,89a95cd8-ca13-4edf-807e-d62138fd30e0,Did I roll dough with hands before rolling it with a rolling pin?,Order Judging(Y/N),Yes,"Yes, the person rolled dough with their hands before rolling it with a rolling pin.",yes,yes,1
1060,89a95cd8-ca13-4edf-807e-d62138fd30e0,Does the frame capture using a rolling pin?,Whether Something Happened(Y/N),Yes.,"Yes, the frame captures a hand using a rolling pin to mix ingredients in a bowl.",yes,yes,1
1061,89a95cd8-ca13-4edf-807e-d62138fd30e0,Is dough being prepared in this scene?,Whether Something Happened(Y/N),Yes.,Yes,yes,yes,1
1062,89a95cd8-ca13-4edf-807e-d62138fd30e0,Are there ingredients visible on the kitchen counter?,Whether Something Happened(Y/N),Yes.,"Yes, there are ingredients visible on the kitchen counter.",yes,yes,1
1063,89a95cd8-ca13-4edf-807e-d62138fd30e0,"In the video, is the dough cut before it's rolled with hands?",Order Judging(Y/N),No,Yes,no,yes,0
1064,89a95cd8-ca13-4edf-807e-d62138fd30e0,Does the dipping of dough in flour happen after using the rolling pin?,Order Judging(Y/N),No,"Yes, the person continues to knead the dough with a rolling pin after using it in the previous scene.",no,yes,0
1065,89a95cd8-ca13-4edf-807e-d62138fd30e0,Does rolling the dough with hands happen before cutting the dough?,Order Judging(Y/N),Yes,"Yes, the hands are seen rolling the dough with their fingers before cutting it.",yes,yes,1
1066,89a95cd8-ca13-4edf-807e-d62138fd30e0,Is the dough rolled with a roller after being dipped in flour?,Order Judging(Y/N),Yes,Yes,yes,yes,1
1070,89a95cd8-ca13-4edf-807e-d62138fd30e0,Did I clean the counter before rolling the dough?,Order Judging(Y/N),Yes,"Yes, the person cleaned the counter before rolling the dough.",yes,yes,1
1071,89a95cd8-ca13-4edf-807e-d62138fd30e0,Was the dough cut before being rolled?,Order Judging(Y/N),Yes,"Yes, the dough was cut before being rolled.",yes,yes,1
1072,89a95cd8-ca13-4edf-807e-d62138fd30e0,Did I dip the dough in flour before using the rolling pin?,Order Judging(Y/N),Yes,"Yes, the person in the video is seen dipping the dough into a container of flour before using the rolling pin.",yes,yes,1
1073,89a95cd8-ca13-4edf-807e-d62138fd30e0,Did I cook food after rolling the dough with my hands?,Order Judging(Y/N),No,"Yes, you can see the dough being rolled with your hands in the video.",no,yes,0
1074,89a95cd8-ca13-4edf-807e-d62138fd30e0,Was the counter cleaned after the dough was cut?,Order Judging(Y/N),No,"Yes, the counter was cleaned after the dough was cut.",no,yes,0
1080,89a95cd8-ca13-4edf-807e-d62138fd30e0,Did the person successfully slice the cucumber?,Whether Something Happened(Y/N),Yes.,"Yes, the person successfully sliced the cucumber into thin pieces.",yes,yes,1
1081,89a95cd8-ca13-4edf-807e-d62138fd30e0,Has the lemon been placed on the cucumber slices?,Whether Something Happened(Y/N),Yes.,"No, the lemon has not been placed on the cucumber slices.",yes,no,0
1086,89a95cd8-ca13-4edf-807e-d62138fd30e0,Does the clip show a person flipping the roti?,Whether Something Happened(Y/N),No.,"Yes, the clip shows a hand holding a spatula and flipping one of the roti in the frying pan.",no,yes,0
1087,89a95cd8-ca13-4edf-807e-d62138fd30e0,Is the roti being taken out of the pan in this frame?,Whether Something Happened(Y/N),Yes.,No.,yes,no,0
1088,89a95cd8-ca13-4edf-807e-d62138fd30e0,Does the clip involve any baking activity?,Whether Something Happened(Y/N),No.,"Yes, the clip involves baking activity as a hand is seen stirring a dough in a frying pan.",no,yes,0
1089,89a95cd8-ca13-4edf-807e-d62138fd30e0,Is there another person assisting with the cooking?,Whether Something Happened(Y/N),No.,"Yes, a hand is seen holding the bowl of dough and stirring it with a spatula.",no,yes,0
1090,89a95cd8-ca13-4edf-807e-d62138fd30e0,Was the flat bread prepared before the roti was roasted?,Order Judging(Y/N),Yes,"Yes, the flat bread was prepared before the roti was roasted.",yes,yes,1
1091,89a95cd8-ca13-4edf-807e-d62138fd30e0,Did I put the roasted roti in the pot before cutting the cucumber?,Order Judging(Y/N),No,"No, the person did not put the roasted roti in the pot before cutting the cucumber.",no,no,1
1092,89a95cd8-ca13-4edf-807e-d62138fd30e0,Did I roast the roti after preparing the flat bread?,Order Judging(Y/N),Yes,"No, the roti was not roasted after preparing the flat bread.",yes,no,0
1094,89a95cd8-ca13-4edf-807e-d62138fd30e0,Is the person wearing oven mitts?,Whether Something Happened(Y/N),No.,"No, the person is not wearing oven mitts.",no,no,1
1095,89a95cd8-ca13-4edf-807e-d62138fd30e0,"In the video, is the pot closed after the roti is put inside?",Order Judging(Y/N),Yes,"Yes, the pot is closed after the roti is put inside.",yes,yes,1
1096,89a95cd8-ca13-4edf-807e-d62138fd30e0,Did I use a spatula to roast the roti before placing it in the pot?,Order Judging(Y/N),Yes,"Yes, the person used a spatula to roast the roti before placing it in the pot.",yes,yes,1
1106,2bb31b69-fcda-4f54-8338-f590944df999,Is there more than one participant in the card activity?,Whether Something Happened(Y/N),Yes.,Yes.,yes,yes,1
1115,2bb31b69-fcda-4f54-8338-f590944df999,Did someone shuffle cards in this video?,Whether Something Happened(Y/N),Yes.,"Yes, someone in the video is seen shuffling cards.",yes,yes,1
1116,2bb31b69-fcda-4f54-8338-f590944df999,Is the room set up for a large gathering?,Whether Something Happened(Y/N),No.,Yes.,no,yes,0
1117,2bb31b69-fcda-4f54-8338-f590944df999,Are the individuals standing in this video?,Whether Something Happened(Y/N),No.,"No, the individuals are sitting on the floor in this video.",no,no,1
1118,2bb31b69-fcda-4f54-8338-f590944df999,Was the deck reshuffled before playing the cards?,Order Judging(Y/N),Yes.,"Yes, the deck was reshuffled before playing the cards.",yes,yes,1
1126,2bb31b69-fcda-4f54-8338-f590944df999,Did the individuals reshuffle the cards in the video?,Whether Something Happened(Y/N),Yes.,"Yes, the individuals reshuffled the cards in the video.",yes,yes,1
1127,2bb31b69-fcda-4f54-8338-f590944df999,Was a phone used during the gameplay?,Whether Something Happened(Y/N),Yes.,"Yes, a phone was used to take photos of the cards.",yes,yes,1
1128,2bb31b69-fcda-4f54-8338-f590944df999,Was a new game started in the video clip?,Whether Something Happened(Y/N),Yes.,"Yes, a new game was started in the video clip.",yes,yes,1
1129,2bb31b69-fcda-4f54-8338-f590944df999,Did the scene capture any form of disagreement?,Whether Something Happened(Y/N),No.,"No, the scene does not capture any form of disagreement.",no,no,1
1130,2bb31b69-fcda-4f54-8338-f590944df999,"In the video, is the poker game started before the cards are reshuffled?",Order Judging(Y/N),No.,"Yes, the poker game is started before the cards are reshuffled.",no,yes,0
1131,2bb31b69-fcda-4f54-8338-f590944df999,Is the deck spread out on the floor after picking a card?,Order Judging(Y/N),Yes.,Yes,yes,yes,1
1132,2bb31b69-fcda-4f54-8338-f590944df999,Does the card shuffling happen before sitting on the floor?,Order Judging(Y/N),No.,"No, the card shuffling happens after sitting on the floor.",no,no,1
1133,2bb31b69-fcda-4f54-8338-f590944df999,"In the video, is the card game initiated before sitting with the lady?",Order Judging(Y/N),No.,"Yes, the card game is initiated before sitting with the lady.",no,yes,0
1137,2bb31b69-fcda-4f54-8338-f590944df999,"In the video, did I play cards before shuffling them?",Order Judging(Y/N),No.,"Yes, you played cards before shuffling them.",no,yes,0
1138,2bb31b69-fcda-4f54-8338-f590944df999,"In the video, did I shuffle the cards before picking them?",Order Judging(Y/N),Yes.,"Yes, the person in the video picks up a card and then shuffles it before continuing to shuffle the remaining cards.",yes,yes,1
1145,2bb31b69-fcda-4f54-8338-f590944df999,Did the person shuffle the cards more than once?,Whether Something Happened(Y/N),Yes.,"Yes, the person shuffled the cards multiple times.",yes,yes,1
1146,2bb31b69-fcda-4f54-8338-f590944df999,Is there another activity besides poker being portrayed?,Whether Something Happened(Y/N),No.,"Yes, there is another activity portrayed in the video where a person is seen holding and examining a smartphone.",no,yes,0
1148,2bb31b69-fcda-4f54-8338-f590944df999,"In the video, is the card reshuffling performed before picking the cards?",Order Judging(Y/N),No,"Yes, the card reshuffling is performed before picking the cards.",no,yes,0
1149,2bb31b69-fcda-4f54-8338-f590944df999,Is the lady X present in the room before I reshuffle the cards?,Order Judging(Y/N),Yes,Yes.,yes,yes,1
1150,2bb31b69-fcda-4f54-8338-f590944df999,Do I play the cards before lady X picks her phone?,Order Judging(Y/N),No,"No, the video does not show any action of playing the cards before lady X picks her phone.",no,no,1
1151,2bb31b69-fcda-4f54-8338-f590944df999,Are the cards picked before they are played?,Order Judging(Y/N),Yes,"Yes, the cards are picked before they are played.",yes,yes,1
1156,2bb31b69-fcda-4f54-8338-f590944df999,Did the card reshuffling happen before picking the cards?,Order Judging(Y/N),No,"Yes, the card reshuffling happened before picking the cards.",no,yes,0
1157,2bb31b69-fcda-4f54-8338-f590944df999,Was playing cards done after picking the cards?,Order Judging(Y/N),Yes,"Yes, after picking the cards, both hands were seen holding the playing cards.",yes,yes,1
1164,2bb31b69-fcda-4f54-8338-f590944df999,Is there a competitive game being played in this scene?,Whether Something Happened(Y/N),Yes.,"Yes, there is a card game being played in this scene.",yes,yes,1
1165,2bb31b69-fcda-4f54-8338-f590944df999,Has any card been placed face-up on the carpet?,Whether Something Happened(Y/N),Yes.,"Yes, a card has been placed face-up on the carpet.",yes,yes,1
1166,2bb31b69-fcda-4f54-8338-f590944df999,Are there drinks present on the floor beside the players?,Whether Something Happened(Y/N),Yes.,Yes.,yes,yes,1
1167,2bb31b69-fcda-4f54-8338-f590944df999,Is there a document visible on the floor?,Whether Something Happened(Y/N),Yes.,Yes.,yes,yes,1
1168,2bb31b69-fcda-4f54-8338-f590944df999,Are both participants actively selecting cards?,Whether Something Happened(Y/N),Yes.,"Yes, both participants are actively selecting cards.",yes,yes,1
1169,2bb31b69-fcda-4f54-8338-f590944df999,Is the poker game played before reshuffling the cards?,Order Judging(Y/N),No,"Yes, the person holding the poker chips is seen shuffling the cards before reshuffling them.",no,yes,0
1171,2bb31b69-fcda-4f54-8338-f590944df999,Was the poker card played after the cards were picked?,Order Judging(Y/N),Yes.,"Yes, the person in the pink shirt was seen holding a poker card and playing it after the cards were picked.",yes,yes,1
1178,2bb31b69-fcda-4f54-8338-f590944df999,Did I carry out a reshuffle of the poker cards?,Whether Something Happened(Y/N),Yes.,"Yes, you did.",yes,yes,1
1179,2bb31b69-fcda-4f54-8338-f590944df999,Was a complete poker game played in this clip?,Whether Something Happened(Y/N),Yes.,"Yes, the video captures a complete poker game in progress.",yes,yes,1
1180,2bb31b69-fcda-4f54-8338-f590944df999,Did the game involve more than two players?,Whether Something Happened(Y/N),No.,"Yes, the game involved more than two players.",no,yes,0
1181,2bb31b69-fcda-4f54-8338-f590944df999,Did I participate in dealing the cards?,Whether Something Happened(Y/N),Yes.,"Yes, you participated in dealing the cards.",yes,yes,1
1182,2bb31b69-fcda-4f54-8338-f590944df999,"In the video, did the card shuffling happen before playing the game?",Order Judging(Y/N),Yes.,"Yes, the card shuffling happened before playing the game.",yes,yes,1
1183,2bb31b69-fcda-4f54-8338-f590944df999,Did the playing of poker cards occur before reshuffling the cards?,Order Judging(Y/N),No.,"Yes, the playing of poker cards occurred before reshuffling.",no,yes,0
1184,2bb31b69-fcda-4f54-8338-f590944df999,Did picking the cards happen after playing the card game?,Order Judging(Y/N),No.,"Yes, the person holding the cards is seen picking them up from the table after playing the card game.",no,yes,0
1187,2bb31b69-fcda-4f54-8338-f590944df999,"In the video, was the poker card played before they were reshuffled?",Order Judging(Y/N),No,"Yes, the poker card was played before they were reshuffled.",no,yes,0
1188,2bb31b69-fcda-4f54-8338-f590944df999,"In the clip, was the poker card reshuffled after card separation?",Order Judging(Y/N),Yes,"Yes, the poker card was reshuffled after card separation.",yes,yes,1
1194,2bb31b69-fcda-4f54-8338-f590944df999,Did the scene show a game in progress?,Whether Something Happened(Y/N),Yes.,"Yes, the scene shows a game in progress as indicated by the cards being dealt and the person holding the card with their hand.",yes,yes,1
1195,2bb31b69-fcda-4f54-8338-f590944df999,Was there a card shuffle taking place?,Whether Something Happened(Y/N),Yes.,"Yes, there was a card shuffle taking place.",yes,yes,1
1196,2bb31b69-fcda-4f54-8338-f590944df999,Did they play the cards on a traditional table?,Whether Something Happened(Y/N),No.,"No, they played the cards on a table with a white surface.",no,no,1
1197,2bb31b69-fcda-4f54-8338-f590944df999,Was the person alone in this activity?,Whether Something Happened(Y/N),No.,"Yes, the person was alone in this activity.",no,yes,0
1198,2bb31b69-fcda-4f54-8338-f590944df999,Did the video capture an outdoor event?,Whether Something Happened(Y/N),No.,"No, the video does not capture an outdoor event. It focuses on a card game session inside a room.",no,no,1
1200,2bb31b69-fcda-4f54-8338-f590944df999,Is the card game played before reshuffling the cards?,Order Judging(Y/N),No,"Yes, the card game is played before reshuffling the cards.",no,yes,0
1201,2bb31b69-fcda-4f54-8338-f590944df999,Is picking the cards shown before separating them?,Order Judging(Y/N),Yes,"Yes, the person is seen picking up a card from the deck and then placing it back into the deck.",yes,yes,1
1202,2bb31b69-fcda-4f54-8338-f590944df999,Does separating cards happen before reshuffling?,Order Judging(Y/N),Yes,"Yes, before reshuffling, the cards are separated and placed on a table.",yes,yes,1
1203,2bb31b69-fcda-4f54-8338-f590944df999,Is reshuffling the cards shown before playing poker?,Order Judging(Y/N),Yes,"Yes, the person is seen holding a deck of cards and preparing to reshuffle them before starting the game.",yes,yes,1
1204,2bb31b69-fcda-4f54-8338-f590944df999,Does picking cards occur before playing the card game?,Order Judging(Y/N),Yes,"Yes, picking cards occurs before playing the card game.",yes,yes,1
1209,2bb31b69-fcda-4f54-8338-f590944df999,Does the scene show a poker game in action?,Whether Something Happened(Y/N),Yes.,"No, the scene does not show a poker game in action. It is focused on playing cards and the person's interaction with them.",yes,no,0
1210,2bb31b69-fcda-4f54-8338-f590944df999,Does the video include a moment of card shuffling?,Whether Something Happened(Y/N),Yes.,"Yes, the video includes a moment of card shuffling where one hand is holding a deck of cards and another hand is reaching for them.",yes,yes,1
1211,2bb31b69-fcda-4f54-8338-f590944df999,Is a card game being organized on a carpet?,Whether Something Happened(Y/N),Yes.,Yes,yes,yes,1
1212,2bb31b69-fcda-4f54-8338-f590944df999,Does the clip show someone dealing cards?,Whether Something Happened(Y/N),Yes.,"Yes, the clip shows someone dealing cards.",yes,yes,1
1213,2bb31b69-fcda-4f54-8338-f590944df999,Is the lady sitting on the floor while playing cards?,Whether Something Happened(Y/N),Yes.,Yes,yes,yes,1
1214,2bb31b69-fcda-4f54-8338-f590944df999,Did the card shuffling happen before playing cards?,Order Judging(Y/N),Yes,"Yes, the card shuffling happened before playing cards.",yes,yes,1
1215,2bb31b69-fcda-4f54-8338-f590944df999,Was the room entered before the cards were reshuffled?,Order Judging(Y/N),Yes,"Yes, the room was entered before the cards were reshuffled.",yes,yes,1
1216,2bb31b69-fcda-4f54-8338-f590944df999,Did card shuffling occur before the cards were picked?,Order Judging(Y/N),No,"Yes, card shuffling occurred before the cards were picked.",no,yes,0
1221,2bb31b69-fcda-4f54-8338-f590944df999,"In the video, is the poker game started before reshuffling the cards?",Order Judging(Y/N),No,"Yes, the poker game is started before reshuffling the cards.",no,yes,0
1222,2bb31b69-fcda-4f54-8338-f590944df999,"In the video, is the poker game initiated before the cards are spread out on the floor?",Order Judging(Y/N),Yes,"Yes, the poker game is initiated before the cards are spread out on the floor.",yes,yes,1
1229,2bb31b69-fcda-4f54-8338-f590944df999,Does playing poker occur after picking cards?,Order Judging(Y/N),Yes,"Yes, after picking cards, the person picks up a card and starts to shuffle it.",yes,yes,1
1230,2bb31b69-fcda-4f54-8338-f590944df999,Are cards picked before reshuffling?,Order Judging(Y/N),Yes,"Yes, the cards are picked before reshuffling.",yes,yes,1
1231,2bb31b69-fcda-4f54-8338-f590944df999,Is the poker card played after reshuffling?,Order Judging(Y/N),Yes,"Yes, the person is seen holding a poker card and looking at it after reshuffling.",yes,yes,1
1233,2bb31b69-fcda-4f54-8338-f590944df999,"In the video, is a card picked up before reshuffling the deck?",Order Judging(Y/N),No,"Yes, a card is picked up before reshuffling the deck.",no,yes,0
1234,2bb31b69-fcda-4f54-8338-f590944df999,"In the video, does playing cards occur before picking any card from the deck?",Order Judging(Y/N),No,"Yes, the video shows a person holding a card and interacting with another person's hand before picking up one of the cards from the deck.",no,yes,0
1240,2bb31b69-fcda-4f54-8338-f590944df999,Is there a card game being played in this video?,Whether Something Happened(Y/N),Yes.,"Yes, there is a card game being played in this video.",yes,yes,1
1241,2bb31b69-fcda-4f54-8338-f590944df999,Does this video show a person dealing cards?,Whether Something Happened(Y/N),Yes.,"Yes, the video shows a person dealing cards.",yes,yes,1
1242,2bb31b69-fcda-4f54-8338-f590944df999,Are the poker cards being reshuffled in this scene?,Whether Something Happened(Y/N),Yes.,"Yes, the person is seen holding a card and making hand gestures to indicate that they are reshuffling the cards.",yes,yes,1
1243,2bb31b69-fcda-4f54-8338-f590944df999,Did the card reshuffling occur before playing poker?,Order Judging(Y/N),Yes.,"Yes, the card reshuffling occurred before playing poker.",yes,yes,1
1244,2bb31b69-fcda-4f54-8338-f590944df999,Do I wear blue sleeves before the lady reads a card?,Order Judging(Y/N),Yes.,"No, the lady is wearing pink sleeves before she reads a card.",yes,no,0
1245,2bb31b69-fcda-4f54-8338-f590944df999,Are poker cards spread on the carpet before organizing them into rows?,Order Judging(Y/N),Yes.,"Yes, the cards are spread out on the carpet before organizing them into rows.",yes,yes,1
1246,2bb31b69-fcda-4f54-8338-f590944df999,Is the picking of cards done before reshuffling?,Order Judging(Y/N),No,"Yes, the picking of cards is done before reshuffling.",no,yes,0
1247,2bb31b69-fcda-4f54-8338-f590944df999,Is playing poker done after reshuffling cards?,Order Judging(Y/N),Yes,"Yes, the person is seen holding a card and looking at it while shaking their hand in anticipation of the next round.",yes,yes,1
1248,2bb31b69-fcda-4f54-8338-f590944df999,Does the reshuffling occur before arranging cards on the floor?,Order Judging(Y/N),Yes,"Yes, the reshuffling occurs before arranging cards on the floor.",yes,yes,1
1258,2bb31b69-fcda-4f54-8338-f590944df999,Did reshuffling the cards happen before playing the poker cards?,Order Judging(Y/N),Yes.,"Yes, the cards were reshuffled before playing the poker cards.",yes,yes,1
1259,2bb31b69-fcda-4f54-8338-f590944df999,Did laying out the cards on the floor occur after sitting down?,Order Judging(Y/N),Yes.,"Yes, the cards were laid out on the floor after sitting down.",yes,yes,1
1260,2bb31b69-fcda-4f54-8338-f590944df999,Did the game of cards start after the cards were laid out?,Order Judging(Y/N),Yes.,"Yes, the game of cards began after the cards were laid out.",yes,yes,1
1261,2bb31b69-fcda-4f54-8338-f590944df999,Did I play cards before reshuffling them?,Order Judging(Y/N),No,"Yes, you played cards before reshuffling them.",no,yes,0
1262,2bb31b69-fcda-4f54-8338-f590944df999,Was the rug visible before I dealt the cards?,Order Judging(Y/N),Yes,"Yes, the rug was visible before I dealt the cards.",yes,yes,1
1263,2bb31b69-fcda-4f54-8338-f590944df999,Did I spread cards on the floor before sitting down?,Order Judging(Y/N),Yes,"Yes, the person sitting down spread cards on the floor before sitting down.",yes,yes,1
1264,2bb31b69-fcda-4f54-8338-f590944df999,Were cards in my hand before reshuffling?,Order Judging(Y/N),No,"Yes, cards were in your hand before reshuffling.",no,yes,0
1265,2bb31b69-fcda-4f54-8338-f590944df999,Was I seated before the cards were displayed face-up?,Order Judging(Y/N),Yes,"Yes, you were seated before the cards were displayed face-up.",yes,yes,1
1277,2bb31b69-fcda-4f54-8338-f590944df999,Is there a competitive activity occurring in the video?,Whether Something Happened(Y/N),Yes.,"Yes, the video captures a moment where one person is holding up a card and another is reaching out to take it from them.",yes,yes,1
1278,2bb31b69-fcda-4f54-8338-f590944df999,Is there a visible winner in the card game?,Whether Something Happened(Y/N),No.,"Yes, the person in the foreground is seen holding a card and appears to be the one who has won the game.",no,yes,0
1279,2bb31b69-fcda-4f54-8338-f590944df999,Did I pick up a card before shuffling the deck?,Order Judging(Y/N),No,"Yes, the person in the foreground is holding a card and appears to be about to shuffle it.",no,yes,0
1280,2bb31b69-fcda-4f54-8338-f590944df999,Was the woman seen holding cards before I laid mine on the floor?,Order Judging(Y/N),Yes,"Yes, the woman was seen holding cards before I laid mine on the floor.",yes,yes,1
1281,2bb31b69-fcda-4f54-8338-f590944df999,Did I deal cards to the woman before sitting down?,Order Judging(Y/N),No,"Yes, the woman was seen holding a deck of cards before sitting down.",no,yes,0
1282,2bb31b69-fcda-4f54-8338-f590944df999,Did the woman adjust her glasses before smiling at me?,Order Judging(Y/N),Yes,"Yes, she adjusted her glasses before smiling at me.",yes,yes,1
1283,2bb31b69-fcda-4f54-8338-f590944df999,Was the woman's sock visible before she crossed her legs?,Order Judging(Y/N),Yes,"Yes, the woman's sock was visible before she crossed her legs.",yes,yes,1
1287,2bb31b69-fcda-4f54-8338-f590944df999,"In the video, is the poker game started before reshuffling the cards?",Order Judging(Y/N),No,"Yes, the poker game is started before reshuffling the cards.",no,yes,0
1288,2bb31b69-fcda-4f54-8338-f590944df999,"In the sequence, does the lady pick up her cards before the cards are laid out on the floor?",Order Judging(Y/N),Yes,"Yes, the lady picks up her cards before the cards are laid out on the floor.",yes,yes,1
1289,2bb31b69-fcda-4f54-8338-f590944df999,"In the clip, do the cards get scattered on the table before being picked up?",Order Judging(Y/N),Yes,"Yes, the cards get scattered on the table before being picked up.",yes,yes,1
1290,2bb31b69-fcda-4f54-8338-f590944df999,Does the video show the lady with cards in hand before the cards are shuffled?,Order Judging(Y/N),No,"Yes, the video shows the lady with cards in hand before the cards are shuffled.",no,yes,0
1299,2bb31b69-fcda-4f54-8338-f590944df999,Did the individuals rearrange the furniture for playing?,Whether Something Happened(Y/N),No.,"Yes, the individuals rearranged the furniture to create a more comfortable and organized playing area.",no,yes,0
1300,2bb31b69-fcda-4f54-8338-f590944df999,Did someone draw a card in the clip?,Whether Something Happened(Y/N),Yes.,"The video shows a person sitting on the floor, holding two cards in their hands.",yes,unparseable,0
1301,2bb31b69-fcda-4f54-8338-f590944df999,Did the scene involve any form of digital technology?,Whether Something Happened(Y/N),No.,"No, the scene did not involve any form of digital technology.",no,no,1
1302,2bb31b69-fcda-4f54-8338-f590944df999,Did the people appear to be outdoors?,Whether Something Happened(Y/N),No.,"No, the setting appears to be indoors.",no,no,1
1303,2bb31b69-fcda-4f54-8338-f590944df999,"In the video, did the shoe appear before the card deck on the carpet?",Order Judging(Y/N),Yes,"Yes, the shoe appears before the card deck on the carpet.",yes,yes,1
1304,2bb31b69-fcda-4f54-8338-f590944df999,Was the hand holding cards before the bottle was seen?,Order Judging(Y/N),Yes,"No, the hand holding cards was not before the bottle.",yes,no,0
1305,2bb31b69-fcda-4f54-8338-f590944df999,"In the clip, did the playing of cards happen before the plant was visible?",Order Judging(Y/N),No,"No, the playing of cards was not visible before the plant.",no,no,1
1308,2bb31b69-fcda-4f54-8338-f590944df999,Was the rug straightened before I sat down to play?,Order Judging(Y/N),No.,"No, the rug was not straightened before I sat down to play/INFO",no,no,1
1309,2bb31b69-fcda-4f54-8338-f590944df999,Did I touch my foot before picking more cards from the pile?,Order Judging(Y/N),No.,"No, you didn.)",no,no,1
1310,2bb31b69-fcda-4f54-8338-f590944df999,Were the cards spread out on the rug before the game started?,Order Judging(Y/N),No.,"Yes, the cards were spread out on the rug before the game started.",no,yes,0
1311,2bb31b69-fcda-4f54-8338-f590944df999,Did I pick a card from my hand before the woman looked at hers?,Order Judging(Y/N),Yes.,"No, you didn.)",yes,no,0
1322,2bb31b69-fcda-4f54-8338-f590944df999,Is there a card game occurring?,Whether Something Happened(Y/N),Yes.,"Yes, there is a card game occurring.",yes,yes,1
1323,2bb31b69-fcda-4f54-8338-f590944df999,Is there more than one participant in the game?,Whether Something Happened(Y/N),Yes.,"Yes, there are two participants in the game.",yes,yes,1
1324,2bb31b69-fcda-4f54-8338-f590944df999,Have any cards been laid out on the floor?,Whether Something Happened(Y/N),Yes.,"Yes, several cards have been laid out on the floor.",yes,yes,1
1325,2bb31b69-fcda-4f54-8338-f590944df999,Is the activity taking place indoors?,Whether Something Happened(Y/N),Yes.,Yes.,yes,yes,1
1326,2bb31b69-fcda-4f54-8338-f590944df999,Does it appear to be a formal card-playing setting?,Whether Something Happened(Y/N),No.,"Yes, the presence of a deck of cards and the organized arrangement suggest that it is likely a formal or semi-formal card game setting.",no,yes,0
1327,2bb31b69-fcda-4f54-8338-f590944df999,Was the rug visible before I started playing cards?,Order Judging(Y/N),Yes.,"Yes, the rug was visible in the foreground of the video.",yes,yes,1
1328,2bb31b69-fcda-4f54-8338-f590944df999,Did the plant appear in the frame before the game began?,Order Judging(Y/N),Yes.,"Yes, the plant was visible in the background and appeared on a shelf or table in the background before the game began.",yes,yes,1
1330,2bb31b69-fcda-4f54-8338-f590944df999,"In the video, does the arrangement of cards on the floor change before a new card is drawn?",Order Judging(Y/N),No,"Yes, the arrangement of cards on the table changes before a new card is drawn.",no,yes,0
1331,2bb31b69-fcda-4f54-8338-f590944df999,"In the video, is the heart card shown before a player picks more cards?",Order Judging(Y/N),Yes,"Yes, the heart card is shown before a player picks more cards.",yes,yes,1
1332,2bb31b69-fcda-4f54-8338-f590944df999,Does the woman put down a card before all cards are laid out?,Order Judging(Y/N),Yes,"Yes, the woman places a card on the table before all cards are laid out.",yes,yes,1
1357,af400f98-3c57-46ad-acac-eaca6f940180,Is the person in the video engaging in a conversation?,Whether Something Happened(Y/N),Yes.,"Yes, the person in the video is holding a phone and appears to be engaged in a conversation.",yes,yes,1
1358,af400f98-3c57-46ad-acac-eaca6f940180,Does the person walk on a grassy path in the video?,Whether Something Happened(Y/N),No.,"Yes, the person walks on a grassy path in the video.",no,yes,0
1359,af400f98-3c57-46ad-acac-eaca6f940180,Does the person in the video interact with more than one passerby?,Whether Something Happened(Y/N),Yes.,"Yes, the person in the video is seen holding a banana and interacting with another individual who is not visible in the frame.",yes,yes,1
1361,af400f98-3c57-46ad-acac-eaca6f940180,Is there any physical contact between the two individuals?,Whether Something Happened(Y/N),No.,"No, there is no physical contact between the two individuals in the video.",no,no,1
1362,af400f98-3c57-46ad-acac-eaca6f940180,Did the person in the video stop walking while interacting?,Whether Something Happened(Y/N),No.,"Yes, the person in the video stopped walking while interacting with another individual.",no,yes,0
1363,af400f98-3c57-46ad-acac-eaca6f940180,Is the communication friendly and non-threatening?,Whether Something Happened(Y/N),Yes.,"Yes, the communication is friendly and non-threatening as indicated by the relaxed body language of both individuals.",yes,yes,1
1364,af400f98-3c57-46ad-acac-eaca6f940180,"In the video, do I interact with some passersby before walking with the woman on the road?",Order Judging(Y/N),No,"Yes, I interact with some passersby before walking with the woman on the road.",no,yes,0
1365,af400f98-3c57-46ad-acac-eaca6f940180,"In the video, do I walk alone on the road before interacting with a woman?",Order Judging(Y/N),Yes,"Yes, you walk alone on the road before interacting with a woman.",yes,yes,1
1372,20bc995f-c3de-4789-bd7a-34cf1a313b0c,Does the video show any monetary transaction?,Whether Something Happened(Y/N),No.,"No, the video does not show any monetary transaction.",no,no,1
1373,20bc995f-c3de-4789-bd7a-34cf1a313b0c,Is the food prepared for a large group?,Whether Something Happened(Y/N),Yes.,Yes.,yes,yes,1
1374,20bc995f-c3de-4789-bd7a-34cf1a313b0c,Does the camera wearer handle more than one dish?,Whether Something Happened(Y/N),Yes.,"Yes, the camera wearer handles two dishes.",yes,yes,1
1376,20bc995f-c3de-4789-bd7a-34cf1a313b0c,Is the person serving food to more than one person?,Whether Something Happened(Y/N),Yes.,"Yes, the person is serving foodNECTA",yes,yes,1
1377,20bc995f-c3de-4789-bd7a-34cf1a313b0c,Is there a pot included in the food items being served?,Whether Something Happened(Y/N),Yes.,"Yes, there is a pot included in the foodNECTA meal.",yes,yes,1
1378,20bc995f-c3de-4789-bd7a-34cf1a313b0c,Is the setting of this video during a nighttime event?,Whether Something Happened(Y/N),Yes.,Yes.,yes,yes,1
1379,20bc995f-c3de-4789-bd7a-34cf1a313b0c,Is the food made for a man and some girls before serving food under the tent?,Order Judging(Y/N),Yes,"Yes, the food is made for a man and some girls before serving foodNECT",yes,yes,1
1384,20bc995f-c3de-4789-bd7a-34cf1a313b0c,Is the vendor wearing gloves while handling food?,Whether Something Happened(Y/N),No.,"No, the vendor is not wearing gloves while handling food.",no,no,1
1385,20bc995f-c3de-4789-bd7a-34cf1a313b0c,Does the video show a customer receiving change after payment?,Whether Something Happened(Y/N),No.,"Yes, the video shows a customer receiving change after paying for their food.",no,yes,0
1386,20bc995f-c3de-4789-bd7a-34cf1a313b0c,Is there any interaction between the customers in the frame?,Whether Something Happened(Y/N),No.,"Yes, a customer is seen holding an item and interacting with the food preparation area.",no,yes,0
1387,20bc995f-c3de-4789-bd7a-34cf1a313b0c,Does the stall have a digital payment option displayed?,Whether Something Happened(Y/N),Yes.,"Yes, the stall has a digital payment option displayed on the screen.",yes,yes,1
1388,20bc995f-c3de-4789-bd7a-34cf1a313b0c,Does the interaction with woman B happen before serving to woman C?,Order Judging(Y/N),Yes,"Yes, the interaction with woman B happens before serving to woman C.",yes,yes,1
1389,20bc995f-c3de-4789-bd7a-34cf1a313b0c,Do I serve food to a group of people before the roadside food stall scene?,Order Judging(Y/N),No,"Yes, the video shows a person serving food/INFO and another individual eating from a bowl of food at the roadside food stall.",no,yes,0
1390,20bc995f-c3de-4789-bd7a-34cf1a313b0c,"In the video, did I serve food under the tent before talking to man A at the stand?",Order Judging(Y/N),No,"Yes, you served food under the tent before talking to man A at the stand.",no,yes,0
1391,20bc995f-c3de-4789-bd7a-34cf1a313b0c,"In the video, does serving pani puri occur before making food for the man and girls?",Order Judging(Y/N),Yes,"Yes, the video shows a person serving pani puri to another individual before making food for them.",yes,yes,1
1395,20bc995f-c3de-4789-bd7a-34cf1a313b0c,Did the vendor converse with two individuals?,Whether Something Happened(Y/N),Yes.,"Yes, the vendor engaged in conversation with two individuals.",yes,yes,1
1396,20bc995f-c3de-4789-bd7a-34cf1a313b0c,"In the sequence, is food served at the roadside stall before the food tent?",Order Judging(Y/N),No,"Yes, the food is served at the roadside stall before the food tent.",no,yes,0
1399,20bc995f-c3de-4789-bd7a-34cf1a313b0c,Does the scene capture a customer receiving their order?,Whether Something Happened(Y/N),No.,"Yes, the scene captures a customer receiving their order from another person in the background.",no,yes,0
1400,20bc995f-c3de-4789-bd7a-34cf1a313b0c,Is there any indication of a payment transaction in the video?,Whether Something Happened(Y/N),No.,"Yes, there is a person in the video holding a smartphone and interacting with another individual who appears to be taking a photo or recording the scene.",no,yes,0
1401,20bc995f-c3de-4789-bd7a-34cf1a313b0c,Does the video show the cook finishing the dish?,Whether Something Happened(Y/N),No.,"Yes, the video shows a close-up of the person's hand as they are seen finishing the dish.",no,yes,0
1402,20bc995f-c3de-4789-bd7a-34cf1a313b0c,Is the cook multitasking between cooking and another activity?,Whether Something Happened(Y/N),Yes.,"Yes, the cook is seen holding a small container and interacting with another person in the background.",yes,yes,1
1403,20bc995f-c3de-4789-bd7a-34cf1a313b0c,Does the cook appear to be preparing food for more than one person?,Whether Something Happened(Y/N),Yes.,"Yes, the cook appears to be preparing food for more than one person as there are two individuals visible in the frame.",yes,yes,1
1404,20bc995f-c3de-4789-bd7a-34cf1a313b0c,Did the discussion with man X and man Y happen before serving woman Z?,Order Judging(Y/N),No,"No, the discussion with man X and man Y happened after serving woman Z.",no,no,1
1406,20bc995f-c3de-4789-bd7a-34cf1a313b0c,Was food made for woman A after the interaction with woman B?,Order Judging(Y/N),Yes,"Yes, food was made for woman A after the interaction with woman B.",yes,yes,1
1407,20bc995f-c3de-4789-bd7a-34cf1a313b0c,Did the phone conversation occur before discussing with man Y?,Order Judging(Y/N),Yes,"No, the phone conversation occurred after discussing with man Y.",yes,no,0
1412,20bc995f-c3de-4789-bd7a-34cf1a313b0c,Does the frame show the server handing pani puris to a customer?,Whether Something Happened(Y/N),Yes.,"Yes, the frame shows a hand holding a small container of pani puris being handed to a customer by the server.",yes,yes,1
1413,20bc995f-c3de-4789-bd7a-34cf1a313b0c,Is the shown frame depicting an indoor activity?,Whether Something Happened(Y/N),No.,"No, the shown frame is taken from an outdoor perspective of a street food vendor at night.",no,no,1
1414,20bc995f-c3de-4789-bd7a-34cf1a313b0c,Does the video involve interaction between the server and customers?,Whether Something Happened(Y/N),Yes.,"Yes, the video shows a close-up of the server interacting with customers at the food stall.",yes,yes,1
1415,20bc995f-c3de-4789-bd7a-34cf1a313b0c,Is the phone conversation happening before making food for woman A?,Order Judging(Y/N),Yes,"Yes, the phone conversation is happening before making food for woman A.",yes,yes,1
1416,20bc995f-c3de-4789-bd7a-34cf1a313b0c,Does man Z get served before the phone conversation starts?,Order Judging(Y/N),No,"No, the man Z is not served before the phone conversation starts.",no,no,1
1417,20bc995f-c3de-4789-bd7a-34cf1a313b0c,"In the video, is the interaction with man X and Y before the food preparation for woman A and man B?",Order Judging(Y/N),No,"Yes, the interaction with man X and Y is before the food preparation for woman A and man B.",no,yes,0
1418,20bc995f-c3de-4789-bd7a-34cf1a313b0c,Do I talk to man Z before making food for woman A and man B?,Order Judging(Y/N),No.,"No, you don't talk to the man Z before making food for woman A and man B.",no,no,1
1419,20bc995f-c3de-4789-bd7a-34cf1a313b0c,Is the food prepared for woman Z before the interaction with man Z?,Order Judging(Y/N),Yes.,"Yes, the food is prepared for woman Z before the interaction with man Z.",yes,yes,1
1427,20bc995f-c3de-4789-bd7a-34cf1a313b0c,Was there verbal exchange under the tent?,Whether Something Happened(Y/N),Yes.,"Yes, there was verbal exchange under the tent.",yes,yes,1
1428,20bc995f-c3de-4789-bd7a-34cf1a313b0c,Is there visible evidence of food being consumed in the frame?,Whether Something Happened(Y/N),Yes.,"Yes, there is a hand holding a small object near the food preparation area in the frame.",yes,yes,1
1430,20bc995f-c3de-4789-bd7a-34cf1a313b0c,Is the preparation of pani puris shown before serving them to man X and Y?,Order Judging(Y/N),Yes,"Yes, the preparation of pani puris shown before serving them to man X and Y is captured in a close-up shot.",yes,yes,1
1431,20bc995f-c3de-4789-bd7a-34cf1a313b0c,Do I talk on the phone prior to serving food under the food tent?,Order Judging(Y/N),Yes,"Yes, the person is seen holding a phone in their hand before serving food under the food tent.",yes,yes,1
1440,20bc995f-c3de-4789-bd7a-34cf1a313b0c,Does the video show the server using a foam plate for serving?,Whether Something Happened(Y/N),Yes.,"Yes, the server is seen.)",yes,yes,1
1442,20bc995f-c3de-4789-bd7a-34cf1a313b0c,Did the serving of potato balls occur before serving gruel?,Order Judging(Y/N),Yes,"Yes, the serving of potato balls occurred before serving gruel.",yes,yes,1
1443,20bc995f-c3de-4789-bd7a-34cf1a313b0c,Was the conversation with man E before serving food to the woman Z?,Order Judging(Y/N),No,"No, the conversation with man E was not before serving food to the woman Z.",no,no,1
1447,20bc995f-c3de-4789-bd7a-34cf1a313b0c,Did the serving of potato balls happen before the gruel in foam plates?,Order Judging(Y/N),No,"Yes, the serving of potato balls happened/INFO",no,yes,0
1448,20bc995f-c3de-4789-bd7a-34cf1a313b0c,"In the video, is the food tent scene before the interaction with the group of people?",Order Judging(Y/N),No,"No, the food tent scene is not before the interaction with the group of people.",no,no,1
1457,20bc995f-c3de-4789-bd7a-34cf1a313b0c,Does the video show the food being cooked?,Whether Something Happened(Y/N),No.,"Yes, the video shows the food being cooked.",no,yes,0
1459,20bc995f-c3de-4789-bd7a-34cf1a313b0c,Is there any indication of the kiosk's location being outdoors?,Whether Something Happened(Y/N),No.,"Yes, the kiosk is situated outdoors at night.",no,yes,0
1460,20bc995f-c3de-4789-bd7a-34cf1a313b0c,"In the video, is the gruel served after the interaction with the group of people?",Order Judging(Y/N),Yes,"No, the gruel is served after the interaction with the group of people.",yes,no,0
1461,20bc995f-c3de-4789-bd7a-34cf1a313b0c,Was I at the kiosk before serving potato balls and gruel?,Order Judging(Y/N),No,"Yes, you were at the kiosk before serving potato balls and gruel.",no,yes,0
1462,20bc995f-c3de-4789-bd7a-34cf1a313b0c,Did I sell food before I prepared it in the kiosk?,Order Judging(Y/N),No,"No, the video does not show any indication that you sold food before preparing it in the kiosk.",no,no,1
1463,20bc995f-c3de-4789-bd7a-34cf1a313b0c,Is the food sold to the group of people after I prepared it?,Order Judging(Y/N),Yes,"Yes, the food is being served to the group of people after I prepared it.",yes,yes,1
1465,20bc995f-c3de-4789-bd7a-34cf1a313b0c,Did I serve gruel before serving potato balls?,Order Judging(Y/N),No,"Yes, you served gruel before serving potato balls.",no,yes,0
