"video_id","question","answer","pred_answer","task"
"9198b9a4-8d8f-4ba6-9924-4c86982d890a","What task is being performed with vegetables?","Chopping vegetables.","The task being performed with vegetables is chopping them.","Scene Summary"
"9198b9a4-8d8f-4ba6-9924-4c86982d890a","What step is being taken with flatbread?","Wrapping sauce in flatbread.","The person is preparing to place flatbread into a pan, likely to be cooked or baked.","Scene Summary"
"9198b9a4-8d8f-4ba6-9924-4c86982d890a","What kitchen fixture is being utilized?","Opening a cabinet.","A stove is being utilized in the kitchen.","Scene Summary"
"9198b9a4-8d8f-4ba6-9924-4c86982d890a","What's the overview of the action in the clip?","Preparing ingredients for a meal.","The clip shows a person preparing a dish in a kitchen, starting with the preparation of a dish that includes a mixture of vegetables and possibly meat, followed by the addition of oil to the mixture. The person then adds a bowl of chopped vegetables and a white bowl containing a mixture of chopped vegetables to the dish. The scene continues with the person adding a bowl of chopped vegetables to the dish, and the preparation of a bowl of chopped vegetables. The person then adds a bowl of chopped vegetables to the dish, and the preparation of a bowl of chopped vegetables to the dish. The scene concludes with the person adding a bowl of chopped vegetables to the dish, and the preparation of a bowl of chopped vegetables to the dish.","Action Caption"
"9198b9a4-8d8f-4ba6-9924-4c86982d890a","Does the video show someone chopping vegetables?","Yes.","Yes, the video shows someone chopping vegetables on the counter.","Whether Something Happened(Y/N)"
"9198b9a4-8d8f-4ba6-9924-4c86982d890a","Did the individual successfully open a kitchen cabinet?","Yes.","Yes, the individual successfully opened a kitchen cabinet to access additional ingredients.","Whether Something Happened(Y/N)"
"9198b9a4-8d8f-4ba6-9924-4c86982d890a","Is the flatbread being seasoned with sauce?","Yes.","Yes","Whether Something Happened(Y/N)"
"9198b9a4-8d8f-4ba6-9924-4c86982d890a","Is there an occurrence of food being wrapped?","Yes.","Yes, there is an occurrence of food being wrapped in the video.","Whether Something Happened(Y/N)"
"9198b9a4-8d8f-4ba6-9924-4c86982d890a","Is the person using a knife for cooking tasks?","Yes.","Yes, the person is using a knife for chopping ingredients and preparing the food.","Whether Something Happened(Y/N)"
"9198b9a4-8d8f-4ba6-9924-4c86982d890a","What is the location in the video clip?","A kitchen.","The location in the video clip is a kitchen.","Scene Summary"
"9198b9a4-8d8f-4ba6-9924-4c86982d890a","What kitchen activity is underway in the clip?","Cutting vegetables.","The kitchen activity underway in the clip is the preparation of a dish involving sliced tomatoes, garlic, and herbs.","Scene Summary"
"9198b9a4-8d8f-4ba6-9924-4c86982d890a","What tool does the person in the video use?","Knives.","The person in the video uses a large knife to cut the tomatoes.","Scene Summary"
"9198b9a4-8d8f-4ba6-9924-4c86982d890a","What appliance does the person in the video handle?","The heat regulator of the cooker.","The person in the video handles a dishwasher.","Scene Summary"
"9198b9a4-8d8f-4ba6-9924-4c86982d890a","What part of the kitchen furniture does the person interact with?","Drawers.","The person interacts with the kitchen cabinets and drawers.","Scene Summary"
"9198b9a4-8d8f-4ba6-9924-4c86982d890a","How is the person controlling the cooking temperature?","Operating the heat regulator.","The person is using a timer to control the cooking temperature.","Action Caption"
"9198b9a4-8d8f-4ba6-9924-4c86982d890a","What can be inferred from the person's actions with the drawers?","Searching or organizing.","The person's actions with the drawers suggest they are organizing or cleaning them, indicating a sense of tidiness and order in the kitchen.","Action Caption"
"9198b9a4-8d8f-4ba6-9924-4c86982d890a","Does the clip show any cooking taking place?","No direct cooking, only preparation.","Yes, the clip shows the cooking process in progress, with the person chopping tomatoes and other ingredients on the cutting board.","Action Caption"
"9198b9a4-8d8f-4ba6-9924-4c86982d890a","Did the person successfully cut the vegetables?","Yes.","Yes, the person successfully cut the tomatoes into smaller pieces.","Whether Something Happened(Y/N)"
"9198b9a4-8d8f-4ba6-9924-4c86982d890a","Was the heat regulator adjusted to a specific level?","Yes, it was operated.","Yes, the heat regulator was adjusted to a specific level, as indicated by the text '225' on the control panel.","Whether Something Happened(Y/N)"
"9198b9a4-8d8f-4ba6-9924-4c86982d890a","Did the person use any other kitchen tools besides knives?","Heat regulator only mentioned.","Yes, the person used a spatula and a fork to assist in the preparation of the dish.","Whether Something Happened(Y/N)"
"9198b9a4-8d8f-4ba6-9924-4c86982d890a","Is the cabinet opened before wrapping the sauce in flat bread?","No","Yes","Order Judging(Y/N)"
"9198b9a4-8d8f-4ba6-9924-4c86982d890a","Do I cut vegetables before operating the heat regulator on the cooker?","Yes","Yes, the person is seen holding a knife and cutting a tomato on the cutting board before operating the heat regulator on the cooker.","Order Judging(Y/N)"
"9198b9a4-8d8f-4ba6-9924-4c86982d890a","Is the drawer opened before the vegetables are chopped?","No","Yes, the drawer is opened before the vegetables are chopped.","Order Judging(Y/N)"
"9198b9a4-8d8f-4ba6-9924-4c86982d890a","Does wrapping sauce in flat bread happen after cutting vegetables?","Yes","Yes, after cutting vegetables, the person wraps the tomato slices in a flatbread or tortilla, which is then placed into a bowl for further preparation.","Order Judging(Y/N)"
"9198b9a4-8d8f-4ba6-9924-4c86982d890a","Do I open the cabinet before chopping the vegetables?","No","No, the person opens the cabinet before chopping the vegetables.","Order Judging(Y/N)"
"9198b9a4-8d8f-4ba6-9924-4c86982d890a","What occurs just before wrapping the sauce in flat bread?","Chopping vegetables","Just before wrapping the sauce in flat bread, the person places the tomato halves on the cutting board and starts slicing them into thin pieces.","What event order"
"9198b9a4-8d8f-4ba6-9924-4c86982d890a","What takes place right before operating the heat regulator of the cooker?","Cutting vegetables with knives","A person is seen holding a black object, possibly a tool or a piece of equipment, and appears to be adjusting or operating the heat regulator of the cooker.","What event order"
"9198b9a4-8d8f-4ba6-9924-4c86982d890a","What setting is shown in this video clip?","A kitchen.","The setting shown in this video clip is a kitchen.","Scene Summary"
"9198b9a4-8d8f-4ba6-9924-4c86982d890a","What task is being performed with tomatoes?","Cutting tomatoes.","The task being performed with tomatoes is preparing a dish that involves adding tomatoes to a pot of stew or sauce.","Scene Summary"
"9198b9a4-8d8f-4ba6-9924-4c86982d890a","Is there an electronic device being used in this scene?","Yes, a mobile phone.","Yes, there is an electronic device being used in this scene, as the person is holding a smartphone and appears to be using it while cooking.","Scene Summary"
"9198b9a4-8d8f-4ba6-9924-4c86982d890a","How is the sauce being utilized in the cooking process?","By spreading it on flatbreads.","The sauce is being poured over the tortillas, which are being rolled out and then placed on a tray.","Action Caption"
"9198b9a4-8d8f-4ba6-9924-4c86982d890a","What activity is occurring aside from food preparation?","Operating a mobile phone.","Aside from food preparation, there is a person holding a tortilla, possibly preparing to wrap it, and another person is seen holding a spatula, likely involved in the cooking process.","Action Caption"
"9198b9a4-8d8f-4ba6-9924-4c86982d890a","What manual task is depicted involving food items?","Cutting vegetables, specifically tomatoes.","The manual task depicted involves the person preparing tortillas, which are being filled with a mixture of meat and vegetables.","Action Caption"
"9198b9a4-8d8f-4ba6-9924-4c86982d890a","Is someone chopping vegetables in the video?","Yes.","Yes, someone is chopping vegetables on the counter in the video.","Whether Something Happened(Y/N)"
"9198b9a4-8d8f-4ba6-9924-4c86982d890a","Is the sauce being poured into a bowl?","No, it's being rolled in flatbreads.","No, the sauce is being poured into a pan on the stove.","Whether Something Happened(Y/N)"
"9198b9a4-8d8f-4ba6-9924-4c86982d890a","Is a cooking activity happening in a bedroom?","No, it's happening in a kitchen.","No, the activity is happening in a kitchen.","Whether Something Happened(Y/N)"
"9198b9a4-8d8f-4ba6-9924-4c86982d890a","Does the frame capture the act of grilling or frying?","No.","Yes, the frame captures the act of grilling or frying, as the person is seen grilling tortillas on a stovetop.","Whether Something Happened(Y/N)"
"9198b9a4-8d8f-4ba6-9924-4c86982d890a","In the video, are vegetables cut before the heat regulator is operated?","Yes","Yes, the vegetables are cut before the heat regulator is operated.","Order Judging(Y/N)"
"9198b9a4-8d8f-4ba6-9924-4c86982d890a","Does rolling sauce in flatbreads occur after cutting tomatoes?","Yes","Yes, after cutting tomatoes, the rolling sauce is added to the flatbreads.","Order Judging(Y/N)"
"9198b9a4-8d8f-4ba6-9924-4c86982d890a","Does the opening of the drawers happen before using the mobile phone?","No","Yes, the opening of the drawers happens before using the mobile phone.","Order Judging(Y/N)"
"9198b9a4-8d8f-4ba6-9924-4c86982d890a","Is the heat regulator operated before rolling sauce in flatbreads?","No","Yes, the heat regulator is turned on before rolling sauce in flatbreads.","Order Judging(Y/N)"
"9198b9a4-8d8f-4ba6-9924-4c86982d890a","What occurs just before rolling sauce in flatbreads?","Cutting tomatoes with a knife.","Just before rolling sauce in flatbreads, the person uses a spatula to spread the sauce evenly over the rolled flatbreads.","What event order"
"9198b9a4-8d8f-4ba6-9924-4c86982d890a","What happens just before operating the heat regulator?","Cutting vegetables with knives.","Just before operating the heat regulator, the person is seen holding a red container, possibly a container of oil or butter, and a smartphone.","What event order"
"9198b9a4-8d8f-4ba6-9924-4c86982d890a","What is done just before opening drawers in the kitchen?","Operating the heat regulator of the cooker.","Just before opening drawers in the kitchen, the person is seen holding a tortilla, preparing to open a drawer.","What event order"
"9198b9a4-8d8f-4ba6-9924-4c86982d890a","What activity occurs just before operating a mobile phone?","Rolling sauce in flatbreads.","A person is preparing to use a kitchen appliance, likely a microwave, to heat up the rolled tortillas.","What event order"
"9198b9a4-8d8f-4ba6-9924-4c86982d890a","Is the cabinet opened before the vegetables are chopped?","No","Yes, the cabinet is opened before the vegetables are chopped.","Order Judging(Y/N)"
"9198b9a4-8d8f-4ba6-9924-4c86982d890a","Does operating the heat regulator happen after chopping vegetables?","Yes","Yes, after chopping vegetables, the person operates the heat regulator to adjust the heat on the stovetop.","Order Judging(Y/N)"
"9198b9a4-8d8f-4ba6-9924-4c86982d890a","Is wrapping sauce in flat bread before cutting vegetables?","No","Yes, the person is seen wrapping sauce in flat bread before cutting vegetables, as indicated by the presence of a red container with a lid and a blue container with a spatula on the countertop.","Order Judging(Y/N)"
"9198b9a4-8d8f-4ba6-9924-4c86982d890a","Do I use the mobile phone before opening drawers?","Yes","Yes, you can use the mobile phone before opening drawers.","Order Judging(Y/N)"
"9198b9a4-8d8f-4ba6-9924-4c86982d890a","What happens just before the cabinet is opened in the video?","Chopping vegetables","Just before the cabinet is opened, the person is seen holding a tortilla, preparing to place it on the tray.","What event order"
"9198b9a4-8d8f-4ba6-9924-4c86982d890a","What occurs immediately before operating the heat regulator?","Cutting vegetables with knives","A person's hand is seen adjusting the heat regulator on the stove.","What event order"
"9198b9a4-8d8f-4ba6-9924-4c86982d890a","What do I do right before rolling sauce in flat breads?","Cutting tomatoes","You should roll the sauce in the pan and then place the rolled sauce on the flat breads.","What event order"
"9198b9a4-8d8f-4ba6-9924-4c86982d890a","What action takes place just before using the mobile phone?","Rolling sauce in flat breads","Just before using the mobile phone, the person is seen holding a red container and a smartphone, possibly checking the time or navigating through an app.","What event order"
"9198b9a4-8d8f-4ba6-9924-4c86982d890a","What is done directly before opening drawers in the kitchen?","Operating the heat regulator.","The person is seen opening drawers in the kitchen, possibly to access ingredients or tools.","What event order"
"9198b9a4-8d8f-4ba6-9924-4c86982d890a","What is the setting of the latest video frame?","A kitchen.","The setting of the latest video frame is a kitchen with a Christmas tree in the background, indicating a festive atmosphere.","Scene Summary"
"9198b9a4-8d8f-4ba6-9924-4c86982d890a","What can be seen on the stove in the video clip?","A pan with shawarma filling and bread.","The stove is filled with various cooking ingredients and utensils, including a pot of chili, a pan with a mixture of ingredients, and a tray with rolled tortillas.","Scene Summary"
"9198b9a4-8d8f-4ba6-9924-4c86982d890a","How many pans are on the stove in the video?","Two pans.","There are two pans on the stove in the video.","Scene Summary"
"9198b9a4-8d8f-4ba6-9924-4c86982d890a","What objects are visible on the kitchen counter in the video?","Ingredients and utensils.","On the kitchen counter, there are various kitchen items including a blender, a cutting board with chopped vegetables, a plate with tortillas, a spatula, and a container with a red lid.","Scene Summary"
"9198b9a4-8d8f-4ba6-9924-4c86982d890a","What cooking process is happening in the new frames?","Shawarma filling is being prepared.","The new frames show the person in the kitchen preparing a dish that involves rolling tortillas filled with a mixture of vegetables and meat, as well as cooking tortillas on a stovetop.","Action Caption"
"9198b9a4-8d8f-4ba6-9924-4c86982d890a","What action was the cook performing?","Adding bread to the shawarma filling.","The cook was preparing a dish by rolling tortillas filled with a mixture of vegetables and meat, and then placing them onto a pan on the stove.","Action Caption"
"9198b9a4-8d8f-4ba6-9924-4c86982d890a","How is the cook interacting with the food?","By stirring and combining ingredients.","The cook is actively engaged in the cooking process, using a spatula to flip the tortillas and stirring the filling with a fork.","Action Caption"
"9198b9a4-8d8f-4ba6-9924-4c86982d890a","Describe the cook's technique in the video clip.","Carefully scooping and spreading filling onto bread.","The cook demonstrates a meticulous and methodical approach to preparing the food, focusing on the precise placement and handling of the ingredients. The video captures the meticulous preparation of the food, including the careful placement of the tortillas on the griddle, the addition of the filling, and the careful handling of the tortillas. The cooking process is smooth and well-coordinated, showcasing the cook's expertise and attention to detail.","Action Caption"
"9198b9a4-8d8f-4ba6-9924-4c86982d890a","Is there more than one dish being cooked simultaneously?","Yes.","Yes, there are two dishes being cooked simultaneously on the stove.","Whether Something Happened(Y/N)"
"9198b9a4-8d8f-4ba6-9924-4c86982d890a","Is the cook wearing any protective gloves in the video?","No.","No, the cook is not wearing any protective gloves in the video.","Whether Something Happened(Y/N)"
"9198b9a4-8d8f-4ba6-9924-4c86982d890a","Does the video capture the addition of toppings to the shawarma?","No.","Yes, the video captures the addition of toppings to the shawarma, as the person adds the ingredients to the shawarma on the stovetop.","Whether Something Happened(Y/N)"
"9198b9a4-8d8f-4ba6-9924-4c86982d890a","Is the mobile phone operated before rolling sauce in flat breads?","No","No, the mobile phone is not operated before rolling sauce in flat breads.","Order Judging(Y/N)"
"9198b9a4-8d8f-4ba6-9924-4c86982d890a","Do I cut the tomatoes before preparing the shawarma?","Yes","Yes, the person in the video is seen cutting the tomatoes before preparing the shawarma.","Order Judging(Y/N)"
"9198b9a4-8d8f-4ba6-9924-4c86982d890a","Is the shawarma prepared before cutting tomatoes?","No","Yes, the shawarma is prepared before cutting tomatoes by being rolled out and cut into strips.","Order Judging(Y/N)"
"9198b9a4-8d8f-4ba6-9924-4c86982d890a","Do I roll sauce in flat breads after cutting tomatoes?","Yes","Yes, you roll sauce in flat breads after cutting tomatoes.","Order Judging(Y/N)"
"9198b9a4-8d8f-4ba6-9924-4c86982d890a","Is the mobile phone operated after preparing the shawarma?","Yes","Yes, the mobile phone is placed on the counter next to the shawarma, indicating that it was used to take the photo of the shawarma being prepared.","Order Judging(Y/N)"
"9198b9a4-8d8f-4ba6-9924-4c86982d890a","What action occurs just before I operated the mobile phone?","Rolling sauce in flat breads","Just before I operated the mobile phone, the person is seen holding a white bowl filled with chopped green and red vegetables.","What event order"
"9198b9a4-8d8f-4ba6-9924-4c86982d890a","What do I do before cutting the tomatoes?","Nothing, it is the first action.","Before cutting the tomatoes, you should first peel them off the skin and then slice them into thin pieces.","What event order"
"9198b9a4-8d8f-4ba6-9924-4c86982d890a","What occurs just before preparing the shawarma?","Operating the mobile phone","Just before preparing the shawarma, the person is seen holding a glass bowl filled with chopped vegetables, likely cilantro, and is about to add it to the shawarma wrap.","What event order"
"9198b9a4-8d8f-4ba6-9924-4c86982d890a","In the video, did I open the kitchen drawers before cutting vegetables?","No","Yes, the person in the video opens the kitchen drawers before cutting vegetables.","Order Judging(Y/N)"
"9198b9a4-8d8f-4ba6-9924-4c86982d890a","Does the cooking of shawarma happen before regulating the cooker's heat?","Yes","Yes, the cooking of shawarma happens before regulating the cooker's heat, as the person is seen holding a shawarma wrap on a spatula, indicating that it is being prepared for cooking.","Order Judging(Y/N)"
"9198b9a4-8d8f-4ba6-9924-4c86982d890a","In the video, is the mobile phone operated after the sauce is rolled in flatbreads?","Yes","No, the mobile phone is not operated after the sauce is rolled in flatbreads.","Order Judging(Y/N)"
"9198b9a4-8d8f-4ba6-9924-4c86982d890a","Is heat regulation done before cutting tomatoes with a knife?","No","Yes, the person is seen holding a knife and cutting tomatoes with a knife, indicating that heat regulation is being done before cutting tomatoes.","Order Judging(Y/N)"
"9198b9a4-8d8f-4ba6-9924-4c86982d890a","In the video sequence, what do I do before cooking shawarma?","Cut vegetables","Before cooking shawarma, I open the oven door and place the shawarma wrap on the baking tray.","What event order"
"9198b9a4-8d8f-4ba6-9924-4c86982d890a","Describe the setting shown in the video clip.","A kitchen where shawarma is being prepared.","The video shows a kitchen setting where a person is preparing a meal involving tortillas, a pot of chili, and a bowl of vegetables. The kitchen counter is cluttered with various ingredients and utensils, and the person is using a spatula to fold tortillas and a fork to mix the vegetables. The scene transitions to a close-up of the person's hands as they fold the tortillas and mix the vegetables.","Scene Summary"
"9198b9a4-8d8f-4ba6-9924-4c86982d890a","What is happening in these new frames?","Shawarma is being filled with ingredients.","In these new frames, a person is preparing a dish that involves rolling tortillas filled with a mixture of beans and vegetables. The person is using a spatula to scoop the filling from a container and then spreading it onto the tortillas. The kitchen counter is filled with various ingredients and utensils, including a container of tortillas, a bowl of beans, and a bowl of vegetables. The person is using a spatula to spread the filling evenly on the tortillas.","Action Caption"
"9198b9a4-8d8f-4ba6-9924-4c86982d890a","Is the person in the video making a meal?","Yes.","Yes","Whether Something Happened(Y/N)"
"9198b9a4-8d8f-4ba6-9924-4c86982d890a","Is the kitchen the main location in these frames?","Yes.","Yes, the kitchen is the main location in these frames, as it is the central setting where the cooking process is taking place.","Whether Something Happened(Y/N)"
"9198b9a4-8d8f-4ba6-9924-4c86982d890a","Does the video capture the moment of grilling meat for the shawarma?","No.","No, the video does not capture the moment of grilling meat for the shawarma. The focus is on the preparation of the shawarma wraps and the cooking process.","Whether Something Happened(Y/N)"
"9198b9a4-8d8f-4ba6-9924-4c86982d890a","Are spices being added to the food in this clip?","No.","Yes, spices are being added to the food in the pan on the stove.","Whether Something Happened(Y/N)"
"9198b9a4-8d8f-4ba6-9924-4c86982d890a","In the video, is the shawarma filling added to the bread before wrapping it?","Yes","Yes, the shawarma filling is added to the bread before wrapping it.","Order Judging(Y/N)"
"9198b9a4-8d8f-4ba6-9924-4c86982d890a","Does the chopping of vegetables occur before heating the pan?","No","No, the chopping of vegetables occurs after the pan is placed on the stove.","Order Judging(Y/N)"
"9198b9a4-8d8f-4ba6-9924-4c86982d890a","Is the stove turned off before removing the pan from heat?","Yes","Yes, the stove is turned off before removing the pan from heat.","Order Judging(Y/N)"
"9198b9a4-8d8f-4ba6-9924-4c86982d890a","In the video, is the bread placed on the pan before adding fillings?","Yes","Yes, the bread is placed on the pan before adding fillings.","Order Judging(Y/N)"
"9198b9a4-8d8f-4ba6-9924-4c86982d890a","Is the shawarma served before adding sauce?","No","Yes, the shawarma is served before adding sauce.","Order Judging(Y/N)"
"9198b9a4-8d8f-4ba6-9924-4c86982d890a","What do I do before adding the shawarma filling to the bread?","Chop vegetables","Before adding the shawarma filling to the bread, you should first roll the tortilla and place it on the tray.","What event order"
"9198b9a4-8d8f-4ba6-9924-4c86982d890a","What is done before turning off the stove?","Cook shawarma","Before turning off the stove, the person is seen holding a tortilla and a spatula, preparing to place it into the pan of the pot.","What event order"
"9198b9a4-8d8f-4ba6-9924-4c86982d890a","What is the immediate step before serving the shawarma?","Add sauce","The immediate step before serving the shawarma is placing the rolled-up tortillas on the tray.","What event order"
"9198b9a4-8d8f-4ba6-9924-4c86982d890a","In the video, is the sauce added to the flat bread before cutting the tomatoes?","No","No, the sauce is not added to the flat bread before cutting the tomatoes.","Order Judging(Y/N)"
"9198b9a4-8d8f-4ba6-9924-4c86982d890a","Does the person operate the mobile phone after rolling the sauce in the flat breads?","Yes","No, the person does not operate the mobile phone after rolling the sauce in the flat breads.","Order Judging(Y/N)"
"9198b9a4-8d8f-4ba6-9924-4c86982d890a","Is the shawarma prepared before the tomatoes are cut with a knife?","Yes","Yes, the shawarma is prepared before the tomatoes are cut with a knife.","Order Judging(Y/N)"
"9198b9a4-8d8f-4ba6-9924-4c86982d890a","In the video, does rolling the sauce happen before the shawarma preparation?","No","No, the video does not show rolling the sauce before the shawarma preparation.","Order Judging(Y/N)"
"9198b9a4-8d8f-4ba6-9924-4c86982d890a","Is the flat bread used before operating the mobile phone?","Yes","No, the flat bread is not used before operating the mobile phone.","Order Judging(Y/N)"
"9198b9a4-8d8f-4ba6-9924-4c86982d890a","What setting is portrayed in the latest clip?","A kitchen setting.","The latest clip portrays a kitchen setting with a Christmas tree in the background.","Scene Summary"
"9198b9a4-8d8f-4ba6-9924-4c86982d890a","What activity is featured in the frame?","Preparing shawarma.","The activity featured in the frame is the preparation of a dish involving tortillas, green vegetables, and cilantro.","Scene Summary"
"9198b9a4-8d8f-4ba6-9924-4c86982d890a","Is the shawarma preparation process completed in the clip?","No.","Yes, the shawarma preparation process is completed in the clip. The person is holding the shawarma, which is now fully assembled, ready to be cooked.","Whether Something Happened(Y/N)"
"9198b9a4-8d8f-4ba6-9924-4c86982d890a","Is there more than one person visible in the kitchen?","No.","Yes, there is another person visible in the kitchen, partially visible on the left side of the frame.","Whether Something Happened(Y/N)"
"9198b9a4-8d8f-4ba6-9924-4c86982d890a","Does the clip show any cooking appliances being used?","No.","No, the clip does not show any cooking appliances being used. The focus is on the hands and the food preparation process.","Whether Something Happened(Y/N)"
"9198b9a4-8d8f-4ba6-9924-4c86982d890a","Is there any sign of food already cooked in the scene?","No.","Yes, there is a bowl of cooked tortillas visible in the background, suggesting that the food preparation is ongoing.","Whether Something Happened(Y/N)"
"9198b9a4-8d8f-4ba6-9924-4c86982d890a","Is the person in the frame wearing gloves?","No.","No, the person in the frame is not wearing gloves.","Whether Something Happened(Y/N)"
"9198b9a4-8d8f-4ba6-9924-4c86982d890a","In the video, is the meat added to the shawarma wrap before chopping the herbs?","No","No, the meat is not added to the shawarma wrap before chopping the herbs.","Order Judging(Y/N)"
"9198b9a4-8d8f-4ba6-9924-4c86982d890a","In the video, is the shawarma wrap prepared before the vegetables are chopped?","Yes","Yes, the shawarma wrap is prepared before the vegetables are chopped.","Order Judging(Y/N)"
"9198b9a4-8d8f-4ba6-9924-4c86982d890a","Does chopping herbs happen after the vegetables are mixed in the bowl?","No","No, the chopping herbs happens after the vegetables are mixed in the bowl.","Order Judging(Y/N)"
"9198b9a4-8d8f-4ba6-9924-4c86982d890a","Is the shawarma meat cooked before the vegetables are cut?","Yes","No, the shawarma meat is not cooked before the vegetables are cut.","Order Judging(Y/N)"
"9198b9a4-8d8f-4ba6-9924-4c86982d890a","What happens just before the shawarma meat is added to the wrap in the video?","The vegetables are mixed in a bowl","Just before the shawarma meat is added to the wrap, the person is seen holding a bowl of chopped green herbs, likely cilantro, and preparing to add it to the wrap.","What event order"
"9198b9a4-8d8f-4ba6-9924-4c86982d890a","What action takes place before the wrap is rolled up in the video?","The meat and vegetables are added to it","Before the wrap is rolled up, the person is seen spreading the green vegetable mixture on the tortillas.","What event order"
"9198b9a4-8d8f-4ba6-9924-4c86982d890a","In the video, is the meat placed on the bread before adding vegetables?","No","No, the meat is not placed on the bread before adding vegetables.","Order Judging(Y/N)"
"9198b9a4-8d8f-4ba6-9924-4c86982d890a","Is the bread toasted before spreading the meat on it?","No","No, the bread is not toasted before spreading the meat on it.","Order Judging(Y/N)"
"9198b9a4-8d8f-4ba6-9924-4c86982d890a","In the clip, is the chopping of vegetables shown before the frying of meat?","Yes","No, the chopping of vegetables is shown after the frying of meat.","Order Judging(Y/N)"
"9198b9a4-8d8f-4ba6-9924-4c86982d890a","Does the video show adding condiments after the meat is placed on the bread?","Yes","No, the video does not show adding condiments after the meat is placed on the bread.","Order Judging(Y/N)"
"9198b9a4-8d8f-4ba6-9924-4c86982d890a","What occurs just before the meat is added to the bread in the video?","Vegetables are chopped","Just before the meat is added to the bread, the person is seen holding a bowl of chopped green herbs, likely cilantro, and preparing to add it to the bread.","What event order"
"9198b9a4-8d8f-4ba6-9924-4c86982d890a","In the video sequence, what do we see happening before the bread is picked up?","Vegetables being sautéed","Before the bread is picked up, we see a person with red nail polish, holding a bowl of chopped green herbs, and preparing to add them to the pan.","What event order"
"9198b9a4-8d8f-4ba6-9924-4c86982d890a","Before the chopping of vegetables, what event is shown in the clip?","Preparing other ingredients","The clip shows a Christmas tree decorated with lights and ornaments, indicating the event is likely the holiday season.","What event order"
"9198b9a4-8d8f-4ba6-9924-4c86982d890a","What does the cook do before adding condiments to the shawarma?","Place meat on the bread","The cook adds a red chili pepper to the shawarma before adding condiments to it.","What event order"
"9198b9a4-8d8f-4ba6-9924-4c86982d890a","What is the setting of this scene?","A kitchen.","The setting of this scene is a kitchen with a Christmas tree in the background, indicating a festive or holiday season.","Scene Summary"
"9198b9a4-8d8f-4ba6-9924-4c86982d890a","What culinary activity is taking place?","Preparing shawarma.","The culinary activity taking place is the preparation of a dish involving tortillas, meat, and a sauce.","Scene Summary"
"9198b9a4-8d8f-4ba6-9924-4c86982d890a","Which type of cuisine is being worked on?","Middle Eastern, specifically shawarma.","The cuisine being worked on is likely Mexican, as indicated by the ingredients and the style of the food being prepared.","Scene Summary"
"9198b9a4-8d8f-4ba6-9924-4c86982d890a","Are any other tasks being carried out besides cooking?","No, just cooking.","Yes, the person is also seen holding a bowl of chopped vegetables and a spoon, possibly preparing to add them to the dish.","Scene Summary"
"9198b9a4-8d8f-4ba6-9924-4c86982d890a","Is the kitchen residential or commercial?","It appears residential.","The kitchen appears to be residential, as indicated by the presence of a Christmas tree and the festive decorations.","Scene Summary"
"9198b9a4-8d8f-4ba6-9924-4c86982d890a","Is any equipment being used in the action?","Yes, a knife for chopping.","Yes, a spatula is being used to stir the mixture in the pan.","Action Caption"
"9198b9a4-8d8f-4ba6-9924-4c86982d890a","Is the person cooking alone or with others?","The clip only shows one person cooking.","The person is cooking alone.","Action Caption"
"9198b9a4-8d8f-4ba6-9924-4c86982d890a","Is there more than one person in this scene?","No.","Yes, there is more than one person in this scene.","Whether Something Happened(Y/N)"
"9198b9a4-8d8f-4ba6-9924-4c86982d890a","Has the meal been completed in this frame?","No.","Yes, the meal has been completed in this frame. The person is holding a tortilla filled with a mixture, and the pan of chili is being stirred.","Whether Something Happened(Y/N)"
"9198b9a4-8d8f-4ba6-9924-4c86982d890a","Is the person in the video cleaning?","No.","No, the person is not cleaning; they are actively preparing food.","Whether Something Happened(Y/N)"
"9198b9a4-8d8f-4ba6-9924-4c86982d890a","Does this clip show the finished shawarma dish?","No.","Yes, the clip shows the finished shawarma dish, which includes a filling of meat and vegetables, wrapped in a tortilla, and placed on a tray.","Whether Something Happened(Y/N)"
"9198b9a4-8d8f-4ba6-9924-4c86982d890a","Are there any children present in this video?","No.","No, there are no children present in this video.","Whether Something Happened(Y/N)"
"9198b9a4-8d8f-4ba6-9924-4c86982d890a","In the video, is the shawarma prepared after I washed the vegetables?","No","No, the shawarma is not prepared after I washed the vegetables.","Order Judging(Y/N)"
"9198b9a4-8d8f-4ba6-9924-4c86982d890a","In the video, do I chop the parsley before assembling the shawarma?","Yes","Yes, you chop the parsley before assembling the shawarma.","Order Judging(Y/N)"
"9198b9a4-8d8f-4ba6-9924-4c86982d890a","Does cutting tomatoes occur before the marinating of meat?","Yes","No, the video does not show the cutting of tomatoes before the marinating of meat.","Order Judging(Y/N)"
"9198b9a4-8d8f-4ba6-9924-4c86982d890a","In the clip, is the garlic crushed before the tzatziki sauce is mixed?","Yes","Yes, the garlic is crushed before the tzatziki sauce is mixed.","Order Judging(Y/N)"
"9198b9a4-8d8f-4ba6-9924-4c86982d890a","Is the lettuce shredded after the hummus is spread on the bread?","Yes","No, the lettuce is not shredded after the hummus is spread on the bread.","Order Judging(Y/N)"
"9198b9a4-8d8f-4ba6-9924-4c86982d890a","What happens before I season the shawarma meat?","Chopping onions","Before seasoning the shawarma meat, the person uses a fork to scoop a portion of the meat from a bowl and places it onto a tortilla.","What event order"
"9198b9a4-8d8f-4ba6-9924-4c86982d890a","What do I do just before wrapping the shawarma?","Adding sauces","You should prepare the tortillas by rolling them out and making sure they are evenly spaced.","What event order"
"9198b9a4-8d8f-4ba6-9924-4c86982d890a","What occurs before I put the shawarma on the grill?","Skewing meat","Before placing the shawarma on the grill, the person is seen holding a tortilla, spreading a mixture of meat and vegetables on it, and then placing it into a pan filled with a brown sauce.","What event order"
"9198b9a4-8d8f-4ba6-9924-4c86982d890a","In the video, what action precedes slicing the cooked shawarma?","Removing from heat","The action that precedes slicing the cooked shawarma is spreading the filling onto the tortilla.","What event order"
"9198b9a4-8d8f-4ba6-9924-4c86982d890a","What task is completed before garnishing the dish with parsley?","Placing the shawarma on the plate.","The task of adding the filling to the tortillas is completed before garnishing the dish with parsley.","What event order"
"9198b9a4-8d8f-4ba6-9924-4c86982d890a","In the kitchen, is shawarma added to the pita before chopping the herbs?","No","Yes, the shawarma is added to the pita before chopping the herbs.","Order Judging(Y/N)"
"9198b9a4-8d8f-4ba6-9924-4c86982d890a","Are the herbs chopped before the shawarma is cooked?","Yes","Yes, the herbs are chopped before the shawarma is cooked.","Order Judging(Y/N)"
"9198b9a4-8d8f-4ba6-9924-4c86982d890a","Is the pita prepared before any cooking starts?","No","Yes, the pita is prepared and ready to be filled with the filling before the cooking process begins.","Order Judging(Y/N)"
"9198b9a4-8d8f-4ba6-9924-4c86982d890a","Is the pan on the stove before chopping the herbs?","Yes","No, the pan is not on the stove before chopping the herbs.","Order Judging(Y/N)"
"9198b9a4-8d8f-4ba6-9924-4c86982d890a","What happens before the pita is filled with shawarma?","Shawarma is cooked.","Before the pita is filled with shawarma, the person places the pita on a tray lined with a white cloth.","What event order"
"9198b9a4-8d8f-4ba6-9924-4c86982d890a","What is the action performed after placing the pan on the stove?","Cooking shawarma.","After placing the pan on the stove, the person starts to stir the contents of the pan with a spatula.","What event order"
"9198b9a4-8d8f-4ba6-9924-4c86982d890a","What is the setting shown in the video clip?","A kitchen.","The setting shown in the video clip is a kitchen with a Christmas tree in the background.","Scene Summary"
"9198b9a4-8d8f-4ba6-9924-4c86982d890a","Which dish is being prepared in this video?","Shawarma.","The dish being prepared in this video is tortillas.","Scene Summary"
"9198b9a4-8d8f-4ba6-9924-4c86982d890a","Are there any decorations visible in the video scene?","Yes, a Christmas tree.","Yes, there are Christmas decorations visible in the background of the video scene.","Scene Summary"
"9198b9a4-8d8f-4ba6-9924-4c86982d890a","What appliances are present in the video scene?","A stove and fridge are visible.","The video scene features a stove, a blender, a rice cooker, and a cutting board.","Scene Summary"
"9198b9a4-8d8f-4ba6-9924-4c86982d890a","Is the kitchen depicted as clean or messy?","It appears clean.","The kitchen depicted in the video is described as being messy, with various ingredients and utensils scattered around.","Scene Summary"
"9198b9a4-8d8f-4ba6-9924-4c86982d890a","Is any cooking appliance being used in the frames?","The stove is being used.","Yes, a blender is being used in the frames.","Action Caption"
"9198b9a4-8d8f-4ba6-9924-4c86982d890a","Is there any evidence of recent cooking in the video?","Yes, a pan is on the stovetop.","Yes, there are several cooking utensils and ingredients visible in the video, including a pot on the stove, a plate with rolled tortillas, and a bowl of vegetables. Additionally, there are bottles and a container on the counter, suggesting recent cooking activity.","Action Caption"
"9198b9a4-8d8f-4ba6-9924-4c86982d890a","Is food being cooked or assembled?","Assembled, as shawarma is being prepared.","Yes, food is being cooked or assembled.","Action Caption"
"9198b9a4-8d8f-4ba6-9924-4c86982d890a","Does the clip show any ingredient being chopped or sliced?","No, not depicted in the clip.","Yes, the clip shows the person chopping or slicing a vegetable, specifically a red bell pepper, on a cutting board.","Action Caption"
"9198b9a4-8d8f-4ba6-9924-4c86982d890a","Is there a person visible in the video clip?","No.","Yes, there is a person visible in the video clip.","Whether Something Happened(Y/N)"
"9198b9a4-8d8f-4ba6-9924-4c86982d890a","Does the clip include any festive decorations?","Yes.","Yes, the Christmas tree in the background suggests that the clip includes festive decorations.","Whether Something Happened(Y/N)"
"9198b9a4-8d8f-4ba6-9924-4c86982d890a","Can you see any finished dish in the clip?","No.","Yes, the finished dish appears to be a tortilla wrap filled with a mixture of vegetables and possibly meat, as indicated by the text overlay.","Whether Something Happened(Y/N)"
"9198b9a4-8d8f-4ba6-9924-4c86982d890a","Does the clip show someone doing the dishes?","No.","Yes, the clip shows someone preparing food on a countertop.","Whether Something Happened(Y/N)"
"9198b9a4-8d8f-4ba6-9924-4c86982d890a","Is there any visible flame or food being cooked directly?","No.","No, there is no visible flame or food being cooked directly in the image.","Whether Something Happened(Y/N)"
"9198b9a4-8d8f-4ba6-9924-4c86982d890a","What is the setting of the latest video clip?","The setting is a kitchen.","The setting of the latest video clip is a kitchen with a Christmas tree in the background.","Scene Summary"
"9198b9a4-8d8f-4ba6-9924-4c86982d890a","Describe the activity being carried out.","Cooking or food preparation is being performed.","The video shows a person preparing a dish by opening a package of tortillas, placing them on a cutting board, and then rolling them into a tortilla shape. The person is using a hand mixer to blend the tortillas, and the kitchen is decorated with Christmas decorations, indicating a festive occasion. The person is also seen holding a container of shredded cheese, which they are likely to use as a topping for the tortillas.","Scene Summary"
"9198b9a4-8d8f-4ba6-9924-4c86982d890a","Does the person open the refrigerator in the video?","Yes.","No, the person does not open the refrigerator in the video.","Whether Something Happened(Y/N)"
"9198b9a4-8d8f-4ba6-9924-4c86982d890a","In the video, is the refrigerator opened before the cheese is retrieved?","Yes","No, the refrigerator is not opened before the cheese is retrieved.","Order Judging(Y/N)"
"9198b9a4-8d8f-4ba6-9924-4c86982d890a","Is the kitchen light turned on after I enter the room?","No","Yes, the kitchen light is turned on after I enter the room.","Order Judging(Y/N)"
"9198b9a4-8d8f-4ba6-9924-4c86982d890a","Do I start preparing shawarma before setting the ingredients on the counter?","No","Yes, you start preparing shawarma before setting the ingredients on the counter.","Order Judging(Y/N)"
"9198b9a4-8d8f-4ba6-9924-4c86982d890a","In the video, is the tree decorated before I begin cooking?","Yes","No, the tree is not decorated before I begin cooking.","Order Judging(Y/N)"
"9198b9a4-8d8f-4ba6-9924-4c86982d890a","What's the setting of the video clip?","In a kitchen.","The setting of the video clip is a kitchen with a Christmas tree decorated with lights and ornaments in the background.","Scene Summary"
"9198b9a4-8d8f-4ba6-9924-4c86982d890a","What objects are present in this scene?","Glass cup, glass bowls, steel bowls, whipping cream, flour, eggs, whisker.","The scene contains a person preparing a dish, a kitchen counter with various ingredients and utensils, a refrigerator, and a Christmas tree in the background.","Scene Summary"
"9198b9a4-8d8f-4ba6-9924-4c86982d890a","What is the main activity taking place?","Baking preparation.","The main activity is preparing a dish, specifically making tortillas, as indicated by the person pouring ingredients into a bowl and adding them to a tortilla.","Scene Summary"
"9198b9a4-8d8f-4ba6-9924-4c86982d890a","Are there any kitchen appliances visible?","Yes, a stove and a sink.","Yes, there are visible kitchen appliances in the video, including a refrigerator and a sink.","Scene Summary"
"9198b9a4-8d8f-4ba6-9924-4c86982d890a","Can you identify the ingredients used?","Heavy whipping cream, flour, and eggs.","Yes, the ingredients used in the video include tortillas, shredded cheese, and a yellow mixture that appears to be a batter or dough.","Scene Summary"
"9198b9a4-8d8f-4ba6-9924-4c86982d890a","What is being prepared in the kitchen?","A baking recipe.","The kitchen is being prepared for a Christmas celebration, as indicated by the Christmas tree and decorations in the background.","Action Caption"
"9198b9a4-8d8f-4ba6-9924-4c86982d890a","What action does the person perform with the eggs?","Cracking and whipping them.","The person pours the eggs from a container into a bowl and then uses a fork to mix them.","Action Caption"
"9198b9a4-8d8f-4ba6-9924-4c86982d890a","What tool is used for whipping the eggs?","A whisker.","A whisk is used for whipping the eggs.","Action Caption"
"9198b9a4-8d8f-4ba6-9924-4c86982d890a","Where are the ingredients placed after being prepared?","In glass and steel bowls.","The ingredients are placed on a countertop in the kitchen.","Action Caption"
"9198b9a4-8d8f-4ba6-9924-4c86982d890a","How are the ingredients combined?","Poured into bowls and whipped.","The ingredients are combined by pouring the yellow mixture from the container into the bowl, mixing it thoroughly, and then adding the cooked tortilla strips from the pan into the bowl.","Action Caption"
"9198b9a4-8d8f-4ba6-9924-4c86982d890a","Is there an egg crate visible in the scene?","Yes.","Yes, there is an egg crate visible in the scene.","Whether Something Happened(Y/N)"
"9198b9a4-8d8f-4ba6-9924-4c86982d890a","Did the person crack eggs from both a slab and the fridge?","Yes.","Yes, the person cracked eggs from both a slab and the fridge.","Whether Something Happened(Y/N)"
"9198b9a4-8d8f-4ba6-9924-4c86982d890a","Were the flour and whipping cream poured into separate containers?","Yes.","Yes, the flour and whipping cream were poured into separate containers.","Whether Something Happened(Y/N)"
"9198b9a4-8d8f-4ba6-9924-4c86982d890a","Is the heavy whipping cream poured before cracking the eggs?","Yes","Yes","Order Judging(Y/N)"
"9198b9a4-8d8f-4ba6-9924-4c86982d890a","Is the flour added to the bowl before the eggs are cracked?","Yes","No, the flour is not added to the bowl before the eggs are cracked.","Order Judging(Y/N)"
"9198b9a4-8d8f-4ba6-9924-4c86982d890a","What did I do just before whipping the eggs in the video?","Crack the eggs into steel bowls","You whipped the eggs in the video.","What event order"
"9198b9a4-8d8f-4ba6-9924-4c86982d890a","What takes place just before flour is poured into a bowl?","Pouring cream into a glass cup","Before flour is poured into a bowl, the person is seen holding a small container, possibly containing a spice or seasoning, and is preparing to add it to the bowl.","What event order"
"9198b9a4-8d8f-4ba6-9924-4c86982d890a","What do we see happening before the egg crate is put in the fridge?","Cracking eggs on the slab","Before the egg crate is put in the fridge, we see a person with red nail polish holding a yellow mixture, possibly a filling or topping for the dish. The kitchen counter is cluttered with various ingredients and utensils, indicating that the preparation process is ongoing.","What event order"
"9198b9a4-8d8f-4ba6-9924-4c86982d890a","What occurs just before the shawarma preparation in the video?","Taking the egg crate out of the fridge","Just before the shawarma preparation, the person is seen holding a shawarma, preparing to wrap it, and is in the process of adding ingredients to it.","What event order"
"9198b9a4-8d8f-4ba6-9924-4c86982d890a","In the video, is the egg cracked into the bowl before the cream is poured?","No","No, the egg is not cracked into the bowl before the cream is poured.","Order Judging(Y/N)"
"9198b9a4-8d8f-4ba6-9924-4c86982d890a","Does the egg crate go back into the fridge after the eggs are cracked?","Yes","No, the egg crate is not shown to go back into the fridge after the eggs are cracked.","Order Judging(Y/N)"
"9198b9a4-8d8f-4ba6-9924-4c86982d890a","In the video, is the flour poured into the bowl after the egg is cracked?","Yes","No, the flour is poured into the bowl after the egg is cracked.","Order Judging(Y/N)"
"9198b9a4-8d8f-4ba6-9924-4c86982d890a","Does the preparation of shawarma occur before the cream is poured into the cup?","Yes","No, the preparation of shawarma does not occur before the cream is poured into the cup. The preparation involves mixing ingredients in a bowl, adding a yellow mixture, and then pouring it into a cup.","Order Judging(Y/N)"
"9198b9a4-8d8f-4ba6-9924-4c86982d890a","What happens just before the egg crate is put back in the fridge?","The eggs are cracked.","Just before the egg crate is put back in the fridge, the person's hands are seen holding the egg crate, indicating that they are about to place it back in the fridge.","What event order"
"9198b9a4-8d8f-4ba6-9924-4c86982d890a","What occurs just before the whipping of the egg?","The egg is cracked into the bowl.","Just before the whipping of the egg, the person's hands are seen holding a small container, likely containing a liquid ingredient, and they are preparing to whip the egg.","What event order"
"9198b9a4-8d8f-4ba6-9924-4c86982d890a","In the video, what do we see happening before the flour is poured into the bowl?","The cream is poured into a cup.","Before the flour is poured into the bowl, we see a person with red nail polish, wearing a black top, standing in a kitchen with a Christmas tree decorated with lights and ornaments in the background. The kitchen is cluttered with various items, including a Christmas tree, a refrigerator, and a Christmas stocking.","What event order"
"9198b9a4-8d8f-4ba6-9924-4c86982d890a","What happens just before the cream is poured into the cup?","Shawarma is prepared.","Just before the cream is poured into the cup, the person's hands are seen mixing the yellow mixture in the bowl with a fork.","What event order"
"9198b9a4-8d8f-4ba6-9924-4c86982d890a","What is the setting of the video clip?","In a kitchen.","The setting of the video clip is a kitchen with a Christmas tree in the background.","Scene Summary"
"9198b9a4-8d8f-4ba6-9924-4c86982d890a","What ingredients are combined in the mixture?","Egg, cheese, baking soda, cream, sugar, vegetables.","The mixture includes shredded cheese, a yellowish liquid, and a white powder, likely flour or cornstarch.","Scene Summary"
"9198b9a4-8d8f-4ba6-9924-4c86982d890a","What utensil is used to stir the mixture?","A spatula.","A spatula is used to stir the mixture.","Scene Summary"
"9198b9a4-8d8f-4ba6-9924-4c86982d890a","Where is the dough placed after removal from the fridge?","On a board on a slab in the kitchen.","The dough is placed on a cutting board on the countertop.","Scene Summary"
"9198b9a4-8d8f-4ba6-9924-4c86982d890a","What does the person do with the dough and mixture?","Stir the mixture; place dough on board.","The person uses a spatula to mix the dough and the mixture in a bowl, ensuring the ingredients are well combined.","Scene Summary"
"9198b9a4-8d8f-4ba6-9924-4c86982d890a","What preparation is shown in the video clip?","Making some food involving a mixed batter.","The video clip shows the preparation of a dish involving tortillas, egg, and a mixture of vegetables and herbs. The person is using a hand mixer to mix the ingredients together, and the kitchen setting includes a Christmas tree in the background.","Action Caption"
"9198b9a4-8d8f-4ba6-9924-4c86982d890a","What sequence of actions is depicted in the clip?","Stirring mixture, retrieving, placing dough.","The sequence of actions depicted in the clip includes preparing a dish, pouring a mixture into a bowl, and then preparing a tortilla. The person is seen holding a tortilla, pouring a mixture into it, and then placing a piece of dough into the tortilla. The kitchen setting is also visible, with various ingredients and utensils scattered around.","Action Caption"
"9198b9a4-8d8f-4ba6-9924-4c86982d890a","Does the person whip cream into the mixture?","Yes.","Yes, the person whips cream into the mixture.","Whether Something Happened(Y/N)"
"9198b9a4-8d8f-4ba6-9924-4c86982d890a","Does the person transfer the mixture to another container?","No.","Yes, the person transfers the mixture to a small bowl.","Whether Something Happened(Y/N)"
"9198b9a4-8d8f-4ba6-9924-4c86982d890a","Is the dough placed in an oven?","No.","No, the dough is not placed in an oven; it is being prepared on a countertop.","Whether Something Happened(Y/N)"
"9198b9a4-8d8f-4ba6-9924-4c86982d890a","Does the person knead the dough in the clip?","No.","Yes, the person kneads the dough in the clip.","Whether Something Happened(Y/N)"
"9198b9a4-8d8f-4ba6-9924-4c86982d890a","Is there a moment when sugar is added to the mixture?","No (sugar was already added before).","Yes, there is a moment when sugar is added to the mixture.","Whether Something Happened(Y/N)"
"9198b9a4-8d8f-4ba6-9924-4c86982d890a","Was the cream poured into a cup before the eggs were cracked?","Yes","No, the cream was poured into a bowl before the eggs were cracked.","Order Judging(Y/N)"
"9198b9a4-8d8f-4ba6-9924-4c86982d890a","Was the mixture stirred before the dough was brought out?","Yes","Yes, the mixture was stirred before the dough was brought out.","Order Judging(Y/N)"
"9198b9a4-8d8f-4ba6-9924-4c86982d890a","Did the whipping of eggs happen after the flour was poured?","Yes","Yes, the flour was poured after the whipping of eggs.","Order Judging(Y/N)"
"9198b9a4-8d8f-4ba6-9924-4c86982d890a","Is sugar added to the mixture after the egg is whipped?","Yes","Yes, sugar is added to the mixture after the egg is whipped.","Order Judging(Y/N)"
"9198b9a4-8d8f-4ba6-9924-4c86982d890a","What happened before the dough was placed on the board?","Stirring the mixture","Before the dough was placed on the board, it was mixed with a yellow liquid, likely a marinade or sauce, and then pressed down with a spatula to ensure it was well-coated.","What event order"
"9198b9a4-8d8f-4ba6-9924-4c86982d890a","What occurs just before the eggs are whipped?","Cracking eggs into bowls","Just before the eggs are whipped, the person is seen holding a bowl of shredded cheese, likely preparing to add it to the mixture.","What event order"
"9198b9a4-8d8f-4ba6-9924-4c86982d890a","What is done just before cracking eggs from the fridge?","Pouring cream into a cup","Just before cracking eggs from the fridge, the person is seen holding a bowl of shredded cheese and a white cloth, likely to clean the bowl.","What event order"
"9198b9a4-8d8f-4ba6-9924-4c86982d890a","What is done right before adding grated cheese to the mixture?","Stirring the mixture","Right before adding grated cheese to the mixture, the person is seen holding a bowl of grated cheese and a white cloth.","What event order"
"9198b9a4-8d8f-4ba6-9924-4c86982d890a","In the video, does the cheese get grated before the eggs are cracked?","No","Yes, the cheese is grated before the eggs are cracked.","Order Judging(Y/N)"
"9198b9a4-8d8f-4ba6-9924-4c86982d890a","Is the heavy whipping cream poured into a cup after the flour?","Yes","No, the heavy whipping cream is poured into a bowl, not a cup.","Order Judging(Y/N)"
"9198b9a4-8d8f-4ba6-9924-4c86982d890a","Does the dough come out of the fridge before the eggs are whipped?","No","Yes, the dough comes out of the fridge before the eggs are whipped.","Order Judging(Y/N)"
"9198b9a4-8d8f-4ba6-9924-4c86982d890a","In the video, is the sugar added to the mixture before the vegetables?","Yes","No, the sugar is added to the mixture after the vegetables are mixed.","Order Judging(Y/N)"
"9198b9a4-8d8f-4ba6-9924-4c86982d890a","Does the mixture get stirred before the eggs are cracked?","No","Yes, the mixture is stirred before the eggs are cracked.","Order Judging(Y/N)"
"9198b9a4-8d8f-4ba6-9924-4c86982d890a","What happens just before the dough is placed on the board?","The mixture is stirred","Just before the dough is placed on the board, the person with red nail polish is seen holding a white cloth and a small bowl, possibly preparing to add ingredients to the dough.","What event order"
"9198b9a4-8d8f-4ba6-9924-4c86982d890a","In the video sequence, what action is taken before pouring flour into a glass bowl?","Preparing shawarma","Before pouring flour into a glass bowl, the person is seen holding a glass bowl and a white cloth.","What event order"
"9198b9a4-8d8f-4ba6-9924-4c86982d890a","What occurs just before grating the cheese?","Stirring the mixture","Just before grating the cheese, the person's hands are seen holding a bowl of grated cheese, ready to be added to the dish.","What event order"
"9198b9a4-8d8f-4ba6-9924-4c86982d890a","In the video, what happens right before whipping the egg?","Cracking the eggs","The person in the video is preparing to whip the egg, as indicated by the presence of a whisk and a bowl of beaten eggs on the counter.","What event order"
"9198b9a4-8d8f-4ba6-9924-4c86982d890a","What do we see happening before the heavy whipping cream is poured?","Preparing shawarma","Before the heavy whipping cream is poured, we see a person holding a bowl of shredded cheese, a white plate with a piece of bread, and a white cloth. The person is preparing to whip the cream, and there are various ingredients and utensils scattered around the kitchen.","What event order"
"9198b9a4-8d8f-4ba6-9924-4c86982d890a","What is the setting of the video clip?","The setting is a kitchen.","The setting of the video clip is a kitchen with a Christmas tree in the background, indicating a festive atmosphere.","Scene Summary"
"9198b9a4-8d8f-4ba6-9924-4c86982d890a","What ingredients are being used?","Dough and mixtures in bowls.","The ingredients being used include a mixture of flour, a yellow liquid, and a greenish substance, likely a vegetable or herb.","Scene Summary"
"9198b9a4-8d8f-4ba6-9924-4c86982d890a","What equipment is being utilized?","Rolling pin and spatulas.","The equipment being utilized includes a large mixing bowl, a rolling pin, a cutting board, a knife, and a cutting board with a green vegetable.","Scene Summary"
"9198b9a4-8d8f-4ba6-9924-4c86982d890a","What is the main activity occurring?","Preparing dough and mixtures for baking.","The main activity is the preparation of a dish, specifically making tortillas.","Scene Summary"
"9198b9a4-8d8f-4ba6-9924-4c86982d890a","What task is being performed with the dough?","Rolling the dough with a rolling pin.","The task being performed with the dough is rolling it out into a flat, circular shape.","Action Caption"
"9198b9a4-8d8f-4ba6-9924-4c86982d890a","What is being done to the mixtures?","The mixtures are being stirred in steel bowls.","The mixtures are being stirred and mixed together.","Action Caption"
"9198b9a4-8d8f-4ba6-9924-4c86982d890a","Is the dough being prepared for baking?","Yes.","Yes, the dough is being prepared for baking, as indicated by the person using a knife to spread it out on a baking sheet.","Whether Something Happened(Y/N)"
"9198b9a4-8d8f-4ba6-9924-4c86982d890a","Is only one type of spatula being used?","No, two different spatulas are being used.","No, there are two types of spatulas being used. One is being used to scoop the dough, and the other is being used to press down on the dough.","Whether Something Happened(Y/N)"
"9198b9a4-8d8f-4ba6-9924-4c86982d890a","Did the same person handle all tasks shown in the summary?","Yes.","Yes, the same person is seen handling all tasks in the summary, including the preparation of the dough, the rolling it out, and the mixing of the dough with the egg mixture.","Whether Something Happened(Y/N)"
"9198b9a4-8d8f-4ba6-9924-4c86982d890a","Is anything being cooked in the clip?","No, only preparation steps are shown.","Yes, there is a pot of yellow liquid being stirred on the stove in the clip.","Whether Something Happened(Y/N)"
"9198b9a4-8d8f-4ba6-9924-4c86982d890a","Is the dough placed on the board before the mixture is stirred?","No","Yes","Order Judging(Y/N)"
"9198b9a4-8d8f-4ba6-9924-4c86982d890a","Is the doe taken out of the fridge before the rolling pin is used?","Yes","No, the doe is not taken out of the fridge before the rolling pin is used.","Order Judging(Y/N)"
"9198b9a4-8d8f-4ba6-9924-4c86982d890a","What do we see happening before the spatula stirs the mixture in the steel bowls?","The rolling pin rolls on the dough","Before the spatula stirs the mixture in the steel bowls, we see a person with red nail polish, holding a spatula, preparing to mix the ingredients.","What event order"
"9198b9a4-8d8f-4ba6-9924-4c86982d890a","Did I pour heavy whipping cream before cracking eggs?","Yes","Yes, you poured heavy whipping cream before cracking eggs.","Order Judging(Y/N)"
"9198b9a4-8d8f-4ba6-9924-4c86982d890a","Is the dough rolled before stirring mixtures in bowls?","Yes","Yes, the dough is rolled before stirring in the bowls.","Order Judging(Y/N)"
"9198b9a4-8d8f-4ba6-9924-4c86982d890a","Do I place the dough on the board after pouring flour?","Yes","Yes, you should place the dough on the board after pouring flour.","Order Judging(Y/N)"
"9198b9a4-8d8f-4ba6-9924-4c86982d890a","What happens just before I place the dough on the board?","I bring out the dough from the fridge.","Just before placing the dough on the board, the person uses a spatula to spread the dough evenly across the board.","What event order"
"9198b9a4-8d8f-4ba6-9924-4c86982d890a","What is the setting of the video clip?","A kitchen with a board and cooking items.","The setting of the video clip is a kitchen with a Christmas tree in the background.","Scene Summary"
"9198b9a4-8d8f-4ba6-9924-4c86982d890a","What object is primarily shown in the scene?","A doe laid out on a mat on a kitchen board.","The scene primarily shows a person preparing dough for cooking.","Scene Summary"
"9198b9a4-8d8f-4ba6-9924-4c86982d890a","Which item is used in the scene?","A knife to trim edges of the doe.","The item used in the scene is a yellow egg.","Scene Summary"
"9198b9a4-8d8f-4ba6-9924-4c86982d890a","What stage of the process is shown?","Trimming and folding the prepared doe.","The video shows the person preparing dough for cooking, specifically rolling it out on a floured surface.","Scene Summary"
"9198b9a4-8d8f-4ba6-9924-4c86982d890a","Can you describe the main task at hand?","Trimming rough edges of the doe.","The main task at hand is preparing a dough for cooking, specifically rolling it out to form a tortilla.","Action Caption"
"9198b9a4-8d8f-4ba6-9924-4c86982d890a","What preparation step is shown in the clip?","Folding the trimmed doe together.","The preparation step shown in the clip is preparing the dough for the next step in the cooking process.","Action Caption"
"9198b9a4-8d8f-4ba6-9924-4c86982d890a","Did the person use a knife in the video?","Yes.","Yes, the person used a knife to cut the dough into smaller pieces.","Whether Something Happened(Y/N)"
"9198b9a4-8d8f-4ba6-9924-4c86982d890a","Is there any folding action happening?","Yes.","Yes, the person is folding the dough into a circular shape.","Whether Something Happened(Y/N)"
"9198b9a4-8d8f-4ba6-9924-4c86982d890a","Did the person complete the trimming action?","Yes.","Yes, the person completed the trimming action by removing the excess dough from the edges of the tortilla.","Whether Something Happened(Y/N)"
"9198b9a4-8d8f-4ba6-9924-4c86982d890a","Is the dough folded before trimming the rough edges?","No","Yes, the dough is folded before trimming the rough edges.","Order Judging(Y/N)"
"9198b9a4-8d8f-4ba6-9924-4c86982d890a","Does stirring in the steel bowls happen after folding the dough?","No","Yes, stirring in the steel bowls happens after folding the dough.","Order Judging(Y/N)"
"9198b9a4-8d8f-4ba6-9924-4c86982d890a","What occurs just before folding the dough?","Trimming the rough edges with a knife","Just before folding the dough, the person's hands are seen pressing down on the dough to ensure it is properly flattened.","What event order"
"9198b9a4-8d8f-4ba6-9924-4c86982d890a","What happens before stirring mixtures in steel bowls?","Rolling the pin on the dough","Before stirring mixtures in steel bowls, the dough is first rolled out on a floured surface.","What event order"
"9198b9a4-8d8f-4ba6-9924-4c86982d890a","Does rolling the dough with a rolling pin happen before trimming its edges?","Yes","Yes, the rolling pin is used to flatten the dough before trimming its edges.","Order Judging(Y/N)"
"9198b9a4-8d8f-4ba6-9924-4c86982d890a","Is the trimmed dough folded before stirring the mixture?","No","Yes, the trimmed dough is folded before being stirred.","Order Judging(Y/N)"
"9198b9a4-8d8f-4ba6-9924-4c86982d890a","Do I take out the dough from the fridge before preparing mixtures?","Yes","No, you should not take out the dough from the fridge before preparing mixtures.","Order Judging(Y/N)"
"9198b9a4-8d8f-4ba6-9924-4c86982d890a","What occurs before folding the trimmed dough?","Trimming the rough edges with a knife","Before folding the dough, the person's hands are seen pressing down on the dough to flatten it.","What event order"
"9198b9a4-8d8f-4ba6-9924-4c86982d890a","What is the first thing I do with the dough after taking it out from the fridge?","Placing it on a board","The first thing you do with the dough after taking it out from the fridge is to place it on a cutting board.","What event order"
"0fa75cb3-c4a0-4232-bdc4-15116ed39d88","What is the setting of the video clip?","It is in an outdoor field.","The setting of the video clip is a serene and empty courtyard with a clear sky, a few scattered clouds, and a few people walking around.","Scene Summary"
"0fa75cb3-c4a0-4232-bdc4-15116ed39d88","Is the scene occurring in an urban or rural environment?","Rural environment.","The scene is occurring in a rural environment, as indicated by the presence of a person in the foreground and the rural setting with a person walking in the distance.","Scene Summary"
"0fa75cb3-c4a0-4232-bdc4-15116ed39d88","What time of day does the scene appear to be set in?","It appears to be set in the evening.","The scene appears to be set during the early evening or late afternoon, as indicated by the soft lighting and the long shadows cast on the ground.","Scene Summary"
"0fa75cb3-c4a0-4232-bdc4-15116ed39d88","How is the subject navigating the outdoor space?","The subject is walking on the field and then heads home.","The subject is walking along a path that leads towards the building, moving away from the camera.","Action Caption"
"0fa75cb3-c4a0-4232-bdc4-15116ed39d88","Can you provide an overview of the action in this clip?","Subject walks outdoors, across a field, and returns home.","The video begins with a view of a deserted room, then transitions to a person walking through the same room, and finally shows a person standing in the same room, looking around.","Action Caption"
"0fa75cb3-c4a0-4232-bdc4-15116ed39d88","Does the video show the subject entering a building?","No.","Yes, the video shows the subject entering a building, as indicated by the person's hand reaching out towards the entrance.","Whether Something Happened(Y/N)"
"0fa75cb3-c4a0-4232-bdc4-15116ed39d88","Is the subject interacting with other people in the video?","No.","No, the subject is not interacting with other people in the video; they are seen walking around the empty space.","Whether Something Happened(Y/N)"
"0fa75cb3-c4a0-4232-bdc4-15116ed39d88","Does the video capture the subject engaging in a sport?","No.","No, the video does not capture the subject engaging in a sport.","Whether Something Happened(Y/N)"
"0fa75cb3-c4a0-4232-bdc4-15116ed39d88","Is the subject seen leaving the field in the video?","Yes.","Yes, the subject is seen walking away from the camera towards the field, indicating movement.","Whether Something Happened(Y/N)"
"0fa75cb3-c4a0-4232-bdc4-15116ed39d88","Does the video show the subject at home?","No, just heading home.","No, the video does not show the subject at home; it focuses on the subject's journey through the empty room.","Whether Something Happened(Y/N)"
"0fa75cb3-c4a0-4232-bdc4-15116ed39d88","What is the location of the video clip?","The video clip is in a field with a walkway.","The location of the video clip is a coastal road with a calm sea and a bridge.","Scene Summary"
"0fa75cb3-c4a0-4232-bdc4-15116ed39d88","What activity is shown in the video?","Walking on a walkway and looking around.","The video shows a person walking along a bridge, enjoying the view of the water and the sunset.","Scene Summary"
"0fa75cb3-c4a0-4232-bdc4-15116ed39d88","What time of day does the video depict?","The video depicts evening or dusk.","The video depicts either sunrise or sunset, as indicated by the soft lighting and the long shadows.","Scene Summary"
"0fa75cb3-c4a0-4232-bdc4-15116ed39d88","What natural features can be seen in the video?","There is a body of water visible.","The video shows a serene coastal scene with a calm sea, a clear sky, and a road with a bridge.","Scene Summary"
"0fa75cb3-c4a0-4232-bdc4-15116ed39d88","Does the person stop to observe a specific scene?","Yes.","Yes, the person stops to look at a specific scene, possibly a person or an object, as indicated by their hand reaching out towards it.","Whether Something Happened(Y/N)"
"0fa75cb3-c4a0-4232-bdc4-15116ed39d88","In the video, did I look at the scenes before walking on the field?","No","Yes, you can see a person walking on the field in the first scene, and you can also see a person walking on the beach in the second scene.","Order Judging(Y/N)"
"0fa75cb3-c4a0-4232-bdc4-15116ed39d88","In the video, was I indoors before going to the field?","No","No, I was outdoors before going to the field.","Order Judging(Y/N)"
"0fa75cb3-c4a0-4232-bdc4-15116ed39d88","What happened before I walked on the walkway in the video?","I was in the field","Before I walked on the walkway, I was walking on a sidewalk near the water's edge.","What event order"
"0fa75cb3-c4a0-4232-bdc4-15116ed39d88","What is depicted in the current frame?","It shows a sidewalk lined with palm trees and buildings.","The current frame shows a person standing on a sidewalk, looking towards the camera. The person is wearing a yellow top and has their back to the camera. The background features a road with a car driving on it, and the sky is clear with a gradient of colors from light to dark.","Scene Summary"
"0fa75cb3-c4a0-4232-bdc4-15116ed39d88","What activity is taking place in these frames?","Walking along a residential sidewalk.","The activity taking place in these frames is a person walking along the sidewalk.","Action Caption"
"0fa75cb3-c4a0-4232-bdc4-15116ed39d88","Does this video show a busy city street?","No.","No, the video does not show a busy city street. It focuses on a serene residential area with a clear view of a road, palm trees, and a white building.","Whether Something Happened(Y/N)"
"0fa75cb3-c4a0-4232-bdc4-15116ed39d88","Does the clip capture any interaction with people?","No.","No, the clip does not capture any interaction with people.","Whether Something Happened(Y/N)"
"0fa75cb3-c4a0-4232-bdc4-15116ed39d88","Is the person entering a building in this scene?","No.","Yes, the person is entering a building in the scene.","Whether Something Happened(Y/N)"
"0fa75cb3-c4a0-4232-bdc4-15116ed39d88","Was I in the field after walking on the walkway?","No.","Yes, you were in the field after walking on the walkway.","Order Judging(Y/N)"
"0fa75cb3-c4a0-4232-bdc4-15116ed39d88","Did I go home before looking at the scenes?","No.","Yes, you went home before looking at the scenes.","Order Judging(Y/N)"
"0fa75cb3-c4a0-4232-bdc4-15116ed39d88","What occurs just before I look at the scenes?","I walk on the walkway.","A person appears in the foreground, walking towards the camera.","What event order"
"0fa75cb3-c4a0-4232-bdc4-15116ed39d88","What do I do before walking on the walkway?","I am in the field.","Before walking on the walkway, you should look at the palm trees and the road.","What event order"
"0fa75cb3-c4a0-4232-bdc4-15116ed39d88","Did I walk on the field before looking at the scenes?","Yes","Yes, you walked on the field before looking at the scenes.","Order Judging(Y/N)"
"0fa75cb3-c4a0-4232-bdc4-15116ed39d88","Is the walk on the walkway shown before going home in the video?","Yes","No, the walk on the walkway shown in the video is not before going home.","Order Judging(Y/N)"
"0fa75cb3-c4a0-4232-bdc4-15116ed39d88","In the video, do we see walking through the walkways before walking on the field?","No","No, we do not see walking through the walkways before walking on the field.","Order Judging(Y/N)"
"0fa75cb3-c4a0-4232-bdc4-15116ed39d88","Do I walk along the water before walking under the trees as shown in the clip?","Yes","No, you do not walk along the water before walking under the trees as shown in the clip.","Order Judging(Y/N)"
"0fa75cb3-c4a0-4232-bdc4-15116ed39d88","In the video sequence, what occurs before walking on the field?","Being outdoors","Before walking on the field, the person is seen standing on the sidewalk, looking towards the camera.","What event order"
"0fa75cb3-c4a0-4232-bdc4-15116ed39d88","What event takes place before walking under the trees in the clip?","Walking along the water","A person is seen walking under the trees, likely enjoying the serene atmosphere of the area.","What event order"
"0fa75cb3-c4a0-4232-bdc4-15116ed39d88","What is the setting of the scenario seen in the video?","A residential area with palm trees and walkways.","The setting of the scenario seen in the video is a serene and tranquil outdoor area, likely a park or a residential complex, characterized by palm trees, a gazebo, and a paved walkway.","Scene Summary"
"0fa75cb3-c4a0-4232-bdc4-15116ed39d88","What can be seen in the background of the video frame?","Houses, streetlights, and a clear sky.","In the background of the video frame, there is a road with a car driving on it, a person walking, and a building with a dome roof.","Scene Summary"
"0fa75cb3-c4a0-4232-bdc4-15116ed39d88","What are the dominant features of the environment in this clip?","Landscaped pathways, streetlamps, and tropical foliage.","The dominant features of the environment in this clip include a serene and well-maintained street, a tranquil park with palm trees, a gazebo, and a pathway leading to a building.","Scene Summary"
"0fa75cb3-c4a0-4232-bdc4-15116ed39d88","Can you characterize the location shown in the video?","A well-maintained suburban neighborhood.","The location shown in the video appears to be a serene and well-maintained public space, possibly a park or a resort area, characterized by its well-kept pathways, palm trees, and a gazebo. The setting is tranquil and inviting, with a clear sky and a calm atmosphere.","Scene Summary"
"0fa75cb3-c4a0-4232-bdc4-15116ed39d88","What action is being undertaken in the new frames?","Walking along a residential street.","In the new frames, a person is seen walking on the sidewalk, moving away from the camera.","Action Caption"
"0fa75cb3-c4a0-4232-bdc4-15116ed39d88","Is there any sign of wildlife in the frames provided?","No.","No, there are no signs of wildlife in the frames provided.","Whether Something Happened(Y/N)"
"0fa75cb3-c4a0-4232-bdc4-15116ed39d88","Did the person in the video use any transportation other than walking?","No.","Yes, the person in the video used a bicycle to travel around the area.","Whether Something Happened(Y/N)"
"0fa75cb3-c4a0-4232-bdc4-15116ed39d88","Does the footage include any sporting activities?","No.","No, the footage does not include any sporting activities.","Whether Something Happened(Y/N)"
"0fa75cb3-c4a0-4232-bdc4-15116ed39d88","Is the person in the video engaging with the environment, like sitting or touching?","No.","The person in the video is not engaging with the environment; they are walking and moving around the area.","Whether Something Happened(Y/N)"
"0fa75cb3-c4a0-4232-bdc4-15116ed39d88","Did I tour the park before walking on the walkways?","Yes","Yes, you can see the person walking on the walkways of the park before you.","Order Judging(Y/N)"
"0fa75cb3-c4a0-4232-bdc4-15116ed39d88","What do I do before touring the park?","Nothing, it is the first activity","Before touring the park, you should check the parking lot and ensure it is empty before entering.","What event order"
"0fa75cb3-c4a0-4232-bdc4-15116ed39d88","Did I walk through the park before going home?","Yes","Yes, you walked through the park before going home.","Order Judging(Y/N)"
"0fa75cb3-c4a0-4232-bdc4-15116ed39d88","What environment is depicted in this video clip?","An outdoor, paved area with street lamps.","The video clip depicts a suburban street environment with a clear sky, palm trees lining the road, and a person riding a bicycle.","Scene Summary"
"0fa75cb3-c4a0-4232-bdc4-15116ed39d88","What action am I performing in this clip?","Walking on a pavement outdoors.","You are riding a bicycle in a residential area.","Action Caption"
"0fa75cb3-c4a0-4232-bdc4-15116ed39d88","Do I interact with anyone in this video clip?","No.","No, there is no interaction with anyone in this video clip.","Whether Something Happened(Y/N)"
"0fa75cb3-c4a0-4232-bdc4-15116ed39d88","What is the setting of this video clip?","The setting is an outdoor pavement in a residential area.","The setting of this video clip is a suburban area with a quiet street, houses, palm trees, and a clear sky.","Scene Summary"
"0fa75cb3-c4a0-4232-bdc4-15116ed39d88","What time of day is depicted in this frame?","It appears to be twilight or early evening.","The time of day depicted in this frame is either early morning or late evening, as indicated by the low light conditions and the presence of a person walking in the frame.","Scene Summary"
"0fa75cb3-c4a0-4232-bdc4-15116ed39d88","What elements indicate that this is a residential area?","The presence of housing structures and lack of commercial signs.","The residential area is indicated by the presence of multiple-story buildings with balconies, the presence of palm trees, and the overall architecture that suggests a suburban setting.","Scene Summary"
"0fa75cb3-c4a0-4232-bdc4-15116ed39d88","What type of path is the person on in the video?","The person is on a paved walkway.","The person is walking on a sidewalk.","Scene Summary"
"0fa75cb3-c4a0-4232-bdc4-15116ed39d88","Does the scene suggest a leisurely or rushed pace?","The scene suggests a leisurely pace.","The scene suggests a leisurely pace, as there are no people visible, and the lighting is consistent, indicating a calm and quiet atmosphere.","Action Caption"
"0fa75cb3-c4a0-4232-bdc4-15116ed39d88","Does the person interact with any objects in the scene?","No.","Yes, the person is seen walking on the sidewalk, passing by a person in a yellow shirt, and interacting with a small object in their hand.","Whether Something Happened(Y/N)"
"0fa75cb3-c4a0-4232-bdc4-15116ed39d88","Is the person traveling with someone else?","No.","Yes, the person is traveling with a child.","Whether Something Happened(Y/N)"
"0fa75cb3-c4a0-4232-bdc4-15116ed39d88","Does the video capture any animals in the scene?","No.","No, there are no animals visible in the scene.","Whether Something Happened(Y/N)"
"0fa75cb3-c4a0-4232-bdc4-15116ed39d88","Does the individual seem to be lost or searching for directions?","No.","Yes, the individual appears to be lost or searching for directions, as they are walking along the sidewalk and looking in various directions.","Whether Something Happened(Y/N)"
"879dd163-7588-45d1-9466-a5deabc59167","What is depicted in the scene of the video clip?","A person relaxing on a couch holding an e-reader.","The scene depicts a person sitting on a couch in a cozy living room/INFO","Scene Summary"
"879dd163-7588-45d1-9466-a5deabc59167","What location is shown in the video clip?","Inside a house.","The video clip shows a cozy living room/INFO","Scene Summary"
"879dd163-7588-45d1-9466-a5deabc59167","Describe the setting where the action takes place.","A living room with a dining area in the background.","The setting is a cozy living room/INFO","Scene Summary"
"879dd163-7588-45d1-9466-a5deabc59167","How is the environment arranged in the video clip?","A cozy arrangement with a couch, curtain, and dining set.","The environment is arranged in a cozy and inviting manner, with a comfortable couch, a cozy chair, and a small table with a lamp and a plant. The room is well-lit, creating a warm and relaxing atmosphere.","Scene Summary"
"879dd163-7588-45d1-9466-a5deabc59167","What is the subject doing in the video?","Resting and perhaps beginning to read an e-book.","The subject is engrossed in reading a book.","Action Caption"
"879dd163-7588-45d1-9466-a5deabc59167","Can you provide an overview of the action in this clip?","Leisurely activities involving electronic devices at home.","The clip shows a person sitting on a couch in a cozy living room/INFO","Action Caption"
"879dd163-7588-45d1-9466-a5deabc59167","Does the video capture the person sitting on the couch?","Yes.","Yes, the video captures the person sitting on the couch, holding the book, and reading it.","Whether Something Happened(Y/N)"
"879dd163-7588-45d1-9466-a5deabc59167","Is the person in the video engaged in a strenuous activity?","No.","No.","Whether Something Happened(Y/N)"
"879dd163-7588-45d1-9466-a5deabc59167","What is the setting of the scene in the clip?","The setting is inside a house.","The setting of the scene is a cozy living room with a comfortable couch, a chair, and a table with a laptop. The room has a warm and inviting atmosphere, with a few decorative items and a lamp on the table.","Scene Summary"
"879dd163-7588-45d1-9466-a5deabc59167","Where was the reading activity taking place?","The reading took place on a couch.","The reading activity was taking place in a cozy living room.","Scene Summary"
"879dd163-7588-45d1-9466-a5deabc59167","What object is prominently featured in the scene?","A tablet is prominently featured.","A white e-reader is prominently featured in the scene.","Scene Summary"
"879dd163-7588-45d1-9466-a5deabc59167","What is the room's appearance in the video clip?","The room appears to be a living area.","The room appears to be a living area with a couch, a chair, a table, and a few decorative items.","Scene Summary"
"879dd163-7588-45d1-9466-a5deabc59167","What activity is the subject engaged in?","The subject is engaged in reading a book.","The subject is engaged in reading a book.","Scene Summary"
"879dd163-7588-45d1-9466-a5deabc59167","Describe the posture of the person in the action.","The person is sitting with legs up on the couch.","The person is lying on their side on a couch, with their legs crossed and feet resting on the couch. They are holding a white e-reader with both hands, and their legs are bent at the knees.","Action Caption"
"879dd163-7588-45d1-9466-a5deabc59167","Does the clip show a person reading a physical book?","No.","No, the clip does not show a person reading a physical book. The focus is on the person's hands holding a white e-reader displaying text.","Whether Something Happened(Y/N)"
"879dd163-7588-45d1-9466-a5deabc59167","Is the subject standing while reading?","No.","No, the subject is sitting on the couch while reading.","Whether Something Happened(Y/N)"
"879dd163-7588-45d1-9466-a5deabc59167","Does the video capture multiple people in the room?","No.","Yes, the video captures multiple people in the room, including the person holding the tablet and the person sitting on the couch.","Whether Something Happened(Y/N)"
"879dd163-7588-45d1-9466-a5deabc59167","Does the video show a daytime setting?","No.","No, the video does not show a daytime setting.","Whether Something Happened(Y/N)"
"879dd163-7588-45d1-9466-a5deabc59167","What setting is shown in the video?","A house interior is shown in the video.","The video shows a cozy living room setting with a person lounging on a couch, holding an e-reader, and reading a book. The room has a comfortable ambiance with a couch, a chair, and a table with a laptop. The background features a dining area with a table and chairs, and a wall with a decorative item.","Scene Summary"
"879dd163-7588-45d1-9466-a5deabc59167","Explain the immediate scene in the video?","The video captures a moment of domestic relaxation.","The video features a person lounging on a couch in a cozy living room, engrossed in reading a white e-reader. The room is warmly lit, with a comfortable couch, a chair, and a table visible in the background. The person is dressed casually in a beige shirt and blue jeans, and they are holding the e-reader with both hands, indicating a relaxed and focused reading experience. The room's ambiance is inviting, with a soft glow from a ceiling light and a window allowing natural light to filter in.","Scene Summary"
"879dd163-7588-45d1-9466-a5deabc59167","Can you describe the motion occurring in the clip?","There is minimal motion, mainly of holding a tablet.","The motion in the clip is consistent, with the person lying on the couch, holding the e-reader, and reading from it. The background remains static, with the same room and furniture visible throughout the video.","Action Caption"
"879dd163-7588-45d1-9466-a5deabc59167","How would you caption the video's current activity?","Leisure time: Engrossed in digital reading.","The video's current activity is a person comfortably seated on a couch, holding an e-reader, and reading a book.","Action Caption"
"879dd163-7588-45d1-9466-a5deabc59167","Does the video show a person standing up?","No.","No, the video does not show a person standing up; it focuses on the person sitting on the couch and reading a book.","Whether Something Happened(Y/N)"
"879dd163-7588-45d1-9466-a5deabc59167","Is the video capturing outdoor activities?","No.","No, the video does not capture outdoor activities. It focuses on indoor activities such as reading and relaxing.","Whether Something Happened(Y/N)"
"879dd163-7588-45d1-9466-a5deabc59167","Does the video depict a social gathering?","No.","No, the video does not depict a social gathering. It shows a person sitting on a couch with a book, reading it, and enjoying a quiet moment.","Whether Something Happened(Y/N)"
"879dd163-7588-45d1-9466-a5deabc59167","Is the individual in the video interacting with others?","No.","No, the individual in the video is not interacting with others; they are focused on their own reading activity.","Whether Something Happened(Y/N)"
"879dd163-7588-45d1-9466-a5deabc59167","Is the scene taking place in a work environment?","No.","No, the scene is not taking place in a work environment.","Whether Something Happened(Y/N)"
"879dd163-7588-45d1-9466-a5deabc59167","What is the main activity depicted in this video scene?","Reading a book on a tablet.","The main activity depicted in this video scene is a person engrossed in reading a book on an e-reader.","Scene Summary"
"879dd163-7588-45d1-9466-a5deabc59167","Where is this scene taking place?","Inside a house.","The scene is taking place in a cozy living room with a modern design, featuring a comfortable couch, a cozy reading nook, and a well-lit, inviting atmosphere.","Scene Summary"
"879dd163-7588-45d1-9466-a5deabc59167","How is the reader positioned in this scenario?","Relaxed on a couch with feet up.","The reader is comfortably seated on the couch, with their legs crossed and hands resting on their lap.","Scene Summary"
"879dd163-7588-45d1-9466-a5deabc59167","Can you describe the posture of the reader in this clip?","The reader is lying back with feet propped up.","The reader is comfortably seated with their legs crossed, leaning back on the couch, and appears relaxed and at ease.","Action Caption"
"879dd163-7588-45d1-9466-a5deabc59167","What is the focal point of this particular frame?","The tablet displaying text.","The focal point of this particular frame is a person comfortably seated on a couch, engrossed in reading a book. The room's interior is softly lit, creating a cozy and relaxed atmosphere.","Action Caption"
"879dd163-7588-45d1-9466-a5deabc59167","What does the stillness of the frame indicate about the action?","It indicates a calm and stationary activity.","The stillness of the frame indicates that the person is engaged in a quiet and focused activity, likely reading or browsing on the e-reader.","Action Caption"
"879dd163-7588-45d1-9466-a5deabc59167","Does the video show any social interaction?","No.","No, the video does not show any social interaction. It focuses solely on the individual's leisurely activity of reading a book.","Whether Something Happened(Y/N)"
"879dd163-7588-45d1-9466-a5deabc59167","Is the reader changing positions frequently in this clip?","No.","No, the reader is consistently lying on the couch, maintaining a relaxed posture throughout the clip.","Whether Something Happened(Y/N)"
"879dd163-7588-45d1-9466-a5deabc59167","Does the environment indicate a public or private space?","A private space.","The environment appears to be a private space, as indicated by the lack of visible guests or other people, and the comfortable and relaxed atmosphere.","Whether Something Happened(Y/N)"
"879dd163-7588-45d1-9466-a5deabc59167","Does the reader make use of any physical book in the scene?","No.","No, the reader does not make use of any physical book in the scene.","Whether Something Happened(Y/N)"
"879dd163-7588-45d1-9466-a5deabc59167","Is there any indication of the reader being disturbed or interrupted?","No.","No, there is no indication of the reader being disturbed or interrupted in the video.","Whether Something Happened(Y/N)"
"879dd163-7588-45d1-9466-a5deabc59167","What does the video show in the indoor setting?","Someone sitting on a couch using a tablet.","The video shows a person sitting on a couch in a cozy indoor setting, engrossed in reading a book. The room is warmly lit, with a comfortable couch, a cozy chair, and a table with a few items on it. The person is holding a white e-reader, which is displaying a page of text. The background features a well-lit room with a table, chairs, and a few decorative items, creating a relaxed and inviting atmosphere.","Scene Summary"
"879dd163-7588-45d1-9466-a5deabc59167","Where is the person located in the video?","The person is on the couch inside a house.","The person is located in a cozy living room with a comfortable couch, surrounded by soft lighting and a warm ambiance.","Scene Summary"
"879dd163-7588-45d1-9466-a5deabc59167","How is the person positioned in this section of the video?","They are sitting with legs on the couch.","The person is lying on a couch with their legs crossed, holding an e-reader in their hands.","Scene Summary"
"879dd163-7588-45d1-9466-a5deabc59167","What is the person doing with their legs in the video?","They are moving their legs on the couch.","The person is sitting cross-legged on the couch with their legs crossed.","Action Caption"
"879dd163-7588-45d1-9466-a5deabc59167","How is the tablet being utilized in the video?","The tablet is being held and read from.","The tablet is being used to read a book, as the person is seen holding the tablet and reading the text on the screen.","Action Caption"
"879dd163-7588-45d1-9466-a5deabc59167","Is the individual in the video eating?","No.","No, the individual is not eating; they are focused on reading the e-reader.","Whether Something Happened(Y/N)"
"879dd163-7588-45d1-9466-a5deabc59167","Does the video show the person lying down on the couch?","No.","Yes, the video shows the person lying down on the couch.","Whether Something Happened(Y/N)"
"879dd163-7588-45d1-9466-a5deabc59167","Is there a pet visible in the video clip?","No.","No, there is no pet visible in the video clip.","Whether Something Happened(Y/N)"
"879dd163-7588-45d1-9466-a5deabc59167","Does the video depict any outdoor scenes?","No.","No, the video does not depict any outdoor scenes. The focus remains on the indoor setting throughout the video.","Whether Something Happened(Y/N)"
"879dd163-7588-45d1-9466-a5deabc59167","Is the person in the video talking on the phone?","No.","No, the person in the video is not talking on the phone; they are focused on the e-reader.","Whether Something Happened(Y/N)"
"879dd163-7588-45d1-9466-a5deabc59167","Did I sit on the couch before reading the book on the tablet?","Yes","No, you didn't sit on the couch before reading the book on the tablet.","Order Judging(Y/N)"
"879dd163-7588-45d1-9466-a5deabc59167","Did I move my legs on the couch before using the tablet?","Yes","No, you did not move your legs on the couch before using the tablet.","Order Judging(Y/N)"
"879dd163-7588-45d1-9466-a5deabc59167","Was I in the house before I sat on the couch?","Yes","Yes, you were in the house before you sat on the couch.","Order Judging(Y/N)"
"879dd163-7588-45d1-9466-a5deabc59167","Did I use the tablet before moving my legs on the couch?","No","No, you did not use the tablet before moving your legs on the couch.","Order Judging(Y/N)"
"879dd163-7588-45d1-9466-a5deabc59167","Was the tablet in my hands before I sat on the couch?","No","Yes, the tablet was in my hands before I sat on the couch.","Order Judging(Y/N)"
"879dd163-7588-45d1-9466-a5deabc59167","What happens just before I read the book on the tablet?","Sitting on the couch.","Just before I read the book on the tablet, the person is seen adjusting their position on the couch, possibly to get a better view of the book.","What event order"
"879dd163-7588-45d1-9466-a5deabc59167","What setting is depicted in the provided video clip?","A person sitting on a couch in a house.","The video clip depicts a cozy indoor setting, likely a living room, with a person comfortably reclining on a couch, engrossed in reading a white e-reader. The room is softly lit, creating a relaxed atmosphere.","Scene Summary"
"879dd163-7588-45d1-9466-a5deabc59167","What furnishings are visible in the video?","A couch, chair, and a dining area in the background.","The video shows a cozy living room with a brown couch, a blue cushion, and a white bag on the floor.","Scene Summary"
"879dd163-7588-45d1-9466-a5deabc59167","Describe the atmosphere of the room shown in the video?","The room appears to be tidy and comfortably lit.","The room has a cozy and comfortable atmosphere, with a well-lit space that creates a warm and inviting environment. The presence of a comfortable couch, a cozy chair, and a table with a laptop suggests a space designed for relaxation and leisure. The room is also adorned with potted plants and a few decorative items, adding to the homely and welcoming ambiance.","Scene Summary"
"879dd163-7588-45d1-9466-a5deabc59167","Describe the posture of the individual in the video?","They are seated with their legs up on the couch.","The individual is lying on their back with their legs crossed and feet resting on the couch. They are holding a white e-reader with both hands, displaying the text on the screen.","Action Caption"
"879dd163-7588-45d1-9466-a5deabc59167","Can you summarize the person's behavior in the video?","They are relaxing and using an electronic device.","The person is comfortably seated on a couch, holding an e-reader with both hands, and appears to be reading or looking at the e-reader's screen. They are relaxed and seem to be enjoying a quiet moment of leisure.","Action Caption"
"879dd163-7588-45d1-9466-a5deabc59167","Is there any noticeable movement or gesture in the video?","The person raised their hands at some point.","No, there is no noticeable movement or gesture in the video.","Action Caption"
"879dd163-7588-45d1-9466-a5deabc59167","Did the person in the video adjust their position on the couch?","Not shown in the given frame.","Yes, the person in the video adjusted their position on the couch by shifting their legs and arms.","Whether Something Happened(Y/N)"
"879dd163-7588-45d1-9466-a5deabc59167","Is the individual in the video communicating with someone else?","No, not visibly.","No, the individual is not communicating with someone else; they are focused on their own reading experience.","Whether Something Happened(Y/N)"
"879dd163-7588-45d1-9466-a5deabc59167","Does the video indicate that the person is multitasking?","No, they appear focused on the tablet.","Yes, the video indicates that the person is multitasking. They are holding a book and a tablet simultaneously, suggesting they are reading and using the tablet for reference or entertainment.","Whether Something Happened(Y/N)"
"879dd163-7588-45d1-9466-a5deabc59167","Is the person standing up at any point in the video?","No, they are seated throughout.","No, the person is not standing up at any point in the video.","Whether Something Happened(Y/N)"
"879dd163-7588-45d1-9466-a5deabc59167","Did I move my legs on the couch before using the tablet?","Yes","No, you did not move your legs on the couch before using the tablet.","Order Judging(Y/N)"
"879dd163-7588-45d1-9466-a5deabc59167","Did I raise my hands before sitting on the couch?","No","No, you did not raise your hands before sitting on the couch.","Order Judging(Y/N)"
"879dd163-7588-45d1-9466-a5deabc59167","Was I sitting on the couch before raising my hands?","Yes","Yes, you were sitting on the couch before raising your hands.","Order Judging(Y/N)"
"879dd163-7588-45d1-9466-a5deabc59167","Did I use the tablet after sitting on the couch?","Yes","Yes, you did use the tablet after sitting on the couch.","Order Judging(Y/N)"
"879dd163-7588-45d1-9466-a5deabc59167","What did I do just before using the tablet in the house?","Sat on the couch","You just laid down on the couch and started reading the book.","What event order"
"879dd163-7588-45d1-9466-a5deabc59167","What did I do just before raising my hands?","Used the tablet","I was reading a book.","What event order"
"879dd163-7588-45d1-9466-a5deabc59167","Is the tablet used after sitting on the couch as shown in the clip?","Yes","Yes, the tablet is used after sitting on the couch.","Order Judging(Y/N)"
"879dd163-7588-45d1-9466-a5deabc59167","In the video, is the tablet picked up before legs are placed on the couch?","Yes","Yes, the tablet is picked up before legs are placed on the couch.","Order Judging(Y/N)"
"879dd163-7588-45d1-9466-a5deabc59167","Does sitting on the couch happen after raising hands in the sequence?","No","No, the sequence does not involve sitting on the couch after raising hands.","Order Judging(Y/N)"
"879dd163-7588-45d1-9466-a5deabc59167","What is the setting of the video clip?","The setting is inside a house.","The setting of the video clip is a cozy living room with a comfortable couch, a book, and a laptop.","Scene Summary"
"879dd163-7588-45d1-9466-a5deabc59167","Where is the person situated in this scene?","The person is sitting on the couch.","The person is situated on a couch in a cozy living room.","Scene Summary"
"879dd163-7588-45d1-9466-a5deabc59167","What object is the person interacting with?","The person is holding and using a tablet.","The person is interacting with an e-reader device.","Scene Summary"
"879dd163-7588-45d1-9466-a5deabc59167","Describe the person's posture in the video.","The person is reclined with feet up on the couch.","The person is lying on their back with their legs crossed and feet resting on the couch. They are holding a white e-reader with both hands, and their legs are bent at the knees.","Scene Summary"
"879dd163-7588-45d1-9466-a5deabc59167","Is the person reading a book on the tablet?","Yes.","No, the person is not reading a book on the tablet.","Whether Something Happened(Y/N)"
"879dd163-7588-45d1-9466-a5deabc59167","Does the scene show an interaction with digital technology?","Yes.","Yes, the scene shows an interaction with digital technology as the person is holding a white e-reader, which is a device that displays digital content such as books, articles, or other digital media.","Whether Something Happened(Y/N)"
"879dd163-7588-45d1-9466-a5deabc59167","Is the individual standing while using the tablet?","No.","No, the individual is sitting on the couch while using the tablet.","Whether Something Happened(Y/N)"
"879dd163-7588-45d1-9466-a5deabc59167","Has the person positioned themselves comfortably for tablet use?","Yes.","Yes, the person is comfortably positioned with their feet propped up on the couch, indicating a relaxed and casual setting.","Whether Something Happened(Y/N)"
"879dd163-7588-45d1-9466-a5deabc59167","Does the video show the person watching TV?","No.","No, the video does not show the person watching TV. The focus is on the person reading a book.","Whether Something Happened(Y/N)"
"879dd163-7588-45d1-9466-a5deabc59167","In the video, did I use the tablet before sitting on the couch?","No","Yes, you did use the tablet before sitting on the couch.","Order Judging(Y/N)"
"879dd163-7588-45d1-9466-a5deabc59167","Did I raise my hands before holding the tablet?","No","No, you did not raise your hands before holding the tablet.","Order Judging(Y/N)"
"879dd163-7588-45d1-9466-a5deabc59167","In the video, was I already seated on the couch before using the tablet?","Yes","Yes, you were already seated on the couch before using the tablet.","Order Judging(Y/N)"
"879dd163-7588-45d1-9466-a5deabc59167","Was the tablet in my hand before I used it?","Yes","Yes, the tablet was in my hand before I used it.","Order Judging(Y/N)"
"879dd163-7588-45d1-9466-a5deabc59167","What occurs just before I hold the tablet in the video?","I sit on the couch","Just before I hold the tablet in the video, the person is lying on the couch with their feet propped up on the cushions.","What event order"
"879dd163-7588-45d1-9466-a5deabc59167","What action takes place before using the tablet?","I hold the tablet","Before using the tablet, the person lies on the couch with their feet propped up, holding the tablet in their hands.","What event order"
"879dd163-7588-45d1-9466-a5deabc59167","In the video, did I move my legs on the couch before using the tablet?","Yes","No, you did not move your legs on the couch before using the tablet.","Order Judging(Y/N)"
"879dd163-7588-45d1-9466-a5deabc59167","In the video, is the tablet held before raising hands?","Yes","No, the tablet is not held before raising hands.","Order Judging(Y/N)"
"879dd163-7588-45d1-9466-a5deabc59167","In the video, does sitting on the couch happen before moving legs on the couch?","Yes","Yes, the video shows the person sitting on the couch before moving their legs on the couch.","Order Judging(Y/N)"
"879dd163-7588-45d1-9466-a5deabc59167","What happens before I use the tablet in the video?","I sit on the couch and move my legs","Before using the tablet, the person is lying on the couch with their feet propped up on the cushions.","What event order"
"879dd163-7588-45d1-9466-a5deabc59167","What action is performed just before raising hands in the video?","Using the tablet","Just before raising hands, the person is holding the e-reader with both hands, indicating they are about to start reading or have just finished reading.","What event order"
"879dd163-7588-45d1-9466-a5deabc59167","What do I do right before moving my legs on the couch?","I sit on the couch","You should place your feet on the couch cushions.","What event order"
"879dd163-7588-45d1-9466-a5deabc59167","In the video, what takes place prior to holding the tablet?","I sit on the couch","Prior to holding the tablet, the person is lying on the couch with their feet propped up on the cushions.","What event order"
"879dd163-7588-45d1-9466-a5deabc59167","What is the depicted scenario in this video frame?","A person sitting on a couch using a tablet.","The video frame shows a person lying on a couch with their legs crossed, holding a white e-reader with text on it. The person appears to be reading or looking at the e-reader, which is displaying a page of text. The background includes a cozy living room with a couch, pillows, and a table with some items on it. The lighting is soft and warm, suggesting an indoor setting.","Scene Summary"
"879dd163-7588-45d1-9466-a5deabc59167","Can you summarize the environment in the video clip?","The environment is a cozy living room with a person on the couch.","The video shows a cozy living room with a brown couch, blue cushions, and a few decorative pillows. The room has a warm and inviting atmosphere, with a few books and a remote control visible on the couch. The lighting is soft and ambient, contributing to the relaxed ambiance.","Scene Summary"
"879dd163-7588-45d1-9466-a5deabc59167","Offer a caption for the ongoing activity in the video?","Enjoying digital content from the comfort of the couch.","A person is comfortably seated on a couch, engrossed in reading a white e-reader with a blue screen.","Action Caption"
"879dd163-7588-45d1-9466-a5deabc59167","Is the person in the video standing up?","No.","No, the person is sitting on the couch.","Whether Something Happened(Y/N)"
"879dd163-7588-45d1-9466-a5deabc59167","Does the video capture the individual walking around?","No.","No, the video does not capture the individual walking around. The focus remains on the person sitting on the couch, engrossed in their e-reader.","Whether Something Happened(Y/N)"
"879dd163-7588-45d1-9466-a5deabc59167","Is there a group of people in the video clip?","No.","No, there are no people in the video clip.","Whether Something Happened(Y/N)"
"879dd163-7588-45d1-9466-a5deabc59167","Does the frame show the person cooking in the kitchen?","No.","No, the frame does not show the person cooking in the kitchen.","Whether Something Happened(Y/N)"
"879dd163-7588-45d1-9466-a5deabc59167","Is the person in the video engaging in a conversation?","No.","No, the person in the video is not engaging in a conversation.","Whether Something Happened(Y/N)"
"879dd163-7588-45d1-9466-a5deabc59167","Did I sit on the couch before using the tablet?","Yes.","No, you didn't sit on the couch before using the tablet.","Order Judging(Y/N)"
"879dd163-7588-45d1-9466-a5deabc59167","Did I hold the tablet before sitting on the couch?","No.","Yes, you held the tablet before sitting on the couch.","Order Judging(Y/N)"
"879dd163-7588-45d1-9466-a5deabc59167","Did I sit down after picking up the tablet?","Yes.","No, you didn't sit down after picking up the tablet.","Order Judging(Y/N)"
"879dd163-7588-45d1-9466-a5deabc59167","In the video, what do I do just before sitting on the couch?","There is no information on actions prior.","You sit on the couch with your feet propped up.","What event order"
"879dd163-7588-45d1-9466-a5deabc59167","In the sequence, what happens before I use the tablet?","I hold the tablet.","Before using the tablet, the person is lying on the couch with their legs crossed and feet resting/INFO","What event order"
"879dd163-7588-45d1-9466-a5deabc59167","Does the action of sitting on the couch happen before using the tablet?","Yes","No, the action of sitting on the couch happens after using the tablet.","Order Judging(Y/N)"
"879dd163-7588-45d1-9466-a5deabc59167","Does raising hands occur before sitting on the couch?","No","No, raising hands do not occur before sitting on the couch.","Order Judging(Y/N)"
"879dd163-7588-45d1-9466-a5deabc59167","Is using the tablet done after sitting on the couch?","Yes","Yes, the person is actively using the tablet, as indicated by their hands moving across the screen and the text appearing on the screen.","Order Judging(Y/N)"
"879dd163-7588-45d1-9466-a5deabc59167","What happens before using the tablet?","Sitting on the couch and holding the tablet","Before using the tablet, the person is lying on the couch with their legs crossed and feet resting/INFO","What event order"
"879dd163-7588-45d1-9466-a5deabc59167","What occurs just before raising hands?","Using the tablet","The person raises their hands to their face, possibly to adjust their position or gesture.","What event order"
"cbfeb6c8-ec1f-4884-bcbf-14d7764c4a36","What environment surrounds the individual in the video?","An apartment setting.","The individual is surrounded by a warm, well-lit environment, likely a study or work area, with a wooden floor and a chair visible in the background.","Scene Summary"
"cbfeb6c8-ec1f-4884-bcbf-14d7764c4a36","What activity is taking place in this particular setting?","Writing in a book with a pen.","The activity taking place is studying or working on a task, as indicated by the person's focused demeanor and the presence of study materials.","Scene Summary"
"cbfeb6c8-ec1f-4884-bcbf-14d7764c4a36","Was the person depicted cooking in the kitchen?","No.","No, the person was not cooking in the kitchen; they were simply sitting and writing.","Whether Something Happened(Y/N)"
"cbfeb6c8-ec1f-4884-bcbf-14d7764c4a36","Did any outdoor activity occur in this video?","No.","No, there were no outdoor activities observed in this video.","Whether Something Happened(Y/N)"
"cbfeb6c8-ec1f-4884-bcbf-14d7764c4a36","Was the individual standing while performing the task?","No.","No, the individual was seated while performing the task.","Whether Something Happened(Y/N)"
"cbfeb6c8-ec1f-4884-bcbf-14d7764c4a36","Is there any verbal communication happening in this scene?","No.","No, there is no verbal communication happening in this scene.","Whether Something Happened(Y/N)"
"cbfeb6c8-ec1f-4884-bcbf-14d7764c4a36","Does the video show someone reading a book?","No.","No, the video does not show someone reading a book. The focus is on the person's hands and the books they are working with.","Whether Something Happened(Y/N)"
"cbfeb6c8-ec1f-4884-bcbf-14d7764c4a36","What location is shown in the video?","A room with a table.","The video shows a person sitting at a desk with a notebook and a pen, indicating a study or work environment.","Scene Summary"
"cbfeb6c8-ec1f-4884-bcbf-14d7764c4a36","What activity is being done in the clip?","Writing in a notebook.","The activity being done in the clip is studying or working on a study material.","Scene Summary"
"cbfeb6c8-ec1f-4884-bcbf-14d7764c4a36","What object is being used to write?","A pen.","A spiral-bound notebook.","Scene Summary"
"cbfeb6c8-ec1f-4884-bcbf-14d7764c4a36","What item is on the table besides the notebook?","Opened books.","There is a blue pen on the table besides the notebook.","Scene Summary"
"cbfeb6c8-ec1f-4884-bcbf-14d7764c4a36","Is the notebook on a flat surface?","Yes, on a table.","Yes, the notebook is placed on a flat surface.","Scene Summary"
"cbfeb6c8-ec1f-4884-bcbf-14d7764c4a36","What color is the pen being used?","Blue.","The pen being used is blue.","Action Caption"
"cbfeb6c8-ec1f-4884-bcbf-14d7764c4a36","Is the person using both hands to write?","Yes, one to hold and one to write.","Yes, the person is using both hands to write, as indicated by the consistent position of the pen and the hand movements.","Action Caption"
"cbfeb6c8-ec1f-4884-bcbf-14d7764c4a36","Has the pen made contact with the paper?","Yes.","Yes, the pen has made contact with the paper.","Whether Something Happened(Y/N)"
"cbfeb6c8-ec1f-4884-bcbf-14d7764c4a36","Is there a book on the table?","Yes.","Yes.","Whether Something Happened(Y/N)"
"cbfeb6c8-ec1f-4884-bcbf-14d7764c4a36","In the video, do I flip the book page before writing on it?","No","No, you do not flip the book page before writing on it.","Order Judging(Y/N)"
"cbfeb6c8-ec1f-4884-bcbf-14d7764c4a36","In the video, do I write with a pen after sitting at the table?","Yes","Yes, you write with a pen after sitting at the table.","Order Judging(Y/N)"
"cbfeb6c8-ec1f-4884-bcbf-14d7764c4a36","Does the writing occur before closing the notebook?","Yes","No, the writing does not occur before closing the notebook.","Order Judging(Y/N)"
"cbfeb6c8-ec1f-4884-bcbf-14d7764c4a36","Do I start writing before opening the book?","No","Yes, you start writing before opening the book.","Order Judging(Y/N)"
"cbfeb6c8-ec1f-4884-bcbf-14d7764c4a36","Before closing the notebook, what event occurs in the video?","Writing on it","Before closing the notebook, the person places the pen on the page, indicating they are finished with the writing.","What event order"
"cbfeb6c8-ec1f-4884-bcbf-14d7764c4a36","What is done prior to sitting at the table in the video?","Entering the room","Prior to sitting at the table, the person is seen writing in a spiral notebook.","What event order"
"cbfeb6c8-ec1f-4884-bcbf-14d7764c4a36","What is the setting of the scene in the video clip?","In an apartment.","The setting of the scene is a wooden desk with a person sitting at it, working on a notebook filled with handwritten notes.","Scene Summary"
"cbfeb6c8-ec1f-4884-bcbf-14d7764c4a36","Who is present in this clip?","A woman writing and another woman interacting with her.","A person is present in this clip.","Scene Summary"
"cbfeb6c8-ec1f-4884-bcbf-14d7764c4a36","What objects are noticeable in the video?","A book and a pen.","The video shows a person sitting at a wooden desk, writing in a spiral notebook. The person is wearing a yellow top and has blue nail polish on their nails. The notebook has a blue pen resting on top of it.","Scene Summary"
"cbfeb6c8-ec1f-4884-bcbf-14d7764c4a36","What activities are being performed?","Writing in a book and interacting.","The activities being performed include writing in a spiral notebook, writing in a book, and writing in a notebook.","Scene Summary"
"cbfeb6c8-ec1f-4884-bcbf-14d7764c4a36","How can we describe the movement in the clip?","Gentle and focused on writing.","The movement in the clip is a series of close-up shots of a person writing in a spiral notebook. The person's hands are visible, with their nails painted, and they are holding the notebook open with one hand while writing with the other. The background is a wooden surface, and the lighting is soft, suggesting an indoor setting.","Action Caption"
"cbfeb6c8-ec1f-4884-bcbf-14d7764c4a36","Does the individual write with her right hand?","Yes.","Yes, the individual writes with her right hand.","Whether Something Happened(Y/N)"
"cbfeb6c8-ec1f-4884-bcbf-14d7764c4a36","Is there another person besides the one writing?","Yes.","No, there is no other person besides the one writing visible in the image.","Whether Something Happened(Y/N)"
"cbfeb6c8-ec1f-4884-bcbf-14d7764c4a36","Is the setting a public place?","No.","No, the setting is not a public place; it is a private study area.","Whether Something Happened(Y/N)"
"cbfeb6c8-ec1f-4884-bcbf-14d7764c4a36","Do we see any electronic devices being used?","No.","No, there are no electronic devices being used in the image.","Whether Something Happened(Y/N)"
"cbfeb6c8-ec1f-4884-bcbf-14d7764c4a36","What happens before picking up the pen in the video?","Sitting at the table","Before picking up the pen, the person is seen writing on a spiral notebook, which is placed on the table.","What event order"
"cbfeb6c8-ec1f-4884-bcbf-14d7764c4a36","In the video, does the interaction with woman A happen before writing in the notebook?","No","No, the interaction with woman A does not happen before writing in the notebook. The video shows the woman writing in the notebook while the woman A is not visible in the frame.","Order Judging(Y/N)"
"cbfeb6c8-ec1f-4884-bcbf-14d7764c4a36","Is the book opened before picking up the pen?","Yes","Yes, the book is opened before picking up the pen.","Order Judging(Y/N)"
"cbfeb6c8-ec1f-4884-bcbf-14d7764c4a36","What is the main activity depicted in the video clip?","Writing in a book with a pen.","The main activity depicted in the video clip is a person writing in a spiral-bound notebook.","Scene Summary"
"cbfeb6c8-ec1f-4884-bcbf-14d7764c4a36","Where is the individual situated in the video clip?","In a room.","The individual is seated at a table in a room with a wooden floor.","Scene Summary"
"cbfeb6c8-ec1f-4884-bcbf-14d7764c4a36","What object is being utilized in the video clip?","A pen.","A spiral-bound notebook.","Scene Summary"
"cbfeb6c8-ec1f-4884-bcbf-14d7764c4a36","Does the video show someone studying?","Yes.","Yes, the video shows someone studying, as indicated by the person's focused demeanor and the presence of a spiral notebook filled with handwritten notes.","Whether Something Happened(Y/N)"
"cbfeb6c8-ec1f-4884-bcbf-14d7764c4a36","Is the person in the video writing with their left hand?","No.","Yes, the person in the video is writing with their left hand.","Whether Something Happened(Y/N)"
"cbfeb6c8-ec1f-4884-bcbf-14d7764c4a36","Does the video show a person writing on multiple pages?","Yes.","Yes, the video shows a person writing on multiple pages, as indicated by the visible pages of the spiral notebook being written on.","Whether Something Happened(Y/N)"
"cbfeb6c8-ec1f-4884-bcbf-14d7764c4a36","Is pen picked up before writing on the book as shown in the clip?","Yes","Yes, the pen is picked up before writing on the book.","Order Judging(Y/N)"
"cbfeb6c8-ec1f-4884-bcbf-14d7764c4a36","Does writing in the book happen after entering the apartment?","Yes","No, writing in the book happens before entering the apartment.","Order Judging(Y/N)"
"cbfeb6c8-ec1f-4884-bcbf-14d7764c4a36","Is the person at the table before writing in the notebook?","Yes","Yes, the person is sitting at the table before writing in the notebook.","Order Judging(Y/N)"
"cbfeb6c8-ec1f-4884-bcbf-14d7764c4a36","Does the person use a pen after sitting at the table?","Yes","Yes, the person uses a pen after sitting at the table.","Order Judging(Y/N)"
"cbfeb6c8-ec1f-4884-bcbf-14d7764c4a36","Is the person in the apartment before using the pen?","Yes","No, the person is not before using the pen.","Order Judging(Y/N)"
"cbfeb6c8-ec1f-4884-bcbf-14d7764c4a36","What happens just before writing in the notebook in the video?","Sitting at the table","Just before writing in the notebook, the person is seen adjusting their position slightly, possibly to get a better grip on the pen.","What event order"
"cbfeb6c8-ec1f-4884-bcbf-14d7764c4a36","In the video sequence, what do we see occurring before sitting at the table?","Being in a room","Before sitting at the table, the person is seen writing in a spiral notebook, which is open on the table.","What event order"
"cbfeb6c8-ec1f-4884-bcbf-14d7764c4a36","What location is shown in the video clip?","An indoor location.","The video clip shows a person sitting at a desk with a wooden surface, working on a notebook and a spiral-bound book titled ""BROOKS.""","Scene Summary"
"cbfeb6c8-ec1f-4884-bcbf-14d7764c4a36","What activity is depicted in this scene?","Writing in a book.","The activity depicted in this scene is studying or working on a notebook, as indicated by the presence of a spiral notebook, a pen, and a notebook with writing on it.","Scene Summary"
"cbfeb6c8-ec1f-4884-bcbf-14d7764c4a36","Can you caption the person's activity in this clip?","Writing diligently in a notebook.","Yes, the caption reads ""The person is writing in a spiral notebook.""","Action Caption"
"cbfeb6c8-ec1f-4884-bcbf-14d7764c4a36","Is there a pen being used for writing in the video?","Yes.","Yes, there is a pen being used for writing in the video.","Whether Something Happened(Y/N)"
"cbfeb6c8-ec1f-4884-bcbf-14d7764c4a36","Does the clip show a person wearing a watch?","Yes.","Yes, the clip shows a person wearing a watch.","Whether Something Happened(Y/N)"
"cbfeb6c8-ec1f-4884-bcbf-14d7764c4a36","Does the video include any dialogue or conversation?","No, it only depicts writing activity.","No, the video does not include any dialogue or conversation. It focuses solely on the individual's focused activity of writing in a notebook.","Whether Something Happened(Y/N)"
"cbfeb6c8-ec1f-4884-bcbf-14d7764c4a36","In the video, does opening the book happen before writing with a pen?","Yes","No, the person opens the book before writing with a pen.","Order Judging(Y/N)"
"cbfeb6c8-ec1f-4884-bcbf-14d7764c4a36","Is the pen picked up after turning the page as shown in the clip?","No","No, the pen is not picked up after turning the page.","Order Judging(Y/N)"
"cbfeb6c8-ec1f-4884-bcbf-14d7764c4a36","What occurs just before starting to write in the book?","Opening the book","The person is seen sitting at a desk, holding a blue pen, and appears to be in the process of writing in a spiral-bound notebook.","What event order"
"cbfeb6c8-ec1f-4884-bcbf-14d7764c4a36","Is the writing in the book shown after being indoor in the clip?","Yes","No, the writing in the book is not shown after being indoor in the clip.","Order Judging(Y/N)"
"cbfeb6c8-ec1f-4884-bcbf-14d7764c4a36","Which room is the person located in while writing?","The person is in a room.","The person is located in a room with a wooden floor, as indicated by the wooden floor visible in the background.","Scene Summary"
"cbfeb6c8-ec1f-4884-bcbf-14d7764c4a36","Is the person using any tools for writing?","Yes, the person is using a pen.","Yes, the person is using a blue pen to write in the notebook.","Scene Summary"
"cbfeb6c8-ec1f-4884-bcbf-14d7764c4a36","Can you describe the setting of the action in the clip?","The action occurs in a room at a desk.","The setting appears to be a study or work area, with a wooden desk and a book titled ""BROOKS"" visible in the background.","Action Caption"
"cbfeb6c8-ec1f-4884-bcbf-14d7764c4a36","What is the writing tool visible in the frame?","A pen is visible in the frame.","The writing tool visible in the frame is a blue pen.","Action Caption"
"cbfeb6c8-ec1f-4884-bcbf-14d7764c4a36","Is the person sitting at a desk in the video?","Yes.","Yes, the person is sitting at a desk in the video.","Whether Something Happened(Y/N)"
"cbfeb6c8-ec1f-4884-bcbf-14d7764c4a36","Does the person sit down after opening the book?","Yes","Yes, the person sits down after opening the book.","Order Judging(Y/N)"
"cbfeb6c8-ec1f-4884-bcbf-14d7764c4a36","Is the book closed before the person starts writing?","No","Yes, the book is closed before the person starts writing.","Order Judging(Y/N)"
"cbfeb6c8-ec1f-4884-bcbf-14d7764c4a36","What action is taken before the person caps the pen?","The person finishes writing.","Before the person caps the pen, they are seen holding a blue pen in their right hand.","What event order"
"cbfeb6c8-ec1f-4884-bcbf-14d7764c4a36","Is the pen placed in the book before writing?","No","Yes, the pen is placed in the book before writing.","Order Judging(Y/N)"
"cbfeb6c8-ec1f-4884-bcbf-14d7764c4a36","Does the book close before the pen is picked up?","No","No, the book does not close before the pen is picked up.","Order Judging(Y/N)"
"cbfeb6c8-ec1f-4884-bcbf-14d7764c4a36","Is the cap of the pen removed after starting to write?","No","No, the cap of the pen is not removed after starting to write.","Order Judging(Y/N)"
"cbfeb6c8-ec1f-4884-bcbf-14d7764c4a36","Does the hand turn the page before picking up the pen?","No","Yes, the hand turns the page before picking up the pen.","Order Judging(Y/N)"
"cbfeb6c8-ec1f-4884-bcbf-14d7764c4a36","Is the pen visible in the scene before writing begins?","Yes","Yes, the pen is visible in the scene before writing begins.","Order Judging(Y/N)"
"cbfeb6c8-ec1f-4884-bcbf-14d7764c4a36","What do we see happening before the hand appears in the frame?","The book is open","The hand appears in the frame, holding a blue pen, and is positioned above the spiral notebook.","What event order"
"cbfeb6c8-ec1f-4884-bcbf-14d7764c4a36","What happens just before the pen touches the paper?","The hand moves towards the paper","Just before the pen touches the paper, the person is seen holding the notebook and looking at the page, possibly reading or reviewing the content.","What event order"
"cbfeb6c8-ec1f-4884-bcbf-14d7764c4a36","In the video sequence, what action is performed before turning the page?","Writing on the current page","Before turning the page, the person writes on the spiral notebook.","What event order"
"cbfeb6c8-ec1f-4884-bcbf-14d7764c4a36","In the video, what is done just before the hand finished writing?","Moving the pen across the paper","Just before the hand finished writing, the person is seen holding a blue pen and pointing at the notebook.","What event order"
"cbfeb6c8-ec1f-4884-bcbf-14d7764c4a36","What does the brief of the depicted scenario show?","The scenario shows a person writing in a book in an apartment.","The brief of the depicted scenario shows a person sitting at a desk, writing in a spiral notebook, with a book titled ""BROOKS"" in the background.","Scene Summary"
"cbfeb6c8-ec1f-4884-bcbf-14d7764c4a36","What is the setting of this video clip?","The setting is indoors, in a well-lit apartment.","The setting of the video clip appears to be a study or work area, with a person sitting at a desk surrounded by multiple notebooks and a spiral-bound book with a yellow cover titled ""BROOKS.""","Scene Summary"
"cbfeb6c8-ec1f-4884-bcbf-14d7764c4a36","Does the video capture the person stopping their writing at any point?","No.","Yes, the video captures the person stopping their writing at the beginning of the sequence, as they are seen holding the spiral notebook and writing on it.","Whether Something Happened(Y/N)"
"cbfeb6c8-ec1f-4884-bcbf-14d7764c4a36","Is the individual in the video using their left hand to write?","No, they are using their right hand.","Yes, the individual in the video is using their left hand to write.","Whether Something Happened(Y/N)"
"cbfeb6c8-ec1f-4884-bcbf-14d7764c4a36","Is there another person present in the scene assisting the writer?","No, the person is writing alone.","Yes, there is another person present in the scene, sitting at the table and observing the writing process.","Whether Something Happened(Y/N)"
"cbfeb6c8-ec1f-4884-bcbf-14d7764c4a36","In the video, do I write in the book before holding the pen?","No","Yes, you write in the book before holding the pen.","Order Judging(Y/N)"
"cbfeb6c8-ec1f-4884-bcbf-14d7764c4a36","Is the pen in my right hand before I start writing in the book?","Yes","No, the pen is in my left hand before I start writing in the book.","Order Judging(Y/N)"
"cbfeb6c8-ec1f-4884-bcbf-14d7764c4a36","In the sequence, do I open the book before writing on it?","Yes","No, you do not open the book before writing on it.","Order Judging(Y/N)"
"cbfeb6c8-ec1f-4884-bcbf-14d7764c4a36","In the clip, do I wear a green shirt before writing in the book?","Yes","Yes, the person in the clip is wearing a green shirt before writing in the book.","Order Judging(Y/N)"
"cbfeb6c8-ec1f-4884-bcbf-14d7764c4a36","What occurs just before holding the pen in my right hand?","I am wearing a green shirt","The person is holding a blue pen in their right hand.","What event order"
"cbfeb6c8-ec1f-4884-bcbf-14d7764c4a36","Is the book opened before the pen is held in the right hand?","Yes","Yes, the book is opened before the pen is held in the right hand.","Order Judging(Y/N)"
"cbfeb6c8-ec1f-4884-bcbf-14d7764c4a36","Is the hand placed on the book after the pen is picked up?","Yes","Yes, the hand is placed on the book after the pen is picked up.","Order Judging(Y/N)"
"cbfeb6c8-ec1f-4884-bcbf-14d7764c4a36","What happens just before the pen starts writing?","The pen is held in the right hand","Just before the pen starts writing, the person's hands are in a relaxed position, with the left hand resting on the notebook and the right hand holding the pen.","What event order"
"cbfeb6c8-ec1f-4884-bcbf-14d7764c4a36","What is visible before the wrist with a bracelet appears?","The hand holding the pen","A notebook with handwritten notes","What event order"
"cbfeb6c8-ec1f-4884-bcbf-14d7764c4a36","What do we see happening before the hand touches the book?","The book and pen are visible","The hand is seen holding the book, which is open and resting on the table.","What event order"
"cbfeb6c8-ec1f-4884-bcbf-14d7764c4a36","What takes place before the pen is seen in the video?","The apartment and the book are seen","The pen is seen in the video before the person starts writing in the spiral notebook.","What event order"
"cbfeb6c8-ec1f-4884-bcbf-14d7764c4a36","What is the setting of the video?","In an apartment.","The setting of the video is a study or work area with a wooden desk and a notebook.","Scene Summary"
"cbfeb6c8-ec1f-4884-bcbf-14d7764c4a36","What activity does the video show?","Writing in a book.","The video shows a person sitting at a table, writing in a spiral notebook and a spiral-bound book.","Scene Summary"
"cbfeb6c8-ec1f-4884-bcbf-14d7764c4a36","Which hand is used for writing in the video?","The right hand.","The right hand is used for writing in the video.","Scene Summary"
"cbfeb6c8-ec1f-4884-bcbf-14d7764c4a36","What type of pen is being used?","A ballpoint pen.","The pen being used is blue.","Scene Summary"
"cbfeb6c8-ec1f-4884-bcbf-14d7764c4a36","What object is being used in the action?","A pen.","A pen","Action Caption"
"cbfeb6c8-ec1f-4884-bcbf-14d7764c4a36","Is the writing action fluent or hesitant?","Fluent.","The writing action appears to be fluent, as the person's hand movements are consistent and deliberate, indicating a steady and practiced writing style.","Action Caption"
"cbfeb6c8-ec1f-4884-bcbf-14d7764c4a36","Which direction is the pen moving?","Left to right.","The pen is moving from the right side of the notebook to the left side.","Action Caption"
"cbfeb6c8-ec1f-4884-bcbf-14d7764c4a36","Is the person sitting on a cushion?","Yes.","No, the person is not sitting on a cushion.","Whether Something Happened(Y/N)"
"cbfeb6c8-ec1f-4884-bcbf-14d7764c4a36","Does the video show page-turning?","No.","Yes, the video shows page-turning.","Whether Something Happened(Y/N)"
"cbfeb6c8-ec1f-4884-bcbf-14d7764c4a36","Is the person wearing any wrist accessories?","Yes.","Yes, the person is wearing a bracelet on their left wrist.","Whether Something Happened(Y/N)"
"cbfeb6c8-ec1f-4884-bcbf-14d7764c4a36","Did the writing happen in a different location than the apartment?","No","No, the writing happened in a different location than the apartment.","Order Judging(Y/N)"
"cbfeb6c8-ec1f-4884-bcbf-14d7764c4a36","Did the use of right hand occur before writing in the book?","No","Yes, the use of right hand occurred before writing in the book.","Order Judging(Y/N)"
"cbfeb6c8-ec1f-4884-bcbf-14d7764c4a36","Was there a pen used after the book was opened?","Yes","Yes, there was a pen used after the book was opened.","Order Judging(Y/N)"
"cbfeb6c8-ec1f-4884-bcbf-14d7764c4a36","Did any writing in the book occur without the use of a pen?","No","Yes, the writing in the book occurred without the use of a pen.","Order Judging(Y/N)"
"cbfeb6c8-ec1f-4884-bcbf-14d7764c4a36","Was the book closed before writing commenced?","Yes","Yes, the book was closed before writing commenced.","Order Judging(Y/N)"
"cbfeb6c8-ec1f-4884-bcbf-14d7764c4a36","What happened before the writing started?","The book was opened","Before the writing started, the person was sitting at a table with a notebook and a spiral-bound book, possibly a textbook or a reference material, and was engaged in studying or working on a task.","What event order"
"cbfeb6c8-ec1f-4884-bcbf-14d7764c4a36","Does the writing in the book occur before changing the page?","Yes","Yes, the writing in the book occurs before changing the page.","Order Judging(Y/N)"
"cbfeb6c8-ec1f-4884-bcbf-14d7764c4a36","Does the page turn happen before writing with the pen?","No","No, the page does not turn before writing with the pen.","Order Judging(Y/N)"
"cbfeb6c8-ec1f-4884-bcbf-14d7764c4a36","What occurs just before changing to a new page in the video?","I finish writing","Just before changing to a new page, the person is seen holding the notebook with both hands, indicating a moment of pause or preparation.","What event order"
"cbfeb6c8-ec1f-4884-bcbf-14d7764c4a36","What do I do before sitting down to write in the video?","I enter the room","Before sitting down to write in the video, the person is seen sitting at a table with a notebook and a pen.","What event order"
"cbfeb6c8-ec1f-4884-bcbf-14d7764c4a36","What is the setting of the scene in the video clip?","The setting is inside a room.","The setting of the scene in the video clip appears to be a study or work area, with a wooden desk and a book being read.","Scene Summary"
"cbfeb6c8-ec1f-4884-bcbf-14d7764c4a36","What objects are present in the video clip?","A book and a pen are present.","The video clip features a person sitting at a table, writing on a spiral-bound notebook. The person is wearing a green outfit with a patterned design and has their nails painted with a light blue polish. The notebook is open, and the person is using a blue pen to write. The background is a wooden surface, and there is a yellow highlighter on the table.","Scene Summary"
"cbfeb6c8-ec1f-4884-bcbf-14d7764c4a36","Can you describe the action the person is performing?","The person is flipping through pages and writing.","The person is holding a spiral notebook and writing on it with a blue pen. They are also holding a pencil in their right hand.","Action Caption"
"cbfeb6c8-ec1f-4884-bcbf-14d7764c4a36","Does the video show the person closing the book?","No.","No, the video does not show the person closing the book.","Whether Something Happened(Y/N)"
"cbfeb6c8-ec1f-4884-bcbf-14d7764c4a36","Is the person using a pencil to write?","No.","Yes, the person is using a pencil to write.","Whether Something Happened(Y/N)"
"cbfeb6c8-ec1f-4884-bcbf-14d7764c4a36","Does the video capture the person turning off the light?","No.","No, the video does not capture the person turning off the light.","Whether Something Happened(Y/N)"
"cbfeb6c8-ec1f-4884-bcbf-14d7764c4a36","Does the video show the person taking notes from another text?","No.","Yes, the video shows the person taking notes from another text, as indicated by the visible text on the notebook.","Whether Something Happened(Y/N)"
"cbfeb6c8-ec1f-4884-bcbf-14d7764c4a36","In the video, is the book closed before writing begins?","Yes","Yes, the book is closed before writing begins.","Order Judging(Y/N)"
"cbfeb6c8-ec1f-4884-bcbf-14d7764c4a36","Does turning the page happen after writing with the pen?","Yes","No, turning the page happens after writing with the pen.","Order Judging(Y/N)"
"cbfeb6c8-ec1f-4884-bcbf-14d7764c4a36","In the video, is the pen picked up before the book is opened?","No","Yes, the pen is picked up before the book is opened.","Order Judging(Y/N)"
"cbfeb6c8-ec1f-4884-bcbf-14d7764c4a36","Does the writing occur before sitting down in the chair?","No","No, the writing does not occur before sitting down in the chair.","Order Judging(Y/N)"
"cbfeb6c8-ec1f-4884-bcbf-14d7764c4a36","In the video sequence, what occurs before the person starts writing?","The book is opened","Before the person starts writing, they are sitting at a table with an open book in front of them.","What event order"
"cbfeb6c8-ec1f-4884-bcbf-14d7764c4a36","What action takes place before the book is closed?","The person stops writing","Before the book is closed, the person is seen writing on the spiral notebook with a blue pen.","What event order"
"cbfeb6c8-ec1f-4884-bcbf-14d7764c4a36","In the video, is the book closed after the writing is done?","Yes","Yes, the book is closed after the writing is done.","Order Judging(Y/N)"
"cbfeb6c8-ec1f-4884-bcbf-14d7764c4a36","In the video, is there writing on the book's cover before the person writes inside?","Yes","Yes, there is writing on the book's cover before the person writes inside.","Order Judging(Y/N)"
"cbfeb6c8-ec1f-4884-bcbf-14d7764c4a36","What is done before the pen cap is removed?","The person prepares to write","The pen cap is removed before the person continues to write on the notebook.","What event order"
"cbfeb6c8-ec1f-4884-bcbf-14d7764c4a36","What activity is displayed in the provided image?","Writing in a book.","The image shows a person engaged in writing or taking notes on a spiral-bound notebook.","Scene Summary"
"cbfeb6c8-ec1f-4884-bcbf-14d7764c4a36","Describe the setting where the depicted activity takes place.","In a room.","The activity takes place in a well-lit, organized study environment. The person is seated at a desk with a spiral-bound notebook, which is open to a page filled with handwritten notes. The desk is clutter-free, and there are two open notebooks beside the person, one of which is being used by the individual. The person is wearing a green dress and has a watch on their left wrist. The lighting is natural, suggesting it might be daytime.","Scene Summary"
"cbfeb6c8-ec1f-4884-bcbf-14d7764c4a36","What object is being used in conjunction with the book?","A pen.","The object being used in conjunction with the book is a pen.","Scene Summary"
"cbfeb6c8-ec1f-4884-bcbf-14d7764c4a36","How is the person holding the pen in the frame?","With their right hand.","The person is holding the pen with their right hand, pointing it towards the notebook.","Action Caption"
"cbfeb6c8-ec1f-4884-bcbf-14d7764c4a36","What part of the room is visible in the clip?","Only the table area, specifics of the room are not visible.","The room is visible in the background, with a desk and a chair.","Action Caption"
"cbfeb6c8-ec1f-4884-bcbf-14d7764c4a36","Is the person writing with their left hand?","No.","Yes, the person is holding a pen in their left hand while writing in the notebook.","Whether Something Happened(Y/N)"
"cbfeb6c8-ec1f-4884-bcbf-14d7764c4a36","Is the person writing on the last page of the book?","No, there are more pages visible.","No, the person is not writing on the last page of the book.","Whether Something Happened(Y/N)"
"cbfeb6c8-ec1f-4884-bcbf-14d7764c4a36","Can we assume the writer is in a public space?","No, it appears to be a private space.","No, the image does not provide enough context to determine if the writer is in a public space.","Whether Something Happened(Y/N)"
"cbfeb6c8-ec1f-4884-bcbf-14d7764c4a36","In the video, does turning the page happen before writing begins?","No","No, turning the page happens after writing begins.","Order Judging(Y/N)"
"cbfeb6c8-ec1f-4884-bcbf-14d7764c4a36","Is the book opened after the pen is held in the hand?","Yes","Yes, the book is opened after the pen is held in the hand.","Order Judging(Y/N)"
"cbfeb6c8-ec1f-4884-bcbf-14d7764c4a36","In the video, does writing in the book happen before closing the book?","Yes","No, writing in the book does not happen before closing the book. The video shows the person writing in the book while holding the book open.","Order Judging(Y/N)"
"cbfeb6c8-ec1f-4884-bcbf-14d7764c4a36","In the video sequence, what do we see occurring just before turning the page?","Writing on the previous page","Before turning the page, the person is seen holding a pen in their right hand, poised to write or mark the page.","What event order"
"cbfeb6c8-ec1f-4884-bcbf-14d7764c4a36","What action takes place immediately before the pen touches the paper?","Holding the pen above the book","The pen touches the paper before the pencil starts writing.","What event order"
"cbfeb6c8-ec1f-4884-bcbf-14d7764c4a36","In the video, what happens right before the book is opened?","Sitting down","The person is holding a pen and appears to be writing or marking something on the book.","What event order"
"cbfeb6c8-ec1f-4884-bcbf-14d7764c4a36","Did I write in the book before turning the page?","Yes","Yes, you wrote in the book before turning the page.","Order Judging(Y/N)"
"cbfeb6c8-ec1f-4884-bcbf-14d7764c4a36","Is the book already opened before I start writing?","Yes","Yes, the book is already opened before I start writing.","Order Judging(Y/N)"
"cbfeb6c8-ec1f-4884-bcbf-14d7764c4a36","Did I place my left hand on the page before writing with the pen?","Yes","No, you did not place your left hand on the page before writing with the pen.","Order Judging(Y/N)"
"cbfeb6c8-ec1f-4884-bcbf-14d7764c4a36","What happens before I use the pen to write?","Opening the book","Before writing, the person is holding a pen in their right hand and appears to be in the process of writing or drawing on a spiral notebook.","What event order"
"cbfeb6c8-ec1f-4884-bcbf-14d7764c4a36","Before closing the book, what action is performed?","Turning the page","Before closing the book, the person points to the page with the blue pen, indicating a specific section or point of interest.","What event order"
"cbfeb6c8-ec1f-4884-bcbf-14d7764c4a36","What is the setting of this video clip?","The setting is indoors, at a desk.","The setting of the video clip appears to be a study or work environment, with a person sitting at a desk with a spiral notebook and a book.","Scene Summary"
"cbfeb6c8-ec1f-4884-bcbf-14d7764c4a36","What objects are present in this scene?","A book, a pen, and a desk.","The scene features a person sitting at a table, writing in a spiral notebook. The person is holding a pen in their right hand and appears to be in the process of writing or drawing on the notebook. The notebook is open, and the person is using a blue pen. The table is wooden, and there is a book or document with text on it in front of the person. The person's attire includes a green garment with a patterned design.","Scene Summary"
"cbfeb6c8-ec1f-4884-bcbf-14d7764c4a36","Is the person writing with their right hand?","Yes.","Yes, the person is writing with their right hand.","Whether Something Happened(Y/N)"
"cbfeb6c8-ec1f-4884-bcbf-14d7764c4a36","Is the notebook placed on the person's lap?","No.","No, the notebook is not placed on the person's lap; it is on the table in front of them.","Whether Something Happened(Y/N)"
"cbfeb6c8-ec1f-4884-bcbf-14d7764c4a36","Does this video show any electronic devices being used?","No.","No, the video does not show any electronic devices being used. The focus remains on the person writing in the spiral notebook.","Whether Something Happened(Y/N)"
"cbfeb6c8-ec1f-4884-bcbf-14d7764c4a36","Is the person seated while writing in the book?","Yes.","Yes, the person is seated while writing in the book.","Whether Something Happened(Y/N)"
"cbfeb6c8-ec1f-4884-bcbf-14d7764c4a36","Do I sit down before beginning to write?","Yes","Yes, you should sit down before beginning to write.","Order Judging(Y/N)"
"cbfeb6c8-ec1f-4884-bcbf-14d7764c4a36","What happens before the book is opened?","I sit down at the desk.","Before the book is opened, the person is seen writing on a spiral notebook with a blue pen.","What event order"
"cbfeb6c8-ec1f-4884-bcbf-14d7764c4a36","Did I close the book before starting to write?","No","No, the person did not close the book before starting to write.","Order Judging(Y/N)"
"cbfeb6c8-ec1f-4884-bcbf-14d7764c4a36","Was I seated while writing in the book?","Yes","Yes, you were seated while writing in the book.","Order Judging(Y/N)"
"cbfeb6c8-ec1f-4884-bcbf-14d7764c4a36","Did I turn the page after finishing writing?","No","No, the person did not turn the page after finishing writing.","Order Judging(Y/N)"
"cbfeb6c8-ec1f-4884-bcbf-14d7764c4a36","Was the pen put down before closing the book?","No","Yes, the pen was put down before closing the book.","Order Judging(Y/N)"
"cbfeb6c8-ec1f-4884-bcbf-14d7764c4a36","Did I write on the left page before the right one?","No","No, the person did not write on the left page before the right one.","Order Judging(Y/N)"
"cbfeb6c8-ec1f-4884-bcbf-14d7764c4a36","What is the setting of the scene in this video clip?","The setting is indoors, with a person writing in a notebook.","The setting of the scene is a person sitting at a desk, working on a notebook and a spiral-bound book, with a wooden surface and a chair visible in the background.","Scene Summary"
"cbfeb6c8-ec1f-4884-bcbf-14d7764c4a36","What activity is being performed in the scene?","Writing on a notebook with a pen.","The activity being performed in the scene is studying or working on a notebook.","Scene Summary"
"cbfeb6c8-ec1f-4884-bcbf-14d7764c4a36","What can we deduce about the person's task in the video?","The person is engaged in a writing activity.","The person appears to be engaged in a study or homework session, as indicated by the presence of notebooks and a pen. The focus on the writing and the methodical approach suggest that the individual is concentrating on a specific task, possibly related to academic or personal study.","Action Caption"
"cbfeb6c8-ec1f-4884-bcbf-14d7764c4a36","Describe the motion taking place in these frames?","The movement of the hand while writing.","The motion in the frames is a person sitting at a table, writing on a spiral-bound notebook with a pen. The person's hands are moving rhythmically, indicating a focused and deliberate writing process.","Action Caption"
"cbfeb6c8-ec1f-4884-bcbf-14d7764c4a36","Does the person stop writing at any point in the video?","No.","No, the person does not stop writing at any point in the video.","Whether Something Happened(Y/N)"
"cbfeb6c8-ec1f-4884-bcbf-14d7764c4a36","Is there any use of electronic devices in these frames?","No.","No, there are no electronic devices visible in the frames provided.","Whether Something Happened(Y/N)"
"cbfeb6c8-ec1f-4884-bcbf-14d7764c4a36","In the video sequence, what do we see happening before writing with the pen?","Sitting at the desk","Before writing with the pen, the person is seated at a wooden desk, surrounded by open notebooks filled with handwritten notes and diagrams. The desk is cluttered with various items, including a water bottle and a pair of shoes. The person is wearing a green and pink outfit and has their nails painted in a light blue color.","What event order"
"cbfeb6c8-ec1f-4884-bcbf-14d7764c4a36","What occurs just before opening the notebook in the video?","Sitting at the desk","Just before opening the notebook, the person is seen adjusting their hair, possibly to ensure it is neat and tidy.","What event order"
"cbfeb6c8-ec1f-4884-bcbf-14d7764c4a36","In the video, does using the pen happen after sitting at the desk?","Yes","No, the pen is not used after sitting at the desk.","Order Judging(Y/N)"
"cbfeb6c8-ec1f-4884-bcbf-14d7764c4a36","What action precedes putting down the pen on the desk?","Writing in the book","The action that precedes putting down the pen on the desk is the person's hand moving from the pen to the notebook.","What event order"
"cbfeb6c8-ec1f-4884-bcbf-14d7764c4a36","What is done just before the writing starts in the video?","Picking up the pen","Just before the writing starts, the person is seen holding a pen and writing on a notebook.","What event order"
"cbfeb6c8-ec1f-4884-bcbf-14d7764c4a36","Which action is depicted in this frame?","Writing in a book with a pen.","The action depicted in this frame is the person writing on a spiral notebook.","Scene Summary"
"cbfeb6c8-ec1f-4884-bcbf-14d7764c4a36","Describe the surroundings visible in this frame.","Indoors, likely a desk or table.","The surroundings visible in the frame include a wooden desk with a spiral notebook and a pen, a blue pen, and a glass of water. The person is seated at the desk, and the lighting suggests it might be daytime.","Scene Summary"
"cbfeb6c8-ec1f-4884-bcbf-14d7764c4a36","Can you specify the object being used by the person?","A pen.","The person is using a spiral notebook.","Action Caption"
"cbfeb6c8-ec1f-4884-bcbf-14d7764c4a36","Did the interaction occur in an outdoor location?","No.","No, the interaction did not occur in an outdoor location. The image shows a person sitting at a table with a notebook and pen, engaged in writing or drawing on a spiral-bound notebook.","Whether Something Happened(Y/N)"
"cbfeb6c8-ec1f-4884-bcbf-14d7764c4a36","Is the person predominantly engaged in a physical activity?","No.","No, the person is not predominantly engaged in a physical activity. They are focused on writing in a notebook.","Whether Something Happened(Y/N)"
"cbfeb6c8-ec1f-4884-bcbf-14d7764c4a36","In the video, does writing in the notebook occur before conversing with a woman?","Yes.","Yes, the video shows the woman writing in the notebook before conversing with the woman.","Order Judging(Y/N)"
"cbfeb6c8-ec1f-4884-bcbf-14d7764c4a36","In the video, does the conversation with a woman happen before being in an apartment?","No.","No, the conversation with a woman does not happen before being in an apartment.","Order Judging(Y/N)"
"cbfeb6c8-ec1f-4884-bcbf-14d7764c4a36","Is the pen used before entering the apartment as shown in the clip?","No.","Yes, the pen is used before entering the apartment in the clip.","Order Judging(Y/N)"
"cbfeb6c8-ec1f-4884-bcbf-14d7764c4a36","In the video sequence, what do we see happening before conversing with woman X?","Being in an apartment.","Before conversing with woman X, the woman is sitting at a table with a spiral notebook and a pen, writing on it.","What event order"
"cbfeb6c8-ec1f-4884-bcbf-14d7764c4a36","What happens right before using a pen on the book?","Being indoors.","The person points to the notebook and begins to write on it.","What event order"
"cbfeb6c8-ec1f-4884-bcbf-14d7764c4a36","In the video, what occurs directly before the pen is picked up?","Being indoors.","The pen is placed on the notebook.","What event order"
"cbfeb6c8-ec1f-4884-bcbf-14d7764c4a36","What happens before the conversation with woman X in the video?","Writing on a book","Before the conversation with woman X, the woman is sitting at a table with a spiral notebook and a pen.","What event order"
"6baa36c1-e4d0-4dbd-97b2-dff48ecf796e","What environments surround the individual scrapping the wall?","An outdoor setting with a ladder near a wooden fence.","The individual is surrounded by a serene environment with a clear sky, lush green trees, and a well-maintained lawn.","Scene Summary"
"6baa36c1-e4d0-4dbd-97b2-dff48ecf796e","What tool is utilized for scrapping in the scene?","A scraper is used.","A hand is seen using a tool to scrape the surface of the house.","Scene Summary"
"6baa36c1-e4d0-4dbd-97b2-dff48ecf796e","Is the individual standing on the ground or elevated while scrapping?","The individual is elevated on a ladder.","The individual is standing on the ground while scrapping.","Scene Summary"
"6baa36c1-e4d0-4dbd-97b2-dff48ecf796e","What is the purpose of using a ladder in this scenario?","To reach higher areas of the wall for scrapping.","The purpose of using a ladder is to reach higher areas of the house, possibly to access damaged or damaged areas, and to ensure that the ladder is properly positioned for safety.","Scene Summary"
"6baa36c1-e4d0-4dbd-97b2-dff48ecf796e","How does the individual prepare to scrape the wall?","The individual prepares by stretching out a ladder.","The individual prepares to scrape the wall by holding the ladder steady and using the ladder to reach up to the wall.","Action Caption"
"6baa36c1-e4d0-4dbd-97b2-dff48ecf796e","Does the video show a person using a ladder?","Yes.","Yes, the video shows a person using a ladder to reach up and adjust the ladder.","Whether Something Happened(Y/N)"
"6baa36c1-e4d0-4dbd-97b2-dff48ecf796e","Is the wall being scraped in the video?","Yes.","Yes.","Whether Something Happened(Y/N)"
"6baa36c1-e4d0-4dbd-97b2-dff48ecf796e","Does the scene involve stretching a ladder before scrapping?","Yes.","Yes, the scene involves stretching a ladder before scrapping, as the person is seen reaching up to the ladder, possibly to adjust or retrieve something from the top.","Whether Something Happened(Y/N)"
"6baa36c1-e4d0-4dbd-97b2-dff48ecf796e","Does the individual scrap the wall without any tools?","No.","No, the individual scrapes the wall with a tool, but the video does not provide information about whether they use any tools.","Whether Something Happened(Y/N)"
"6baa36c1-e4d0-4dbd-97b2-dff48ecf796e","What location is depicted in this video clip?","The video clip depicts an outdoor scene with a wall.","The video clip depicts a residential area with a house and a person in the background.","Scene Summary"
"6baa36c1-e4d0-4dbd-97b2-dff48ecf796e","How does the environment appear in the video clip?","The environment appears to be a porch or exterior of a building.","The environment appears to be a residential area with a clear sky and some trees visible in the background.","Scene Summary"
"6baa36c1-e4d0-4dbd-97b2-dff48ecf796e","What structure can be observed in this video clip?","A wall with white paint is observed in this video clip.","The structure observed in the video clip is a window with a white frame.","Scene Summary"
"6baa36c1-e4d0-4dbd-97b2-dff48ecf796e","How is the exterior space utilized in the video action?","The exterior space provides a background for removal of an object.","The exterior space is utilized by the person using the ladder to reach the window, which is part of the porch structure.","Action Caption"
"6baa36c1-e4d0-4dbd-97b2-dff48ecf796e","Is the object completely removed from the wall in the video?","Yes","No, the object is partially removed from the wall, as indicated by the hand reaching towards the wall and the partially removed section.","Whether Something Happened(Y/N)"
"6baa36c1-e4d0-4dbd-97b2-dff48ecf796e","Does the video clip show a wall being painted?","No","Yes","Whether Something Happened(Y/N)"
"6baa36c1-e4d0-4dbd-97b2-dff48ecf796e","In the video, is the wall outdoors?","Yes","No, the wall is indoors.","Whether Something Happened(Y/N)"
"6baa36c1-e4d0-4dbd-97b2-dff48ecf796e","In the video, is the ladder stretched before scraping the wall?","Yes","Yes","Order Judging(Y/N)"
"6baa36c1-e4d0-4dbd-97b2-dff48ecf796e","What happens just before the wall is scraped in the video?","The ladder is stretched","Just before the wall is scraped, the person's hand is seen holding the wall, and the person's hand is also seen holding a tool, possibly a scraper or a similar device.","What event order"
"6baa36c1-e4d0-4dbd-97b2-dff48ecf796e","What exterior work is being performed?","Scraping a wall and smoothing a surface.","The exterior work being performed includes painting the window and repairing the wall.","Scene Summary"
"6baa36c1-e4d0-4dbd-97b2-dff48ecf796e","Where is the activity taking place?","Outside a house.","The activity is taking place in a garage or workshop.","Scene Summary"
"6baa36c1-e4d0-4dbd-97b2-dff48ecf796e","Which tools are being used for the exterior tasks?","A scraper and a planer.","A hammer and a screwdriver are being used for the exterior tasks.","Scene Summary"
"6baa36c1-e4d0-4dbd-97b2-dff48ecf796e","Can you describe the sequence of work shown?","Scraping first, then planing.","Certainly! The sequence of work begins with the person using a hammer to smooth out the paint on the window frame. They then use a sander to further clean and prepare the surface. The person continues to work on the window, using the sander to smooth out the paint and possibly to remove any remaining debris.","Action Caption"
"6baa36c1-e4d0-4dbd-97b2-dff48ecf796e","Does the video show painting work being done?","No.","Yes, the video shows painting work being done, as evidenced by the person using a paint roller to apply paint to the window frame.","Whether Something Happened(Y/N)"
"6baa36c1-e4d0-4dbd-97b2-dff48ecf796e","Is there any smoothing of surfaces portrayed?","Yes.","Yes, the video shows the person smoothing the surface of the window with the tool, indicating the process of smoothing the window.","Whether Something Happened(Y/N)"
"6baa36c1-e4d0-4dbd-97b2-dff48ecf796e","Does the scene capture window installation?","No.","Yes, the scene captures the installation of a window, as indicated by the person's hands working on the window frame and the presence of a window sill with a small object on it.","Whether Something Happened(Y/N)"
"6baa36c1-e4d0-4dbd-97b2-dff48ecf796e","Does the clip depict interior renovation?","No.","Yes, the clip depicts interior renovation, as evidenced by the presence of a window, a ladder, and various tools and materials scattered around the area.","Whether Something Happened(Y/N)"
"6baa36c1-e4d0-4dbd-97b2-dff48ecf796e","Does smoothing the surface occur before scraping the wall?","No","Yes, the person is seen smoothing the surface of the wall before scraping it with the red and yellow scraper.","Order Judging(Y/N)"
"6baa36c1-e4d0-4dbd-97b2-dff48ecf796e","Is the removal of plaster seen before the scraping action?","Yes","Yes, the removal of plaster is seen before the scraping action, as indicated by the plaster being removed from the window frame.","Order Judging(Y/N)"
"6baa36c1-e4d0-4dbd-97b2-dff48ecf796e","Does the planer touch the surface after the wall is scrapped?","Yes","Yes, the planer touches the surface after the wall is scrapped.","Order Judging(Y/N)"
"6baa36c1-e4d0-4dbd-97b2-dff48ecf796e","In the video, is the ladder stretched before scraping the wall?","Yes","Yes, the ladder is stretched before scraping the wall.","Order Judging(Y/N)"
"6baa36c1-e4d0-4dbd-97b2-dff48ecf796e","Does the smoothing of the surface occur after scraping the wall?","Yes","Yes, the smoothing of the surface occurs after scraping the wall.","Order Judging(Y/N)"
"6baa36c1-e4d0-4dbd-97b2-dff48ecf796e","Is something removed from the wall before stretching the ladder?","No","Yes, there is a piece of wood or a similar object removed from the wall before stretching the ladder.","Order Judging(Y/N)"
"6baa36c1-e4d0-4dbd-97b2-dff48ecf796e","In the clip, is the ladder stretched after smoothing the surface?","No","Yes","Order Judging(Y/N)"
"6baa36c1-e4d0-4dbd-97b2-dff48ecf796e","What can be seen happening before smoothing the surface?","Scraping the wall","Before smoothing the surface, the person is seen holding a red and black tool, possibly a scraper or a similar device, and is using it to smooth out the surface of the window.","What event order"
"6baa36c1-e4d0-4dbd-97b2-dff48ecf796e","In the video, what happens before stretching the ladder?","Nothing, it is the first action","Before stretching the ladder, the person is seen holding a red and black tool, possibly a ladder or a similar object, and appears to be in the process of either cleaning or preparing the ladder for use.","What event order"
"6baa36c1-e4d0-4dbd-97b2-dff48ecf796e","What is the setting of the video clip?","Outside a house.","The setting of the video clip appears to be an outdoor area with a person working on a window or door frame.","Scene Summary"
"6baa36c1-e4d0-4dbd-97b2-dff48ecf796e","What task is being performed in the video clip?","Smoothing and scraping a surface.","The task being performed in the video clip is the installation or repair of a window.","Scene Summary"
"6baa36c1-e4d0-4dbd-97b2-dff48ecf796e","What tools are being used in the video clip?","A planer and a scraper.","The tools being used in the video clip include a hammer, a screwdriver, and a small tool with a black handle.","Scene Summary"
"6baa36c1-e4d0-4dbd-97b2-dff48ecf796e","What is the condition of the surface being worked on?","It is a rough surface.","The surface being worked on appears to be in a state of disrepair, with peeling paint and exposed wood.","Scene Summary"
"6baa36c1-e4d0-4dbd-97b2-dff48ecf796e","What is the first action taken on the surface in the clip?","Smoothing it with a planer.","The first action taken on the surface is the person using a hammer to scrape off the old paint.","Action Caption"
"6baa36c1-e4d0-4dbd-97b2-dff48ecf796e","What is the progression of work on the surface in the clip?","From smoothing to scraping.","The progression of work on the surface includes the person using a hammer to smooth out the surface, applying a substance to the surface, and then using a tool to apply a sealant or adhesive to the surface.","Action Caption"
"6baa36c1-e4d0-4dbd-97b2-dff48ecf796e","How is the condition of the surface changing in the clip?","Becoming smoother and cleaner.","The surface is being worked on, and the person is using a tool to smooth out the surface, indicating a process of repair or maintenance.","Action Caption"
"6baa36c1-e4d0-4dbd-97b2-dff48ecf796e","Does the person use a planer on the surface?","Yes.","Yes, the person uses a planer on the surface to smooth out the wood.","Whether Something Happened(Y/N)"
"6baa36c1-e4d0-4dbd-97b2-dff48ecf796e","Is there an action of scraping visible in the new frames?","Yes.","Yes, there is an action of scraping visible in the new frames.","Whether Something Happened(Y/N)"
"6baa36c1-e4d0-4dbd-97b2-dff48ecf796e","Does the clip show the complete smoothing of the surface?","No.","No, the clip does not show the complete smoothing of the surface; it only shows the person's hands and the area being worked on.","Whether Something Happened(Y/N)"
"6baa36c1-e4d0-4dbd-97b2-dff48ecf796e","In the video, is the surface scrapped before it is smoothened with a planer?","No","Yes, the surface is scraped before it is smoothened with a planer.","Order Judging(Y/N)"
"6baa36c1-e4d0-4dbd-97b2-dff48ecf796e","In the sequence, is the planer used before the scraper?","Yes","Yes, the planer is used before the scraper in the sequence.","Order Judging(Y/N)"
"6baa36c1-e4d0-4dbd-97b2-dff48ecf796e","What occurs right before the planer is used on the surface?","Nothing, it's the first action","The planer is used to smooth out the surface, as indicated by the person's hand moving back and forth to apply pressure and smooth the surface.","What event order"
"6baa36c1-e4d0-4dbd-97b2-dff48ecf796e","Did I remove something from the wall before scraping the wall?","Yes","Yes, the person in the video removed a small object from the wall before scraping it.","Order Judging(Y/N)"
"6baa36c1-e4d0-4dbd-97b2-dff48ecf796e","Is the surface smoothened with a planer before scraping with a scraper?","Yes","Yes, the surface is smoothened with a planer before scraping with a scraper.","Order Judging(Y/N)"
"6baa36c1-e4d0-4dbd-97b2-dff48ecf796e","Do I smoothen the surface with a planer before removing something from the wall?","No","Yes, the person in the video is seen using a planer to smooth out the surface of the wall before removing something from it.","Order Judging(Y/N)"
"6baa36c1-e4d0-4dbd-97b2-dff48ecf796e","Is the wall scraped with a scraper before using a planer in one sequence?","No","Yes, the wall is scraped with a scraper in one sequence, which is visible in the background of the video.","Order Judging(Y/N)"
"6baa36c1-e4d0-4dbd-97b2-dff48ecf796e","What setting is shown in the video clip?","An outdoor scene with window frame paint removal.","The setting shown in the video clip is a garage or workshop.","Scene Summary"
"6baa36c1-e4d0-4dbd-97b2-dff48ecf796e","Describe the environment shown in the clip.","An outside area, likely a building's exterior.","The environment shown in the clip is a garage or workshop with a window that has been partially painted. The person is working on a window frame, using a hammer and a tool to smooth out the paint and prepare it for installation.","Scene Summary"
"6baa36c1-e4d0-4dbd-97b2-dff48ecf796e","What tool is being used in the current action?","A paint scraper is being used in the action.","A hammer is being used in the current action.","Action Caption"
"6baa36c1-e4d0-4dbd-97b2-dff48ecf796e","How is the paint being removed in this scene?","The paint is being manually scraped off.","The paint is being removed by scraping it away with a tool, as shown in the video.","Action Caption"
"6baa36c1-e4d0-4dbd-97b2-dff48ecf796e","Does the video show a paint removal process?","Yes.","Yes, the video shows a paint removal process, as the person is seen using a paint scraper to remove the paint from the window frame.","Whether Something Happened(Y/N)"
"6baa36c1-e4d0-4dbd-97b2-dff48ecf796e","Is the person successfully removing paint from a window frame?","Yes.","Yes, the person is successfully removing paint from the window frame, as indicated by the smooth, clean surface visible in the video.","Whether Something Happened(Y/N)"
"6baa36c1-e4d0-4dbd-97b2-dff48ecf796e","Does the scene take place indoors?","No.","No, the scene does not take place indoors; it takes place outdoors.","Whether Something Happened(Y/N)"
"6baa36c1-e4d0-4dbd-97b2-dff48ecf796e","Is the surface smoothed with a planer before scraping with a scraper?","Yes","Yes, the surface is smoothed with a planer before scraping with a scraper.","Order Judging(Y/N)"
"6baa36c1-e4d0-4dbd-97b2-dff48ecf796e","Does the removal of paint on the window frame happen after smoothing a surface?","Yes","Yes, the removal of paint on the window frame happens after smoothing a surface.","Order Judging(Y/N)"
"6baa36c1-e4d0-4dbd-97b2-dff48ecf796e","Is the paint scraper used before the planer on any surface?","No","Yes, the paint scraper is used before the planer on any surface.","Order Judging(Y/N)"
"6baa36c1-e4d0-4dbd-97b2-dff48ecf796e","Is the surface smoothed after removing paint from the window frame?","No","Yes, the surface is smooth after removing paint from the window frame.","Order Judging(Y/N)"
"6baa36c1-e4d0-4dbd-97b2-dff48ecf796e","What happens just before using the scraper on the surface?","Smoothing the surface with a planer","Just before using the scraper on the surface, the person points to the wall, indicating the location of the surface they are working on.","What event order"
"6baa36c1-e4d0-4dbd-97b2-dff48ecf796e","What is done just prior to smoothing a surface?","Nothing, it's the first action.","A person is seen holding a tool, possibly a hammer or a similar object, and appears to be preparing to smooth a surface.","What event order"
"6baa36c1-e4d0-4dbd-97b2-dff48ecf796e","What action takes place before using the paint scraper?","Smoothing and scraping a surface","Before using the paint scraper, the person is seen working on a window, which is partially covered with white paint.","What event order"
"6baa36c1-e4d0-4dbd-97b2-dff48ecf796e","What is the first action performed outside the house?","Smoothing a surface with a planer","The first action performed outside the house is the person using a hammer to scrape off the paint from the window frame.","What event order"
"6baa36c1-e4d0-4dbd-97b2-dff48ecf796e","Did I scrape the wall before smoothing the surface with a planer?","Yes.","Yes, the person in the video has scraped the wall before smoothing the surface with a planer.","Order Judging(Y/N)"
"6baa36c1-e4d0-4dbd-97b2-dff48ecf796e","Did I smooth the surface with a planer before removing paint from the window frame?","Yes.","Yes, the person in the video is seen using a planer to smooth the surface of the window frame before removing paint from the window.","Order Judging(Y/N)"
"6baa36c1-e4d0-4dbd-97b2-dff48ecf796e","What do I do before removing paint from the window frame?","Scrape the wall and smooth a surface.","Before removing paint from the window frame, you should first ensure that the window is closed and the area is clean.","What event order"
"6baa36c1-e4d0-4dbd-97b2-dff48ecf796e","What is the setting of the video clip?","The setting is outside near a window.","The setting of the video clip is a garage or workshop with a window that has been partially stripped of its paint.","Scene Summary"
"6baa36c1-e4d0-4dbd-97b2-dff48ecf796e","What tool is being used on the window?","A scraper is being used.","A hammer is being used on the window.","Action Caption"
"6baa36c1-e4d0-4dbd-97b2-dff48ecf796e","Does the video show paint being scraped off?","Yes.","Yes, the video shows paint being scraped off from the window frame.","Whether Something Happened(Y/N)"
"6baa36c1-e4d0-4dbd-97b2-dff48ecf796e","Is the window frame being refinished?","Yes.","Yes","Whether Something Happened(Y/N)"
"6baa36c1-e4d0-4dbd-97b2-dff48ecf796e","Is a tool being used for paint removal?","Yes.","Yes, a paint scraper is being used to remove paint from the window.","Whether Something Happened(Y/N)"
"6baa36c1-e4d0-4dbd-97b2-dff48ecf796e","Is the person working on interior maintenance?","No.","Yes","Whether Something Happened(Y/N)"
"6baa36c1-e4d0-4dbd-97b2-dff48ecf796e","Is the window frame being replaced?","No.","Yes","Whether Something Happened(Y/N)"
"6baa36c1-e4d0-4dbd-97b2-dff48ecf796e","Is the window opened before the paint is scraped?","Yes","Yes, the window is opened before the paint is scraped.","Order Judging(Y/N)"
"6baa36c1-e4d0-4dbd-97b2-dff48ecf796e","Does the hand touch the window frame before using the scraper?","Yes","Yes, the hand touches the window frame before using the scraper.","Order Judging(Y/N)"
"6baa36c1-e4d0-4dbd-97b2-dff48ecf796e","Is the paint on the window frame removed before the hand is visible?","No","No, the paint on the window frame is not removed before the hand is visible.","Order Judging(Y/N)"
"6baa36c1-e4d0-4dbd-97b2-dff48ecf796e","Does the window frame appear before the scraper is in motion?","Yes","Yes, the window frame appears before the scraper is in motion.","Order Judging(Y/N)"
"6baa36c1-e4d0-4dbd-97b2-dff48ecf796e","Is the paint removed from the window frame before using the planer?","No","Yes, the paint is removed from the window frame before using the planer.","Order Judging(Y/N)"
"6baa36c1-e4d0-4dbd-97b2-dff48ecf796e","Does the surface smoothing with a planer occur before the scraping?","Yes","Yes, the surface smoothing with a planer occurs before the scraping.","Order Judging(Y/N)"
"6baa36c1-e4d0-4dbd-97b2-dff48ecf796e","Is the scraping of the surface completed before removing paint on the window frame?","No","Yes, the scraping of the surface is completed before removing paint on the window frame.","Order Judging(Y/N)"
"6baa36c1-e4d0-4dbd-97b2-dff48ecf796e","What occurs just before scraping the surface?","Smoothening with a planer","A person wearing a blue sleeve is seen reaching towards the window, possibly to adjust or fix something.","What event order"
"6baa36c1-e4d0-4dbd-97b2-dff48ecf796e","What is the main activity taking place outside the house?","Smoothing and scraping surfaces.","The main activity taking place outside the house is the person performing a window repair or maintenance task.","Scene Summary"
"6baa36c1-e4d0-4dbd-97b2-dff48ecf796e","Where is the scene set?","Outside a house.","The scene is set in a garage or workshop.","Scene Summary"
"6baa36c1-e4d0-4dbd-97b2-dff48ecf796e","What tools are being used in this scene?","A planer and a scraper.","The person is using a hammer and a small tool, possibly a screwdriver or a similar tool, to work on the window.","Scene Summary"
"6baa36c1-e4d0-4dbd-97b2-dff48ecf796e","How can you describe the area in which the activity occurs?","It's a woodworking area outside the house.","The area is outdoors, with a window frame that has been partially demolished, revealing the interior of the building. The ground is covered with debris, and there is a ladder leaning against the wall.","Scene Summary"
"6baa36c1-e4d0-4dbd-97b2-dff48ecf796e","What actions are being performed in this video clip?","Smoothing with a planer and scraping with a scraper.","The actions performed in this video clip include sanding, scraping, and smoothing the window frame, as well as adjusting the window's position.","Action Caption"
"6baa36c1-e4d0-4dbd-97b2-dff48ecf796e","What is the focus of the activity in these frames?","Wood surface maintenance.","The focus of the activity in these frames is on a person performing a task involving a window and a ladder.","Action Caption"
"6baa36c1-e4d0-4dbd-97b2-dff48ecf796e","What is the sequence of actions performed outside?","First smoothening, then scraping surfaces.","The sequence of actions performed outside includes the person using a hammer to smooth out the window frame, a person reaching into a container to retrieve a tool, and the person adjusting the window frame to ensure it is properly aligned.","Action Caption"
"6baa36c1-e4d0-4dbd-97b2-dff48ecf796e","How does the person handle the tools in the video?","With precision and care for the task.","The person handles the tools with precision and care, using them to carefully work on the window frame.","Action Caption"
"6baa36c1-e4d0-4dbd-97b2-dff48ecf796e","What are the visible results of the actions in this clip?","Smooth surfaces and wood shavings scattered.","The visible results of the actions in this clip include the window being repaired, the person's hands performing the repair, and the window being resealed.","Action Caption"
"6baa36c1-e4d0-4dbd-97b2-dff48ecf796e","Does the video show the use of a woodworking planer?","Yes","Yes, the video shows the use of a woodworking planer, as the person is seen using it to smooth out the window frame.","Whether Something Happened(Y/N)"
"6baa36c1-e4d0-4dbd-97b2-dff48ecf796e","Is the person scraping a wooden surface?","Yes","Yes","Whether Something Happened(Y/N)"
"6baa36c1-e4d0-4dbd-97b2-dff48ecf796e","Are the actions performed indoor?","No","Yes, the actions are performed indoors.","Whether Something Happened(Y/N)"
"6baa36c1-e4d0-4dbd-97b2-dff48ecf796e","Does the activity involve painting or staining?","No","No, the activity does not involve painting or staining. The person is engaged in a manual task that involves scraping or smoothing the window surface, which is a common task in window cleaning or maintenance.","Whether Something Happened(Y/N)"
"6baa36c1-e4d0-4dbd-97b2-dff48ecf796e","Is the person wearing any safety gear?","No","No, the person is not wearing any visible safety gear such as a helmet or gloves.","Whether Something Happened(Y/N)"
"6baa36c1-e4d0-4dbd-97b2-dff48ecf796e","Was the window frame scraped before it was planed?","No","Yes, the window frame was scraped before it was planed.","Order Judging(Y/N)"
"6baa36c1-e4d0-4dbd-97b2-dff48ecf796e","Did the scraping of a surface happen after smoothening it?","Yes","Yes, the scraping of a surface happened after smoothening it.","Order Judging(Y/N)"
"6baa36c1-e4d0-4dbd-97b2-dff48ecf796e","What happens just before the scraper is used on the window frame?","The surface is smoothened with a planer","Just before the scraper is used on the window frame, the person points at the window frame, indicating the location of the work.","What event order"
"6baa36c1-e4d0-4dbd-97b2-dff48ecf796e","What is the action taken just prior to the planer being used in the video?","There is no action shown before the planer is used","The action taken just prior to the planer being used in the video is the person's hands holding a tool, possibly a hammer or a similar implement, and the person is pointing towards the window.","What event order"
"6baa36c1-e4d0-4dbd-97b2-dff48ecf796e","Was the surface planed before the scraping of paint on the window frame?","Yes","Yes, the surface planed was before the scraping of paint on the window frame.","Order Judging(Y/N)"
"6baa36c1-e4d0-4dbd-97b2-dff48ecf796e","Was the window frame scraped before planing the surface?","No","Yes, the window frame was scraped before planning the surface.","Order Judging(Y/N)"
"6baa36c1-e4d0-4dbd-97b2-dff48ecf796e","Was the window frame scraped first before using any tools?","No","Yes, the window frame was scraped first before using any tools.","Order Judging(Y/N)"
"6baa36c1-e4d0-4dbd-97b2-dff48ecf796e","What's the brief of the depicted scenario?","A person scrapes a surface outside a house.","The brief of the depicted scenario shows a person performing a DIY repair on a window, using a hammer to remove debris from the window frame. The person is using a tool to smooth out the window, and there is a window sill with a decorative pot visible in the background.","Scene Summary"
"6baa36c1-e4d0-4dbd-97b2-dff48ecf796e","What can be inferred about the location in the video clip?","It's a residential outdoor area by a window.","The location appears to be a residential setting, as indicated by the presence of a window with a decorative pot on the sill, a ladder leaning against the wall, and a ladder leaning against the window frame.","Scene Summary"
"6baa36c1-e4d0-4dbd-97b2-dff48ecf796e","How would you describe the environment surrounding the action?","It appears to be tranquil and domestic.","The environment surrounding the action is outdoors, with a clear sky and some greenery visible in the background. The person is working in a well-lit area, and the window frame is partially covered with debris.","Scene Summary"
"6baa36c1-e4d0-4dbd-97b2-dff48ecf796e","Is the person in the video using a tool for scraping?","Yes.","Yes, the person in the video is using a tool for scraping.","Whether Something Happened(Y/N)"
"6baa36c1-e4d0-4dbd-97b2-dff48ecf796e","Is the scraping happening indoors?","No.","Yes","Whether Something Happened(Y/N)"
"6baa36c1-e4d0-4dbd-97b2-dff48ecf796e","Does the footage show the completion of the scraping task?","No.","Yes, the footage shows the completion of the scraping task, as the person is seen holding the tool and the window is now intact.","Whether Something Happened(Y/N)"
"6baa36c1-e4d0-4dbd-97b2-dff48ecf796e","Is the person wearing gloves while scraping?","No.","No, the person is not wearing gloves while scraping.","Whether Something Happened(Y/N)"
"6baa36c1-e4d0-4dbd-97b2-dff48ecf796e","Did I smoothen the surface with a planer before scraping it with a scraper?","Yes","Yes, you did.","Order Judging(Y/N)"
"6baa36c1-e4d0-4dbd-97b2-dff48ecf796e","What occurs just before I scrape the surface with the scraper?","Smoothening with a planer","Before scraping the surface with the scraper, the person is seen holding the scraper and pointing at the window, indicating they are about to start scraping the surface.","What event order"
"6baa36c1-e4d0-4dbd-97b2-dff48ecf796e","Is the scraping of the window frame after smoothing the surface?","Yes","Yes, the scraping of the window frame after smoothing the surface is visible in the video.","Order Judging(Y/N)"
"6baa36c1-e4d0-4dbd-97b2-dff48ecf796e","What happens just before the window frame is scraped?","The surface is smoothened with a planer","Just before the window frame is scraped, the person points at the window frame, indicating the direction of the scraping action.","What event order"
"6baa36c1-e4d0-4dbd-97b2-dff48ecf796e","What occurs right before the surface is smoothened?","The paint is removed with a scraper","A person wearing a blue sleeve is seen holding a tool, possibly a hammer or a similar object, and appears to be preparing to work on the surface.","What event order"
"6baa36c1-e4d0-4dbd-97b2-dff48ecf796e","Can you describe the setting in the video?","The setting is outdoor by the side of a house.","The setting in the video appears to be an outdoor area with a window frame that has been partially painted with white paint. The surrounding environment includes a ladder and some debris on the ground.","Scene Summary"
"6baa36c1-e4d0-4dbd-97b2-dff48ecf796e","Does the person succeed in scraping off the material?","Yes.","Yes, the person successfully scrapes off the material from the window frame, revealing the underlying wood.","Whether Something Happened(Y/N)"
"6baa36c1-e4d0-4dbd-97b2-dff48ecf796e","Is the scraping being done on an interior wall?","No.","Yes, the scraping is being done on an interior wall.","Whether Something Happened(Y/N)"
"6baa36c1-e4d0-4dbd-97b2-dff48ecf796e","Is the person using any tool other than a scraper?","No.","No, the person is using a scraper to scrape the paint off the window frame.","Whether Something Happened(Y/N)"
"6baa36c1-e4d0-4dbd-97b2-dff48ecf796e","Does the scrapping of the surface start before walking outside the house?","No","No, the scrapping of the surface does not start before walking outside the house.","Order Judging(Y/N)"
"6baa36c1-e4d0-4dbd-97b2-dff48ecf796e","In the video, is the scraper used on the lower part of the wall before the upper part?","No","Yes, the scraper is used on the lower part of the wall before the upper part.","Order Judging(Y/N)"
"6baa36c1-e4d0-4dbd-97b2-dff48ecf796e","Is the paint removal near the window sill done after removing paint near the flower pot?","Yes","No, the paint removal near the window sill is not done yet. The person is still working on the window sill, as indicated by the ongoing removal of paint.","Order Judging(Y/N)"
"6baa36c1-e4d0-4dbd-97b2-dff48ecf796e","What action occurs just before the paint near the flower pot is scraped off?","Scraping near the window sill","The action occurs just before the paint near the flower pot is scraped off.","What event order"
"6baa36c1-e4d0-4dbd-97b2-dff48ecf796e","Is the planer used before the scraper?","Yes","Yes, the planer is used before the scraper.","Order Judging(Y/N)"
"6baa36c1-e4d0-4dbd-97b2-dff48ecf796e","Is the scraping done before smoothing the surface?","No","Yes, the person has already begun to smooth the surface with the scraper, indicating that the scraping is done before the smoothing process.","Order Judging(Y/N)"
"6baa36c1-e4d0-4dbd-97b2-dff48ecf796e","Does the planing occur after the scraping?","No","No, the planing does not occur after the scraping. The planing is a process of removing the surface material from the wood, and the person is in the process of scraping the wood to prepare it for the planing process.","Order Judging(Y/N)"
"6baa36c1-e4d0-4dbd-97b2-dff48ecf796e","What happens before the scraping begins?","Smoothing with a planer","Before the scraping begins, the person is holding a tool, likely a scraper or similar device, and is preparing to start the scraping process.","What event order"
"6baa36c1-e4d0-4dbd-97b2-dff48ecf796e","What task is being carried out outside the house?","Smoothening a surface with a planer and scraping.","The task being carried out outside the house is painting a wooden window.","Scene Summary"
"6baa36c1-e4d0-4dbd-97b2-dff48ecf796e","What tools are used in the latest frames for the outdoor task?","A planer and a scraper.","In the latest frames, the person is using a hammer and a paint roller to apply paint to the window.","Scene Summary"
"6baa36c1-e4d0-4dbd-97b2-dff48ecf796e","Describe the surroundings where the task takes place.","Outside a house, likely a work area with debris.","The task takes place in a room with a window, where the person is working on a wooden surface. The surrounding environment includes a ladder and a car parked outside.","Scene Summary"
"6baa36c1-e4d0-4dbd-97b2-dff48ecf796e","What process is demonstrated in the recent video footage?","Woodworking involving smoothing and scraping actions.","The video demonstrates the process of applying and smoothing down a paint or coating on a wooden surface, likely a window or door. The person is using a tool to apply the paint, ensuring it is evenly distributed and smooth.","Scene Summary"
"6baa36c1-e4d0-4dbd-97b2-dff48ecf796e","What is the likely purpose of the actions shown in the clip?","Preparing a wooden surface, possibly for painting or finishing.","The likely purpose of the actions shown in the clip is to repair or restore a damaged window or door. The person is using a sander to smooth out the paint, which suggests they are attempting to repair the damage or to prepare the surface for painting or other repairs.","Scene Summary"
"6baa36c1-e4d0-4dbd-97b2-dff48ecf796e","Describe the sequential actions taken by the individual.","First, using a planer for smoothing, then a scraper.","The individual begins by applying a substance to the wall, which appears to be a type of paint or primer. They then use a tool to scrape off the substance, revealing the wall underneath. The person continues to work on the wall, using the tool to remove more of the substance. The video captures the person's hands and the tool in action, as well as the wall and the surrounding environment.","Action Caption"
"6baa36c1-e4d0-4dbd-97b2-dff48ecf796e","Has the person completed the smoothening task?","Yes.","Yes, the person has completed the smoothening task.","Whether Something Happened(Y/N)"
"6baa36c1-e4d0-4dbd-97b2-dff48ecf796e","Does the individual use more than one tool?","Yes.","Yes, the individual uses two tools, a hammer and a scraper, to work on the wall.","Whether Something Happened(Y/N)"
"6baa36c1-e4d0-4dbd-97b2-dff48ecf796e","Is the work performed indoors in the latest frames?","No, it's outside.","No, the work is being performed outdoors in the latest frames.","Whether Something Happened(Y/N)"
"6baa36c1-e4d0-4dbd-97b2-dff48ecf796e","Have any painting actions been depicted in the summary?","No, only smoothening and scraping are shown.","Yes, the video shows a person using a paint roller to apply paint to a wooden surface, which is a common painting action.","Whether Something Happened(Y/N)"
"6baa36c1-e4d0-4dbd-97b2-dff48ecf796e","In the video, is scraping done before smoothing with a planer?","No","Yes, the video shows the person scraping the wall before smoothing it with a planer.","Order Judging(Y/N)"
"6baa36c1-e4d0-4dbd-97b2-dff48ecf796e","Is the surface scraped after the house exterior is shown?","Yes","Yes","Order Judging(Y/N)"
"6baa36c1-e4d0-4dbd-97b2-dff48ecf796e","What is seen happening before any tool is used on the surface?","Outside of the house shown","Before any tool is used on the surface, a person is seen holding a hammer and a piece of wood, indicating that they are preparing to work on the surface.","What event order"
"6baa36c1-e4d0-4dbd-97b2-dff48ecf796e","In the sequence, is the scraper used before the planer?","No","No, the scraper is used after the planer.","Order Judging(Y/N)"
"6baa36c1-e4d0-4dbd-97b2-dff48ecf796e","Does the scraping happen outdoors?","Yes","Yes, the scraping happens outdoors, as evidenced by the natural light and the presence of a ladder in the background.","Order Judging(Y/N)"
"6baa36c1-e4d0-4dbd-97b2-dff48ecf796e","Is the surface scraped after it is smoothened?","Yes","Yes, the surface is scraped after it is smoothened.","Order Judging(Y/N)"
"6baa36c1-e4d0-4dbd-97b2-dff48ecf796e","Is the scraping performed before standing up?","No","No, the scraping is performed after standing up.","Order Judging(Y/N)"
"6baa36c1-e4d0-4dbd-97b2-dff48ecf796e","What is done before using the scraper in the video?","Smoothening the surface with a planer","Before using the scraper, the person is seen working on a wooden surface, likely a window or door, with a paint roller and a paint scraper.","What event order"
"6baa36c1-e4d0-4dbd-97b2-dff48ecf796e","What happens just before the second scraping action?","The first scraping action","Just before the second scraping action, the person is holding a red-handled tool, likely a scraper or a similar tool, and is preparing to start the scraping action.","What event order"
"6baa36c1-e4d0-4dbd-97b2-dff48ecf796e","What occurs just before the surface is smoothened?","Going outside the house","A person wearing a wristwatch is seen holding a tool, possibly a hammer, and appears to be preparing to use it.","What event order"
"6baa36c1-e4d0-4dbd-97b2-dff48ecf796e","What is the setting of the video clip?","The setting is outdoors, with a person removing unwanted cover.","The setting of the video clip appears to be a residential area with a person working on a window.","Scene Summary"
"6baa36c1-e4d0-4dbd-97b2-dff48ecf796e","What is the main focus of the video clip?","The main focus is on a person removing a cover from a surface.","The main focus of the video clip is the person's hands and the tool being used to apply a substance to a window, specifically focusing on the process of scraping off the old paint and applying a new coat.","Scene Summary"
"6baa36c1-e4d0-4dbd-97b2-dff48ecf796e","What is the person doing with their hand?","They are rubbing waste off with their hand.","The person is holding a tool, possibly a hammer or a similar object, and appears to be using it to push or scrape the paint off the wall.","Action Caption"
"6baa36c1-e4d0-4dbd-97b2-dff48ecf796e","What action follows rubbing the waste?","The person climbs a ladder.","The action follows rubbing the waste with a red-handled tool.","Action Caption"
"6baa36c1-e4d0-4dbd-97b2-dff48ecf796e","What tool is the person using in the action?","The person is using a scraper or a similar tool.","The person is using a hammer.","Action Caption"
"6baa36c1-e4d0-4dbd-97b2-dff48ecf796e","Did the person climb a ladder in the video?","Yes.","No, the person did not climb a ladder in the video.","Whether Something Happened(Y/N)"
"6baa36c1-e4d0-4dbd-97b2-dff48ecf796e","Does the video show the person successfully removing the cover?","Yes.","No, the video does not show the person successfully removing the cover. The person is seen holding the cover in place while the hand is pointing at the area where the cover is being removed.","Whether Something Happened(Y/N)"
"6baa36c1-e4d0-4dbd-97b2-dff48ecf796e","Was the task performed indoors?","No.","Yes, the task was performed indoors, as indicated by the presence of a ladder and a ladder set against a wall in the background.","Whether Something Happened(Y/N)"
"6baa36c1-e4d0-4dbd-97b2-dff48ecf796e","Did I smoothen the surface with a planer before scraping it with a scraper?","Yes.","Yes, you did.","Order Judging(Y/N)"
"6baa36c1-e4d0-4dbd-97b2-dff48ecf796e","Did I climb the ladder before rubbing waste with my hand?","No.","No, you did not climb the ladder before rubbing waste with your hand.","Order Judging(Y/N)"
"6baa36c1-e4d0-4dbd-97b2-dff48ecf796e","Did the removal of unwanted cover happen before climbing the ladder?","No.","Yes, the removal of unwanted cover happened before climbing the ladder.","Order Judging(Y/N)"
"6baa36c1-e4d0-4dbd-97b2-dff48ecf796e","Did I scrape the surface before smoothening it with a planer?","No.","Yes, you did.","Order Judging(Y/N)"
"6baa36c1-e4d0-4dbd-97b2-dff48ecf796e","Did the drawing a planer happen after climbing the ladder?","No.","No, the drawing a planer did not happen after climbing the ladder.","Order Judging(Y/N)"
"6baa36c1-e4d0-4dbd-97b2-dff48ecf796e","What takes place immediately before drawing a planer across the surface?","Being outside the house.","A person wearing a blue sleeve and a black wristwatch is seen holding a black and red planer, which is being used to smooth out the surface of a window.","What event order"
"6baa36c1-e4d0-4dbd-97b2-dff48ecf796e","What do I do before rubbing waste with my hand?","Being outside.","Before rubbing waste with your hand, you should first ensure that the area is clean and dry. Then, you can use the tool to remove any loose debris or paint from the surface.","What event order"
"6baa36c1-e4d0-4dbd-97b2-dff48ecf796e","Did I scrape the surface before using a planer?","No","Yes, the person in the video is seen using a planer to scrape the surface of the window before applying the sealant.","Order Judging(Y/N)"
"6baa36c1-e4d0-4dbd-97b2-dff48ecf796e","Did the planer use happen after the ladder climbing?","No","No, the planer did not use the ladder after the ladder climbing.","Order Judging(Y/N)"
"6baa36c1-e4d0-4dbd-97b2-dff48ecf796e","Was the surface scraped after using the planer?","Yes","Yes, the surface was scraped after using the planer.","Order Judging(Y/N)"
"6baa36c1-e4d0-4dbd-97b2-dff48ecf796e","Was the waste rubbed off before I climbed the ladder?","Yes","No, the waste was not rubbed off before I climbed the ladder.","Order Judging(Y/N)"
"6baa36c1-e4d0-4dbd-97b2-dff48ecf796e","What happens just before I scrape the surface?","Smoothening with a planer","Just before I scrape the surface, the person points at the wall, indicating that they are about to start scraping.","What event order"
"6baa36c1-e4d0-4dbd-97b2-dff48ecf796e","What event occurs before using the planer?","Climbing the ladder","Before using the planer, the person is seen working on a window, which is partially covered with a white substance, likely paint or plaster.","What event order"
"6baa36c1-e4d0-4dbd-97b2-dff48ecf796e","What is the focus of the video's depicted scenario?","Removing unwanted cover from wood surface.","The video's depicted scenario is a person engaged in a DIY or home improvement project, focusing on a window that has been partially painted with white paint.","Scene Summary"
"6baa36c1-e4d0-4dbd-97b2-dff48ecf796e","Describe the setting shown in the video clip.","Outside, near a window with a wood surface.","The video shows a person working on a window with a paint roller, applying a white substance to the window frame. The surrounding environment includes a ladder and a car parked outside.","Scene Summary"
"6baa36c1-e4d0-4dbd-97b2-dff48ecf796e","What can be observed about the environment in the clip?","It's outdoors, possibly at a residential location.","The environment in the clip includes a window with peeling paint, a ladder, and a ladder set against a backdrop of a cloudy sky and some trees.","Scene Summary"
"6baa36c1-e4d0-4dbd-97b2-dff48ecf796e","Narrate the activity captured in this clip.","Holding a scraper, staring at, and scraping a wood surface.","The video shows a person engaged in a DIY project, specifically a window repair or painting task. The individual is using a hammer to smooth out the paint on the window frame, which is in the process of being repaired. The person is wearing a watch and a wristwatch, indicating they are likely following safety guidelines while working. The setting appears to be an outdoor area with a ladder and a car visible in the background, suggesting the work is being done in a residential or semi-urban environment. The video captures the person's hands and the tool in motion, emphasizing the precision and care taken in the repair process.","Action Caption"
"6baa36c1-e4d0-4dbd-97b2-dff48ecf796e","Can you provide a caption for the action taking place?","Scraping Away: Unveiling the Wood Beneath.","Yes, the caption for the action taking place is ""A person is painting a window with a paint roller.""","Action Caption"
"6baa36c1-e4d0-4dbd-97b2-dff48ecf796e","Did the individual successfully remove some of the unwanted cover?","Yes.","Yes, the individual successfully removed some of the unwanted cover, as indicated by the partially removed section of the wall.","Whether Something Happened(Y/N)"
"6baa36c1-e4d0-4dbd-97b2-dff48ecf796e","Is the person using a tool to work on the surface?","Yes.","Yes, the person is using a tool to work on the surface.","Whether Something Happened(Y/N)"
"6baa36c1-e4d0-4dbd-97b2-dff48ecf796e","Has the person been carefully examining the wood surface?","Yes.","Yes, the person has been carefully examining the wood surface, indicating a meticulous approach to the task at hand.","Whether Something Happened(Y/N)"
"6baa36c1-e4d0-4dbd-97b2-dff48ecf796e","Is the work being performed close to a window?","Yes.","Yes, the work being performed is close to a window, as evidenced by the visible window frame and the person's hand positioning near the window sill.","Whether Something Happened(Y/N)"
"6baa36c1-e4d0-4dbd-97b2-dff48ecf796e","Did I rub waste with my hand before climbing the ladder?","Yes.","No, you should not have rubbed waste with your hand before climbing the ladder.","Order Judging(Y/N)"
"6baa36c1-e4d0-4dbd-97b2-dff48ecf796e","Is the unwanted cover removed after I stare at the wood surface?","No.","No, the unwanted cover is not removed after I stare at the wood surface.","Order Judging(Y/N)"
"6baa36c1-e4d0-4dbd-97b2-dff48ecf796e","Do I hold the scraper before removing the unwanted cover?","No.","Yes, the person is holding the scraper before removing the unwanted cover.","Order Judging(Y/N)"
"6baa36c1-e4d0-4dbd-97b2-dff48ecf796e","Am I outside when I stare at the wood surface?","Yes.","No, you are not outside when you stare at the wood surface.","Order Judging(Y/N)"
"6baa36c1-e4d0-4dbd-97b2-dff48ecf796e","What happens just before I hold the scraper?","Staring at the wood surface.","Just before I hold the scraper, the person is seen adjusting the angle of the scraper to ensure it is properly positioned for the task at hand.","What event order"
"6baa36c1-e4d0-4dbd-97b2-dff48ecf796e","Did I smooth the surface with a planer before scraping it with a scraper?","Yes","Yes, you did.","Order Judging(Y/N)"
"6baa36c1-e4d0-4dbd-97b2-dff48ecf796e","Did I rub waste with my hand before climbing the ladder?","Yes","No, you should not have rubbed waste with your hand before climbing the ladder.","Order Judging(Y/N)"
"6baa36c1-e4d0-4dbd-97b2-dff48ecf796e","Did I climb the ladder before removing the unwanted cover from the surface?","Yes","No, the ladder was not used to reach the surface.","Order Judging(Y/N)"
"6baa36c1-e4d0-4dbd-97b2-dff48ecf796e","What is the setting depicted in the video clip?","It is an outdoor setting surrounding a window frame.","The setting depicted in the video clip is a residential area with a window that has been partially stripped of its paint.","Scene Summary"
"6baa36c1-e4d0-4dbd-97b2-dff48ecf796e","What is the state of the window frame in the scene?","The window frame is in the process of being scraped.","The window frame is in a state of disrepair, with peeling paint and a rough texture.","Scene Summary"
"6baa36c1-e4d0-4dbd-97b2-dff48ecf796e","Describe the immediate environment around the window frame.","There's discarded material on the ground near the window frame.","The immediate environment around the window frame includes a ladder leaning against the wall, a small ladder, and a handrail. The area is cluttered with various items, including a red object and a white object, and there is a green wall in the background.","Scene Summary"
"6baa36c1-e4d0-4dbd-97b2-dff48ecf796e","What can be inferred about the surface condition in the scene?","The surface likely needed maintenance, as it's being scraped.","The surface appears to be weathered and worn, with visible cracks and discoloration, suggesting it has been exposed to the elements for a considerable amount of time.","Scene Summary"
"6baa36c1-e4d0-4dbd-97b2-dff48ecf796e","Are there any signs of ongoing construction or repair in the video?","Yes, the scraping indicates repair or renovation work.","Yes, there are signs of ongoing construction or repair in the video. The person is using a hammer to work on the window, and there is a ladder leaning against the window frame, indicating that the work is being done in a work area.","Scene Summary"
"6baa36c1-e4d0-4dbd-97b2-dff48ecf796e","What action is the person performing in the new frames?","The person is scraping the surface of a window frame.","The person is using a hammer to scrape or remove the paint from the window frame.","Action Caption"
"6baa36c1-e4d0-4dbd-97b2-dff48ecf796e","How is the person preparing the window frame?","By removing unwanted cover and rubbing the surface.","The person is using a hammer to smooth out the paint on the window frame, ensuring it is clean and free of debris.","Action Caption"
"6baa36c1-e4d0-4dbd-97b2-dff48ecf796e","What maintenance task can be seen happening around a window?","Scraping off old paint or material from the window frame.","The maintenance task involves scraping off the paint from the window frame, which is a common task to remove old paint and prepare the surface for painting or to clean the window.","Action Caption"
"6baa36c1-e4d0-4dbd-97b2-dff48ecf796e","Has the protective cover been removed from the window surface?","Yes.","Yes, the protective cover has been removed from the window surface, revealing the window's surface.","Whether Something Happened(Y/N)"
"6baa36c1-e4d0-4dbd-97b2-dff48ecf796e","Is there any sign of the person completing the scraping action?","No, the person is still holding the scraper.","Yes, there is a visible sign of the person completing the scraping action, as indicated by the completion of the scraping action and the person's hand positioning on the wall.","Whether Something Happened(Y/N)"
"6baa36c1-e4d0-4dbd-97b2-dff48ecf796e","Does the footage show a fully renovated window frame?","No, the window is still being worked on.","No, the footage does not show a fully renovated window frame. The person is still working on the window, as indicated by the ongoing task of sanding and smoothing the surface.","Whether Something Happened(Y/N)"
"6baa36c1-e4d0-4dbd-97b2-dff48ecf796e","Did the person in the video fully rub the surface?","No, only part of the surface has been rubbed.","No, the person did not fully rub the surface.","Whether Something Happened(Y/N)"
"6baa36c1-e4d0-4dbd-97b2-dff48ecf796e","Has all the discarded material been cleared from the ground?","No, the material is still on the ground.","Yes, all the discarded material has been cleared from the ground.","Whether Something Happened(Y/N)"
"6baa36c1-e4d0-4dbd-97b2-dff48ecf796e","In the video, does staring at the wood surface occur before removing the unwanted cover?","No","Yes, staring at the wood surface occurs before removing the unwanted cover.","Order Judging(Y/N)"
"6baa36c1-e4d0-4dbd-97b2-dff48ecf796e","Is the wood surface rubbed after removing the unwanted cover?","Yes","Yes, the wood surface is rubbed after removing the unwanted cover, as indicated by the person's hand pointing at the area where the cover was removed.","Order Judging(Y/N)"
"6baa36c1-e4d0-4dbd-97b2-dff48ecf796e","In the video, does holding the scraper happen before rubbing the surface?","Yes","Yes, the person holds the scraper before rubbing the surface.","Order Judging(Y/N)"
"6baa36c1-e4d0-4dbd-97b2-dff48ecf796e","What happens just before rubbing the wood surface in the video?","Removing unwanted cover","Just before rubbing the wood surface, the person is seen holding a tool, likely a hammer, and appears to be preparing to use it.","What event order"
"6baa36c1-e4d0-4dbd-97b2-dff48ecf796e","What happens just before removing the unwanted cover in the video?","Staring at the wood surface.","Just before removing the unwanted cover, the person uses a hammer to carefully remove the cover from the window frame.","What event order"
"6baa36c1-e4d0-4dbd-97b2-dff48ecf796e","Did rubbing the surface happen before staring at the wood surface?","No","Yes, rubbing the surface happened before staring at the wood surface.","Order Judging(Y/N)"
"6baa36c1-e4d0-4dbd-97b2-dff48ecf796e","Was the ladder climbed before removing the unwanted cover?","Yes","Yes, the ladder was climbed before removing the unwanted cover.","Order Judging(Y/N)"
"6baa36c1-e4d0-4dbd-97b2-dff48ecf796e","Was the unwanted cover removed after rubbing waste with hand?","Yes","Yes, the unwanted cover was removed after rubbing waste with the hand.","Order Judging(Y/N)"
"6baa36c1-e4d0-4dbd-97b2-dff48ecf796e","Did staring at the wood surface happen before holding the scraper?","No","Yes, staring at the wood surface happened before holding the scraper.","Order Judging(Y/N)"
"6baa36c1-e4d0-4dbd-97b2-dff48ecf796e","What is done after staring at the wood surface?","Holding the scraper","The person begins to work on the wood, using a tool to smooth out the surface.","What event order"
"6baa36c1-e4d0-4dbd-97b2-dff48ecf796e","What is the overall setting of the video clip?","Outside, near a building with unwanted cover being removed.","The video clip is set in a room with a window that has been partially painted with white paint. The person is working on the window, using a tool to smooth out the paint and possibly to fix any damage or imperfections.","Scene Summary"
"6baa36c1-e4d0-4dbd-97b2-dff48ecf796e","What's the main focus of the scene?","A person cleaning an area by a building.","The main focus of the scene is a person working on a window, using a tool to smooth out the paint and prepare it for painting.","Scene Summary"
"6baa36c1-e4d0-4dbd-97b2-dff48ecf796e","What kind of location is shown in the video?","An outdoor location by a building.","The video shows a person working on a window in a residential setting, indicated by the presence of a window frame and a ladder in the background.","Scene Summary"
"6baa36c1-e4d0-4dbd-97b2-dff48ecf796e","What task is being performed in the frames?","Scraping off unwanted cover from a surface.","The task being performed is painting a window.","Action Caption"
"6baa36c1-e4d0-4dbd-97b2-dff48ecf796e","Can you detail the activity taking place?","A person removing a covering layer from a window.","The video shows a person engaged in a DIY or repair task, focusing on a window or door frame. The individual is using a tool, possibly a hammer or a similar implement, to work on the surface of the window or door. The person is carefully applying or smoothing the tool across the surface, indicating a meticulous and methodical approach to the task. The surrounding area is cluttered with debris, suggesting that the work is being done in a somewhat disorganized environment.","Action Caption"
"6baa36c1-e4d0-4dbd-97b2-dff48ecf796e","What is the immediate action captured?","A hand using a tool to clean a window.","The immediate action captured is a person using a hammer to smooth out a piece of wood or a similar material on a window frame.","Action Caption"
"6baa36c1-e4d0-4dbd-97b2-dff48ecf796e","What is the implication of the depicted movement?","Preparation or cleaning of a building's exterior.","The movement of the person's hands and the tool being used suggests that they are actively engaged in a task that requires precision and attention to detail, such as painting or repairing a surface. The person's focus and the careful handling of the tool indicate a level of expertise and attention to detail, which could imply that they are performing a task that requires skill and care.","Action Caption"
"6baa36c1-e4d0-4dbd-97b2-dff48ecf796e","Did the camera wearer completely remove the unwanted cover?","No.","No, the camera wearer did not completely remove the unwanted cover. The cover is still present on the window frame, and the person is still working on the window.","Whether Something Happened(Y/N)"
"6baa36c1-e4d0-4dbd-97b2-dff48ecf796e","Did the video contain any interaction with another person?","No, it only shows a person working alone.","No, the video does not contain any interaction with another person. It focuses solely on the individual performing the task of sanding the window.","Whether Something Happened(Y/N)"
"6baa36c1-e4d0-4dbd-97b2-dff48ecf796e","Does the frame convey the completion of the task?","No, the task appears to be in progress.","No, the frame does not convey the completion of the task. The video shows the person working on the window, but the final frame does not show the completed task.","Whether Something Happened(Y/N)"
"6baa36c1-e4d0-4dbd-97b2-dff48ecf796e","Did the rubbing of the surface happen before walking outside?","No","Yes, the rubbing of the surface happened before walking outside.","Order Judging(Y/N)"
"6baa36c1-e4d0-4dbd-97b2-dff48ecf796e","Is the scraper held after removing unwanted cover from the surface?","Yes","Yes, the scraper is held after removing the unwanted cover from the surface.","Order Judging(Y/N)"
"6baa36c1-e4d0-4dbd-97b2-dff48ecf796e","Does the unwanted cover get removed before the surface is rubbed?","Yes","No, the unwanted cover does not get removed before the surface is rubbed.","Order Judging(Y/N)"
"6baa36c1-e4d0-4dbd-97b2-dff48ecf796e","Did walking outside occur before holding the scraper?","Yes","No, the person is holding the scraper inside the garage before walking outside.","Order Judging(Y/N)"
"6baa36c1-e4d0-4dbd-97b2-dff48ecf796e","What happens before the surface is rubbed?","Unwanted cover is removed.","Before the surface is rubbed, the person is seen holding a tool, possibly a hammer or a similar implement, and appears to be preparing to work on the surface.","What event order"
"6baa36c1-e4d0-4dbd-97b2-dff48ecf796e","What occurs just before the scraper is held?","The surface is rubbed.","A person wearing a watch is seen holding a watch in their left hand.","What event order"
"6baa36c1-e4d0-4dbd-97b2-dff48ecf796e","What takes place just before removing unwanted cover?","Being outside.","Before removing unwanted cover, the person is seen holding a tool, possibly a hammer or a similar implement, and appears to be inspecting or adjusting something on the wall.","What event order"
"6baa36c1-e4d0-4dbd-97b2-dff48ecf796e","What action occurs before the unwanted cover is removed a second time?","Holding the scraper.","Before the unwanted cover is removed a second time, the person is using a hammer to smooth out the paint on the window frame.","What event order"
"6baa36c1-e4d0-4dbd-97b2-dff48ecf796e","Did I stare at the wood surface before removing the unwanted cover?","No","No, you didn't stare at the wood surface before removing the unwanted cover.","Order Judging(Y/N)"
"6baa36c1-e4d0-4dbd-97b2-dff48ecf796e","Did I rub the surface after removing the unwanted cover?","Yes","No, you should not have rubbed the surface after removing the unwanted cover.","Order Judging(Y/N)"
"6baa36c1-e4d0-4dbd-97b2-dff48ecf796e","Did I remove the unwanted cover before walking outside?","Yes","No, the person did not remove the unwanted cover before walking outside.","Order Judging(Y/N)"
"6baa36c1-e4d0-4dbd-97b2-dff48ecf796e","What happened before I held the scraper?","Removed unwanted cover and stared at the surface","Before I held the scraper, I was working on a window.","What event order"
"6baa36c1-e4d0-4dbd-97b2-dff48ecf796e","What occurred just before walking outside?","Removed the unwanted cover","Before walking outside, the person was engaged in a DIY project, specifically a window repair or painting task.","What event order"
"6baa36c1-e4d0-4dbd-97b2-dff48ecf796e","What takes place right before removing the unwanted cover?","Nothing, it's the initial action","A person is seen holding a tool, possibly a hammer or a similar object, and appears to be in the process of removing a cover from a window.","What event order"
"6baa36c1-e4d0-4dbd-97b2-dff48ecf796e","What action occurred immediately before rubbing the surface?","Removed unwanted cover","The person began to work on the window, using a tool to smooth out the paint and prepare it for the next step in the repair process.","What event order"
"e58207f1-84ec-424b-a997-ff64a57eb13b","What is the setting of the video clip?","The setting is inside a house.","The setting of the video clip is a modern, well-lit interior space with a minimalist design, featuring a living room, a bedroom, and a hallway.","Scene Summary"
"e58207f1-84ec-424b-a997-ff64a57eb13b","What activity occurs in the scene?","Walking around and checking items.","A person wearing a black hoodie and sunglasses is seen sitting on a couch, holding a small object, possibly a phone or a remote control, and appears to be engaged in a conversation or activity on the phone.","Scene Summary"
"e58207f1-84ec-424b-a997-ff64a57eb13b","Are there multiple people in the video?","Yes, two people are present.","Yes, there are multiple people in the video, including a person wearing a black hoodie and sunglasses, a person sitting on a gray couch, and another person standing in the background.","Scene Summary"
"e58207f1-84ec-424b-a997-ff64a57eb13b","Did I exit the house during the video?","No.","Yes, the person in the black hoodie and shorts exited the house during the video.","Whether Something Happened(Y/N)"
"e58207f1-84ec-424b-a997-ff64a57eb13b","Did I ignore any rooms while checking?","No.","No, you did not ignore any rooms while checking.","Whether Something Happened(Y/N)"
"e58207f1-84ec-424b-a997-ff64a57eb13b","Did the interaction with the other person seem hostile?","No.","No, the interaction with the other person seemed friendly and casual.","Whether Something Happened(Y/N)"
"e58207f1-84ec-424b-a997-ff64a57eb13b","Did I find anything unusual in the items?","The video does not indicate that.","Yes, there is a bottle with a white label on the floor near the person.","Whether Something Happened(Y/N)"
"e58207f1-84ec-424b-a997-ff64a57eb13b","What setting is introduced in this video clip?","An interior of a house.","The setting is introduced in the first scene, where the person is sitting on a couch in a modern, well-lit and brightly lit living/INFO","Scene Summary"
"e58207f1-84ec-424b-a997-ff64a57eb13b","What objects are central to the scene in this video?","A magazine and a woman.","The central objects in the scene are the person sitting on the couch, the magazine, and the person holding the magazine.","Scene Summary"
"e58207f1-84ec-424b-a997-ff64a57eb13b","Describe the layout of the room shown.","Room with large windows and modern lighting.","The room is a spacious, well-lit living space with a modern design. It features a large, comfortable couch with a gray cushion, a glass coffee table, and a television mounted on the wall. There is a television on a stand to the left of the couch, and a large window with blinds on the left side of the room. The floor is a polished concrete, and the walls are painted white. A potted plant is placed on the floor near the couch.","Scene Summary"
"e58207f1-84ec-424b-a997-ff64a57eb13b","What activity dominates this scene?","Reading and interacting with another person.","The activity is a person sitting on a couch, holding a magazine with a focus on the front cover, which features a woman's face and the text '#a new cut'.","Scene Summary"
"e58207f1-84ec-424b-a997-ff64a57eb13b","What is the relationship between the primary elements in this scene?","They involve engagement with reading material and human interaction.","The primary elements in this scene are the person, the couch, the magazine, and the television. The person is seen sitting on the couch, reading the magazine, and the television is on. The magazine features a cover with a woman's face and text, and the television is turned on.","Scene Summary"
"e58207f1-84ec-424b-a997-ff64a57eb13b","What action am I performing in these frames?","Holding and looking at a magazine.","In the first frame, the person is sitting on a couch, wearing a black hoodie, and appears to be looking at a magazine. In the second frame, the person is seen/INFOya, wearing a black hoodie, sitting on the couch, and holding the magazine. In the third frame, the person is seen from the side, still wearing the black hoodie, and is holding the magazine.","Action Caption"
"e58207f1-84ec-424b-a997-ff64a57eb13b","What activity follows holding the magazine?","Looking at the magazine.","The person holding the magazine is seen.)","Action Caption"
"e58207f1-84ec-424b-a997-ff64a57eb13b","Did I hold the magazine before walking around the house?","No","No, you didn't hold the magazine before walkingNECT","Order Judging(Y/N)"
"e58207f1-84ec-424b-a997-ff64a57eb13b","Did I look at the magazine before walking around with another person?","Yes","No, you didn't look at the magazine before walking around with another person.","Order Judging(Y/N)"
"e58207f1-84ec-424b-a997-ff64a57eb13b","Was the magazine held after checking on items in the house?","No","Yes, the magazine was held in the foreground of the video, and the person's hand is visible, holding the magazine.","Order Judging(Y/N)"
"e58207f1-84ec-424b-a997-ff64a57eb13b","What do I do just before interacting with the woman?","Holding the magazine","You are likely referring to the woman sitting on the couch, as she is holding a magazine with a woman's face on it.","What event order"
"e58207f1-84ec-424b-a997-ff64a57eb13b","What action is performed just before I check on items?","Walking around the house","The person in the video is seen.)","What event order"
"e58207f1-84ec-424b-a997-ff64a57eb13b","What happens right before I hold the magazine?","Walking with another person","In the video, you can see a person sitting on a couch in the living/INFO","What event order"
"e58207f1-84ec-424b-a997-ff64a57eb13b","What is done immediately before walking around the house?","Being inside the house","The person is seen.)","What event order"
"e58207f1-84ec-424b-a997-ff64a57eb13b","What does the environment indicate about the video's setting?","The video is set in a modern, well-lit living space.","The environment, characterized by a modern and minimalist interior with a large television, a comfortable seating area, and a cozy atmosphere, suggests that the video is set in a well-designed, contemporary living space.","Scene Summary"
"e58207f1-84ec-424b-a997-ff64a57eb13b","What activity is being undertaken in the living area?","Reading and interacting with another person.","The person in the living area is engaged in a relaxed activity, possibly reading or looking at a magazine, as indicated by the open book on the couch.","Scene Summary"
"e58207f1-84ec-424b-a997-ff64a57eb13b","Describe the indoor setting captured in the video.","A living room with a TV unit, books, and seating areas.","The video captures a spacious, modern office or living room with a high ceiling, bright lighting, and a large window that allows natural light to flood the space. The room features a comfortable seating area with a gray couch and a white armchair, a large magazine or book titled 'Stand-Up' on a table, and a person sitting on the armchair, holding a drink. The walls are painted white, and there are various office supplies and decorative items scattered around. The room is well-lit with natural light streaming in from the large window, creating a bright and inviting atmosphere.","Scene Summary"
"e58207f1-84ec-424b-a997-ff64a57eb13b","What items in the room indicate leisure activities?","A television and books suggest leisure or relaxation.","The presence of a magazine on the couch, a remote control, and a pair of sunglasses on the person's lap indicate leisure activities.","Scene Summary"
"e58207f1-84ec-424b-a997-ff64a57eb13b","What furnishings can be observed in the video scene?","A TV stand, shelves, and magazines can be seen.","The furnishings include a gray sofa, a blue magazine, a black bag, a black bag, a black bag, a black bag, a black bag, a black bag, a black bag, a black bag, a black bag, a black bag, a black bag, a black bag, a black bag, a black bag, a black bag, a black bag, a black bag, a black bag, a black bag, a black bag, a black bag, a black bag, a black bag, a black bag, a black bag, a black bag, a black bag, a black bag, a black bag, a black bag, a black bag, a black bag, a black bag, a black bag, a black bag, a black bag, a black bag, a black bag, a black bag, a black bag, a black bag, a black bag, a black bag, a black bag, a black bag, a black bag, a black bag, a black bag, a black bag, a black bag, a black bag, a black bag, a black bag, a black bag, a black bag, a black bag, a black bag, a black bag, a black bag, a black bag, a black bag, a","Scene Summary"
"e58207f1-84ec-424b-a997-ff64a57eb13b","What actions are performed by the individual regarding the books?","The individual is turning the pages and reading a book.","The individual is seen holding a book titled 'Stand-Up' and appears to be reading or flipping through it.","Action Caption"
"e58207f1-84ec-424b-a997-ff64a57eb13b","How does the person engage with the media in the room?","The person seems to ignore the TV and focuses on the book.","The person engages with the media by holding a magazine titled 'Stand-Up' and flipping through its pages, appearing to read or look at the content.","Action Caption"
"e58207f1-84ec-424b-a997-ff64a57eb13b","Did the person read a book in the video?","Yes.","Yes, the person is seen holding a book in their lap, suggesting they were reading it.","Whether Something Happened(Y/N)"
"e58207f1-84ec-424b-a997-ff64a57eb13b","Did the individual change the page of the book at least once?","Yes.","Yes, the individual made a few changes to the page of the book, including turning the pages and adjusting the text.","Whether Something Happened(Y/N)"
"e58207f1-84ec-424b-a997-ff64a57eb13b","Did the person have an interaction with someone in the room?","Yes.","Yes, the person was seen holding a book and gesturing with their hands, possibly engaging in a conversation or interaction with someone in the room.","Whether Something Happened(Y/N)"
"e58207f1-84ec-424b-a997-ff64a57eb13b","In the video, is the magazine held before turning book pages?","Yes.","Yes","Order Judging(Y/N)"
"e58207f1-84ec-424b-a997-ff64a57eb13b","Is the book read after interacting with a woman?","No.","Yes","Order Judging(Y/N)"
"e58207f1-84ec-424b-a997-ff64a57eb13b","In the video, does looking around occur before holding the magazine?","No.","Yes, looking around occurs before holding the magazine.","Order Judging(Y/N)"
"e58207f1-84ec-424b-a997-ff64a57eb13b","What is done just before interacting with a woman?","Looking at the magazine.","Just before interacting with a woman, the person is seen holding a magazine titled 'Stand-Up' and appears to be reading it.","What event order"
"e58207f1-84ec-424b-a997-ff64a57eb13b","What occurs just before turning book pages?","Looking around.","Just before turning the book pages, the person is seen holding a book titled 'Stand-Up' and appears to be reading or flipping through it.","What event order"
"e58207f1-84ec-424b-a997-ff64a57eb13b","What is performed just before reading a book?","Turning book pages.","Just before reading a book, the person is seen sitting on the couch, holding the book, and appears to be reading or about to read it.","What event order"
"e58207f1-84ec-424b-a997-ff64a57eb13b","In the video sequence, what is done before interacting with a different woman?","Reading a book.","Before interacting with a different woman, the person in the black jacket and sunglasses is seen sitting on a couch, holding a magazine titled 'Stand-Up'.","What event order"
"e58207f1-84ec-424b-a997-ff64a57eb13b","Did I walk around the house before holding the magazine?","Yes.","Yes, you walked around the house before holding the magazine.","Order Judging(Y/N)"
"e58207f1-84ec-424b-a997-ff64a57eb13b","Was the magazine held before reading a book?","Yes.","Yes, the magazine was held before reading a book.","Order Judging(Y/N)"
"e58207f1-84ec-424b-a997-ff64a57eb13b","Did reading a book happen before walking around the house?","No.","Yes, the person was seen holding a book before walking around the house.","Order Judging(Y/N)"
"e58207f1-84ec-424b-a997-ff64a57eb13b","What occurs just before reading a book?","Turn book pages.","Just before reading a book, the person is seen sitting on the couch, holding the book, and appears to be reading or about to read it.","What event order"
"e58207f1-84ec-424b-a997-ff64a57eb13b","What action takes place before walking around the house?","No preceding action mentioned.","Before walking around the house, the person is seen sitting on the couch, holding a magazine, and appears to be reading or looking at something.","What event order"
"e58207f1-84ec-424b-a997-ff64a57eb13b","What is the location setting in this video clip?","Inside a house.","The location setting in this video clip is a modern, well-lit and spacious living room/INFO","Scene Summary"
"e58207f1-84ec-424b-a997-ff64a57eb13b","Describe the atmosphere of the scene.","A casual, indoor environment.","The atmosphere of the scene is calm and serene, with natural light streaming in through the windows, creating a warm and inviting ambiance. The room is well-lit, with a cozy and comfortable setting.","Scene Summary"
"e58207f1-84ec-424b-a997-ff64a57eb13b","What is the relationship between the participants in the video?","They appear to be acquaintances.","The relationship between the participants in the video appears to be casual and relaxed, with one person engaging in a conversation or interaction with the camera, while the other person is seated comfortably in the living room.","Scene Summary"
"e58207f1-84ec-424b-a997-ff64a57eb13b","Did the characters engage in any recreational activity?","Yes, they read magazines.","Yes, the characters engaged in a recreational activity by holding a magazine and flipping through its pages, which suggests they were reading or discussing the content.","Action Caption"
"e58207f1-84ec-424b-a997-ff64a57eb13b","Did the characters sit down for a formal meeting?","No.","No, the characters did not sit down for a formal meeting.","Whether Something Happened(Y/N)"
"e58207f1-84ec-424b-a997-ff64a57eb13b","Are the characters in the video clip outdoors?","No.","No, the characters are indoors.","Whether Something Happened(Y/N)"
"e58207f1-84ec-424b-a997-ff64a57eb13b","Is there any sign of an argument happening in the video?","No.","No, there is no sign of an argument happening in the video.","Whether Something Happened(Y/N)"
"e58207f1-84ec-424b-a997-ff64a57eb13b","Did the characters watch television in the clip?","No.","Yes, the characters watched television in the clip.","Whether Something Happened(Y/N)"
"e58207f1-84ec-424b-a997-ff64a57eb13b","Is there any physical activity performed by the characters?","No.","No, there is no physical activity performed by the characters in the video.","Whether Something Happened(Y/N)"
"e58207f1-84ec-424b-a997-ff64a57eb13b","Does reading a book happen before talking to the woman?","Yes.","Yes, the book is open on the coffee table in front of the woman, and she is seen holding it while talking to her.","Order Judging(Y/N)"
"e58207f1-84ec-424b-a997-ff64a57eb13b","Is looking around done before turning book pages?","Yes.","Yes, the person is seen looking around before turning the book pages.","Order Judging(Y/N)"
"e58207f1-84ec-424b-a997-ff64a57eb13b","What occurs just before reading the magazines?","Talking to each other.","Just before reading the magazines, the person in the black hoodie and white sneakers is seen adjusting their glasses, possibly to read the text on the magazines.","What event order"
"e58207f1-84ec-424b-a997-ff64a57eb13b","What takes place immediately before looking around?","Turning book pages.","A person wearing a black hoodie with the text 'Los Angeles' and 'Los Angeles' on it, along with white sneakers, walks into the room.","What event order"
"e58207f1-84ec-424b-a997-ff64a57eb13b","What action is performed just before talking to each other?","Looking around.","Just before talking to each other, the person in the black hoodie and white shorts is seen adjusting their glasses.","What event order"
"e58207f1-84ec-424b-a997-ff64a57eb13b","Did I look around before holding the magazine?","No.","Yes, you looked around before holding the magazine.","Order Judging(Y/N)"
"e58207f1-84ec-424b-a997-ff64a57eb13b","What activities were performed in the room?","Reading a magazine and making coffee.","The activities performed in the room included a person sitting on a chair, a person sitting on a couch, a person holding a drink, and a person sitting on a chair with a drink in hand.","Scene Summary"
"e58207f1-84ec-424b-a997-ff64a57eb13b","Describe the environment where the actions occurred.","A room with a seated person, magazine, and phone.","The environment is a modern, well-lit living room with a cozy atmosphere. The room features a large window that offers a view of the outdoors, a television on a stand, a coffee table with a magazine and a pair of sunglasses, a person sitting on a couch, and a person standing in the background. The room is furnished with a gray sofa, a coffee table, and a television. The lighting is bright, and the overall ambiance is inviting and comfortable.","Scene Summary"
"e58207f1-84ec-424b-a997-ff64a57eb13b","What devices were used in the scenario?","A magazine and a phone.","The scenario involved using a smartphone, a remote control, and a book.","Scene Summary"
"e58207f1-84ec-424b-a997-ff64a57eb13b","What was the person doing with the magazine?","The person was reading the magazine.","The person was holding the magazine and looking at it while sitting on the couch.","Action Caption"
"e58207f1-84ec-424b-a997-ff64a57eb13b","What activity followed reading the magazine?","The person operated the phone.","Following reading the magazine, the person in the video appears to be engaged in a conversation or interaction with someone off-camera, possibly a family member or friend.","Action Caption"
"e58207f1-84ec-424b-a997-ff64a57eb13b","Did the person remain seated throughout?","No, they got up to make coffee.","Yes, the person remained seated throughout the video.","Action Caption"
"e58207f1-84ec-424b-a997-ff64a57eb13b","Did the person leave the room?","No, the actions happened in the room.","Yes, the person is seen walking out of the room, leaving the room empty.","Whether Something Happened(Y/N)"
"e58207f1-84ec-424b-a997-ff64a57eb13b","Did the person use a laptop?","No, the person used a phone.","No, the person did not use a laptop.","Whether Something Happened(Y/N)"
"e58207f1-84ec-424b-a997-ff64a57eb13b","Did I talk to the woman before reading the magazine?","Yes","Yes, the woman was seen talking to the camera before reading the magazine.","Order Judging(Y/N)"
"e58207f1-84ec-424b-a997-ff64a57eb13b","Did I read the magazine before making coffee?","Yes","No, you didn't read the magazine before making coffee.","Order Judging(Y/N)"
"e58207f1-84ec-424b-a997-ff64a57eb13b","Did I operate the phone before talking to the woman?","No","Yes, you operated the phone before talking to the woman.","Order Judging(Y/N)"
"e58207f1-84ec-424b-a997-ff64a57eb13b","Did I make coffee before sitting in the room?","No","Yes, you made coffee before sitting in the room.","Order Judging(Y/N)"
"e58207f1-84ec-424b-a997-ff64a57eb13b","Did I make coffee before reading a magazine?","No","Yes, you made coffee before reading a magazine.","Order Judging(Y/N)"
"e58207f1-84ec-424b-a997-ff64a57eb13b","Did I interact with the woman before reading the book?","Yes","Yes, the woman was seen holding a phone and interacting with the camera before reading the book.","Order Judging(Y/N)"
"e58207f1-84ec-424b-a997-ff64a57eb13b","Was the magazine read before interacting with the woman?","No","Yes, the magazine was read before interacting with the woman.","Order Judging(Y/N)"
"e58207f1-84ec-424b-a997-ff64a57eb13b","Was the phone operated before making coffee?","Yes","Yes, the phone was operated before making coffee.","Order Judging(Y/N)"
"e58207f1-84ec-424b-a997-ff64a57eb13b","What occurs just before I make coffee?","Operate the phone","Just before I make coffee, a person wearing sunglasses and a black hoodie enters the room, holding a cup of coffee.","What event order"
"e58207f1-84ec-424b-a997-ff64a57eb13b","What do I do before reading the magazine?","Talk to the woman","Before reading the magazine, you should first turn off the TV and turn off the lamp.","What event order"
"e58207f1-84ec-424b-a997-ff64a57eb13b","What is done just before looking around?","Turn book pages","Just before looking around, the person is seen holding a smartphone and appears to be adjusting their glasses.","What event order"
"e58207f1-84ec-424b-a997-ff64a57eb13b","What action takes place before reading the book?","Look around","Before reading the book, the person is seen holding a smartphone and appears to be engaged in a conversation or interaction with someone off-camera.","What event order"
"e58207f1-84ec-424b-a997-ff64a57eb13b","Describe the setting where the activity is taking place.","The activity is in an indoor room with modern furnishings.","The activity is taking place in a modern, well-lit room with a cozy atmosphere. The room features a comfortable seating area with a couch, a coffee table, and a television. There are various items on the table, including a box of Jenga and a smartphone. The person is wearing a black shirt and sunglasses, and they are engaged in a playful activity involving a Jenga puzzle.","Scene Summary"
"e58207f1-84ec-424b-a997-ff64a57eb13b","Identify the furniture used by the individuals in the clip.","Chairs are used for seating during the card game.","The individuals are seated on a couch and a chair.","Scene Summary"
"e58207f1-84ec-424b-a997-ff64a57eb13b","Did the individual participate in a recreational game?","Yes.","Yes, the individual is seen holding a Jenga game board and interacting with it, suggesting they participated in a recreational game.","Whether Something Happened(Y/N)"
"e58207f1-84ec-424b-a997-ff64a57eb13b","Was there any interaction with another person during the game?","Yes.","Yes, the person in the foreground is seen holding a smartphone and interacting with it, possibly taking a photo or recording the game.","Whether Something Happened(Y/N)"
"e58207f1-84ec-424b-a997-ff64a57eb13b","Does the setting include contemporary room decor?","Yes.","Yes, the setting includes contemporary room decor, such as modern furniture, a television, and a television stand.","Whether Something Happened(Y/N)"
"e58207f1-84ec-424b-a997-ff64a57eb13b","Name one activity that is clearly not happening in this scene.","Cooking food is clearly not happening in this scene.","The activity that is clearly not happening in this scene is the person's hand reaching out to grab the box of Jenga.","Scene Summary"
"e58207f1-84ec-424b-a997-ff64a57eb13b","What parallel activity accompanies the main action in this clip?","A discussion with another person accompanies the main action.","The main action in this clip is a person using a VR headset to interact with a stack of Jenga blocks.","Action Caption"
"e58207f1-84ec-424b-a997-ff64a57eb13b","Is there a creative or construction-related task shown?","Yes, arranging wooden bricks can be considered a construction-related task.","Yes, there is a construction-related task shown in the video.","Action Caption"
"e58207f1-84ec-424b-a997-ff64a57eb13b","Does the video show any form of artistic painting?","No.","No, the video does not show any form of artistic painting. The focus remains on the person playing Jenga and the cozy, modern living space.","Whether Something Happened(Y/N)"
"e58207f1-84ec-424b-a997-ff64a57eb13b","Is there a solo performance happening in the video?","No.","Yes, there is a solo performance happening in the video.","Whether Something Happened(Y/N)"
"e58207f1-84ec-424b-a997-ff64a57eb13b","Did I interact with Lady A after I sat on the chair?","Yes.","Yes, you did interact with Lady A after you sat on the chair.","Order Judging(Y/N)"
"e58207f1-84ec-424b-a997-ff64a57eb13b","What happens just before I sit on the chair?","Entering the room.","Just before I sit on the chair, the person wearing the black glasses is seen holding a smartphone.","What event order"
"e58207f1-84ec-424b-a997-ff64a57eb13b","What did I engage in right before sitting in a room?","I did not engage in anything; I was already seated.","You engaged in a video call with a person.","What event order"
"e58207f1-84ec-424b-a997-ff64a57eb13b","Where is this scene set?","In a room with another person.","The scene is set in a modern, well-lit living room with a cozy and inviting atmosphere.","Scene Summary"
"e58207f1-84ec-424b-a997-ff64a57eb13b","What are the main elements present in this scenario?","A Jenga game and two individuals.","The main elements present in this scenario include a person wearing a VR headset, a Jenga puzzle, a glass coffee table, a gray armchair, a glass coffee table, a TV, a person sitting on the armchair, a person standing in the background, a TV, a glass coffee table, a TV, a TV, a TV, a TV, a TV, a TV, a TV, a TV, a TV, a TV, a TV, a TV, a TV, a TV, a TV, a TV, a TV, a TV, a TV, a TV, a TV, a TV, a TV, a TV, a TV, a TV, a TV, a TV, a TV, a TV, a TV, a TV, a TV, a TV, a TV, a TV, a TV, a TV, a TV, a TV, a TV, a TV, a TV, a TV, a TV, a TV, a TV, a TV, a TV, a TV, a TV, a TV, a TV, a TV, a TV, a TV, a TV, a TV, a TV, a TV, a TV, a TV, a TV, a TV, a TV,","Scene Summary"
"e58207f1-84ec-424b-a997-ff64a57eb13b","What can be observed on the table in the video?","A Jenga tower and blocks.","On the table, there is a box of Jenga blocks and a smartphone.","Scene Summary"
"e58207f1-84ec-424b-a997-ff64a57eb13b","Who is actively participating in the game shown in the video?","The person in the frame and another woman.","The person wearing a black shirt with the word ""JENKINS"" on it is actively participating in the game.","Action Caption"
"e58207f1-84ec-424b-a997-ff64a57eb13b","How is the game of Jenga progressing in the clip?","Blocks are being stacked atop the tower.","The game of Jenga is progressing as the person is holding the blocks in a way that suggests they are about to topple them.","Action Caption"
"e58207f1-84ec-424b-a997-ff64a57eb13b","What is the consequence of the actions performed with the Jenga blocks?","The Jenga tower is becoming taller.","The consequence of the actions performed with the Jenga blocks is that the person is holding a stack of Jenga blocks that is taller than the person's head.","Action Caption"
"e58207f1-84ec-424b-a997-ff64a57eb13b","What action precedes placing a block atop the Jenga tower?","Removing a block from the Jenga tower.","The action that precedes placing a block atop the Jenga tower is the person wearing VR glasses and a headset, who is holding a Jenga block and appears to be interacting with the camera.","Action Caption"
"e58207f1-84ec-424b-a997-ff64a57eb13b","Does the video show a Jenga tower on a glass table?","Yes.","Yes, the video shows a Jenga tower on a glass table.","Whether Something Happened(Y/N)"
"e58207f1-84ec-424b-a997-ff64a57eb13b","Are the Jenga blocks being carefully handled?","Yes.","Yes, the Jenga blocks are being carefully handled, with the person using both hands to balance and manipulate them.","Whether Something Happened(Y/N)"
"e58207f1-84ec-424b-a997-ff64a57eb13b","Is the Jenga tower intact at this moment in the video?","Yes.","Yes, the Jenga tower is intact and balanced, with the person holding it in a way that suggests they are about to place it back on the table.","Whether Something Happened(Y/N)"
"e58207f1-84ec-424b-a997-ff64a57eb13b","What action occurred just before placing the blocks atop the Jenga tower?","Took Jenga blocks from the tower","Just before placing the blocks atop the Jenga tower, the person in the video was seen wearing a VR headset, which suggests they were experiencing a VR experience.","What event order"
"e58207f1-84ec-424b-a997-ff64a57eb13b","What happened just before taking Jenga blocks from the tower?","Played game of Jenga","Just before taking Jenga blocks from the tower, the person in the video was wearing a pair of 3D glasses and was holding a Jenga tower.","What event order"
"e58207f1-84ec-424b-a997-ff64a57eb13b","Did I arrange wooden bricks before playing a card game?","No","Yes, you did arrange wooden bricks before playing a card game.","Order Judging(Y/N)"
"e58207f1-84ec-424b-a997-ff64a57eb13b","Did I sit on a chair before talking to a lady?","Yes","Yes","Order Judging(Y/N)"
"e58207f1-84ec-424b-a997-ff64a57eb13b","What activities are occurring inside the house?","Two individuals are playing Jenga.","Inside the house, there is a person wearing a VR headset and sunglasses, sitting on a couch and interacting with a stack of Jenga blocks. Another person is standing nearby, and there are various items on the couch, including a book and a green cup.","Scene Summary"
"e58207f1-84ec-424b-a997-ff64a57eb13b","What is on the table between the participants?","A Jenga tower is on the table.","There is a box labeled ""SORRY"" on the table between the participants.","Scene Summary"
"e58207f1-84ec-424b-a997-ff64a57eb13b","How are the participants utilizing the wooden blocks?","They are carefully pulling blocks from the Jenga tower.","The participants are using the wooden blocks to build a tower, with each participant holding a block and placing it on top of the previous one.","Action Caption"
"e58207f1-84ec-424b-a997-ff64a57eb13b","Is the Jenga tower still standing?","Yes.","Yes, the Jenga tower is still standing.","Whether Something Happened(Y/N)"
"e58207f1-84ec-424b-a997-ff64a57eb13b","Has a Jenga block just been successfully moved?","Yes.","Yes, the Jenga block has been successfully moved to the second block from the top.","Whether Something Happened(Y/N)"
"e58207f1-84ec-424b-a997-ff64a57eb13b","Are the participants seated during the game?","Yes.","Yes, the participants are seated during the game.","Whether Something Happened(Y/N)"
"e58207f1-84ec-424b-a997-ff64a57eb13b","Is there a game being played on the floor?","No.","Yes, there is a game being played on the floor.","Whether Something Happened(Y/N)"
"e58207f1-84ec-424b-a997-ff64a57eb13b","Does the frame display a competitive match in progress?","Yes.","Yes, the frame displays a competitive match in progress.","Whether Something Happened(Y/N)"
"e58207f1-84ec-424b-a997-ff64a57eb13b","Did I sit on the chairs before playing Jenga?","Yes.","Yes, you sat on the chairs before playing Jenga.","Order Judging(Y/N)"
"e58207f1-84ec-424b-a997-ff64a57eb13b","Did I take Jenga blocks from the tower before adding to its top?","Yes.","Yes, you took Jenga blocks from the tower before adding to its top.","Order Judging(Y/N)"
"e58207f1-84ec-424b-a997-ff64a57eb13b","Did the Jenga game happen before relaxing on the chairs?","No.","Yes, the Jenga game was already in progress before relaxing on the chairs.","Order Judging(Y/N)"
"e58207f1-84ec-424b-a997-ff64a57eb13b","Was placing blocks atop the Jenga tower before taking blocks from it?","No.","Yes, the person in the video is seen placing blocks atop the Jenga tower before taking blocks from it.","Order Judging(Y/N)"
"e58207f1-84ec-424b-a997-ff64a57eb13b","What occurs just before placing the blocks atop the Jenga tower?","Taking Jenga blocks from the tower.","Just before placing the blocks atop the Jenga tower, the person wearing sunglasses and a black hoodie is seen holding a Jenga block in front of the tower, preparing to place it on top.","What event order"
"e58207f1-84ec-424b-a997-ff64a57eb13b","What happens just before sitting on the chairs to play?","Entering the room.","Just before sitting on the chairs to play, the person is wearing a pair of 3D glasses and is holding a stack of wooden blocks.","What event order"
"e58207f1-84ec-424b-a997-ff64a57eb13b","Did the game start before arranging wooden bricks on a block?","No","Yes, the game started before arranging wooden bricks on a block.","Order Judging(Y/N)"
"e58207f1-84ec-424b-a997-ff64a57eb13b","What is the setting of the current video clip?","The setting is inside a house.","The setting of the current video clip is a modern living room with a cozy atmosphere, featuring a large, comfortable couch, a coffee table with a box of Jellie Lauder cookies, and a television on a stand. The room is well-lit with natural light streaming in from a large window, and there are a few people present in the background.","Scene Summary"
"e58207f1-84ec-424b-a997-ff64a57eb13b","Describe the occupants in the house in the video.","There are multiple individuals, both men and women.","The video shows a person wearing a VR headset and a pair of sunglasses, sitting on a couch in a living room. The room is well-lit with natural light coming through a large window, and there are various items on the coffee table, including a box and a smartphone. The person appears to be engaged in a video call or a virtual reality experience.","Scene Summary"
"e58207f1-84ec-424b-a997-ff64a57eb13b","What were the individuals doing with wood in the video?","They were arranging pieces of wood.","The individuals were playing a game of Jenga, with the person on the left holding a wooden block and the person on the right placing a wooden block on top of the tower.","Scene Summary"
"e58207f1-84ec-424b-a997-ff64a57eb13b","What type of interaction occurred among the individuals?","They interacted with each other.","The individuals engaged in a playful and light-hearted interaction, with one person attempting to balance a stack of Jenga blocks on their head, while the others watched and laughed.","Scene Summary"
"e58207f1-84ec-424b-a997-ff64a57eb13b","Are the people stationary or moving about in the clip?","They are moving about the space.","The people in the clip are moving about.","Action Caption"
"e58207f1-84ec-424b-a997-ff64a57eb13b","Is the Jenga game played before arranging wood pieces?","Yes.","Yes, the Jenga game is played before arranging wood pieces.","Order Judging(Y/N)"
"e58207f1-84ec-424b-a997-ff64a57eb13b","Does sitting on chairs happen before interacting with each other?","Yes.","Yes, sitting on chairs happens before interacting with each other.","Order Judging(Y/N)"
"e58207f1-84ec-424b-a997-ff64a57eb13b","Is the wood arrangement completed before the Jenga tower is built?","No.","No, the wooden arrangement is not completed before the Jenga tower is built. The video shows the person in the process of assembling the Jenga tower, but the wooden structure is not yet complete.","Order Judging(Y/N)"
"e58207f1-84ec-424b-a997-ff64a57eb13b","What happens before arranging the wood pieces?","Playing Jenga.","Before arranging the wood pieces, the person is seen holding a smartphone and appears to be in the process of taking a selfie or recording a video.","What event order"
"e58207f1-84ec-424b-a997-ff64a57eb13b","What takes place before the Jenga block is touched?","Sitting down.","Before the Jenga block is touched, the person wearing sunglasses is sitting on a couch, holding a smartphone, and appears to be interacting with the Jenga block.","What event order"
"e58207f1-84ec-424b-a997-ff64a57eb13b","Did the Jenga game occur before sitting on the chairs?","No.","Yes, the Jenga game occurred before sitting on the chairs.","Order Judging(Y/N)"
"e58207f1-84ec-424b-a997-ff64a57eb13b","Was taking Jenga blocks from the tower after sitting on the chairs?","Yes.","No, the person was not taking Jenga blocks from the tower after sitting on the chairs.","Order Judging(Y/N)"
"e58207f1-84ec-424b-a997-ff64a57eb13b","What happened just before placing blocks atop the Jenga tower?","Taking Jenga blocks from the tower.","Just before placing blocks atop the Jenga tower, the person in the video was seen wearing a VR headset, which suggests they might have been engaging in a VR experience or preparing to use it.","What event order"
"e58207f1-84ec-424b-a997-ff64a57eb13b","What happens before arranging the pieces of wood?","Playing the Jenga wooden blocks game.","Before arranging the pieces of wood, the person is seen holding a smartphone and appears to be in the process of taking a selfie or recording a video.","What event order"
"e58207f1-84ec-424b-a997-ff64a57eb13b","What is the setting of the video clip?","An office.","The setting of the video clip is a cozy living room with a modern design, featuring a television, a couch, and a coffee table. The room is well-lit with natural light streaming in from the windows.","Scene Summary"
"e58207f1-84ec-424b-a997-ff64a57eb13b","What activities are taking place in the clip?","Talking to a person and using a phone.","The activities taking place in the clip include a person playing a game on a smartphone, interacting with a person using a smartphone, and holding a smartphone with a game displayed on it.","Scene Summary"
"e58207f1-84ec-424b-a997-ff64a57eb13b","What is the primary action in the recent frames?","Engaging in a discussion and using the phone.","The primary action in the recent frames is the person interacting with a smartphone, holding it up to their face as if they are about to take a selfie or record a video.","Action Caption"
"e58207f1-84ec-424b-a997-ff64a57eb13b","What technology is in use in the action?","A phone.","The technology used in the action is a person wearing a VR headset, which is being used to interact with a virtual reality environment.","Action Caption"
"e58207f1-84ec-424b-a997-ff64a57eb13b","Is the person alone in the scene?","No.","Yes","Whether Something Happened(Y/N)"
"e58207f1-84ec-424b-a997-ff64a57eb13b","Did I interact with others after being at the office?","Yes","Yes, you interacted with others after being at the office.","Order Judging(Y/N)"
"e58207f1-84ec-424b-a997-ff64a57eb13b","Did the office scene occur before the house activities?","Yes","Yes, the office scene occurred before the house activities.","Order Judging(Y/N)"
"e58207f1-84ec-424b-a997-ff64a57eb13b","What happened right before I was at the office?","I was in the house","You were at the office.","What event order"
"e58207f1-84ec-424b-a997-ff64a57eb13b","Did I play Jenga before arranging pieces of wood?","Yes.","No, you didn't play Jenga before arranging pieces of wood.","Order Judging(Y/N)"
"e58207f1-84ec-424b-a997-ff64a57eb13b","Did I use the phone before playing Jenga?","No.","No, you didn't use the phone before playing Jenga.","Order Judging(Y/N)"
"e58207f1-84ec-424b-a997-ff64a57eb13b","Was I at the office before playing with the Jenga blocks?","Yes.","Yes, you were at the office before playing with the Jenga blocks.","Order Judging(Y/N)"
"89a95cd8-ca13-4edf-807e-d62138fd30e0","Describe the environment displayed in the video clip.","The video depicts a kitchen scenario.","The video displays a cluttered kitchen environment with various kitchen utensils and appliances scattered on a countertop. The kitchen features a tiled wall, a sink, and a window with a partially open curtain. The countertop is cluttered with a large container, a blue cutting board, and a hand holding a red onion. The scene is slightly blurred, indicating movement or a slow shutter speed.","Scene Summary"
"89a95cd8-ca13-4edf-807e-d62138fd30e0","Identify the items being interacted with in the video clip.","Flour and onions are being used with water and a knife.","The items being interacted with in the video clip include a hand holding a red onion, a hand holding a black object, a hand holding a blue object, and a hand holding a black object.","Scene Summary"
"89a95cd8-ca13-4edf-807e-d62138fd30e0","What's the main activity in the scene?","The main activity is preparing ingredients, mixing and chopping.","The main activity in the scene is the preparation of food, with a person mixing ingredients in a bowl and a hand holding a red object, possibly a tomato or a piece of fruit.","Scene Summary"
"89a95cd8-ca13-4edf-807e-d62138fd30e0","What objects are present in the scene related to the activity?","Container of flour, a knife, and mixed dough are noticeable.","The objects present in the scene include a hand holding a red onion, a hand holding a black object, a hand holding a white object, a hand holding a black object, a hand holding a black object, a hand holding a black object, a hand holding a black object, a hand holding a black object, a hand holding a black object, a hand holding a black object, a hand holding a black object, a hand holding a black object, a hand holding a black object, a hand holding a black object, a hand holding a black object, a hand holding a black object, a hand holding a black object, a hand holding a black object, a hand holding a black object, a hand holding a black object, a hand holding a black object, a hand holding a black object, a hand holding a black object, a hand holding a black object, a hand holding a black object, a hand holding a black object, a hand holding a black object, a hand holding a black object, a hand holding a black object, a hand holding a black object, a hand holding a black object, a hand holding a black object, a hand holding a black object, a hand holding a black object, a hand holding a black object, a hand holding a","Scene Summary"
"89a95cd8-ca13-4edf-807e-d62138fd30e0","Did the person use a knife on the onions?","Yes.","Yes, the person used a knife to cut the onions on the countertop.","Whether Something Happened(Y/N)"
"89a95cd8-ca13-4edf-807e-d62138fd30e0","Was water added to the flour in the video?","Yes.","Yes, water was added to the flour in the video.","Whether Something Happened(Y/N)"
"89a95cd8-ca13-4edf-807e-d62138fd30e0","Did the preparation seem to be for baking?","No, more likely for cooking.","Yes, the preparation seems to be for baking, as indicated by the presence of a bowl with a mixture and a whisk, which are common tools for mixing ingredients in a baking dish.","Whether Something Happened(Y/N)"
"89a95cd8-ca13-4edf-807e-d62138fd30e0","Describe the environment where the cooking is taking place.","The cooking is taking place in a kitchen.","The cooking is taking place in a kitchen with a tiled wall and a sink visible in the background. The countertop is cluttered with various kitchen items, including a pot with a liquid and a hand holding a metal container, possibly for pouring or mixing.","Scene Summary"
"89a95cd8-ca13-4edf-807e-d62138fd30e0","What step is being performed with the pan?","Oil is being poured into the pan.","The hand is seen pouring a liquid from a container into the pan, likely to cook or mix the contents.","Scene Summary"
"89a95cd8-ca13-4edf-807e-d62138fd30e0","Are there any other objects visible associated with cooking?","Yes, there are kitchen utensils and containers.","Yes, there are various kitchen utensils and containers visible, including a blue bowl and a red container.","Scene Summary"
"89a95cd8-ca13-4edf-807e-d62138fd30e0","Are there any ingredients ready to be cooked?","Yes, there are chopped ingredients on the cutting board.","Yes, there are ingredients ready to be cooked on the stove.","Action Caption"
"89a95cd8-ca13-4edf-807e-d62138fd30e0","What is implied by the action of pouring oil in the pan?","The person is preparing to cook or fry food.","The action of pouring oil in the pan implies the preparation of a cooking process, likely involving frying or sautéing the ingredients.","Action Caption"
"89a95cd8-ca13-4edf-807e-d62138fd30e0","What will likely happen next in the cooking process?","The food will be added to the heated oil for cooking.","Next, the person will likely pour the liquid from the container into the pot, which will likely start to boil, and then continue cooking the mixture in the pot.","Action Caption"
"89a95cd8-ca13-4edf-807e-d62138fd30e0","Did the person start cooking as soon as the video began?","No.","Yes, the person began cooking as soon as the video began, as they are seen stirring the contents of the pot on the stove.","Whether Something Happened(Y/N)"
"89a95cd8-ca13-4edf-807e-d62138fd30e0","Has the person used any kitchen utensils yet?","Yes.","Yes, the person has used a spatula to stir the contents of the pot.","Whether Something Happened(Y/N)"
"89a95cd8-ca13-4edf-807e-d62138fd30e0","Is the person cooking unattended or seen in the frame?","The person is unattended, not seen in the frame.","The person is seen in the frame, actively engaged in cooking.","Whether Something Happened(Y/N)"
"89a95cd8-ca13-4edf-807e-d62138fd30e0","Has the heat been turned on under the pan yet?","No.","Yes, the heat has been turned on under the pan.","Whether Something Happened(Y/N)"
"89a95cd8-ca13-4edf-807e-d62138fd30e0","In the video, does mixing flour with water happen before cutting onions?","Yes.","Yes, the person mixes flour with water before cutting onions.","Order Judging(Y/N)"
"89a95cd8-ca13-4edf-807e-d62138fd30e0","Is cooking the food shown before opening the door in the video?","Yes.","Yes, the person is seen opening the door to the kitchen, revealing the food inside the pot, and then closing the door.","Order Judging(Y/N)"
"89a95cd8-ca13-4edf-807e-d62138fd30e0","In the video, does pouring oil in the pan occur after cutting onions?","Yes.","Yes, the video shows the person pouring oil into the pan after cutting onions.","Order Judging(Y/N)"
"89a95cd8-ca13-4edf-807e-d62138fd30e0","In the video, is oil poured into the pan before cooking the food?","No.","Yes","Order Judging(Y/N)"
"89a95cd8-ca13-4edf-807e-d62138fd30e0","What is the setting of the video clip?","The setting is a kitchen.","The setting of the video clip is a kitchen with a cluttered countertop.","Scene Summary"
"89a95cd8-ca13-4edf-807e-d62138fd30e0","What tasks are being performed in the scene?","Cooking food, cleaning the counter, rolling dough.","The tasks being performed in the scene include mixing ingredients in a pot, kneading dough, and preparing a mixture for cooking.","Scene Summary"
"89a95cd8-ca13-4edf-807e-d62138fd30e0","Can you caption the cleaning action in the clip?","Tidying up the kitchen counter.","Sure!","Action Caption"
"89a95cd8-ca13-4edf-807e-d62138fd30e0","How is the dough being prepared?","The dough is being rolled.","The dough is being prepared by kneading it on a wooden board.","Action Caption"
"89a95cd8-ca13-4edf-807e-d62138fd30e0","Does the video show someone cooking?","Yes.","Yes, the video shows someone cooking.","Whether Something Happened(Y/N)"
"89a95cd8-ca13-4edf-807e-d62138fd30e0","Is the counter being cleaned in the video?","Yes.","Yes","Whether Something Happened(Y/N)"
"89a95cd8-ca13-4edf-807e-d62138fd30e0","Is there a scene of rolling dough in the video?","Yes.","Yes, there is a scene of rolling dough in the video.","Whether Something Happened(Y/N)"
"89a95cd8-ca13-4edf-807e-d62138fd30e0","Does rolling the dough happen before cleaning the counter?","No","Yes, the person is seen rolling the dough on the counter before cleaning it.","Order Judging(Y/N)"
"89a95cd8-ca13-4edf-807e-d62138fd30e0","Is the food cooked after I clean the counter?","Yes","Yes, the food appears to be cooked after you clean the counter.","Order Judging(Y/N)"
"89a95cd8-ca13-4edf-807e-d62138fd30e0","Before the food is cooked, what do I do?","In the kitchen.","Before the food is cooked, you should wash the hands and the bowl to ensure hygiene.","What event order"
"89a95cd8-ca13-4edf-807e-d62138fd30e0","What occurs just before I clean the counter?","Cook food.","Just before I clean the counter, a hand is seen holding a bowl of flour, indicating that the person is preparing to use it for the next step in the cooking process.","What event order"
"89a95cd8-ca13-4edf-807e-d62138fd30e0","In the video, what takes place right before rolling the dough?","Clean the counter.","Before rolling the dough, the person in the video is seen holding a piece of dough and placing it into a large plastic container with a lid.","What event order"
"89a95cd8-ca13-4edf-807e-d62138fd30e0","In the video, does the mixing of flour with water happen before cutting the onions?","Yes","Yes, the mixing of flour with water happens before cutting the onions.","Order Judging(Y/N)"
"89a95cd8-ca13-4edf-807e-d62138fd30e0","What is the setting of the video clip?","Inside a house, in the kitchen.","The setting of the video clip is a kitchen with a countertop and various kitchen utensils and appliances.","Scene Summary"
"89a95cd8-ca13-4edf-807e-d62138fd30e0","What activity is depicted in the scene?","Making dough for cooking.","The scene depicts a person preparing food, specifically kneading dough, as part of a cooking process.","Scene Summary"
"89a95cd8-ca13-4edf-807e-d62138fd30e0","What tools are being utilized in the scene?","Hands, rolling pin, flour container.","The person is using a rolling pin and a bowl to knead dough.","Scene Summary"
"89a95cd8-ca13-4edf-807e-d62138fd30e0","Where specifically is the dough preparation taking place?","On a newspaper-covered surface.","The dough preparation is taking place on a kitchen counter.","Scene Summary"
"89a95cd8-ca13-4edf-807e-d62138fd30e0","What is the immediate environment around the dough-making area?","Nearby kitchen appliances and utensils.","The immediate environment around the dough-making area includes a kitchen counter with various cooking utensils and ingredients, a pot on the left side, a container with a lid on the right side, and a newspaper spread out on the counter.","Scene Summary"
"89a95cd8-ca13-4edf-807e-d62138fd30e0","What is the main action taking place in these frames?","The dough is being rolled out.","The main action taking place in these frames is the preparation of a dish, specifically kneading dough, as indicated by the hands mixing the dough on a countertop.","Action Caption"
"89a95cd8-ca13-4edf-807e-d62138fd30e0","What action precedes the rolling of the dough?","Dipping the dough in flour.","The action that precedes the rolling of the dough is mixing the ingredients in the bowl.","Action Caption"
"89a95cd8-ca13-4edf-807e-d62138fd30e0","How is the dough initially shaped?","It is shaped by hand.","The dough is initially shaped into a round ball.","Action Caption"
"89a95cd8-ca13-4edf-807e-d62138fd30e0","What is the purpose of the flour in the dough rolling process?","To prevent sticking to the rolling pin.","The flour is used to create a dough by mixing it with the water and other ingredients. It helps to develop the dough's structure and helps to absorb excess moisture, which is crucial for the final product.","Action Caption"
"89a95cd8-ca13-4edf-807e-d62138fd30e0","What may likely be the next step after rolling the dough?","Cutting or shaping the dough for cooking.","After rolling the dough, the next step might be to transfer it to a baking sheet or a pan to cook it until it is fully cooked.","Action Caption"
"89a95cd8-ca13-4edf-807e-d62138fd30e0","Did the person use a rolling pin in the video?","Yes.","Yes, the person used a rolling pin in the video.","Whether Something Happened(Y/N)"
"89a95cd8-ca13-4edf-807e-d62138fd30e0","Did the dough-making happen on a bare countertop?","No.","Yes, the dough-making happened on a bare countertop.","Whether Something Happened(Y/N)"
"89a95cd8-ca13-4edf-807e-d62138fd30e0","Was an electrical appliance used to roll the dough?","No.","Yes, an electrical appliance was used to roll the dough.","Whether Something Happened(Y/N)"
"89a95cd8-ca13-4edf-807e-d62138fd30e0","Did the person complete the dough rolling in one try?","Not specified, unclear.","Yes, the person completed the dough rolling in one try.","Whether Something Happened(Y/N)"
"89a95cd8-ca13-4edf-807e-d62138fd30e0","Is the flour container closed in the scene?","Yes.","Yes, the flour container is closed in the scene.","Whether Something Happened(Y/N)"
"89a95cd8-ca13-4edf-807e-d62138fd30e0","In the video, is the dough rolled with hands before it's dipped in flour?","Yes","Yes, the dough is rolled with hands before it's dipped in flour.","Order Judging(Y/N)"
"89a95cd8-ca13-4edf-807e-d62138fd30e0","Is the food cooked before the counter is cleaned?","Yes","Yes, the food is cooked before the counter is cleaned.","Order Judging(Y/N)"
"89a95cd8-ca13-4edf-807e-d62138fd30e0","Does the dough rolling with a rolling pin happen after hand rolling?","Yes","Yes, after hand rolling, the dough is placed on the newspaper, and the person starts rolling it with a rolling pin.","Order Judging(Y/N)"
"89a95cd8-ca13-4edf-807e-d62138fd30e0","Is the counter cleaned before the dough is rolled with hands?","Yes","Yes, the counter is clean before the dough is rolled with hands.","Order Judging(Y/N)"
"89a95cd8-ca13-4edf-807e-d62138fd30e0","In the video, is the rolling pin used before the dough is dipped in flour?","Yes","Yes, the rolling pin is used to scoop the dough before it is dipped in flour.","Order Judging(Y/N)"
"89a95cd8-ca13-4edf-807e-d62138fd30e0","What is done just before the dough is dipped in flour?","Roll dough with hands","Just before the dough is dipped in flour, the person's hands are seen mixing the dough with a wooden spoon.","What event order"
"89a95cd8-ca13-4edf-807e-d62138fd30e0","What action is performed before cleaning the counter?","Cook food","Before cleaning the counter, the person's hands are seen mixing a dough or batter in a bowl.","What event order"
"89a95cd8-ca13-4edf-807e-d62138fd30e0","What activity happens before the dough is rolled with hands?","Nothing is specified before hand rolling","The activity is preparing the dough for cooking.","What event order"
"89a95cd8-ca13-4edf-807e-d62138fd30e0","Was the counter cleaned after cooking food?","Yes","Yes, the counter was cleaned after cooking food.","Order Judging(Y/N)"
"89a95cd8-ca13-4edf-807e-d62138fd30e0","Did I roll the dough before dipping it in flour?","No","Yes, you rolled the dough before dipping it in flour.","Order Judging(Y/N)"
"89a95cd8-ca13-4edf-807e-d62138fd30e0","Did I roll dough with hands before rolling it with a rolling pin?","Yes","No, you did not roll dough with hands before rolling it with a rolling pin.","Order Judging(Y/N)"
"89a95cd8-ca13-4edf-807e-d62138fd30e0","What happens right before I dip the dough in flour?","Rolling the dough with hands","A hand is seen holding a bowl of flour.","What event order"
"89a95cd8-ca13-4edf-807e-d62138fd30e0","What action occurs just before I roll the dough with a rolling pin?","Dipping dough in flour","Before rolling the dough with a rolling pin, the person's hand is seen holding a small object, possibly a piece of dough or a utensil.","What event order"
"89a95cd8-ca13-4edf-807e-d62138fd30e0","What do I do just before pouring oil in the pan?","Open the door","You should first ensure the pan is clean and dry.","What event order"
"89a95cd8-ca13-4edf-807e-d62138fd30e0","What takes place immediately before I clean the counter?","Cook food","Before cleaning the counter, a person's hand is seen holding a bowl of flour, indicating that they are about to start the cleaning process.","What event order"
"89a95cd8-ca13-4edf-807e-d62138fd30e0","What location is shown in this video clip?","The kitchen.","The location shown in the video clip is a kitchen.","Scene Summary"
"89a95cd8-ca13-4edf-807e-d62138fd30e0","What task is being performed in this scene?","Making dough.","The task being performed in this scene is kneading dough.","Scene Summary"
"89a95cd8-ca13-4edf-807e-d62138fd30e0","What is the setting of this clip?","A kitchen counter.","The setting of this clip is a kitchen with a cluttered countertop, various cooking utensils, and a sink area.","Scene Summary"
"89a95cd8-ca13-4edf-807e-d62138fd30e0","What cooking action is taking place?","Rolling dough with a roller.","The cooking action taking place is likely the preparation of a dish, possibly a type of rice or grain, as indicated by the hand holding a spoon and stirring or mixing the contents of a container.","Action Caption"
"89a95cd8-ca13-4edf-807e-d62138fd30e0","Does the frame capture using a rolling pin?","Yes.","No, the frame does not capture the use of a rolling pin.","Whether Something Happened(Y/N)"
"89a95cd8-ca13-4edf-807e-d62138fd30e0","Is dough being prepared in this scene?","Yes.","Yes, the scene shows a hand mixing dough in a bowl, indicating that dough is being prepared.","Whether Something Happened(Y/N)"
"89a95cd8-ca13-4edf-807e-d62138fd30e0","Are there ingredients visible on the kitchen counter?","Yes.","Yes, there are various ingredients visible on the kitchen counter, including a container with a yellow lid, a pink cup, and a bowl.","Whether Something Happened(Y/N)"
"89a95cd8-ca13-4edf-807e-d62138fd30e0","In the video, is the dough cut before it's rolled with hands?","No","Yes, the dough is cut before it's rolled with hands.","Order Judging(Y/N)"
"89a95cd8-ca13-4edf-807e-d62138fd30e0","Does the dipping of dough in flour happen after using the rolling pin?","No","Yes, the person continues to dip the dough into the flour after using the rolling pin.","Order Judging(Y/N)"
"89a95cd8-ca13-4edf-807e-d62138fd30e0","Does rolling the dough with hands happen before cutting the dough?","Yes","Yes, the person is seen rolling the dough with their hands before cutting it.","Order Judging(Y/N)"
"89a95cd8-ca13-4edf-807e-d62138fd30e0","Is the dough rolled with a roller after being dipped in flour?","Yes","Yes, the dough is rolled with a roller after being dipped in flour.","Order Judging(Y/N)"
"89a95cd8-ca13-4edf-807e-d62138fd30e0","What occurs just before rolling dough with a roller in the video?","The dough is cut","A hand is seen holding a small container, possibly containing flour or a similar ingredient, and preparing to roll the dough.","What event order"
"89a95cd8-ca13-4edf-807e-d62138fd30e0","In the video sequence, what happens before rolling dough with hands?","Nothing, it's the first action","Before rolling dough with hands, the person places the dough into a large plastic container with a lid, places a lid on the container, and then places the lid on the container again.","What event order"
"89a95cd8-ca13-4edf-807e-d62138fd30e0","What is done just before cutting the dough?","The dough is rolled with hands","Just before cutting the dough, the person uses a spatula to scrape the bowl of flour.","What event order"
"89a95cd8-ca13-4edf-807e-d62138fd30e0","Did I clean the counter before rolling the dough?","Yes","Yes, you cleaned the counter before rolling the dough.","Order Judging(Y/N)"
"89a95cd8-ca13-4edf-807e-d62138fd30e0","Was the dough cut before being rolled?","Yes","Yes, the dough was cut before being rolled.","Order Judging(Y/N)"
"89a95cd8-ca13-4edf-807e-d62138fd30e0","Did I dip the dough in flour before using the rolling pin?","Yes","Yes, you did dip the dough in flour before using the rolling pin.","Order Judging(Y/N)"
"89a95cd8-ca13-4edf-807e-d62138fd30e0","Did I cook food after rolling the dough with my hands?","No","Yes, you did cook food after rolling the dough with your hands.","Order Judging(Y/N)"
"89a95cd8-ca13-4edf-807e-d62138fd30e0","Was the counter cleaned after the dough was cut?","No","Yes, the counter was cleaned after the dough was cut.","Order Judging(Y/N)"
"89a95cd8-ca13-4edf-807e-d62138fd30e0","What do I do before rolling the dough with a roller?","Cut the dough","Before rolling the dough with a roller, you should first ensure the flour is well-mixed and then knead the dough to achieve a smooth and elastic texture.","What event order"
"89a95cd8-ca13-4edf-807e-d62138fd30e0","What occurs just before cutting the dough?","Rolling dough with hands","A hand is seen holding a knife, preparing to cut the dough.","What event order"
"89a95cd8-ca13-4edf-807e-d62138fd30e0","What do I do before cleaning the counter?","Cook food","Before cleaning the counter, you should first wash your hands, as indicated by the hand washing the bowl.","What event order"
"89a95cd8-ca13-4edf-807e-d62138fd30e0","Describe the main activity occurring in this section of video.","Food preparation for a meal.","The main activity in this section of the video is a person preparing a dish by cooking a tortilla in a frying pan. The person is using a spatula to spread the tortilla evenly in the pan, and the background shows a kitchen setting with a sink and a countertop with a newspaper.","Action Caption"
"89a95cd8-ca13-4edf-807e-d62138fd30e0","What is the current culinary action captured here?","Ready to cook flatbread on the pan.","The current culinary action captured here is the person preparing a dish by rolling out dough and spreading it with a spatula.","Action Caption"
"89a95cd8-ca13-4edf-807e-d62138fd30e0","Did the person successfully slice the cucumber?","Yes.","No, the person did not successfully slice the cucumber.","Whether Something Happened(Y/N)"
"89a95cd8-ca13-4edf-807e-d62138fd30e0","Has the lemon been placed on the cucumber slices?","Yes.","No, the lemon has not been placed on the cucumber slices.","Whether Something Happened(Y/N)"
"89a95cd8-ca13-4edf-807e-d62138fd30e0","Describe the setting in this video clip.","A kitchen with a person cooking roti on a stove.","The video begins with a person preparing a dish in a kitchen, using a hand-held spatula to spread a batter-like mixture in a frying pan. The kitchen setting includes a countertop with a newspaper, a hand holding a spatula, and a pot on the stove. The person is seen stirring the mixture, ensuring it is evenly spread. The background features a tiled wall with a visible drain and a small window. The scene transitions to the person continuing to stir the mixture, with the hand still holding the spatula. The countertop remains visible, and the hand is seen stirring the mixture more vigorously. The video wraps up with the person still stirring the mixture, with the hand still holding the spatula.","Scene Summary"
"89a95cd8-ca13-4edf-807e-d62138fd30e0","What is the visual focal point of this scene?","The pan with the roti being roasted.","The visual focal point of this scene is the hand holding a spatula stirring a mixture in a frying pan.","Scene Summary"
"89a95cd8-ca13-4edf-807e-d62138fd30e0","Where is the roti being placed after roasting?","In a pot next to the stove.","The roti is being placed on a newspaper on the countertop.","Scene Summary"
"89a95cd8-ca13-4edf-807e-d62138fd30e0","What kitchen equipment is being utilized in this action?","A frying pan and a stove.","The kitchen equipment being utilized in this action includes a frying pan, a hand mixer, and a newspaper.","Action Caption"
"89a95cd8-ca13-4edf-807e-d62138fd30e0","Does the clip show a person flipping the roti?","No.","Yes, the clip shows a hand holding a spatula and flipping the roti in the pan.","Whether Something Happened(Y/N)"
"89a95cd8-ca13-4edf-807e-d62138fd30e0","Is the roti being taken out of the pan in this frame?","Yes.","No, the roti is not being taken out of the pan in this frame.","Whether Something Happened(Y/N)"
"89a95cd8-ca13-4edf-807e-d62138fd30e0","Does the clip involve any baking activity?","No.","Yes, the clip involves baking activity. The person is seen using a spatula to press down on a dough or batter, which is being cooked in a frying pan on a stove.","Whether Something Happened(Y/N)"
"89a95cd8-ca13-4edf-807e-d62138fd30e0","Is there another person assisting with the cooking?","No.","Yes, there is another person visible in the video, who appears to be assisting with the cooking process.","Whether Something Happened(Y/N)"
"89a95cd8-ca13-4edf-807e-d62138fd30e0","Was the flat bread prepared before the roti was roasted?","Yes","Yes, the flat bread was prepared before the roti was roasted.","Order Judging(Y/N)"
"89a95cd8-ca13-4edf-807e-d62138fd30e0","Did I put the roasted roti in the pot before cutting the cucumber?","No","No, you did not put the roasted roti in the pot before cutting the cucumber.","Order Judging(Y/N)"
"89a95cd8-ca13-4edf-807e-d62138fd30e0","Did I roast the roti after preparing the flat bread?","Yes","No, the roti was not roasted after preparing the flat bread.","Order Judging(Y/N)"
"89a95cd8-ca13-4edf-807e-d62138fd30e0","What cooking method is used for tortillas?","They are placed in a hot pot.","The tortillas are being cooked in a deep-fried pan.","Scene Summary"
"89a95cd8-ca13-4edf-807e-d62138fd30e0","Is the person wearing oven mitts?","No.","Yes, the person is wearing oven mitts.","Whether Something Happened(Y/N)"
"89a95cd8-ca13-4edf-807e-d62138fd30e0","In the video, is the pot closed after the roti is put inside?","Yes","Yes, the pot is closed after the roti is put inside.","Order Judging(Y/N)"
"89a95cd8-ca13-4edf-807e-d62138fd30e0","Did I use a spatula to roast the roti before placing it in the pot?","Yes","Yes, you used a spatula to roast the roti before placing it in the pot.","Order Judging(Y/N)"
"89a95cd8-ca13-4edf-807e-d62138fd30e0","What activity is shown just before the roti comes in contact with the pan?","The roti is picked up","Just before the roti comes in contact with the pan, a hand is seen holding a hand-held spatula, likely preparing to flip or turn the roti.","What event order"
"2bb31b69-fcda-4f54-8338-f590944df999","What activity is depicted in this snapshot?","A card game is being played.","The snapshot depicts a person playing a card game, specifically a game of poker, as indicated by the cards being held and the focused demeanor of the person.","Scene Summary"
"2bb31b69-fcda-4f54-8338-f590944df999","Where is this scene likely taking place?","The scene is indoors, possibly in a living room.","This scene is likely taking place in a living room.","Scene Summary"
"2bb31b69-fcda-4f54-8338-f590944df999","What objects are present in this setting?","Cards, a piece of paper, and a plant.","The objects present in this setting include a person sitting on the floor, a person holding a deck of cards, a person holding a small object, a person holding a small object, a person holding a small object, a person holding a small object, a person holding a small object, a person holding a small object, a person holding a small object, a person holding a small object, a person holding a small object, a person holding a small object, a person holding a small object, a person holding a small object, a person holding a small object, a person holding a small object, a person holding a small object, a person holding a small object, a person holding a small object, a person holding a small object, a person holding a small object, a person holding a small object, a person holding a small object, a person holding a small object, a person holding a small object, a person holding a small object, a person holding a small object, a person holding a small object, a person holding a small object, a person holding a small object, a person holding a small object, a person holding a small object, a person holding a small object, a person holding a small object, a person holding a small object, a person holding","Scene Summary"
"2bb31b69-fcda-4f54-8338-f590944df999","How is the room furnished?","With a couch, a rug, and various personal items.","The room is furnished with a wooden floor, a wooden chair, a wooden table, and a potted plant.","Scene Summary"
"2bb31b69-fcda-4f54-8338-f590944df999","What is the approximate time of day in this scene?","It's not discernible from this image.","The scene appears to be set in the evening or at night, as indicated by the dim lighting and the presence of a potted plant in the background.","Scene Summary"
"2bb31b69-fcda-4f54-8338-f590944df999","What action is being performed with the cards?","The cards are being reshuffled.","The action being performed with the cards is the person in the purple shirt and pink mask holding up a card, showing it to the camera, and then the camera captures the person's hands as they flip through the cards.","Action Caption"
"2bb31b69-fcda-4f54-8338-f590944df999","What is the person across doing?","The person is holding and possibly organizing cards.","The person across is playing a card game, specifically a game of poker, as indicated by the cards being held and the focused attention on the game.","Action Caption"
"2bb31b69-fcda-4f54-8338-f590944df999","What follow-up activity to shuffling is likely?","Dealing the cards to players.","The follow-up activity to shuffling is likely to be the person in the pink mask continuing to shuffle the deck of cards.","Action Caption"
"2bb31b69-fcda-4f54-8338-f590944df999","Is there more than one participant in the card activity?","Yes.","Yes, there is another person partially visible on the right side of the frame, holding a card and looking at the other person.","Whether Something Happened(Y/N)"
"2bb31b69-fcda-4f54-8338-f590944df999","Is any reading material involved in the activity?","Yes, there's a piece of paper being held.","Yes, there is a book visible on the floor near the person's feet.","Whether Something Happened(Y/N)"
"2bb31b69-fcda-4f54-8338-f590944df999","Are any electronic devices being used in the game?","No visible electronic devices are used.","Yes, one of the hands is holding a smartphone, which is likely being used to take a photo or record the game.","Whether Something Happened(Y/N)"
"2bb31b69-fcda-4f54-8338-f590944df999","Has any card been laid out on the floor?","No, they're being held or shuffled.","Yes, a card has been laid out on the floor.","Whether Something Happened(Y/N)"
"2bb31b69-fcda-4f54-8338-f590944df999","What activity is taking place in the room?","Playing poker.","The activity taking place in the room is a card game being played.","Scene Summary"
"2bb31b69-fcda-4f54-8338-f590944df999","What is the setting of this clip?","Indoors, in a room.","The setting of this clip is a cozy living room with a patterned rug, a person sitting on the floor, and various items scattered around, including a book, a bottle, and some papers.","Scene Summary"
"2bb31b69-fcda-4f54-8338-f590944df999","What objects are visible in the scene?","Cards, a carpet, and furniture.","A colorful patterned rug, a person holding a deck of cards, a person holding a small object, a person holding a small object, a person holding a small object, a person holding a small object, a person holding a small object, a person holding a small object, a person holding a small object, a person holding a small object, a person holding a small object, a person holding a small object, a person holding a small object, a person holding a small object, a person holding a small object, a person holding a small object, a person holding a small object, a person holding a small object, a person holding a small object, a person holding a small object, a person holding a small object, a person holding a small object, a person holding a small object, a person holding a small object, a person holding a small object, a person holding a small object, a person holding a small object, a person holding a small object, a person holding a small object, a person holding a small object, a person holding a small object, a person holding a small object, a person holding a small object, a person holding a small object, a person holding a small object, a person holding a small object, a person holding a","Scene Summary"
"2bb31b69-fcda-4f54-8338-f590944df999","Describe the atmosphere of the room.","Casual and leisurely.","The room has a cozy and casual atmosphere, with a patterned rug on the floor, a small table with a few items on it, and a potted plant in the corner. The lighting is warm and ambient, contributing to the relaxed setting.","Scene Summary"
"2bb31b69-fcda-4f54-8338-f590944df999","What precedes the dealing of cards in poker?","Reshuffling the cards.","The video begins with a person sitting on the floor, holding a deck of cards, and preparing to deal them.","Action Caption"
"2bb31b69-fcda-4f54-8338-f590944df999","Did someone shuffle cards in this video?","Yes.","Yes, someone in the video shuffles the cards.","Whether Something Happened(Y/N)"
"2bb31b69-fcda-4f54-8338-f590944df999","Is the room set up for a large gathering?","No.","Yes.","Whether Something Happened(Y/N)"
"2bb31b69-fcda-4f54-8338-f590944df999","Are the individuals standing in this video?","No.","No, the individuals are seated on the floor in this video.","Whether Something Happened(Y/N)"
"2bb31b69-fcda-4f54-8338-f590944df999","Was the deck reshuffled before playing the cards?","Yes.","Yes, the deck was reshuffled before playing the cards.","Order Judging(Y/N)"
"2bb31b69-fcda-4f54-8338-f590944df999","What occurs just before picking up the cards?","The cards are spread on floor.","Just before picking up the cards, the person places the cards on the rug and then picks up the cards from the table.","What event order"
"2bb31b69-fcda-4f54-8338-f590944df999","What action occurs before the deck is seen in a unified stack?","Separate the cards.","Before the deck is seen in a unified stack, the person is seen holding a card and gesturing with their hand.","What event order"
"2bb31b69-fcda-4f54-8338-f590944df999","What is visible before I separate cards?","Floor and unorganized cards.","Before I separate cards, there are several cards and a small piece of paper on the floor.","What event order"
"2bb31b69-fcda-4f54-8338-f590944df999","What is the setting of the current video clip?","A room with two people playing cards.","The setting of the current video clip is a cozy living room/INFO","Scene Summary"
"2bb31b69-fcda-4f54-8338-f590944df999","What objects are prominent in the video scene?","Playing cards, a phone, and a paper.","The prominent objects in the video scene include a colorful patterned rug, a person wearing a pink and blue striped sweater, a pair of brown boots, a black smartphone, a black remote control, a small black device, a black pen, a black pen holder, a black pen, a black pen case, a black pen holder, a black pen case, a black pen holder, a black pen holder, a black pen holder, a black pen holder, a black pen holder, a black pen holder, a black pen holder, a black pen holder, a black pen holder, a black pen holder, a black pen holder, a black pen holder, a black pen holder, a black pen holder, a black pen holder, a black pen holder, a black pen holder, a black pen holder, a black pen holder, a black pen holder, a black pen holder, a black pen holder, a black pen holder, a black pen holder, a black pen holder, a black pen holder, a black pen holder, a black pen holder, a black pen holder, a black pen holder, a black pen holder, a black pen holder, a black pen holder, a black pen holder, a black pen holder, a black pen holder, a black pen holder","Scene Summary"
"2bb31b69-fcda-4f54-8338-f590944df999","How would you characterize the atmosphere in the video?","Casual and leisurely.","The atmosphere in the video is casual and relaxed, with the person deeply engrossed in the game, surrounded by a comfortable and homely setting.","Scene Summary"
"2bb31b69-fcda-4f54-8338-f590944df999","What actions are being performed in the video clip?","Shuffling, picking, and playing cards.","The actions performed in the video clip include a person holding a smartphone, another person holding a deck of cards, and a third person holding a smartphone.","Action Caption"
"2bb31b69-fcda-4f54-8338-f590944df999","Did the individuals reshuffle the cards in the video?","Yes.","Yes, the individuals reshuffled the cards in the video.","Whether Something Happened(Y/N)"
"2bb31b69-fcda-4f54-8338-f590944df999","Was a phone used during the gameplay?","Yes.","Yes, a phone was used during the gameplay.","Whether Something Happened(Y/N)"
"2bb31b69-fcda-4f54-8338-f590944df999","Was a new game started in the video clip?","Yes.","Yes, a new game was started in the video clip.","Whether Something Happened(Y/N)"
"2bb31b69-fcda-4f54-8338-f590944df999","Did the scene capture any form of disagreement?","No.","No, the scene does not capture any form of disagreement. The person is focused on the cards, and the other person is engaged in the game, indicating a calm and cooperative atmosphere.","Whether Something Happened(Y/N)"
"2bb31b69-fcda-4f54-8338-f590944df999","In the video, is the poker game started before the cards are reshuffled?","No.","Yes, the poker game is started before the cards are reshuffled.","Order Judging(Y/N)"
"2bb31b69-fcda-4f54-8338-f590944df999","Is the deck spread out on the floor after picking a card?","Yes.","Yes","Order Judging(Y/N)"
"2bb31b69-fcda-4f54-8338-f590944df999","Does the card shuffling happen before sitting on the floor?","No.","Yes, the card shuffling happens before sitting on the floor.","Order Judging(Y/N)"
"2bb31b69-fcda-4f54-8338-f590944df999","In the video, is the card game initiated before sitting with the lady?","No.","Yes, the card game is initiated before sitting with the lady.","Order Judging(Y/N)"
"2bb31b69-fcda-4f54-8338-f590944df999","What happens before the poker game is played in the video?","Cards are picked.","Before the poker game is played, the person is seen holding a deck of cards and a smartphone, possibly preparing to shuffle the cards or to take a photo of the cards.","What event order"
"2bb31b69-fcda-4f54-8338-f590944df999","What occurs right before reshuffling the cards?","I sit with the lady.","A hand appears, holding a card, and the person starts to shuffle the cards.","What event order"
"2bb31b69-fcda-4f54-8338-f590944df999","What is done just before spreading the cards on the floor?","Cards are picked.","Just before spreading the cards on the floor, the person is seen holding a card and a small object, possibly a piece of paper or a card, and appears to be examining it closely.","What event order"
"2bb31b69-fcda-4f54-8338-f590944df999","In the video, did I play cards before shuffling them?","No.","Yes, you played cards before shuffling them.","Order Judging(Y/N)"
"2bb31b69-fcda-4f54-8338-f590944df999","In the video, did I shuffle the cards before picking them?","Yes.","Yes, the person in the video is seen picking up the cards from the table and then shuffling them before picking them up again.","Order Judging(Y/N)"
"2bb31b69-fcda-4f54-8338-f590944df999","What is the action before reshuffling the cards in the video?","Separating the cards.","The action before reshuffling the cards is the person holding a card and looking at it, possibly contemplating their next move.","What event order"
"2bb31b69-fcda-4f54-8338-f590944df999","What is the setting of the video?","A room with two people playing poker.","The setting of the video is a cozy living room with a wooden floor, a couch, and a potted plant in the background.","Scene Summary"
"2bb31b69-fcda-4f54-8338-f590944df999","What objects are present in the scene?","Cards, a tablecloth, and personal items on the floor.","The objects present in the scene include a deck of playing cards, a smartphone, a glass of water, a cup, a remote control, a pair of shoes, a cup, a remote control, a glass of water, a cup, a remote control, a glass of water, a cup, a remote control, a glass of water, a cup, a remote control, a glass of water, a cup, a remote control, a glass of water, a cup, a remote control, a glass of water, a cup, a remote control, a glass of water, a cup, a remote control, a glass of water, a cup, a remote control, a glass of water, a cup, a remote control, a glass of water, a cup, a remote control, a glass of water, a cup, a remote control, a glass of water, a cup, a remote control, a glass of water is not visible in the scene.","Scene Summary"
"2bb31b69-fcda-4f54-8338-f590944df999","What is the main focus of the camera?","The poker game and the players' actions.","The main focus of the camera is on the person playing the card game, who is holding a deck of cards and appears to be in the middle of a game.","Scene Summary"
"2bb31b69-fcda-4f54-8338-f590944df999","What stage of the game is shown?","The preparation phase, shuffling and dealing cards.","The stage of the game shown is where the person is holding a card and appears to be in the process of making a move, possibly to place the card on the table or to make a bet.","Action Caption"
"2bb31b69-fcda-4f54-8338-f590944df999","Capture the essence of the action in a short phrase.","An intense poker game in progress.","A person is playing a card game, holding a card in their hand, and then takes a sip from a cup.","Action Caption"
"2bb31b69-fcda-4f54-8338-f590944df999","Did the person shuffle the cards more than once?","Yes.","Yes, the person shuffled the cards more than once.","Whether Something Happened(Y/N)"
"2bb31b69-fcda-4f54-8338-f590944df999","Is there another activity besides poker being portrayed?","No.","Yes, there is another activity portrayed in the video, which is a person holding a smartphone and interacting with it, possibly taking a selfie or using an app.","Whether Something Happened(Y/N)"
"2bb31b69-fcda-4f54-8338-f590944df999","Are both players sitting on chairs?","No, they are sitting on the floor.","No, only one player is sitting on a chair.","Whether Something Happened(Y/N)"
"2bb31b69-fcda-4f54-8338-f590944df999","In the video, is the card reshuffling performed before picking the cards?","No","Yes, the card reshuffling is performed before picking the cards.","Order Judging(Y/N)"
"2bb31b69-fcda-4f54-8338-f590944df999","Is the lady X present in the room before I reshuffle the cards?","Yes","Yes, the lady X is present in the room before I reshuffle the cards.","Order Judging(Y/N)"
"2bb31b69-fcda-4f54-8338-f590944df999","Do I play the cards before lady X picks her phone?","No","No, the person in the video does not play the cards before lady X picks her phone.","Order Judging(Y/N)"
"2bb31b69-fcda-4f54-8338-f590944df999","Are the cards picked before they are played?","Yes","Yes, the cards are picked up before the game begins.","Order Judging(Y/N)"
"2bb31b69-fcda-4f54-8338-f590944df999","What happens just before the cards are played in the video?","The cards are reshuffled.","Just before the cards are played, the person in the purple shirt is seen holding a white object, possibly a card or a piece of paper, and appears to be gesturing with their hands.","What event order"
"2bb31b69-fcda-4f54-8338-f590944df999","What do we see happening just before the cards are picked?","The cards are reshuffled.","Just before the cards are picked, the person is seen holding a white object, possibly a card or a piece of paper, and appears to be examining it closely.","What event order"
"2bb31b69-fcda-4f54-8338-f590944df999","What action takes place before reshuffling the cards?","The cards are picked.","Before reshuffling, the person in the purple shirt is seen holding a white object, possibly a card or a piece of paper, and appears to be in the process of reshuffling the cards.","What event order"
"2bb31b69-fcda-4f54-8338-f590944df999","Before the poker game begins, what is the last action performed?","The cards are reshuffled.","The last action performed is the person in the purple shirt holding a white cup, possibly to drink from it, before the game begins.","What event order"
"2bb31b69-fcda-4f54-8338-f590944df999","Did the card reshuffling happen before picking the cards?","No","Yes, the card reshuffling happened before picking the cards.","Order Judging(Y/N)"
"2bb31b69-fcda-4f54-8338-f590944df999","Was playing cards done after picking the cards?","Yes","Yes, after picking the cards, the person in the video is seen holding the cards in their hands, indicating that they have finished playing the game.","Order Judging(Y/N)"
"2bb31b69-fcda-4f54-8338-f590944df999","What happened just before playing poker cards?","Reshuffled the cards","Just before playing poker cards, the person in the purple shirt was seen holding a white object, possibly a card or a piece of paper, and gesturing with their hands.","What event order"
"2bb31b69-fcda-4f54-8338-f590944df999","What occurs right before reshuffling the cards?","Picked the cards","A hand holding a white cup appears, possibly to shake the cards.","What event order"
"2bb31b69-fcda-4f54-8338-f590944df999","What action took place just before picking the cards?","Reshuffled the cards","Just before picking the cards, the person in the purple shirt was seen holding a white object, possibly a card or a piece of paper, and gesturing with their hands.","What event order"
"2bb31b69-fcda-4f54-8338-f590944df999","What environment is presented in the video?","A casual indoor space with a card game being played.","The video is set in a cozy indoor environment, likely a living room, with a person sitting on the floor, holding a card and a drink, and another person holding a card and a smartphone. The room is decorated with a couch, a potted plant, and some scattered items on the floor.","Scene Summary"
"2bb31b69-fcda-4f54-8338-f590944df999","What sequence of actions is depicted here?","Selecting, organizing, and using cards in a game is depicted.","The sequence of actions depicted in the video is as follows:1. The person wearing a pink and blue striped shirt and blue socks is holding a white cup and a card, and they are drinking from it.2. The person holding the card is holding a card in their hand and appears to be examining it.3. The person holding the card is holding a card in their hand and is looking at the other person.4. The person holding the card is holding a card in their hand and is looking at the person holding the card.5. The person holding the card is holding a card in their hand and is looking at the person holding the card.6. The person holding the card is holding a card in their hand and is looking at the person holding the card.7. The person holding the card is holding a card in their hand and is looking at the person holding the card.8. The person holding the card is holding a card in their hand and is looking at the person holding the card.9. The person holding the card is holding a card in their hand and is looking at the person holding the card.10. The person holding the card is holding a card in their hand and is looking at the person holding the card.11","Action Caption"
"2bb31b69-fcda-4f54-8338-f590944df999","How are the participants utilizing the items?","They are using cards for a recreational activity.","The participants are using the items in a card game, with one person holding a card and another holding a card, and both are interacting with the cards.","Action Caption"
"2bb31b69-fcda-4f54-8338-f590944df999","Is there a competitive game being played in this scene?","Yes.","Yes, there is a card game being played in this scene.","Whether Something Happened(Y/N)"
"2bb31b69-fcda-4f54-8338-f590944df999","Has any card been placed face-up on the carpet?","Yes.","Yes, a card has been placed face-up on the carpet.","Whether Something Happened(Y/N)"
"2bb31b69-fcda-4f54-8338-f590944df999","Are there drinks present on the floor beside the players?","Yes.","Yes, there are drinks present on the floor beside the players.","Whether Something Happened(Y/N)"
"2bb31b69-fcda-4f54-8338-f590944df999","Is there a document visible on the floor?","Yes.","Yes, there is a document visible on the floor.","Whether Something Happened(Y/N)"
"2bb31b69-fcda-4f54-8338-f590944df999","Are both participants actively selecting cards?","Yes.","Yes, both participants are actively selecting cards, as indicated by their focused expressions and the cards being held in their hands.","Whether Something Happened(Y/N)"
"2bb31b69-fcda-4f54-8338-f590944df999","Is the poker game played before reshuffling the cards?","No","Yes, the video shows the person holding a deck of cards, indicating that the poker game has been played before reshuffling the cards.","Order Judging(Y/N)"
"2bb31b69-fcda-4f54-8338-f590944df999","What action is performed immediately before reshuffling?","Picking the cards","Before reshuffling, the person holding the card is seen holding a card and a small object, possibly a pen or a small tool, and appears to be preparing to shuffle the cards.","What event order"
"2bb31b69-fcda-4f54-8338-f590944df999","Was the poker card played after the cards were picked?","Yes.","Yes, the video shows the cards being dealt and the hands of the two players interacting with them, indicating that the cards were played after the cards were picked.","Order Judging(Y/N)"
"2bb31b69-fcda-4f54-8338-f590944df999","What action occurs before playing the card game?","Separating cards.","Before playing the card game, the person in the striped socks is seen holding a card and a small object, possibly a pen or a small tool, and appears to be preparing to play.","What event order"
"2bb31b69-fcda-4f54-8338-f590944df999","What is done just before reshuffling the cards?","Picking the cards.","Just before reshuffling the cards, the person holding the card with a straw is seen holding a card in their hand, possibly preparing to shuffle it.","What event order"
"2bb31b69-fcda-4f54-8338-f590944df999","What is the main setting of this scene?","The setting is a room where a poker card game is being played.","The main setting of this scene is a cozy indoor environment, likely a living room, where a person is playing a card game.","Scene Summary"
"2bb31b69-fcda-4f54-8338-f590944df999","How many participants are involved in the card game?","There are two participants in the card game.","There are two participants involved in the card game.","Scene Summary"
"2bb31b69-fcda-4f54-8338-f590944df999","What objects are primarily visible on the table?","Visible objects include poker cards and scattered items.","The objects primarily visible on the table are playing cards, a smartphone, and a cup.","Scene Summary"
"2bb31b69-fcda-4f54-8338-f590944df999","Describe the sequence of actions with the poker cards.","The poker cards are picked up, shuffled, then played in turns.","The sequence of actions begins with the person holding a cup and a drink, then they take a sip and drink from the cup. Next, they place the cup back on the table. After that, they pick up a card from the deck and start to shuffle it. The person continues to shuffle the card, making sure to keep the deck organized. Finally, they place the card back into the deck and pick up another card from the table.","Action Caption"
"2bb31b69-fcda-4f54-8338-f590944df999","Did I carry out a reshuffle of the poker cards?","Yes.","No, the video does not show you carrying out a reshuffle of the poker cards.","Whether Something Happened(Y/N)"
"2bb31b69-fcda-4f54-8338-f590944df999","Was a complete poker game played in this clip?","Yes.","No, the video does not show a complete poker game. The scene is focused on the person playing cards, with no other players visible.","Whether Something Happened(Y/N)"
"2bb31b69-fcda-4f54-8338-f590944df999","Did the game involve more than two players?","No.","Yes, the game involved more than two players.","Whether Something Happened(Y/N)"
"2bb31b69-fcda-4f54-8338-f590944df999","Did I participate in dealing the cards?","Yes.","Yes, you participated in dealing the cards.","Whether Something Happened(Y/N)"
"2bb31b69-fcda-4f54-8338-f590944df999","In the video, did the card shuffling happen before playing the game?","Yes.","Yes, the card shuffling happened before playing the game.","Order Judging(Y/N)"
"2bb31b69-fcda-4f54-8338-f590944df999","Did the playing of poker cards occur before reshuffling the cards?","No.","Yes, the playing of poker cards occurred before reshuffling the cards.","Order Judging(Y/N)"
"2bb31b69-fcda-4f54-8338-f590944df999","Did picking the cards happen after playing the card game?","No.","Yes, the person holding the cards appears to be in the process of picking them up from the table, indicating that the cards were likely picked up after playing the card game.","Order Judging(Y/N)"
"2bb31b69-fcda-4f54-8338-f590944df999","What happens just before playing the poker card game in the video?","Reshuffling the cards.","Just before playing the poker card game, the person holding the cup takes a sip from it.","What event order"
"2bb31b69-fcda-4f54-8338-f590944df999","What occurs directly before playing the card game?","Separating the cards.","Before playing the card game, the person holding the cup takes a sip from it.","What event order"
"2bb31b69-fcda-4f54-8338-f590944df999","In the video, was the poker card played before they were reshuffled?","No","Yes, the poker card was played before the cards were reshuffled.","Order Judging(Y/N)"
"2bb31b69-fcda-4f54-8338-f590944df999","In the clip, was the poker card reshuffled after card separation?","Yes","Yes, the poker card was reshuffled after card separation.","Order Judging(Y/N)"
"2bb31b69-fcda-4f54-8338-f590944df999","What occurs just before playing the poker card in the video?","Reshuffling the cards","Just before playing the poker card, the person in the pink shirt is seen holding a cup, possibly to drink, and is holding a card in their hand.","What event order"
"2bb31b69-fcda-4f54-8338-f590944df999","In the video, what event precedes playing the card game?","Separating cards","The event that precedes playing the card game is a person holding a cup and a drink, possibly enjoying a drink while watching the game.","What event order"
"2bb31b69-fcda-4f54-8338-f590944df999","What does this video clip depict in the room scene?","The video shows a card game session in a room.","The video clip depicts a person playing a card game, possibly a game of poker, in a room setting. The person is sitting on the floor, holding a deck of cards, and appears to be in the middle of a game. The room is furnished with a couch, a cup, and some scattered items on the floor.","Scene Summary"
"2bb31b69-fcda-4f54-8338-f590944df999","What can you infer about the location in the video?","It is a casual, home-like space with a seated person.","The location appears to be a casual indoor setting, likely a living room, with a relaxed atmosphere. The presence of a person holding a drink and a cup, a cup of coffee, and a smartphone suggests a casual gathering or a social event. The room is furnished with a couch, a chair, and a few personal items scattered around, indicating a lived-in space.","Scene Summary"
"2bb31b69-fcda-4f54-8338-f590944df999","Do these frames show any specific action with the cards?","Yes, the cards are being reshuffled by the person.","Yes, the frames show the cards being dealt and the cards being held by the person playing the game.","Action Caption"
"2bb31b69-fcda-4f54-8338-f590944df999","Did the scene show a game in progress?","Yes.","Yes, the scene shows a game in progress.","Whether Something Happened(Y/N)"
"2bb31b69-fcda-4f54-8338-f590944df999","Was there a card shuffle taking place?","Yes.","Yes, there was a card shuffle taking place.","Whether Something Happened(Y/N)"
"2bb31b69-fcda-4f54-8338-f590944df999","Did they play the cards on a traditional table?","No.","No, they played the cards on a floor.","Whether Something Happened(Y/N)"
"2bb31b69-fcda-4f54-8338-f590944df999","Was the person alone in this activity?","No.","Yes, the person was alone in this activity.","Whether Something Happened(Y/N)"
"2bb31b69-fcda-4f54-8338-f590944df999","Did the video capture an outdoor event?","No.","No, the video does not capture an outdoor event. It focuses on a person playing a card game indoors.","Whether Something Happened(Y/N)"
"2bb31b69-fcda-4f54-8338-f590944df999","What action takes place immediately before the carpet is covered?","Sitting down.","Before the carpet is covered, the person holding the card is seen holding a card in their hand, possibly preparing to shuffle it.","What event order"
"2bb31b69-fcda-4f54-8338-f590944df999","Is the card game played before reshuffling the cards?","No","Yes, the card game is played before reshuffling the cards.","Order Judging(Y/N)"
"2bb31b69-fcda-4f54-8338-f590944df999","Is picking the cards shown before separating them?","Yes","Yes, the person is seen holding the cards before separating them, which is a common action in card games.","Order Judging(Y/N)"
"2bb31b69-fcda-4f54-8338-f590944df999","Does separating cards happen before reshuffling?","Yes","Yes, before reshuffling, the cards are separated and placed on the table.","Order Judging(Y/N)"
"2bb31b69-fcda-4f54-8338-f590944df999","Is reshuffling the cards shown before playing poker?","Yes","Yes, the video shows the person in the purple shirt holding a deck of cards and preparing to reshuffle them before starting to play poker.","Order Judging(Y/N)"
"2bb31b69-fcda-4f54-8338-f590944df999","Does picking cards occur before playing the card game?","Yes","Yes, the person is seen holding a card in their hand before picking up the cards from the table.","Order Judging(Y/N)"
"2bb31b69-fcda-4f54-8338-f590944df999","What is the current setting in the video clip?","A room where a card game is being played.","The setting is a cozy indoor room with a person sitting on the floor, playing a card game.","Scene Summary"
"2bb31b69-fcda-4f54-8338-f590944df999","What objects are central to the scene in the video?","A deck of poker cards.","The central objects in the scene are the playing cards, the money, and the person's hands.","Scene Summary"
"2bb31b69-fcda-4f54-8338-f590944df999","What is the main focus of the scene?","The act of playing a poker game.","The main focus of the scene is a person playing a card game, specifically playing cards, with another person holding a smartphone.","Scene Summary"
"2bb31b69-fcda-4f54-8338-f590944df999","Detail the sequence of actions with the cards.","Cards are being selected, shuffled, and dealt for poker.","The sequence of actions begins with the person in the foreground holding a deck of cards and a smartphone, preparing to shuffle the cards. The person in the background is holding a hand of cards and appears to be observing the process. The person in the foreground then reaches for a card from the deck and starts to shuffle it. The person in the background continues to hold the hand of cards and watches the process. The person in the foreground continues to shuffle the cards, and the person in the background continues to hold the hand of cards. The person in the foreground then reaches for a card from the deck and starts to shuffle it. The person in the background continues to hold the hand of cards and watches the process. The person in the foreground continues to shuffle the cards, and the person in the background continues to hold the hand of cards. The person in the foreground reaches for a card from the deck and starts to shuffle it. The person in the background continues to hold the hand of cards and watches the process. The person in the foreground continues to shuffle the cards, and the person in the background continues to hold the hand of cards. The person in the foreground reaches for a card from the deck and starts to shuffle it. The person in the background continues to hold the hand of","Action Caption"
"2bb31b69-fcda-4f54-8338-f590944df999","Does the scene show a poker game in action?","Yes.","No, the scene does not show a poker game in action. The video focuses on a card game being played between two individuals.","Whether Something Happened(Y/N)"
"2bb31b69-fcda-4f54-8338-f590944df999","Does the video include a moment of card shuffling?","Yes.","Yes, the video includes a moment of card shuffling, where the person is seen holding a deck of cards and preparing to shuffle them.","Whether Something Happened(Y/N)"
"2bb31b69-fcda-4f54-8338-f590944df999","Is a card game being organized on a carpet?","Yes.","Yes","Whether Something Happened(Y/N)"
"2bb31b69-fcda-4f54-8338-f590944df999","Does the clip show someone dealing cards?","Yes.","Yes, the clip shows someone dealing cards.","Whether Something Happened(Y/N)"
"2bb31b69-fcda-4f54-8338-f590944df999","Is the lady sitting on the floor while playing cards?","Yes.","Yes","Whether Something Happened(Y/N)"
"2bb31b69-fcda-4f54-8338-f590944df999","Did the card shuffling happen before playing cards?","Yes","Yes, the card shuffling happened before playing cards.","Order Judging(Y/N)"
"2bb31b69-fcda-4f54-8338-f590944df999","Was the room entered before the cards were reshuffled?","Yes","Yes, the room was entered before the cards were reshuffled.","Order Judging(Y/N)"
"2bb31b69-fcda-4f54-8338-f590944df999","Did card shuffling occur before the cards were picked?","No","No, the cards were not shuffled before they were picked up by the person holding the card.","Order Judging(Y/N)"
"2bb31b69-fcda-4f54-8338-f590944df999","What action is performed right before playing cards?","Reshuffling the cards","The action performed right before playing cards is the person holding a smartphone, likely capturing the moment or preparing to make a call.","What event order"
"2bb31b69-fcda-4f54-8338-f590944df999","What happens just before reshuffling the cards?","Picking up the cards","Just before reshuffling the cards, the person holding the card in their hand is seen holding it up, possibly to show it to the other person.","What event order"
"2bb31b69-fcda-4f54-8338-f590944df999","What is done immediately before picking up cards?","Entering the room","Before picking up cards, the person is seen holding a smartphone, possibly to take a photo or record a video of the game.","What event order"
"2bb31b69-fcda-4f54-8338-f590944df999","What takes place immediately after reshuffling cards?","Playing cards","After reshuffling cards, the person in the foreground, who is holding a card, is seen placing the card back into the deck.","What event order"
"2bb31b69-fcda-4f54-8338-f590944df999","In the video, is the poker game started before reshuffling the cards?","No","Yes, the poker game is started before reshuffling the cards.","Order Judging(Y/N)"
"2bb31b69-fcda-4f54-8338-f590944df999","In the video, is the poker game initiated before the cards are spread out on the floor?","Yes","Yes, the poker game is initiated before the cards are spread out on the floor.","Order Judging(Y/N)"
"2bb31b69-fcda-4f54-8338-f590944df999","What happens just before the cards are reshuffled in the video?","The cards are picked up","Just before the cards are reshuffled, the person in the foreground is seen holding a card, possibly preparing to shuffle it.","What event order"
"2bb31b69-fcda-4f54-8338-f590944df999","What happens immediately before the cards are spread out on the floor?","Poker game is played","The person in the foreground, holding a card, is seen holding a card up to the camera, possibly to show it to the person in the background.","What event order"
"2bb31b69-fcda-4f54-8338-f590944df999","What activity is being depicted in this room?","A card game is being played in the room.","The activity depicted in the room is playing cards, specifically a game of poker or card games.","Scene Summary"
"2bb31b69-fcda-4f54-8338-f590944df999","What can you deduce about the space shown?","It's a lived-in room with a casual, cozy setting.","The space shown is a cozy room with a comfortable seating arrangement, including a couch and a chair. The room has a warm and inviting atmosphere, with a rug on the floor and a few personal items scattered around, such as a cup and a remote control.","Scene Summary"
"2bb31b69-fcda-4f54-8338-f590944df999","Where are the players sitting in the scenario?","The players are seated on the floor.","The players are sitting on the floor in a relaxed manner, engaged in a card game.","Scene Summary"
"2bb31b69-fcda-4f54-8338-f590944df999","What are the visible objects associated with the activity?","Playing cards and casual footwear are visible.","The visible objects associated with the activity include playing cards, a smartphone, a cup, and a person's hands.","Scene Summary"
"2bb31b69-fcda-4f54-8338-f590944df999","Does playing poker occur after picking cards?","Yes","Yes, after picking cards, the person holding the card is seen holding a hand of cards, indicating that they are about to play poker.","Order Judging(Y/N)"
"2bb31b69-fcda-4f54-8338-f590944df999","Are cards picked before reshuffling?","Yes","Yes, the cards are picked before reshuffling.","Order Judging(Y/N)"
"2bb31b69-fcda-4f54-8338-f590944df999","Is the poker card played after reshuffling?","Yes","Yes, the poker card is being played after reshuffling.","Order Judging(Y/N)"
"2bb31b69-fcda-4f54-8338-f590944df999","What happens just before reshuffling the cards?","Picking the cards","Just before reshuffling, the person holding the card in their hand reaches out to the other person, possibly to place the card back on the table.","What event order"
"2bb31b69-fcda-4f54-8338-f590944df999","In the video, is a card picked up before reshuffling the deck?","No","Yes, a card is picked up before reshuffling the deck in the video.","Order Judging(Y/N)"
"2bb31b69-fcda-4f54-8338-f590944df999","In the video, does playing cards occur before picking any card from the deck?","No","Yes, the video shows the person holding a card and the other person holding a card, indicating that playing cards are involved before picking any card from the deck.","Order Judging(Y/N)"
"2bb31b69-fcda-4f54-8338-f590944df999","In the video, what happens before reshuffling the cards?","Picking up the cards","Before reshuffling the cards, the person holding the card in their hand is seen holding a small object, possibly a pen or a marker, and appears to be writing or marking something on the card.","What event order"
"2bb31b69-fcda-4f54-8338-f590944df999","What takes place just after the cards are picked up?","Reshuffling the cards","After the cards are picked up, the person holding the card with the face of a dog is seen holding a small object, possibly a phone or a remote control, and appears to be interacting with someone off-camera.","What event order"
"2bb31b69-fcda-4f54-8338-f590944df999","What is done right after reshuffling the deck?","Playing poker cards","The person holding the card in their hand is shown placing it back into the deck.","What event order"
"2bb31b69-fcda-4f54-8338-f590944df999","What is the setting of the scene depicted?","The setting is inside a room with two individuals playing poker.","The setting of the scene is a cozy indoor environment, likely a living room, where a group of people is engaged in a card game.","Scene Summary"
"2bb31b69-fcda-4f54-8338-f590944df999","What objects are prominent in this scene?","Poker cards and hands are prominent in the scene.","The prominent objects in this scene include a deck of playing cards, a smartphone, and a person holding a smartphone.","Scene Summary"
"2bb31b69-fcda-4f54-8338-f590944df999","Is there a card game being played in this video?","Yes.","Yes","Whether Something Happened(Y/N)"
"2bb31b69-fcda-4f54-8338-f590944df999","Does this video show a person dealing cards?","Yes.","Yes, the video shows a person dealing cards.","Whether Something Happened(Y/N)"
"2bb31b69-fcda-4f54-8338-f590944df999","Are the poker cards being reshuffled in this scene?","Yes.","No, the poker cards are not being reshuffled in this scene.","Whether Something Happened(Y/N)"
"2bb31b69-fcda-4f54-8338-f590944df999","Did the card reshuffling occur before playing poker?","Yes.","Yes, the card reshuffling occurred before playing poker.","Order Judging(Y/N)"
"2bb31b69-fcda-4f54-8338-f590944df999","Do I wear blue sleeves before the lady reads a card?","Yes.","No, the person is wearing a pink sleeve before they read a card.","Order Judging(Y/N)"
"2bb31b69-fcda-4f54-8338-f590944df999","Are poker cards spread on the carpet before organizing them into rows?","Yes.","Yes, the poker cards are spread out on the carpet before being organized into rows.","Order Judging(Y/N)"
"2bb31b69-fcda-4f54-8338-f590944df999","Is the picking of cards done before reshuffling?","No","Yes, the picking of cards is done before reshuffling.","Order Judging(Y/N)"
"2bb31b69-fcda-4f54-8338-f590944df999","Is playing poker done after reshuffling cards?","Yes","No, the video does not show the poker game being done after reshuffling cards.","Order Judging(Y/N)"
"2bb31b69-fcda-4f54-8338-f590944df999","Does the reshuffling occur before arranging cards on the floor?","Yes","Yes, the reshuffling occurs before arranging cards on the floor.","Order Judging(Y/N)"
"2bb31b69-fcda-4f54-8338-f590944df999","What takes place right before picking cards?","Sitting in the room","The person in the video is holding a smartphone and appears to be preparing to pick up a card from the deck.","What event order"
"2bb31b69-fcda-4f54-8338-f590944df999","What activity is taking place in this clip?","Playing cards with a woman.","The activity taking place in this clip is a card game, specifically playing cards, with two people sitting on the floor and playing a game of poker or card games.","Scene Summary"
"2bb31b69-fcda-4f54-8338-f590944df999","What is the setting of this scene?","Inside a house.","The setting of this scene is a cozy indoor environment, likely a living room, where a group of people is engaged in a card game.","Scene Summary"
"2bb31b69-fcda-4f54-8338-f590944df999","What objects are prominently featured in this clip?","Cards and a carpet.","The objects prominently featured in this clip are a deck of playing cards, a smartphone, and a person's hands.","Scene Summary"
"2bb31b69-fcda-4f54-8338-f590944df999","What is the atmosphere in this scene?","Casual indoor leisure.","The atmosphere in this scene is casual and relaxed, with the participants enjoying a card game in a comfortable setting.","Scene Summary"
"2bb31b69-fcda-4f54-8338-f590944df999","Is there any interaction between the players?","Yes, they are playing a game together.","Yes, there is some interaction between the players. The person on the right is seen holding a card and making a hand gesture, possibly indicating a decision or action related to the game.","Action Caption"
"2bb31b69-fcda-4f54-8338-f590944df999","Can you describe the table setup for the game?","Cards are spread out haphazardly on the carpet.","The table setup for the game includes a colorful, patterned rug, a few scattered playing cards, and a few other items like a water bottle and a cup.","Action Caption"
"2bb31b69-fcda-4f54-8338-f590944df999","How are the players seated during the game?","They are sitting cross-legged on the floor.","The players are seated on the floor, with one player sitting on the left side and the other on the right side of the table.","Action Caption"
"2bb31b69-fcda-4f54-8338-f590944df999","Did the game just start?","No, it is in progress as cards are already spread out.","Yes, the game appears to have just started as the person on the right is holding a deck of cards and the person on the left is holding a smartphone, possibly to take a photo or record the game.","Whether Something Happened(Y/N)"
"2bb31b69-fcda-4f54-8338-f590944df999","Did reshuffling the cards happen before playing the poker cards?","Yes.","Yes, the cards were reshuffled before the poker cards were dealt.","Order Judging(Y/N)"
"2bb31b69-fcda-4f54-8338-f590944df999","Did laying out the cards on the floor occur after sitting down?","Yes.","Yes, the cards were laid out on the floor after the person sitting down began to play the game.","Order Judging(Y/N)"
"2bb31b69-fcda-4f54-8338-f590944df999","Did the game of cards start after the cards were laid out?","Yes.","Yes, the game of cards began after the cards were laid out.","Order Judging(Y/N)"
"2bb31b69-fcda-4f54-8338-f590944df999","Did I play cards before reshuffling them?","No","No, you didn't play cards before reshuffling them.","Order Judging(Y/N)"
"2bb31b69-fcda-4f54-8338-f590944df999","Was the rug visible before I dealt the cards?","Yes","Yes, the rug was visible before I dealt the cards.","Order Judging(Y/N)"
"2bb31b69-fcda-4f54-8338-f590944df999","Did I spread cards on the floor before sitting down?","Yes","No, the person did not spread cards on the floor before sitting down.","Order Judging(Y/N)"
"2bb31b69-fcda-4f54-8338-f590944df999","Were cards in my hand before reshuffling?","No","No, the cards were not in your hand before reshuffling.","Order Judging(Y/N)"
"2bb31b69-fcda-4f54-8338-f590944df999","Was I seated before the cards were displayed face-up?","Yes","Yes","Order Judging(Y/N)"
"2bb31b69-fcda-4f54-8338-f590944df999","What happened just before playing cards?","Reshuffled the cards","Just before playing cards, the person in the striped shirt was seen holding a small object, possibly a phone or a remote control, and gesturing with their hand.","What event order"
"2bb31b69-fcda-4f54-8338-f590944df999","What happened before reshuffling the cards?","Sat in the room","Before reshuffling, the person was holding a deck of cards and was in the process of shuffling them.","What event order"
"2bb31b69-fcda-4f54-8338-f590944df999","What did I do before spreading cards on the floor?","Reshuffled them","Before spreading cards on the floor, the person was holding a deck of cards and a small object, possibly a phone or a remote control.","What event order"
"2bb31b69-fcda-4f54-8338-f590944df999","What action took place before sitting down?","Entered the room","Before sitting down, the person was seen holding a smartphone and a deck of cards, possibly preparing to play a card game.","What event order"
"2bb31b69-fcda-4f54-8338-f590944df999","What activity is being performed in the scene?","Playing cards is the activity.","The activity being performed in the scene is playing a card game.","Scene Summary"
"2bb31b69-fcda-4f54-8338-f590944df999","How many individuals are participating in the activity?","Two individuals are participating.","There are two individuals participating in the activity.","Scene Summary"
"2bb31b69-fcda-4f54-8338-f590944df999","Can you describe the setting of the video clip?","The setting is indoors, on the floor with a rug.","The video clip takes place in a cozy indoor setting, likely a living room, with a person sitting on the floor engaged in a card game. The room is decorated with a television, a chair, and a few scattered items on the floor, including a drink and a remote control.","Scene Summary"
"2bb31b69-fcda-4f54-8338-f590944df999","What is the gender composition of the participants?","One male and one female are participating.","The gender composition of the participants is not explicitly stated, but it appears to be a mix of genders.","Scene Summary"
"2bb31b69-fcda-4f54-8338-f590944df999","How are the participants positioned in the clip?","They are sitting on the floor.","The participants are positioned on a floor, with one person sitting on the floor and the other standing.","Action Caption"
"2bb31b69-fcda-4f54-8338-f590944df999","Describe the interaction between the individuals.","They are engaged in a card game.","The individuals are deeply engaged in a card game, with one person holding a deck of cards and the other holding a smartphone. The person holding the smartphone appears to be taking a photo of the other person, possibly to share the moment or to document the game. The atmosphere is casual and relaxed, with the person holding the smartphone occasionally looking at the camera.","Action Caption"
"2bb31b69-fcda-4f54-8338-f590944df999","Are there any other objects involved in the action?","Yes, a deck of cards is involved.","Yes, there are other objects involved in the action. The person is holding a smartphone, which is being used to interact with the cards.","Action Caption"
"2bb31b69-fcda-4f54-8338-f590944df999","Is there a competitive activity occurring in the video?","Yes.","Yes, there is a competitive activity occurring in the video. The person on the right is holding a deck of cards and appears to be making a hand gesture, possibly indicating a decision or action related to the game.","Whether Something Happened(Y/N)"
"2bb31b69-fcda-4f54-8338-f590944df999","Is there a visible winner in the card game?","No.","No, there is no visible winner in the card game.","Whether Something Happened(Y/N)"
"2bb31b69-fcda-4f54-8338-f590944df999","Did I pick up a card before shuffling the deck?","No","No, you didn't pick up a card before shuffling the deck.","Order Judging(Y/N)"
"2bb31b69-fcda-4f54-8338-f590944df999","Was the woman seen holding cards before I laid mine on the floor?","Yes","Yes, the woman was seen holding cards before I laid mine on the floor.","Order Judging(Y/N)"
"2bb31b69-fcda-4f54-8338-f590944df999","Did I deal cards to the woman before sitting down?","No","No, you didn't deal cards to the woman before sitting down.","Order Judging(Y/N)"
"2bb31b69-fcda-4f54-8338-f590944df999","Did the woman adjust her glasses before smiling at me?","Yes","Yes, the woman adjusted her glasses before smiling at me.","Order Judging(Y/N)"
"2bb31b69-fcda-4f54-8338-f590944df999","Was the woman's sock visible before she crossed her legs?","Yes","Yes, the woman's sock was visible before she crossed her legs.","Order Judging(Y/N)"
"2bb31b69-fcda-4f54-8338-f590944df999","What did the woman do before looking at her hand of cards?","She crossed her legs","She was seen holding a smartphone in her hand.","What event order"
"2bb31b69-fcda-4f54-8338-f590944df999","What occurred before the woman adjusted her glasses?","She held her cards","Before the woman adjusted her glasses, she was holding a deck of cards and a smartphone.","What event order"
"2bb31b69-fcda-4f54-8338-f590944df999","What action took place before I dealt the cards?","I picked up the deck","Before dealing the cards, the person in the video was seen holding a deck of cards and gesturing with their hands, possibly explaining the rules or discussing the game.","What event order"
"2bb31b69-fcda-4f54-8338-f590944df999","In the video, is the poker game started before reshuffling the cards?","No","No, the poker game is not started before reshuffling the cards. The video shows the game in progress, with the cards being dealt and the players making their moves.","Order Judging(Y/N)"
"2bb31b69-fcda-4f54-8338-f590944df999","In the sequence, does the lady pick up her cards before the cards are laid out on the floor?","Yes","Yes, the lady picks up her cards before the cards are laid out on the floor.","Order Judging(Y/N)"
"2bb31b69-fcda-4f54-8338-f590944df999","In the clip, do the cards get scattered on the table before being picked up?","Yes","Yes, the cards get scattered on the table before being picked up.","Order Judging(Y/N)"
"2bb31b69-fcda-4f54-8338-f590944df999","Does the video show the lady with cards in hand before the cards are shuffled?","No","No, the video does not show the lady with cards in hand before the cards are shuffled. The video only shows the lady holding cards and the cards being shuffled.","Order Judging(Y/N)"
"2bb31b69-fcda-4f54-8338-f590944df999","What occurs just before the lady picks up her cards?","Cards are laid out on the floor","Just before the lady picks up her cards, the video shows the cards being dealt to the other player, with the cards being revealed one by one.","What event order"
"2bb31b69-fcda-4f54-8338-f590944df999","In the video, what happens before the cards are reshuffled?","A round of poker is played","Before the cards are reshuffled, the person is holding a deck of cards and appears to be in the process of shuffling them.","What event order"
"2bb31b69-fcda-4f54-8338-f590944df999","What event happens before the cards get scattered on the table?","The lady picks up her cards","Before the cards get scattered on the table, the person is holding a deck of cards and appears to be preparing to shuffle them.","What event order"
"2bb31b69-fcda-4f54-8338-f590944df999","What do we see happening before the cards are laid out on the floor?","Reshuffling of cards","Before the cards are laid out on the floor, the person is holding a deck of cards, which is the starting point for the game. The deck is laid out on a table, and the person is preparing to shuffle the cards.","What event order"
"2bb31b69-fcda-4f54-8338-f590944df999","What action takes place before the poker game starts?","Cards are reshuffled","Before the poker game starts, the person holding the deck of cards is seen holding a hand of cards, likely preparing to deal or shuffle them.","What event order"
"2bb31b69-fcda-4f54-8338-f590944df999","What is the setting of this video clip?","I played cards with a woman inside a house.","The setting of the video clip appears to be a casual indoor environment, possibly a living room/INFO","Scene Summary"
"2bb31b69-fcda-4f54-8338-f590944df999","How many people are involved in the scene?","Two people are involved in the scene.","There/INFO","Scene Summary"
"2bb31b69-fcda-4f54-8338-f590944df999","Is there a competitive element visible here?","Yes, the card game implies a competitive interaction.","Yes, there is a competitive element visible in the scene. The person holding the cards is actively engaged in the game, making hand gestures and pointing at the cards, which suggests a competitive or strategic aspect to the game.","Action Caption"
"2bb31b69-fcda-4f54-8338-f590944df999","Did the individuals rearrange the furniture for playing?","No.","No, the individuals did not rearrange the furniture for playing.","Whether Something Happened(Y/N)"
"2bb31b69-fcda-4f54-8338-f590944df999","Did someone draw a card in the clip?","Yes.","Yes, someone drew a card from the deck.","Whether Something Happened(Y/N)"
"2bb31b69-fcda-4f54-8338-f590944df999","Did the scene involve any form of digital technology?","No.","No, the scene did not involve any form of digital technology.","Whether Something Happened(Y/N)"
"2bb31b69-fcda-4f54-8338-f590944df999","Did the people appear to be outdoors?","No.","No, the people were indoors, as indicated by the indoor setting and the presence of a television in the background.","Whether Something Happened(Y/N)"
"2bb31b69-fcda-4f54-8338-f590944df999","In the video, did the shoe appear before the card deck on the carpet?","Yes","Yes, the shoe appears before the card deck on the carpet.","Order Judging(Y/N)"
"2bb31b69-fcda-4f54-8338-f590944df999","Was the hand holding cards before the bottle was seen?","Yes","No, the hand holding cards was not seen before the bottle was seen.","Order Judging(Y/N)"
"2bb31b69-fcda-4f54-8338-f590944df999","In the clip, did the playing of cards happen before the plant was visible?","No","Yes, the playing of cards happened before the plant was visible.","Order Judging(Y/N)"
"2bb31b69-fcda-4f54-8338-f590944df999","What is shown before the bottle on the left side of the frame?","Cards on the floor","The bottle is shown on the left side of the frame.","What event order"
"2bb31b69-fcda-4f54-8338-f590944df999","What do you see before the plant in the video's background?","A sofa","The background features a room with a television mounted on the wall, a chair, and a few scattered items on the floor.","What event order"
"2bb31b69-fcda-4f54-8338-f590944df999","Was the rug straightened before I sat down to play?","No.","Yes, the rug was straightened before I sat down to play.","Order Judging(Y/N)"
"2bb31b69-fcda-4f54-8338-f590944df999","Did I touch my foot before picking more cards from the pile?","No.","No, you didn't touch your foot before picking more cards from the pile.","Order Judging(Y/N)"
"2bb31b69-fcda-4f54-8338-f590944df999","Were the cards spread out on the rug before the game started?","No.","Yes","Order Judging(Y/N)"
"2bb31b69-fcda-4f54-8338-f590944df999","Did I pick a card from my hand before the woman looked at hers?","Yes.","No, the woman did not pick a card from her hand before sheNECT","Order Judging(Y/N)"
"2bb31b69-fcda-4f54-8338-f590944df999","What occurs just before I look at my cards?","I pick them up.","Just before I look at my cards, the person in the video is seen holding a card in their hand, possibly preparing to shuffle it or to reveal it to the viewer.","What event order"
"2bb31b69-fcda-4f54-8338-f590944df999","What action takes place before the game begins?","Sitting down on the rug.","Before the game begins, the person holding the deck of cards is seen holding a card in their hand, preparing to shuffle the deck.","What event order"
"2bb31b69-fcda-4f54-8338-f590944df999","What happens before more cards are picked from the pile?","Playing a round of cards.","Before more cards are picked from the pile, the person in the foreground is seen holding a card and gesturing with their hand, possibly explaining or discussing the cards.","What event order"
"2bb31b69-fcda-4f54-8338-f590944df999","What activity takes place in this scene?","Playing cards in the house.","The scene depicts a card game being played by two individuals. One person is holding a deck of cards and appears to be in the process of dealing or sorting them, while the other person is holding a smartphone, possibly taking a photo or recording the game.","Scene Summary"
"2bb31b69-fcda-4f54-8338-f590944df999","Where are the individuals in this scene?","Inside a house.","The individuals are sitting on a rug in a room.","Scene Summary"
"2bb31b69-fcda-4f54-8338-f590944df999","What objects are central in this scenario?","Cards on the floor.","The central objects in this scenario are a deck of playing cards and a smartphone.","Scene Summary"
"2bb31b69-fcda-4f54-8338-f590944df999","How is the room in the clip furnished?","There's a bookshelf and a couch.","The room is furnished with a carpeted floor, a person sitting on the floor, and a person standing. There is also a person holding a smartphone and a remote control.","Scene Summary"
"2bb31b69-fcda-4f54-8338-f590944df999","What action is the person opposite performing?","Holding and presumably playing cards.","The person opposite is holding a smartphone and appears to be interacting with the person opposite, possibly taking a photo or recording a video.","Action Caption"
"2bb31b69-fcda-4f54-8338-f590944df999","What seems to be the immediate action captured in the frame?","Dealing or picking up cards.","The immediate action captured in the frame includes a person holding a smartphone, possibly taking a photo or recording a video, and another person holding a deck of cards. The person with the smartphone appears to be interacting with the camera, possibly taking a selfie or recording a video.","Action Caption"
"2bb31b69-fcda-4f54-8338-f590944df999","What can be said about the card game's progression?","It looks mid-game with several cards played.","The card game appears to be in progress, with the players actively moving cards around and making hand gestures. The cards are spread out on the table, and the players are interacting with them, possibly discussing the game or making decisions.","Action Caption"
"2bb31b69-fcda-4f54-8338-f590944df999","Is there a card game occurring?","Yes.","Yes","Whether Something Happened(Y/N)"
"2bb31b69-fcda-4f54-8338-f590944df999","Is there more than one participant in the game?","Yes.","Yes, there is more than one participant in the game.","Whether Something Happened(Y/N)"
"2bb31b69-fcda-4f54-8338-f590944df999","Have any cards been laid out on the floor?","Yes.","Yes, there are several cards laid out on the floor, including a few that are being dealt or dealt back to the players.","Whether Something Happened(Y/N)"
"2bb31b69-fcda-4f54-8338-f590944df999","Is the activity taking place indoors?","Yes.","Yes","Whether Something Happened(Y/N)"
"2bb31b69-fcda-4f54-8338-f590944df999","Does it appear to be a formal card-playing setting?","No.","No, the setting does not appear to be a formal card-playing setting. The scene is casual and informal, with the participants engaging in a relaxed and friendly atmosphere.","Whether Something Happened(Y/N)"
"2bb31b69-fcda-4f54-8338-f590944df999","Was the rug visible before I started playing cards?","Yes.","Yes, the rug was visible before I started playing cards.","Order Judging(Y/N)"
"2bb31b69-fcda-4f54-8338-f590944df999","Did the plant appear in the frame before the game began?","Yes.","No, the plant was not visible in the frame before the game began.","Order Judging(Y/N)"
"2bb31b69-fcda-4f54-8338-f590944df999","What happens before I sit on the floor?","The setting of the room is displayed.","Before sitting on the floor, the person is holding a smartphone and appears to be looking at it.","What event order"
"2bb31b69-fcda-4f54-8338-f590944df999","In the video, does the arrangement of cards on the floor change before a new card is drawn?","No","Yes, the arrangement of cards on the floor changes before a new card is drawn.","Order Judging(Y/N)"
"2bb31b69-fcda-4f54-8338-f590944df999","In the video, is the heart card shown before a player picks more cards?","Yes","Yes, the heart card is shown before a player picks more cards.","Order Judging(Y/N)"
"2bb31b69-fcda-4f54-8338-f590944df999","Does the woman put down a card before all cards are laid out?","Yes","Yes","Order Judging(Y/N)"
"2bb31b69-fcda-4f54-8338-f590944df999","What occurs just before a new card is drawn from the deck?","Players examine their cards","Just before a new card is drawn from the deck, the person holding the card is seen holding a smartphone, possibly to take a photo or record a video of the card being drawn.","What event order"
"2bb31b69-fcda-4f54-8338-f590944df999","In the video sequence, what do we see happening before the cards are spread out?","A card is being placed down","Before the cards are spread out, the person is holding a smartphone, possibly checking messages or notifications. The person is also holding a small object, which could be a phone or a remote control. The person is sitting on the floor, surrounded by playing cards, and appears to be engaged in a card game or a similar activity.","What event order"
"2bb31b69-fcda-4f54-8338-f590944df999","What takes place right before more cards are picked from the deck?","The woman sorts her cards","The person in the foreground is holding a smartphone, possibly checking a message or a notification.","What event order"
"af400f98-3c57-46ad-acac-eaca6f940180","What location is shown in the video frame?","It shows a road.","The location shown in the video frame is a street with a person riding a skateboard.","Scene Summary"
"af400f98-3c57-46ad-acac-eaca6f940180","Are there other people present in this scene?","Yes, people are present.","Yes, there are other people present in the scene, including a person in a striped shirt and blue jeans who is walking closely behind the main subjects.","Scene Summary"
"af400f98-3c57-46ad-acac-eaca6f940180","Is the environment urban or rural?","The environment appears to be urban.","The environment appears to be urban, as indicated by the presence of a motorcycle and the urban setting.","Scene Summary"
"af400f98-3c57-46ad-acac-eaca6f940180","Is the road busy or empty?","The road is busy with movement.","The road appears to be empty, with no other vehicles or pedestrians visible in the video.","Scene Summary"
"af400f98-3c57-46ad-acac-eaca6f940180","What is the weather like in the scene?","The weather information is not provided.","The weather appears to be overcast, as the sky is not visible in the image.","Scene Summary"
"af400f98-3c57-46ad-acac-eaca6f940180","Who is walking in this clip?","I am walking along the road.","A person wearing a striped shirt and jeans is walking in this clip.","Action Caption"
"af400f98-3c57-46ad-acac-eaca6f940180","What is the camera angle capturing?","The camera angle captures from the walker's perspective.","The camera angle is from a first-person perspective, capturing the movement of the person and the dog.","Action Caption"
"af400f98-3c57-46ad-acac-eaca6f940180","Is there interaction with the passerby?","No interaction is mentioned or shown.","Yes, there is interaction with the passerby. The person in the striped shirt is seen holding the hand of the person in the striped shirt, suggesting a friendly or familial relationship.","Action Caption"
"af400f98-3c57-46ad-acac-eaca6f940180","Do any vehicles pass by closely?","The summary indicates vehicles move past, but closeness isn't specified.","Yes, a vehicle passes by closely in the distance.","Action Caption"
"af400f98-3c57-46ad-acac-eaca6f940180","Is there an accident occurring in the video?","No, no accident is mentioned.","Yes, there is an accident occurring in the video. The person in the striped shirt is seen falling off the skateboard, which is a significant event in the video.","Whether Something Happened(Y/N)"
"af400f98-3c57-46ad-acac-eaca6f940180","Is there any construction work shown in the video?","No, no construction is mentioned.","No, there is no construction work shown in the video.","Whether Something Happened(Y/N)"
"af400f98-3c57-46ad-acac-eaca6f940180","Does the video frame show clear skies?","The video frame does not provide this information.","No, the video frame does not show clear skies.","Whether Something Happened(Y/N)"
"af400f98-3c57-46ad-acac-eaca6f940180","What is the main event depicted in this video clip?","A walk on the road with a woman and interactions with passersby.","The main event depicted in this video clip is a person holding a cigarette, walking down a path, and then passing by another person who is holding a cell phone.","Scene Summary"
"af400f98-3c57-46ad-acac-eaca6f940180","Which location is primarily featured in this video clip?","The video clip features a road.","The primary location featured in this video clip is a rural or semi-rural area with a dirt road.","Scene Summary"
"af400f98-3c57-46ad-acac-eaca6f940180","How many main subjects are involved in this video scenario?","Two main subjects, a man and a woman.","There are two main subjects involved in this video scenario: a person and a child.","Scene Summary"
"af400f98-3c57-46ad-acac-eaca6f940180","Are there other individuals present in this video scene besides the subjects?","Yes, there are passersby present.","Yes, there are other individuals present in the video scene. One person is visible in the foreground, and another person is partially visible in the background.","Scene Summary"
"af400f98-3c57-46ad-acac-eaca6f940180","What actions are shown in these new frames?","A person is seen walking and reaching out to others.","In the new frames, the person is seen holding a cigarette, walking with their hand in their pocket, and pointing at something off-screen.","Action Caption"
"af400f98-3c57-46ad-acac-eaca6f940180","Is there any communication depicted in the clip?","Yes, there is interaction with passersby.","No, there is no communication depicted in the clip. The video focuses on the actions of the individuals and their interactions with each other and their surroundings.","Action Caption"
"af400f98-3c57-46ad-acac-eaca6f940180","Can you describe the physical posture in this frame?","The person's arm is extended forward as if reaching out.","The person in the striped shirt is standing with their feet apart, holding a small object in their right hand, and appears to be in a relaxed posture.","Action Caption"
"af400f98-3c57-46ad-acac-eaca6f940180","Are the movements in the video leisurely or hurried?","They appear leisurely.","The movements in the video are leisurely.","Action Caption"
"af400f98-3c57-46ad-acac-eaca6f940180","Does the person in the video come into physical contact with others?","It is implied but not visible.","Yes, the person in the video is seen holding hands with another individual, indicating a sense of connection or interaction between them.","Whether Something Happened(Y/N)"
"af400f98-3c57-46ad-acac-eaca6f940180","Is the person in the video engaging in a conversation?","Yes.","No, the person in the video is not engaging in a conversation.","Whether Something Happened(Y/N)"
"af400f98-3c57-46ad-acac-eaca6f940180","Does the person walk on a grassy path in the video?","No.","Yes, the person walks on a grassy path in the video.","Whether Something Happened(Y/N)"
"af400f98-3c57-46ad-acac-eaca6f940180","Does the person in the video interact with more than one passerby?","Yes.","Yes, the person in the video is seen holding a cigarette and interacting with another person who is partially visible in the frame.","Whether Something Happened(Y/N)"
"af400f98-3c57-46ad-acac-eaca6f940180","What is the setting of this video clip?","It's on a road with a person walking and interacting with a woman.","The setting of the video clip appears to be an outdoor area with a paved path, possibly a street or a park. There are two individuals walking side by side, and the person in the foreground is holding a small object, possibly a toy or a snack.","Scene Summary"
"af400f98-3c57-46ad-acac-eaca6f940180","Is there any physical contact between the two individuals?","No.","No, there is no physical contact between the two individuals in the video.","Whether Something Happened(Y/N)"
"af400f98-3c57-46ad-acac-eaca6f940180","Did the person in the video stop walking while interacting?","No.","Yes, the person in the video stopped walking while interacting with the person in the blue dress.","Whether Something Happened(Y/N)"
"af400f98-3c57-46ad-acac-eaca6f940180","Is the communication friendly and non-threatening?","Yes.","Yes, the communication is friendly and non-threatening.","Whether Something Happened(Y/N)"
"af400f98-3c57-46ad-acac-eaca6f940180","In the video, do I interact with some passersby before walking with the woman on the road?","No","Yes, you interact with some passersby before walking with the woman on the road.","Order Judging(Y/N)"
"af400f98-3c57-46ad-acac-eaca6f940180","In the video, do I walk alone on the road before interacting with a woman?","Yes","Yes, you walk alone on the road before interacting with a woman.","Order Judging(Y/N)"
"af400f98-3c57-46ad-acac-eaca6f940180","What do I do just before interacting with the woman on the road in the video?","Walk alone","You should approach the woman on the road, possibly by her side or behind her, and make eye contact.","What event order"
"20bc995f-c3de-4789-bd7a-34cf1a313b0c","Who is involved in the scene?","A man and some girls.","The scene involves a person preparing food in a bustling food stall.","Scene Summary"
"20bc995f-c3de-4789-bd7a-34cf1a313b0c","What activity is taking place?","Food preparation.","The activity taking place is the preparation of a dish, likely a type of curry or stew, with various ingredients and utensils being used.","Scene Summary"
"20bc995f-c3de-4789-bd7a-34cf1a313b0c","What can be seen on the table in the scene?","Ingredients and cooking utensils.","The table is cluttered with various food items, including a large bowl of curry, a plate with a mixture of rice and spices, and a container of a white substance, possibly yogurt or a similar dairy product.","Scene Summary"
"20bc995f-c3de-4789-bd7a-34cf1a313b0c","What is the camera wearer doing with the spoon?","Cooking food.","The camera wearer is using the spoon to scoop and mix the contents of the bowl, which contains a mixture of rice, spices, and other ingredients.","Action Caption"
"20bc995f-c3de-4789-bd7a-34cf1a313b0c","What can be assumed about the pace of the activity?","It is fast-paced.","The activity appears to be fast-paced, as indicated by the close-up shots of the hands and the movement of the food being prepared.","Action Caption"
"20bc995f-c3de-4789-bd7a-34cf1a313b0c","Does the video show any monetary transaction?","No.","No, the video does not show any monetary transaction.","Whether Something Happened(Y/N)"
"20bc995f-c3de-4789-bd7a-34cf1a313b0c","Is the food prepared for a large group?","Yes.","Yes, the food is prepared for a large group, as indicated by the multiple people in the background and the large number of dishes and ingredients on the table.","Whether Something Happened(Y/N)"
"20bc995f-c3de-4789-bd7a-34cf1a313b0c","Does the camera wearer handle more than one dish?","Yes.","Yes, the camera wearer is seen handling two dishes, one with a mixture of spices and the other with a mixture of vegetables.","Whether Something Happened(Y/N)"
"20bc995f-c3de-4789-bd7a-34cf1a313b0c","What is the setting in this video clip?","A food tent with servings of food.","The setting in this video clip is a bustling street food stall, likely in a busy urban area, with various food items and people visible in the background.","Scene Summary"
"20bc995f-c3de-4789-bd7a-34cf1a313b0c","Is the person serving food to more than one person?","Yes.","Yes, the person is seen serving food to more than one person, as indicated by the hand reaching towards the food on the right side of the frame.","Whether Something Happened(Y/N)"
"20bc995f-c3de-4789-bd7a-34cf1a313b0c","Is there a pot included in the food items being served?","Yes.","Yes, there is a pot included in the food items being served.","Whether Something Happened(Y/N)"
"20bc995f-c3de-4789-bd7a-34cf1a313b0c","Is the setting of this video during a nighttime event?","Yes.","Yes, the setting of this video appears to be a nighttime event, as indicated by the dim lighting and the presence of people in the background.","Whether Something Happened(Y/N)"
"20bc995f-c3de-4789-bd7a-34cf1a313b0c","Is the food made for a man and some girls before serving food under the tent?","Yes","Yes, the food is made for a man and some girls before serving food under the tent.","Order Judging(Y/N)"
"20bc995f-c3de-4789-bd7a-34cf1a313b0c","What is the setting of the video clip?","At a roadside food stall.","The setting of the video clip appears to be a bustling street food stall or a busy food preparation area, with various food items and people visible in the background.","Scene Summary"
"20bc995f-c3de-4789-bd7a-34cf1a313b0c","Who is the main person interacting with others in the scene?","A food stall vendor.","The main person interacting with others in the scene is a person wearing a black shirt.","Scene Summary"
"20bc995f-c3de-4789-bd7a-34cf1a313b0c","What type of interaction occurs between the vendor and customers?","Serving food and conversing.","The vendor interacts with customers by serving food and interacting with them through gestures and movements.","Scene Summary"
"20bc995f-c3de-4789-bd7a-34cf1a313b0c","How is the stall vendor engaging with the customers besides serving food?","Talking with them.","The stall vendor is engaging with the customers by interacting with them through gestures and hand movements, possibly offering them food or engaging in a conversation.","Action Caption"
"20bc995f-c3de-4789-bd7a-34cf1a313b0c","Is the vendor wearing gloves while handling food?","No.","Yes, the vendor is wearing gloves while handling food.","Whether Something Happened(Y/N)"
"20bc995f-c3de-4789-bd7a-34cf1a313b0c","Does the video show a customer receiving change after payment?","No.","Yes, the video shows a customer receiving change after paying for their food at the food stall.","Whether Something Happened(Y/N)"
"20bc995f-c3de-4789-bd7a-34cf1a313b0c","Is there any interaction between the customers in the frame?","No.","Yes, there is a customer in the frame who is holding a smartphone, possibly taking a photo or video of the food preparation process.","Whether Something Happened(Y/N)"
"20bc995f-c3de-4789-bd7a-34cf1a313b0c","Does the stall have a digital payment option displayed?","Yes.","Yes, the stall has a QR code displayed on the wall, indicating a digital payment option.","Whether Something Happened(Y/N)"
"20bc995f-c3de-4789-bd7a-34cf1a313b0c","Does the interaction with woman B happen before serving to woman C?","Yes","Yes, the interaction with woman B happens before serving to woman C.","Order Judging(Y/N)"
"20bc995f-c3de-4789-bd7a-34cf1a313b0c","Do I serve food to a group of people before the roadside food stall scene?","No","Yes, the person in the video is seen serving food to a group of people before the roadside food stall scene.","Order Judging(Y/N)"
"20bc995f-c3de-4789-bd7a-34cf1a313b0c","In the video, did I serve food under the tent before talking to man A at the stand?","No","Yes, the video shows a person serving food under the tent before talking to man A at the stand.","Order Judging(Y/N)"
"20bc995f-c3de-4789-bd7a-34cf1a313b0c","In the video, does serving pani puri occur before making food for the man and girls?","Yes","Yes, the video shows the pani puri being served before making food for the man and girls.","Order Judging(Y/N)"
"20bc995f-c3de-4789-bd7a-34cf1a313b0c","What happens before interacting with woman A, B, and C at the roadside stall?","I serve food to a group of people.","Before interacting with woman A, B, and C at the roadside stall, the person is seen preparing the food, adding various ingredients to the dish, and handling the food.","What event order"
"20bc995f-c3de-4789-bd7a-34cf1a313b0c","Describe the setting of this video clip.","A roadside food stall at night.","The video takes place in a bustling street food stall, characterized by a vibrant array of colorful dishes and a busy atmosphere. The scene is filled with various food items, including a large metal bowl filled with a mixture of vegetables and spices, a small metal bowl with a spoon, and a large clay pot with a dark liquid. The background is filled with other food stalls and people, contributing to the lively and crowded ambiance. The video captures the essence of street food culture, showcasing the variety of dishes and the bustling environment.","Scene Summary"
"20bc995f-c3de-4789-bd7a-34cf1a313b0c","Could you summarize the depicted scenario?","A person serving and conversing at a food stall.","The video showcases a bustling street food stall, where a person is preparing and serving a variety of dishes. The scene is filled with vibrant colors and textures, highlighting the lively atmosphere of the food preparation area. The person is seen holding a smartphone, possibly checking the progress of their food preparation or communicating with someone off-camera. The background is filled with various food items and utensils, indicating a busy and dynamic environment. The video captures the essence of street food culture, showcasing the intricate process of preparing and serving food in a vibrant and bustling setting.","Scene Summary"
"20bc995f-c3de-4789-bd7a-34cf1a313b0c","Did the vendor converse with two individuals?","Yes.","Yes, the vendor conversed with two individuals, as indicated by the text ""Conversation with two individuals"" visible in the image.","Whether Something Happened(Y/N)"
"20bc995f-c3de-4789-bd7a-34cf1a313b0c","In the sequence, is food served at the roadside stall before the food tent?","No","Yes, the food is served at the roadside stall before the food tent.","Order Judging(Y/N)"
"20bc995f-c3de-4789-bd7a-34cf1a313b0c","What scene is captured in the video clip?","A food stand with cooking in progress.","The video captures a bustling street food stall in India, filled with a variety of vibrant and colorful dishes. The scene is illuminated by bright lights, highlighting the lively atmosphere and the array of food items. The stall is well-stocked with a diverse selection of items, including fried snacks, chutneys, and other street food, all arranged on shelves and tables. The background shows a busy street with people walking by, adding to the dynamic and bustling ambiance of the scene.","Scene Summary"
"20bc995f-c3de-4789-bd7a-34cf1a313b0c","What's the brief of the depicted scenario?","Food preparation at a stand with a customer waiting.","The image captures a bustling street food stall, teeming with a variety of dishes and vibrant colors. The scene is illuminated by a bright overhead light, casting a warm glow on the food and the people. The food is served in large metal bowls, and the people are seen interacting with the food, suggesting a lively and communal atmosphere. The background is filled with the hustle and bustle of street vendors, adding to the dynamic and energetic vibe of the scene.","Scene Summary"
"20bc995f-c3de-4789-bd7a-34cf1a313b0c","Does the scene capture a customer receiving their order?","No.","Yes, the scene captures a customer receiving their order, as indicated by the person's hand reaching towards the food on the table.","Whether Something Happened(Y/N)"
"20bc995f-c3de-4789-bd7a-34cf1a313b0c","Is there any indication of a payment transaction in the video?","No.","Yes, there is a hand holding a coin in the video, which suggests that a transaction is taking place.","Whether Something Happened(Y/N)"
"20bc995f-c3de-4789-bd7a-34cf1a313b0c","Does the video show the cook finishing the dish?","No.","Yes, the video shows the cook finishing the dish, as indicated by the hand holding a spoon and the completion of the dish on the plate.","Whether Something Happened(Y/N)"
"20bc995f-c3de-4789-bd7a-34cf1a313b0c","Is the cook multitasking between cooking and another activity?","Yes.","Yes, the cook is seen holding a spoon and stirring a mixture on a large metal plate, indicating multitasking between cooking and another activity.","Whether Something Happened(Y/N)"
"20bc995f-c3de-4789-bd7a-34cf1a313b0c","Does the cook appear to be preparing food for more than one person?","Yes.","Yes, the cook appears to be preparing food for more than one person, as indicated by the presence of multiple bowls and utensils on the table.","Whether Something Happened(Y/N)"
"20bc995f-c3de-4789-bd7a-34cf1a313b0c","Did the discussion with man X and man Y happen before serving woman Z?","No","No, the discussion with man X and man Y did not happen before serving woman Z.","Order Judging(Y/N)"
"20bc995f-c3de-4789-bd7a-34cf1a313b0c","What event happened before the phone conversation?","Serving a different customer","Before the phone conversation, the person was seen preparing food at a street food stall.","What event order"
"20bc995f-c3de-4789-bd7a-34cf1a313b0c","Was food made for woman A after the interaction with woman B?","Yes","Yes, food was made for woman A after the interaction with woman B.","Order Judging(Y/N)"
"20bc995f-c3de-4789-bd7a-34cf1a313b0c","Did the phone conversation occur before discussing with man Y?","Yes","Yes, the phone conversation occurred before discussing with man Y.","Order Judging(Y/N)"
"20bc995f-c3de-4789-bd7a-34cf1a313b0c","What is seen happening before making food for man B?","Talked on the phone","Before making food for man B, the food preparation area is filled with various dishes, including a large metal plate with a mixture of ingredients, a small bowl with a spoon, and a large metal bowl with a mixture of ingredients. There are also other food items and utensils visible in the background.","What event order"
"20bc995f-c3de-4789-bd7a-34cf1a313b0c","What took place just before making food for woman A?","Talked on the phone","Just before making food for woman A, a person was seen pouring a liquid from a container into a bowl, likely to add flavor or to mix ingredients.","What event order"
"20bc995f-c3de-4789-bd7a-34cf1a313b0c","What is the location of the scene in the video?","The location is at a food stand.","The scene is set in a bustling street food stall at night, with a busy atmosphere and a variety of colorful food items and utensils.","Scene Summary"
"20bc995f-c3de-4789-bd7a-34cf1a313b0c","How many customers are being interacted with?","Three customers are being interacted with.","There are two customers being interacted with in the video.","Scene Summary"
"20bc995f-c3de-4789-bd7a-34cf1a313b0c","Does the frame show the server handing pani puris to a customer?","Yes.","Yes, the frame shows the server handing pani puris to a customer.","Whether Something Happened(Y/N)"
"20bc995f-c3de-4789-bd7a-34cf1a313b0c","Is the shown frame depicting an indoor activity?","No.","No, the frame is showing an outdoor activity, as indicated by the presence of a person standing outside the food stall.","Whether Something Happened(Y/N)"
"20bc995f-c3de-4789-bd7a-34cf1a313b0c","Does the video involve interaction between the server and customers?","Yes.","Yes, the video shows a customer interacting with the server, who is seen holding a small container and interacting with the food on the table.","Whether Something Happened(Y/N)"
"20bc995f-c3de-4789-bd7a-34cf1a313b0c","Is the phone conversation happening before making food for woman A?","Yes","Yes, the phone conversation is happening before making food for woman A.","Order Judging(Y/N)"
"20bc995f-c3de-4789-bd7a-34cf1a313b0c","Does man Z get served before the phone conversation starts?","No","No, man Z does not get served before the phone conversation starts.","Order Judging(Y/N)"
"20bc995f-c3de-4789-bd7a-34cf1a313b0c","In the video, is the interaction with man X and Y before the food preparation for woman A and man B?","No","Yes, the interaction with man X and Y before the food preparation for woman A and man B is not visible in the provided image.","Order Judging(Y/N)"
"20bc995f-c3de-4789-bd7a-34cf1a313b0c","Do I talk to man Z before making food for woman A and man B?","No.","No, you don't talk to the man Z before making food for woman A and man B.","Order Judging(Y/N)"
"20bc995f-c3de-4789-bd7a-34cf1a313b0c","Is the food prepared for woman Z before the interaction with man Z?","Yes.","Yes, the food is prepared for woman Z before the interaction with man Z.","Order Judging(Y/N)"
"20bc995f-c3de-4789-bd7a-34cf1a313b0c","What do I do before making food for woman A and man B?","Talking on the phone.","Before making food for woman A and man B, I need to prepare the food.","What event order"
"20bc995f-c3de-4789-bd7a-34cf1a313b0c","How many individuals does the camera wearer interact with?","Three individuals.","The camera wearer interacts with two individuals.","Scene Summary"
"20bc995f-c3de-4789-bd7a-34cf1a313b0c","Are there any objects visible in the scene?","Yes, food and serving utensils.","Yes, there are various objects visible in the scene, including a person holding a smartphone, a hand reaching towards the food, and a person in a pink shirt interacting with the food.","Scene Summary"
"20bc995f-c3de-4789-bd7a-34cf1a313b0c","Is the environment depicted busy or calm?","Busy, with serving and conversation happening.","The environment depicted is busy.","Scene Summary"
"20bc995f-c3de-4789-bd7a-34cf1a313b0c","Did the camera wearer carry out more than one task?","Yes, serving and conversing.","Yes, the camera wearer was seen holding a smartphone and interacting with the person behind the counter, suggesting they were multitasking.","Action Caption"
"20bc995f-c3de-4789-bd7a-34cf1a313b0c","Did the serving of food appear organized or haphazard?","Organized, with food laid out.","The serving of food in the video appears to be organized, with the items being placed in a way that suggests a systematic approach to the preparation and serving process.","Action Caption"
"20bc995f-c3de-4789-bd7a-34cf1a313b0c","Are all men engaged in eating or just conversing?","Only one is shown eating, others converse.","The video shows a man eating a piece of food, but there is no clear indication of him conversing with another person.","Action Caption"
"20bc995f-c3de-4789-bd7a-34cf1a313b0c","Was there verbal exchange under the tent?","Yes.","No, there was no verbal exchange under the tent.","Whether Something Happened(Y/N)"
"20bc995f-c3de-4789-bd7a-34cf1a313b0c","Is there visible evidence of food being consumed in the frame?","Yes.","Yes, there is visible evidence of food being consumed in the frame. A hand is seen holding a small object, possibly a piece of food, and another hand is seen holding a smartphone, indicating that the person is likely taking a photo or recording a video.","Whether Something Happened(Y/N)"
"20bc995f-c3de-4789-bd7a-34cf1a313b0c","Does the scene suggest any sign of a rush or urgency?","No, it appears orderly.","The scene does not suggest a rush or urgency. The person is actively engaged in serving food, and the background is relatively calm, indicating a steady flow of customers or a less busy time of day.","Whether Something Happened(Y/N)"
"20bc995f-c3de-4789-bd7a-34cf1a313b0c","Is the preparation of pani puris shown before serving them to man X and Y?","Yes","No, the preparation of pani puris is shown after serving them to man X and Y.","Order Judging(Y/N)"
"20bc995f-c3de-4789-bd7a-34cf1a313b0c","Do I talk on the phone prior to serving food under the food tent?","Yes","Yes, you can see the person holding a smartphone in the foreground, which suggests that they might be talking on the phone before serving food under the food tent.","Order Judging(Y/N)"
"20bc995f-c3de-4789-bd7a-34cf1a313b0c","What occurs just before serving food to man A under the food tent?","Preparing food","Just before serving food to man A under the food tent, the person is seen holding a smartphone, possibly checking messages or taking a photo.","What event order"
"20bc995f-c3de-4789-bd7a-34cf1a313b0c","What activity is taking place at the stall?","A person is serving potato balls and gruel.","The activity taking place at the stall is the preparation and serving of food. A person is seen scooping food from a bowl and placing it into a pot, while another person is seen holding a small container, possibly to receive the food.","Scene Summary"
"20bc995f-c3de-4789-bd7a-34cf1a313b0c","Who is interacting at the food stall?","A server, a woman, and a girl.","The person in the blue shirt is interacting with the food stall, possibly placing orders or receiving food.","Scene Summary"
"20bc995f-c3de-4789-bd7a-34cf1a313b0c","What type of service is depicted at the stall?","Food service involving potato balls and gruel.","The stall appears to be a mobile food service, as indicated by the variety of dishes and the person's interaction with the food.","Scene Summary"
"20bc995f-c3de-4789-bd7a-34cf1a313b0c","Who is preparing the food in the video clip?","The server at the stall.","The video clip shows a person preparing food at a street food stall.","Action Caption"
"20bc995f-c3de-4789-bd7a-34cf1a313b0c","What actions can be seen in the frame provided?","Preparing and serving food at the stall.","The frame shows a person preparing food at a street food stall, including scooping and pouring ingredients into a pot, adding a small piece of food to it, and interacting with a mobile phone. The background is busy with other people and various items, indicating a lively and bustling environment typical of street food markets.","Action Caption"
"20bc995f-c3de-4789-bd7a-34cf1a313b0c","Is the food being freshly prepared or pre-packaged?","Freshly prepared, as seen in the video.","The food appears to be freshly prepared, as indicated by the vibrant colors and the presence of a hand holding a small piece of food, suggesting it is being prepared for consumption.","Action Caption"
"20bc995f-c3de-4789-bd7a-34cf1a313b0c","Does the server use any special tools for serving?","Not evident in the provided frame.","Yes, the server uses a spoon to scoop the food from the bowl and then uses a spatula to transfer it to the plate.","Action Caption"
"20bc995f-c3de-4789-bd7a-34cf1a313b0c","Does the video show the server using a foam plate for serving?","Yes.","Yes, the server is seen using a foam plate to scoop up the food from the large metal bowl.","Whether Something Happened(Y/N)"
"20bc995f-c3de-4789-bd7a-34cf1a313b0c","Can we see any cooking equipment in the video?","Yes, in the provided frame.","Yes, there are cooking equipment visible in the video, including a large metal bowl and a small metal bowl with a spoon.","Whether Something Happened(Y/N)"
"20bc995f-c3de-4789-bd7a-34cf1a313b0c","Did the serving of potato balls occur before serving gruel?","Yes","Yes, the serving of potato balls occurred before serving gruel.","Order Judging(Y/N)"
"20bc995f-c3de-4789-bd7a-34cf1a313b0c","Was the conversation with man E before serving food to the woman Z?","No","No, the conversation with man E before serving food to the woman Z was not mentioned in the given information.","Order Judging(Y/N)"
"20bc995f-c3de-4789-bd7a-34cf1a313b0c","What event occurs just before serving food to man A?","Being under a food tent","Just before serving food to man A, the scene shows a person preparing a dish, possibly a type of curry or stew, with various ingredients and utensils.","What event order"
"20bc995f-c3de-4789-bd7a-34cf1a313b0c","What happens right before serving potato balls?","Interacting with a group of people","A person is seen holding a small container, possibly a spoon or a small bowl, and is about to scoop some of the cooked potato balls from the large metal bowl.","What event order"
"20bc995f-c3de-4789-bd7a-34cf1a313b0c","What event happens before interacting with a group of people?","Being at a stall","Before interacting with a group of people, the person is seen preparing a dish, possibly a type of curry or stew, which is being scooped up with a spoon.","What event order"
"20bc995f-c3de-4789-bd7a-34cf1a313b0c","Did the serving of potato balls happen before the gruel in foam plates?","No","Yes, the serving of potato balls happened before the gruel in foam plates.","Order Judging(Y/N)"
"20bc995f-c3de-4789-bd7a-34cf1a313b0c","In the video, is the food tent scene before the interaction with the group of people?","No","No, the food tent scene is not before the interaction with the group of people.","Order Judging(Y/N)"
"20bc995f-c3de-4789-bd7a-34cf1a313b0c","What do we see happening just before the food stand scene?","Serving at a stall","Just before the food stand scene, we see a person holding a small container, possibly a spoon or a piece of food, and a smartphone. The person is interacting with the food stand, possibly placing or picking up items from the stand.","What event order"
"20bc995f-c3de-4789-bd7a-34cf1a313b0c","What's the setting of the video clip?","Inside a food kiosk.","The setting of the video clip appears to be a bustling street food stall or a similar food preparation area, characterized by a busy and vibrant atmosphere.","Scene Summary"
"20bc995f-c3de-4789-bd7a-34cf1a313b0c","What is the primary activity occurring?","Food preparation and sales.","The primary activity is the preparation and serving of food at a street food stall.","Scene Summary"
"20bc995f-c3de-4789-bd7a-34cf1a313b0c","Are there any customers present in the video?","Yes, a group of people.","No, there are no customers present in the video.","Scene Summary"
"20bc995f-c3de-4789-bd7a-34cf1a313b0c","What can be seen in the kiosk besides the food?","Food ingredients and cooking utensils.","Besides the food, the kiosk features a variety of items, including a large metal bowl filled with a mixture of ingredients, a spoon, a small metal bowl, a bottle, and a few other utensils.","Scene Summary"
"20bc995f-c3de-4789-bd7a-34cf1a313b0c","What type of food is being sold?","It is not specified.","The video shows a person preparing a dish that appears to be a type of curry or stew, as indicated by the visible ingredients and the spoon being used to scoop or serve the food.","Action Caption"
"20bc995f-c3de-4789-bd7a-34cf1a313b0c","Is the food seller working alone?","It's not clear from the clip.","Yes, the food seller is working alone, as indicated by the focus on the food preparation area and the absence of other individuals in the frame.","Action Caption"
"20bc995f-c3de-4789-bd7a-34cf1a313b0c","Does the video show the exchange of goods for payment?","It is not confirmed.","Yes, the video shows the exchange of goods for payment. The person is seen holding a small container, likely containing money, and placing it into the cash register.","Action Caption"
"20bc995f-c3de-4789-bd7a-34cf1a313b0c","Does the video show the food being cooked?","No.","Yes, the video shows the food being cooked. The person is seen handling the food on the plate, which is being cooked on a stove.","Whether Something Happened(Y/N)"
"20bc995f-c3de-4789-bd7a-34cf1a313b0c","Does the video show the food being packaged?","No, it shows it being prepared.","Yes, the video shows the food being packaged.","Whether Something Happened(Y/N)"
"20bc995f-c3de-4789-bd7a-34cf1a313b0c","Is there any indication of the kiosk's location being outdoors?","No.","Yes, the kiosk is situated outdoors, as indicated by the presence of a street lamp and a clear sky in the background.","Whether Something Happened(Y/N)"
"20bc995f-c3de-4789-bd7a-34cf1a313b0c","In the video, is the gruel served after the interaction with the group of people?","Yes","No, the gruel is not served after the interaction with the group of people.","Order Judging(Y/N)"
"20bc995f-c3de-4789-bd7a-34cf1a313b0c","Was I at the kiosk before serving potato balls and gruel?","No","No, you were not at the kiosk before serving potato balls and gruel.","Order Judging(Y/N)"
"20bc995f-c3de-4789-bd7a-34cf1a313b0c","Did I sell food before I prepared it in the kiosk?","No","No, you didn't sell food before you prepared it in the kiosk.","Order Judging(Y/N)"
"20bc995f-c3de-4789-bd7a-34cf1a313b0c","Is the food sold to the group of people after I prepared it?","Yes","No, the food is not sold to the group of people after I prepared it. The person is still in the process of preparing the food, as indicated by the hand holding a small container and the ongoing cooking process.","Order Judging(Y/N)"
"20bc995f-c3de-4789-bd7a-34cf1a313b0c","What event took place before serving food to a group of people?","Prepared food in the kiosk","The event took place at a street food stall, where a person is preparing and serving food to a group of people.","What event order"
"20bc995f-c3de-4789-bd7a-34cf1a313b0c","Did I serve gruel before serving potato balls?","No","No, you didn't serve gruel before serving potato balls.","Order Judging(Y/N)"
