"video_id","question","answer","pred_answer","task"
"9198b9a4-8d8f-4ba6-9924-4c86982d890a","What task is being performed with vegetables?","Chopping vegetables.","The task being performed with vegetables is chopping and preparing them for the next step in the cooking process.","Scene Summary"
"9198b9a4-8d8f-4ba6-9924-4c86982d890a","What step is being taken with flatbread?","Wrapping sauce in flatbread.","The person is preparing to cut the flatbread into smaller pieces.","Scene Summary"
"9198b9a4-8d8f-4ba6-9924-4c86982d890a","What kitchen fixture is being utilized?","Opening a cabinet.","A gas stove is being utilized in the kitchen.","Scene Summary"
"9198b9a4-8d8f-4ba6-9924-4c86982d890a","What's the overview of the action in the clip?","Preparing ingredients for a meal.","The clip shows a person preparing food in a kitchen, specifically focusing on cooking and mixing ingredients. The scene includes the preparation of tacos or burritos, with hands handling various items such as tortillas, bowls, and utensils.","Action Caption"
"9198b9a4-8d8f-4ba6-9924-4c86982d890a","Does the video show someone chopping vegetables?","Yes.","Yes","Whether Something Happened(Y/N)"
"9198b9a4-8d8f-4ba6-9924-4c86982d890a","Did the individual successfully open a kitchen cabinet?","Yes.","Yes, the individual successfully opened a kitchen cabinet to retrieve an ingredient.","Whether Something Happened(Y/N)"
"9198b9a4-8d8f-4ba6-9924-4c86982d890a","Is the flatbread being seasoned with sauce?","Yes.","Yes","Whether Something Happened(Y/N)"
"9198b9a4-8d8f-4ba6-9924-4c86982d890a","Is there an occurrence of food being wrapped?","Yes.","Yes.","Whether Something Happened(Y/N)"
"9198b9a4-8d8f-4ba6-9924-4c86982d890a","Is the person using a knife for cooking tasks?","Yes.","Yes.","Whether Something Happened(Y/N)"
"9198b9a4-8d8f-4ba6-9924-4c86982d890a","What is the location in the video clip?","A kitchen.","The location is a kitchen.","Scene Summary"
"9198b9a4-8d8f-4ba6-9924-4c86982d890a","What kitchen activity is underway in the clip?","Cutting vegetables.","The kitchen activity underway in the clip is preparing food, specifically chopping tomatoes and other ingredients.","Scene Summary"
"9198b9a4-8d8f-4ba6-9924-4c86982d890a","What tool does the person in the video use?","Knives.","The person uses a knife to cut the tomatoes.","Scene Summary"
"9198b9a4-8d8f-4ba6-9924-4c86982d890a","What appliance does the person in the video handle?","The heat regulator of the cooker.","The person in the video handles a kitchen appliance, specifically a dishwasher.","Scene Summary"
"9198b9a4-8d8f-4ba6-9924-4c86982d890a","What part of the kitchen furniture does the person interact with?","Drawers.","The person interacts with the kitchen cabinets and drawers.","Scene Summary"
"9198b9a4-8d8f-4ba6-9924-4c86982d890a","How is the person controlling the cooking temperature?","Operating the heat regulator.","The person is using a microwave oven to control the cooking temperature.","Action Caption"
"9198b9a4-8d8f-4ba6-9924-4c86982d890a","What can be inferred from the person's actions with the drawers?","Searching or organizing.","The person's actions with the drawers suggest they are organizing or cleaning them, indicating a sense of routine and preparation for cooking.","Action Caption"
"9198b9a4-8d8f-4ba6-9924-4c86982d890a","Does the clip show any cooking taking place?","No direct cooking, only preparation.","Yes, the clip shows a cooking process in progress.","Action Caption"
"9198b9a4-8d8f-4ba6-9924-4c86982d890a","Did the person successfully cut the vegetables?","Yes.","Yes, the person successfully cut the vegetables into smaller pieces.","Whether Something Happened(Y/N)"
"9198b9a4-8d8f-4ba6-9924-4c86982d890a","Was the heat regulator adjusted to a specific level?","Yes, it was operated.","Yes, the heat regulator was adjusted to a specific level.","Whether Something Happened(Y/N)"
"9198b9a4-8d8f-4ba6-9924-4c86982d890a","Did the person use any other kitchen tools besides knives?","Heat regulator only mentioned.","Yes, the person used a knife to chop the tomatoes and other ingredients.","Whether Something Happened(Y/N)"
"9198b9a4-8d8f-4ba6-9924-4c86982d890a","Is the cabinet opened before wrapping the sauce in flat bread?","No","Yes","Order Judging(Y/N)"
"9198b9a4-8d8f-4ba6-9924-4c86982d890a","Do I cut vegetables before operating the heat regulator on the cooker?","Yes","Yes, the person is seen holding a knife and cutting vegetables before operating the heat regulator on the cooker.","Order Judging(Y/N)"
"9198b9a4-8d8f-4ba6-9924-4c86982d890a","Is the drawer opened before the vegetables are chopped?","No","Yes","Order Judging(Y/N)"
"9198b9a4-8d8f-4ba6-9924-4c86982d890a","Does wrapping sauce in flat bread happen after cutting vegetables?","Yes","Yes, after cutting vegetables and wrapping sauce in flat bread, the hands are seen placing the flattened bread into a baking tray.","Order Judging(Y/N)"
"9198b9a4-8d8f-4ba6-9924-4c86982d890a","Do I open the cabinet before chopping the vegetables?","No","Yes, the person opens a cabinet before chopping the vegetables.","Order Judging(Y/N)"
"9198b9a4-8d8f-4ba6-9924-4c86982d890a","What occurs just before wrapping the sauce in flat bread?","Chopping vegetables","Just before wrapping the sauce in flat bread, a person places a knife on top of the tomato slices and begins to cut them into smaller pieces.","What event order"
"9198b9a4-8d8f-4ba6-9924-4c86982d890a","What takes place right before operating the heat regulator of the cooker?","Cutting vegetables with knives","A person is seen adjusting the heat regulator of a kitchen appliance, likely to control the cooking temperature.","What event order"
"9198b9a4-8d8f-4ba6-9924-4c86982d890a","What setting is shown in this video clip?","A kitchen.","The video clip shows a kitchen setting where the person is preparing food, specifically making tacos.","Scene Summary"
"9198b9a4-8d8f-4ba6-9924-4c86982d890a","What task is being performed with tomatoes?","Cutting tomatoes.","The task being performed with tomatoes is preparing a dish that involves adding them to the mixture in the pot.","Scene Summary"
"9198b9a4-8d8f-4ba6-9924-4c86982d890a","Is there an electronic device being used in this scene?","Yes, a mobile phone.","Yes, there is an electronic device being used in this scene.","Scene Summary"
"9198b9a4-8d8f-4ba6-9924-4c86982d890a","How is the sauce being utilized in the cooking process?","By spreading it on flatbreads.","The sauce is being poured over the food, likely to be used as a marinade or for flavoring purposes.","Action Caption"
"9198b9a4-8d8f-4ba6-9924-4c86982d890a","What activity is occurring aside from food preparation?","Operating a mobile phone.","Aside from food preparation, there is a person holding a smartphone and using it to take photos of the cooking process.","Action Caption"
"9198b9a4-8d8f-4ba6-9924-4c86982d890a","What manual task is depicted involving food items?","Cutting vegetables, specifically tomatoes.","The manual task depicted involves the person preparing food by handling and arranging items on a countertop.","Action Caption"
"9198b9a4-8d8f-4ba6-9924-4c86982d890a","Is someone chopping vegetables in the video?","Yes.","Yes, someone is chopping vegetables in the video.","Whether Something Happened(Y/N)"
"9198b9a4-8d8f-4ba6-9924-4c86982d890a","Is the sauce being poured into a bowl?","No, it's being rolled in flatbreads.","No, the sauce is being poured into a bowl.","Whether Something Happened(Y/N)"
"9198b9a4-8d8f-4ba6-9924-4c86982d890a","Is a cooking activity happening in a bedroom?","No, it's happening in a kitchen.","No, the kitchen is not a bedroom; it's a well-equipped cooking area.","Whether Something Happened(Y/N)"
"9198b9a4-8d8f-4ba6-9924-4c86982d890a","Does the frame capture the act of grilling or frying?","No.","Yes, the frame captures both grilling and frying stages of the food preparation process.","Whether Something Happened(Y/N)"
"9198b9a4-8d8f-4ba6-9924-4c86982d890a","In the video, are vegetables cut before the heat regulator is operated?","Yes","Yes, the vegetables are cut before the heat regulator is operated.","Order Judging(Y/N)"
"9198b9a4-8d8f-4ba6-9924-4c86982d890a","Does rolling sauce in flatbreads occur after cutting tomatoes?","Yes","Yes, after cutting tomatoes, the rolling sauce is added to the flatbreads.","Order Judging(Y/N)"
"9198b9a4-8d8f-4ba6-9924-4c86982d890a","Does the opening of the drawers happen before using the mobile phone?","No","Yes, the opening of the drawers happens before using the mobile phone.","Order Judging(Y/N)"
"9198b9a4-8d8f-4ba6-9924-4c86982d890a","Is the heat regulator operated before rolling sauce in flatbreads?","No","Yes, the heat regulator is turned on before rolling sauce in flatbreads.","Order Judging(Y/N)"
"9198b9a4-8d8f-4ba6-9924-4c86982d890a","What occurs just before rolling sauce in flatbreads?","Cutting tomatoes with a knife.","Just before rolling sauce in flatbreads, the person uses a smartphone to take a photo of the scene.","What event order"
"9198b9a4-8d8f-4ba6-9924-4c86982d890a","What happens just before operating the heat regulator?","Cutting vegetables with knives.","Just before operating the heat regulator, the person adjusts the oven temperature to ensure it is set correctly for cooking.","What event order"
"9198b9a4-8d8f-4ba6-9924-4c86982d890a","What is done just before opening drawers in the kitchen?","Operating the heat regulator of the cooker.","Just before opening drawers, the person is seen placing a red container with a white lid on one of the drawers.","What event order"
"9198b9a4-8d8f-4ba6-9924-4c86982d890a","What activity occurs just before operating a mobile phone?","Rolling sauce in flatbreads.","A person is seen preparing food, specifically making tortillas.","What event order"
"9198b9a4-8d8f-4ba6-9924-4c86982d890a","Is the cabinet opened before the vegetables are chopped?","No","Yes, the cabinet is opened before the vegetables are chopped.","Order Judging(Y/N)"
"9198b9a4-8d8f-4ba6-9924-4c86982d890a","Does operating the heat regulator happen after chopping vegetables?","Yes","Yes, the person is seen operating the heat regulator to adjust the cooking temperature of the food.","Order Judging(Y/N)"
"9198b9a4-8d8f-4ba6-9924-4c86982d890a","Is wrapping sauce in flat bread before cutting vegetables?","No","Yes, the person is seen wrapping sauce in flat bread before cutting vegetables.","Order Judging(Y/N)"
"9198b9a4-8d8f-4ba6-9924-4c86982d890a","Do I use the mobile phone before opening drawers?","Yes","Yes, the person opens one of the drawers and uses the mobile phone to take a photo or video.","Order Judging(Y/N)"
"9198b9a4-8d8f-4ba6-9924-4c86982d890a","What happens just before the cabinet is opened in the video?","Chopping vegetables","Just before the cabinet is opened, a hand reaches into the frame to grab something from the counter.","What event order"
"9198b9a4-8d8f-4ba6-9924-4c86982d890a","What occurs immediately before operating the heat regulator?","Cutting vegetables with knives","The person adjusts the heat regulator to ensure it is set correctly.","What event order"
"9198b9a4-8d8f-4ba6-9924-4c86982d890a","What do I do right before rolling sauce in flat breads?","Cutting tomatoes","You roll sauce in flat breads.","What event order"
"9198b9a4-8d8f-4ba6-9924-4c86982d890a","What action takes place just before using the mobile phone?","Rolling sauce in flat breads","Just before using the mobile phone, a hand is seen holding a smartphone.","What event order"
"9198b9a4-8d8f-4ba6-9924-4c86982d890a","What is done directly before opening drawers in the kitchen?","Operating the heat regulator.","The person opens a drawer and starts searching for something inside.","What event order"
"9198b9a4-8d8f-4ba6-9924-4c86982d890a","What is the setting of the latest video frame?","A kitchen.","The setting of the latest video frame is a kitchen with various cooking utensils and ingredients on the counter, including a Christmas tree decoration.","Scene Summary"
"9198b9a4-8d8f-4ba6-9924-4c86982d890a","What can be seen on the stove in the video clip?","A pan with shawarma filling and bread.","On the stove, there are various cooking ingredients and utensils including a bottle of olive oil, a container with spices, a bowl of flour, and a plate with some red sauce.","Scene Summary"
"9198b9a4-8d8f-4ba6-9924-4c86982d890a","How many pans are on the stove in the video?","Two pans.","There are two pans on the stove in the video.","Scene Summary"
"9198b9a4-8d8f-4ba6-9924-4c86982d890a","What objects are visible on the kitchen counter in the video?","Ingredients and utensils.","A bottle of olive oil, a jar of spices, and a container with a red lid are visible on the kitchen counter.","Scene Summary"
"9198b9a4-8d8f-4ba6-9924-4c86982d890a","What cooking process is happening in the new frames?","Shawarma filling is being prepared.","In the new frames, a person is preparing food in a kitchen. The individual is seen holding and placing food items on a countertop, likely to be part of a cooking process or meal preparation.","Action Caption"
"9198b9a4-8d8f-4ba6-9924-4c86982d890a","What action was the cook performing?","Adding bread to the shawarma filling.","The cook was preparing food, specifically cooking tortillas and adding them to a pan with a mixture of ingredients.","Action Caption"
"9198b9a4-8d8f-4ba6-9924-4c86982d890a","How is the cook interacting with the food?","By stirring and combining ingredients.","The cook is actively involved in the cooking process, using various utensils and ingredients to prepare the food.","Action Caption"
"9198b9a4-8d8f-4ba6-9924-4c86982d890a","Describe the cook's technique in the video clip.","Carefully scooping and spreading filling onto bread.","The cook demonstrates a meticulous and methodical approach to preparing the dish, focusing on precise cooking techniques. They use various tools such as knives, spoons, and a spatula to handle ingredients and ensure even cooking of the food items. The video captures the detailed process of adding ingredients to the dishes, from chopping vegetables to stirring them in the pots, highlighting the precision and care taken in each step.","Action Caption"
"9198b9a4-8d8f-4ba6-9924-4c86982d890a","Is there more than one dish being cooked simultaneously?","Yes.","Yes, there are multiple dishes being cooked simultaneously.","Whether Something Happened(Y/N)"
"9198b9a4-8d8f-4ba6-9924-4c86982d890a","Is the cook wearing any protective gloves in the video?","No.","No, the cook is not wearing any protective gloves in the video.","Whether Something Happened(Y/N)"
"9198b9a4-8d8f-4ba6-9924-4c86982d890a","Does the video capture the addition of toppings to the shawarma?","No.","Yes, the video captures the addition of toppings to the shawarma by placing a red sauce on top and adding chopped tomatoes.","Whether Something Happened(Y/N)"
"9198b9a4-8d8f-4ba6-9924-4c86982d890a","Is the mobile phone operated before rolling sauce in flat breads?","No","No, the mobile phone is not operated before rolling sauce in flat breads.","Order Judging(Y/N)"
"9198b9a4-8d8f-4ba6-9924-4c86982d890a","Do I cut the tomatoes before preparing the shawarma?","Yes","Yes, the person in the video is seen cutting the tomatoes before preparing the shawarma.","Order Judging(Y/N)"
"9198b9a4-8d8f-4ba6-9924-4c86982d890a","Is the shawarma prepared before cutting tomatoes?","No","Yes, the shawarma is prepared before cutting tomatoes by being sliced into smaller pieces.","Order Judging(Y/N)"
"9198b9a4-8d8f-4ba6-9924-4c86982d890a","Do I roll sauce in flat breads after cutting tomatoes?","Yes","Yes, the person rolls sauce in flat breads after cutting tomatoes.","Order Judging(Y/N)"
"9198b9a4-8d8f-4ba6-9924-4c86982d890a","Is the mobile phone operated after preparing the shawarma?","Yes","Yes, the mobile phone is visible in the bottom right corner of the frame.","Order Judging(Y/N)"
"9198b9a4-8d8f-4ba6-9924-4c86982d890a","What action occurs just before I operated the mobile phone?","Rolling sauce in flat breads","Just before I operated the mobile phone, a hand is seen holding a red nail polish bottle.","What event order"
"9198b9a4-8d8f-4ba6-9924-4c86982d890a","What do I do before cutting the tomatoes?","Nothing, it is the first action.","Before cutting the tomatoes, I use a knife to slice them into thin pieces.","What event order"
"9198b9a4-8d8f-4ba6-9924-4c86982d890a","What occurs just before preparing the shawarma?","Operating the mobile phone","Just before preparing the shawarma, a person is seen holding a red object, possibly a spice or seasoning container.","What event order"
"9198b9a4-8d8f-4ba6-9924-4c86982d890a","In the video, did I open the kitchen drawers before cutting vegetables?","No","Yes, the person in the video opens a kitchen drawer before cutting vegetables.","Order Judging(Y/N)"
"9198b9a4-8d8f-4ba6-9924-4c86982d890a","Does the cooking of shawarma happen before regulating the cooker's heat?","Yes","Yes, the cooking of shawarma happens before regulating the cooker's heat.","Order Judging(Y/N)"
"9198b9a4-8d8f-4ba6-9924-4c86982d890a","In the video, is the mobile phone operated after the sauce is rolled in flatbreads?","Yes","Yes, the mobile phone is operated after the sauce is rolled in flatbreads.","Order Judging(Y/N)"
"9198b9a4-8d8f-4ba6-9924-4c86982d890a","Is heat regulation done before cutting tomatoes with a knife?","No","Yes, the person is seen holding a knife and cutting tomatoes with a knife before starting to cut them on the counter.","Order Judging(Y/N)"
"9198b9a4-8d8f-4ba6-9924-4c86982d890a","In the video sequence, what do I do before cooking shawarma?","Cut vegetables","Before cooking shawarma, I open the oven door and place a tray of cooked shawarma on it.","What event order"
"9198b9a4-8d8f-4ba6-9924-4c86982d890a","Describe the setting shown in the video clip.","A kitchen where shawarma is being prepared.","The video shows a kitchen setting where a person is preparing food. The scene includes various kitchen appliances and utensils, such as a microwave, oven, and sink, along with a countertop filled with ingredients like flour, eggs, and spices. There are also bottles of oil and other cooking essentials visible on the counter.","Scene Summary"
"9198b9a4-8d8f-4ba6-9924-4c86982d890a","What is happening in these new frames?","Shawarma is being filled with ingredients.","In the new frames, we see a person in the kitchen preparing food. The scene includes various ingredients and utensils on the counter, such as a bottle of olive oil, a bowl with chopped/INFO, and a container of flour or breadcrumbs. There is also a smartphone being held by one hand, possibly for recording or taking photos.","Action Caption"
"9198b9a4-8d8f-4ba6-9924-4c86982d890a","Is the person in the video making a meal?","Yes.","Yes","Whether Something Happened(Y/N)"
"9198b9a4-8d8f-4ba6-9924-4c86982d890a","Is the kitchen the main location in these frames?","Yes.","Yes, the kitchen is the main location in these frames.","Whether Something Happened(Y/N)"
"9198b9a4-8d8f-4ba6-9924-4c86982d890a","Does the video capture the moment of grilling meat for the shawarma?","No.","Yes, the video captures a close-up shot of hands grilling meat on a grill.","Whether Something Happened(Y/N)"
"9198b9a4-8d8f-4ba6-9924-4c86982d890a","Are spices being added to the food in this clip?","No.","Yes, spices are being added to the food in this clip.","Whether Something Happened(Y/N)"
"9198b9a4-8d8f-4ba6-9924-4c86982d890a","In the video, is the shawarma filling added to the bread before wrapping it?","Yes","Yes, the shawarma filling is added to the bread before wrapping it.","Order Judging(Y/N)"
"9198b9a4-8d8f-4ba6-9924-4c86982d890a","Does the chopping of vegetables occur before heating the pan?","No","Yes, the chopping of vegetables occurs before heating the pan.","Order Judging(Y/N)"
"9198b9a4-8d8f-4ba6-9924-4c86982d890a","Is the stove turned off before removing the pan from heat?","Yes","Yes, the stove is turned off before removing the pan from heat.","Order Judging(Y/N)"
"9198b9a4-8d8f-4ba6-9924-4c86982d890a","In the video, is the bread placed on the pan before adding fillings?","Yes","Yes, the bread is placed on a pan before adding fillings.","Order Judging(Y/N)"
"9198b9a4-8d8f-4ba6-9924-4c86982d890a","Is the shawarma served before adding sauce?","No","Yes, the shawarma is served with sauce before adding it to the bowl of mixed vegetables.","Order Judging(Y/N)"
"9198b9a4-8d8f-4ba6-9924-4c86982d890a","What do I do before adding the shawarma filling to the bread?","Chop vegetables","Before adding the sharma filling to the bread, you should first prepare the sharma meat.","What event order"
"9198b9a4-8d8f-4ba6-9924-4c86982d890a","What is done before turning off the stove?","Cook shawarma","Before turning off the stove, the person is seen holding a smartphone and appears to be taking a photo or recording a video of the cooking process.","What event order"
"9198b9a4-8d8f-4ba6-9924-4c86982d890a","What is the immediate step before serving the shawarma?","Add sauce","The immediate step before serving the sharma is preparing the ingredients.","What event order"
"9198b9a4-8d8f-4ba6-9924-4c86982d890a","In the video, is the sauce added to the flat bread before cutting the tomatoes?","No","Yes, the sauce is added to the flat bread before cutting the tomatoes.","Order Judging(Y/N)"
"9198b9a4-8d8f-4ba6-9924-4c86982d890a","Does the person operate the mobile phone after rolling the sauce in the flat breads?","Yes","Yes, the person operates the mobile phone after rolling the sauce in the flat breads.","Order Judging(Y/N)"
"9198b9a4-8d8f-4ba6-9924-4c86982d890a","Is the shawarma prepared before the tomatoes are cut with a knife?","Yes","Yes, the shawarma is prepared before the tomatoes are cut with a knife.","Order Judging(Y/N)"
"9198b9a4-8d8f-4ba6-9924-4c86982d890a","In the video, does rolling the sauce happen before the shawarma preparation?","No","Yes, the video shows a close-up of hands rolling the sauce over the shrimps before they are placed on top of the shrimps.","Order Judging(Y/N)"
"9198b9a4-8d8f-4ba6-9924-4c86982d890a","Is the flat bread used before operating the mobile phone?","Yes","Yes, the flat bread is used before operating the mobile phone.","Order Judging(Y/N)"
"9198b9a4-8d8f-4ba6-9924-4c86982d890a","What setting is portrayed in the latest clip?","A kitchen setting.","The latest clip portrays a cozy kitchen setting with a Christmas tree in the background, adding to the festive atmosphere.","Scene Summary"
"9198b9a4-8d8f-4ba6-9924-4c86982d890a","What activity is featured in the frame?","Preparing shawarma.","The activity featured in the frame is cooking, specifically preparing a meal.","Scene Summary"
"9198b9a4-8d8f-4ba6-9924-4c86982d890a","Is the shawarma preparation process completed in the clip?","No.","Yes, the shawarma preparation process is completed in the clip. The person has finished chopping and preparing the ingredients for the shawarma, with the final product being ready to be served.","Whether Something Happened(Y/N)"
"9198b9a4-8d8f-4ba6-9924-4c86982d890a","Is there more than one person visible in the kitchen?","No.","Yes, there is another person visible in the kitchen.","Whether Something Happened(Y/N)"
"9198b9a4-8d8f-4ba6-9924-4c86982d890a","Does the clip show any cooking appliances being used?","No.","Yes, the clip shows a person using a microwave to heat up food.","Whether Something Happened(Y/N)"
"9198b9a4-8d8f-4ba6-9924-4c86982d890a","Is there any sign of food already cooked in the scene?","No.","Yes, there is a bowl of food with a spoon in it on the counter.","Whether Something Happened(Y/N)"
"9198b9a4-8d8f-4ba6-9924-4c86982d890a","Is the person in the frame wearing gloves?","No.","No, the person is not wearing gloves.","Whether Something Happened(Y/N)"
"9198b9a4-8d8f-4ba6-9924-4c86982d890a","In the video, is the meat added to the shawarma wrap before chopping the herbs?","No","No, the meat is not added to the shawarma wrap before chopping the herbs.","Order Judging(Y/N)"
"9198b9a4-8d8f-4ba6-9924-4c86982d890a","In the video, is the shawarma wrap prepared before the vegetables are chopped?","Yes","Yes, the shawarma wrap is prepared before the vegetables are chopped.","Order Judging(Y/N)"
"9198b9a4-8d8f-4ba6-9924-4c86982d890a","Does chopping herbs happen after the vegetables are mixed in the bowl?","No","Yes, the person continues to chop herbs on the cutting board after mixing them in the bowl.","Order Judging(Y/N)"
"9198b9a4-8d8f-4ba6-9924-4c86982d890a","Is the shawarma meat cooked before the vegetables are cut?","Yes","Yes, the shawarma meat is cooked before the vegetables are cut.","Order Judging(Y/N)"
"9198b9a4-8d8f-4ba6-9924-4c86982d890a","What happens just before the shawarma meat is added to the wrap in the video?","The vegetables are mixed in a bowl","Just before the shawarma meat is added to the wrap, a person's hand appears and starts placing the meat onto the wrap.","What event order"
"9198b9a4-8d8f-4ba6-9924-4c86982d890a","What action takes place before the wrap is rolled up in the video?","The meat and vegetables are added to it","Before the wrap is rolled up, the hands are seen holding a red nail polish bottle and applying it to their nails.","What event order"
"9198b9a4-8d8f-4ba6-9924-4c86982d890a","In the video, is the meat placed on the bread before adding vegetables?","No","No, the meat is not placed on the bread before adding vegetables.","Order Judging(Y/N)"
"9198b9a4-8d8f-4ba6-9924-4c86982d890a","Is the bread toasted before spreading the meat on it?","No","Yes, the bread is toasted before spreading the meat on it.","Order Judging(Y/N)"
"9198b9a4-8d8f-4ba6-9924-4c86982d890a","In the clip, is the chopping of vegetables shown before the frying of meat?","Yes","Yes, the chopping of vegetables is shown before the frying of meat in the video.","Order Judging(Y/N)"
"9198b9a4-8d8f-4ba6-9924-4c86982d890a","Does the video show adding condiments after the meat is placed on the bread?","Yes","No, the video does not show adding condiments after the meat is placed on the bread.","Order Judging(Y/N)"
"9198b9a4-8d8f-4ba6-9924-4c86982d890a","What occurs just before the meat is added to the bread in the video?","Vegetables are chopped","Just before the meat is added to the bread, a person with red nail polish adds more ingredients from their hand into the bowl.","What event order"
"9198b9a4-8d8f-4ba6-9924-4c86982d890a","In the video sequence, what do we see happening before the bread is picked up?","Vegetables being sautéed","Before the bread is picked up, we see a person with red nail polish standing in front of a kitchen counter. The counter is cluttered with various items including a bowl of bread, a bottle of olive oil, and some utensils like a knife and a spoon.","What event order"
"9198b9a4-8d8f-4ba6-9924-4c86982d890a","Before the chopping of vegetables, what event is shown in the clip?","Preparing other ingredients","The clip shows a festive Christmas tree in the background, indicating that the event is likely related to holiday celebrations.","What event order"
"9198b9a4-8d8f-4ba6-9924-4c86982d890a","What does the cook do before adding condiments to the shawarma?","Place meat on the bread","The cook adds a red sauce to the shawarma before adding condiments.","What event order"
"9198b9a4-8d8f-4ba6-9924-4c86982d890a","What is the setting of this scene?","A kitchen.","The setting of this scene is a kitchen with a Christmas tree in the background, suggesting it might be during the holiday season.","Scene Summary"
"9198b9a4-8d8f-4ba6-9924-4c86982d890a","What culinary activity is taking place?","Preparing shawarma.","The culinary activity taking place is the preparation of a meal, specifically making tacos.","Scene Summary"
"9198b9a4-8d8f-4ba6-9924-4c86982d890a","Which type of cuisine is being worked on?","Middle Eastern, specifically shawarma.","The video shows a person working on Mexican cuisine, as indicated by the ingredients and cooking process.","Scene Summary"
"9198b9a4-8d8f-4ba6-9924-4c86982d890a","Are any other tasks being carried out besides cooking?","No, just cooking.","Yes, the person is also seen handling a small container and possibly preparing to add more ingredients or tools.","Scene Summary"
"9198b9a4-8d8f-4ba6-9924-4c86982d890a","Is the kitchen residential or commercial?","It appears residential.","The kitchen appears to be residential, as indicated by the presence of a Christmas tree and decorations.","Scene Summary"
"9198b9a4-8d8f-4ba6-9924-4c86982d890a","Is any equipment being used in the action?","Yes, a knife for chopping.","Yes, a kitchen appliance is visible in the background.","Action Caption"
"9198b9a4-8d8f-4ba6-9924-4c86982d890a","Is the person cooking alone or with others?","The clip only shows one person cooking.","The person is cooking alone, as there are no other individuals visible in the video.","Action Caption"
"9198b9a4-8d8f-4ba6-9924-4c86982d890a","Is there more than one person in this scene?","No.","Yes, there is more than one person in the scene.","Whether Something Happened(Y/N)"
"9198b9a4-8d8f-4ba6-9924-4c86982d890a","Has the meal been completed in this frame?","No.","Yes, the meal appears to be completed in this frame. The person has finished preparing the meal by placing the cooked food into a bowl and then adding it back onto the plate.","Whether Something Happened(Y/N)"
"9198b9a4-8d8f-4ba6-9924-4c86982d890a","Is the person in the video cleaning?","No.","No, the person is not cleaning; they are actively preparing food.","Whether Something Happened(Y/N)"
"9198b9a4-8d8f-4ba6-9924-4c86982d890a","Does this clip show the finished shawarma dish?","No.","Yes, the clip shows the finished shawarma dish with a completed preparation process.","Whether Something Happened(Y/N)"
"9198b9a4-8d8f-4ba6-9924-4c86982d890a","Are there any children present in this video?","No.","No, there are no children present in the video.","Whether Something Happened(Y/N)"
"9198b9a4-8d8f-4ba6-9924-4c86982d890a","In the video, is the shawarma prepared after I washed the vegetables?","No","Yes, the shawarma is prepared after I washed the vegetables.","Order Judging(Y/N)"
"9198b9a4-8d8f-4ba6-9924-4c86982d890a","In the video, do I chop the parsley before assembling the shawarma?","Yes","Yes, the person in the video chops the parsley before assembling the shawarma.","Order Judging(Y/N)"
"9198b9a4-8d8f-4ba6-9924-4c86982d890a","Does cutting tomatoes occur before the marinating of meat?","Yes","Yes, the person is seen cutting tomatoes before the marinating of meat.","Order Judging(Y/N)"
"9198b9a4-8d8f-4ba6-9924-4c86982d890a","In the clip, is the garlic crushed before the tzatziki sauce is mixed?","Yes","Yes, the garlic is crushed before the tzatziki sauce is mixed.","Order Judging(Y/N)"
"9198b9a4-8d8f-4ba6-9924-4c86982d890a","Is the lettuce shredded after the hummus is spread on the bread?","Yes","Yes, the lettuce is shredded after the hummus is spread on the bread.","Order Judging(Y/N)"
"9198b9a4-8d8f-4ba6-9924-4c86982d890a","What happens before I season the shawarma meat?","Chopping onions","Before seasoning the shawarma meat, the person in the video is seen preparing a dish that includes a mixture of ingredients.","What event order"
"9198b9a4-8d8f-4ba6-9924-4c86982d890a","What do I do just before wrapping the shawarma?","Adding sauces","I wrap the shawarma in a red plastic wrap.","What event order"
"9198b9a4-8d8f-4ba6-9924-4c86982d890a","What occurs before I put the shawarma on the grill?","Skewing meat","Before placing the shawarma on the grill, the person in the video is seen adjusting their nails and preparing to cook.","What event order"
"9198b9a4-8d8f-4ba6-9924-4c86982d890a","In the video, what action precedes slicing the cooked shawarma?","Removing from heat","The action that precedes slicing the cooked shawarma is placing a piece of cooked shawarma on top of a plate.","What event order"
"9198b9a4-8d8f-4ba6-9924-4c86982d890a","What task is completed before garnishing the dish with parsley?","Placing the shawarma on the plate.","Before garnishing the dish with parsley, the task of adding a final touch to the dish is completed.","What event order"
"9198b9a4-8d8f-4ba6-9924-4c86982d890a","In the kitchen, is shawarma added to the pita before chopping the herbs?","No","Yes, shawarma is added to the pita before chopping the herbs.","Order Judging(Y/N)"
"9198b9a4-8d8f-4ba6-9924-4c86982d890a","Are the herbs chopped before the shawarma is cooked?","Yes","Yes, the herbs are chopped before the shawarma is cooked.","Order Judging(Y/N)"
"9198b9a4-8d8f-4ba6-9924-4c86982d890a","Is the pita prepared before any cooking starts?","No","Yes, the pita is prepared and placed on a plate before any cooking starts.","Order Judging(Y/N)"
"9198b9a4-8d8f-4ba6-9924-4c86982d890a","Is the pan on the stove before chopping the herbs?","Yes","No, the pan is not on the stove before chopping the herbs.","Order Judging(Y/N)"
"9198b9a4-8d8f-4ba6-9924-4c86982d890a","What happens before the pita is filled with shawarma?","Shawarma is cooked.","Before the pita is filled with shawarma, it is first prepared by spreading a layer of sauce on one side and then filling it with ingredients.","What event order"
"9198b9a4-8d8f-4ba6-9924-4c86982d890a","What is the action performed after placing the pan on the stove?","Cooking shawarma.","After placing the pan on the stove, the person continues to add ingredients from a small bowl into the pan and then stirs them with a spoon.","What event order"
"9198b9a4-8d8f-4ba6-9924-4c86982d890a","What is the setting shown in the video clip?","A kitchen.","The setting shown in the video clip is a kitchen with various cooking utensils and ingredients scattered around, including a Christmas tree decoration.","Scene Summary"
"9198b9a4-8d8f-4ba6-9924-4c86982d890a","Which dish is being prepared in this video?","Shawarma.","The dish being prepared in this video is a chicken and vegetable stir-fry.","Scene Summary"
"9198b9a4-8d8f-4ba6-9924-4c86982d890a","Are there any decorations visible in the video scene?","Yes, a Christmas tree.","Yes, there are Christmas decorations visible in the background of the video scene.","Scene Summary"
"9198b9a4-8d8f-4ba6-9924-4c86982d890a","What appliances are present in the video scene?","A stove and fridge are visible.","The video shows a kitchen setting with various appliances, including a refrigerator, oven, and microwave.","Scene Summary"
"9198b9a4-8d8f-4ba6-9924-4c86982d890a","Is the kitchen depicted as clean or messy?","It appears clean.","The kitchen is described as being messy, with various items scattered around and a Christmas tree in the background.","Scene Summary"
"9198b9a4-8d8f-4ba6-9924-4c86982d890a","Is any cooking appliance being used in the frames?","The stove is being used.","Yes, a cooking appliance is being used in the frames.","Action Caption"
"9198b9a4-8d8f-4ba6-9924-4c86982d890a","Is there any evidence of recent cooking in the video?","Yes, a pan is on the stovetop.","Yes, there is evidence of recent cooking in the video. The person is seen mixing ingredients on a countertop with a yellow liquid and a white powder, which suggests that they have been preparing food recently.","Action Caption"
"9198b9a4-8d8f-4ba6-9924-4c86982d890a","Is food being cooked or assembled?","Assembled, as shawarma is being prepared.","Yes, food is being cooked or assembled.","Action Caption"
"9198b9a4-8d8f-4ba6-9924-4c86982d890a","Does the clip show any ingredient being chopped or sliced?","No, not depicted in the clip.","Yes, the clip shows a person chopping an ingredient on a wooden cutting board.","Action Caption"
"9198b9a4-8d8f-4ba6-9924-4c86982d890a","Is there a person visible in the video clip?","No.","Yes, there is a person visible in the video clip.","Whether Something Happened(Y/N)"
"9198b9a4-8d8f-4ba6-9924-4c86982d890a","Does the clip include any festive decorations?","Yes.","Yes, the clip includes a Christmas tree in the background.","Whether Something Happened(Y/N)"
"9198b9a4-8d8f-4ba6-9924-4c86982d890a","Can you see any finished dish in the clip?","No.","Yes, the finished dish appears to be a delicious-looking meal with various ingredients and garnishes.","Whether Something Happened(Y/N)"
"9198b9a4-8d8f-4ba6-9924-4c86982d890a","Does the clip show someone doing the dishes?","No.","Yes, the clip shows someone washing dishes in a kitchen.","Whether Something Happened(Y/N)"
"9198b9a4-8d8f-4ba6-9924-4c86982d890a","Is there any visible flame or food being cooked directly?","No.","No, there is no visible flame or food being cooked directly in the video.","Whether Something Happened(Y/N)"
"9198b9a4-8d8f-4ba6-9924-4c86982d890a","What is the setting of the latest video clip?","The setting is a kitchen.","The setting of the latest video clip is a kitchen with a Christmas tree in the background, and various holiday decorations are visible.","Scene Summary"
"9198b9a4-8d8f-4ba6-9924-4c86982d890a","Describe the activity being carried out.","Cooking or food preparation is being performed.","The activity being carried out is the preparation of a meal, specifically making a dish that involves mixing and blending ingredients. The person in the video is seen using various kitchen tools to mix and blend different components of the dish, including a red container with a yellow substance (likely cheese), a pink container with a white substance (possibly flour or sugar), and other ingredients like chopped vegetables and spices.","Scene Summary"
"9198b9a4-8d8f-4ba6-9924-4c86982d890a","Does the person open the refrigerator in the video?","Yes.","Yes, the person opens the refrigerator in the video.","Whether Something Happened(Y/N)"
"9198b9a4-8d8f-4ba6-9924-4c86982d890a","In the video, is the refrigerator opened before the cheese is retrieved?","Yes","Yes, the refrigerator is opened before the cheese is retrieved.","Order Judging(Y/N)"
"9198b9a4-8d8f-4ba6-9924-4c86982d890a","Is the kitchen light turned on after I enter the room?","No","Yes, the kitchen light is on after I enter the room.","Order Judging(Y/N)"
"9198b9a4-8d8f-4ba6-9924-4c86982d890a","Do I start preparing shawarma before setting the ingredients on the counter?","No","Yes, you start preparing shawarma before setting the ingredients on the counter.","Order Judging(Y/N)"
"9198b9a4-8d8f-4ba6-9924-4c86982d890a","In the video, is the tree decorated before I begin cooking?","Yes","Yes, the tree is decorated with lights and ornaments before I begin cooking.","Order Judging(Y/N)"
"9198b9a4-8d8f-4ba6-9924-4c86982d890a","What's the setting of the video clip?","In a kitchen.","The setting of the video clip is a kitchen with a festive Christmas tree in the background.","Scene Summary"
"9198b9a4-8d8f-4ba6-9924-4c86982d890a","What objects are present in this scene?","Glass cup, glass bowls, steel bowls, whipping cream, flour, eggs, whisker.","The scene features a kitchen with various objects and activities taking place. There are several bottles, jars, and containers on the counter, as well as a Christmas tree in the background. The person is seen mixing ingredients in a bowl, adding chopped green vegetables into it, and preparing to add more ingredients from a container.","Scene Summary"
"9198b9a4-8d8f-4ba6-9924-4c86982d890a","What is the main activity taking place?","Baking preparation.","The main activity is the preparation of a meal, specifically making scrambled eggs.","Scene Summary"
"9198b9a4-8d8f-4ba6-9924-4c86982d890a","Are there any kitchen appliances visible?","Yes, a stove and a sink.","Yes, there are kitchen appliances visible in the background.","Scene Summary"
"9198b9a4-8d8f-4ba6-9924-4c86982d890a","Can you identify the ingredients used?","Heavy whipping cream, flour, and eggs.","Yes, the ingredients used include eggs, flour, and possibly sugar or cornstarch.","Scene Summary"
"9198b9a4-8d8f-4ba6-9924-4c86982d890a","What is being prepared in the kitchen?","A baking recipe.","A dish that appears to be a type of pasta or dumpling is being prepared in the kitchen.","Action Caption"
"9198b9a4-8d8f-4ba6-9924-4c86982d890a","What action does the person perform with the eggs?","Cracking and whipping them.","The person pours the eggs into a bowl and then mixes them with their hands.","Action Caption"
"9198b9a4-8d8f-4ba6-9924-4c86982d890a","What tool is used for whipping the eggs?","A whisker.","A whisk is used for whipping the eggs.","Action Caption"
"9198b9a4-8d8f-4ba6-9924-4c86982d890a","Where are the ingredients placed after being prepared?","In glass and steel bowls.","The ingredients are placed on the counter after being prepared.","Action Caption"
"9198b9a4-8d8f-4ba6-9924-4c86982d890a","How are the ingredients combined?","Poured into bowls and whipped.","The ingredients are combined by mixing the egg mixture with the chopped yellow substance, likely cheese or a similar ingredient.","Action Caption"
"9198b9a4-8d8f-4ba6-9924-4c86982d890a","Is there an egg crate visible in the scene?","Yes.","Yes, there is an egg crate visible in the scene.","Whether Something Happened(Y/N)"
"9198b9a4-8d8f-4ba6-9924-4c86982d890a","Did the person crack eggs from both a slab and the fridge?","Yes.","Yes, the person cracked eggs from both a slab and the fridge.","Whether Something Happened(Y/N)"
"9198b9a4-8d8f-4ba6-9924-4c86982d890a","Were the flour and whipping cream poured into separate containers?","Yes.","Yes, the flour and whipping cream were poured into separate containers.","Whether Something Happened(Y/N)"
"9198b9a4-8d8f-4ba6-9924-4c86982d890a","Is the heavy whipping cream poured before cracking the eggs?","Yes","Yes, the heavy whipping cream is poured over the eggs before cracking.","Order Judging(Y/N)"
"9198b9a4-8d8f-4ba6-9924-4c86982d890a","Is the flour added to the bowl before the eggs are cracked?","Yes","No, the flour is not added to the bowl before the eggs are cracked.","Order Judging(Y/N)"
"9198b9a4-8d8f-4ba6-9924-4c86982d890a","What did I do just before whipping the eggs in the video?","Crack the eggs into steel bowls","Before whipping the eggs, you did a quick check on your phone to make sure everything was fine.","What event order"
"9198b9a4-8d8f-4ba6-9924-4c86982d890a","What takes place just before flour is poured into a bowl?","Pouring cream into a glass cup","Before flour is poured into a bowl, the person's hands are seen mixing ingredients in a kitchen setting.","What event order"
"9198b9a4-8d8f-4ba6-9924-4c86982d890a","What do we see happening before the egg crate is put in the fridge?","Cracking eggs on the slab","Before the egg crate is put in the fridge, we see a person holding an egg crate with one hand and a bottle of water with the other. The background shows a kitchen setting with various items on the counter, including a Christmas tree decoration and some holiday decorations.","What event order"
"9198b9a4-8d8f-4ba6-9924-4c86982d890a","What occurs just before the shawarma preparation in the video?","Taking the egg crate out of the fridge","Just before the shawarma preparation, a person is seen holding a knife and preparing to chop ingredients.","What event order"
"9198b9a4-8d8f-4ba6-9924-4c86982d890a","In the video, is the egg cracked into the bowl before the cream is poured?","No","Yes","Order Judging(Y/N)"
"9198b9a4-8d8f-4ba6-9924-4c86982d890a","Does the egg crate go back into the fridge after the eggs are cracked?","Yes","No, the egg crate is left on the counter after the eggs are cracked.","Order Judging(Y/N)"
"9198b9a4-8d8f-4ba6-9924-4c86982d890a","In the video, is the flour poured into the bowl after the egg is cracked?","Yes","Yes","Order Judging(Y/N)"
"9198b9a4-8d8f-4ba6-9924-4c86982d890a","Does the preparation of shawarma occur before the cream is poured into the cup?","Yes","Yes, the preparation of shawarma occurs before the cream is poured into the cup.","Order Judging(Y/N)"
"9198b9a4-8d8f-4ba6-9924-4c86982d890a","What happens just before the egg crate is put back in the fridge?","The eggs are cracked.","Just before the egg crate is put back in the fridge, a person's hand appears on the right side of the frame, holding an egg.","What event order"
"9198b9a4-8d8f-4ba6-9924-4c86982d890a","What occurs just before the whipping of the egg?","The egg is cracked into the bowl.","Just before the whipping of the egg, a person's hand is seen holding a bottle.","What event order"
"9198b9a4-8d8f-4ba6-9924-4c86982d890a","In the video, what do we see happening before the flour is poured into the bowl?","The cream is poured into a cup.","Before the flour is poured into the bowl, we see a person with red nail polish holding a small container and a spoon. The kitchen counter is cluttered with various ingredients and utensils, including a Christmas tree decoration in the background.","What event order"
"9198b9a4-8d8f-4ba6-9924-4c86982d890a","What happens just before the cream is poured into the cup?","Shawarma is prepared.","Just before the cream is poured into the cup, a person's hand appears in the foreground.","What event order"
"9198b9a4-8d8f-4ba6-9924-4c86982d890a","What is the setting of the video clip?","In a kitchen.","The setting of the video clip is a kitchen with a festive Christmas tree in the background, indicating that it might be during the holiday season.","Scene Summary"
"9198b9a4-8d8f-4ba6-9924-4c86982d890a","What ingredients are combined in the mixture?","Egg, cheese, baking soda, cream, sugar, vegetables.","The mixture includes a yellowish liquid, possibly oil or butter, and various spices such as cumin seeds.","Scene Summary"
"9198b9a4-8d8f-4ba6-9924-4c86982d890a","What utensil is used to stir the mixture?","A spatula.","A spatula is used to stir the mixture.","Scene Summary"
"9198b9a4-8d8f-4ba6-9924-4c86982d890a","Where is the dough placed after removal from the fridge?","On a board on a slab in the kitchen.","The dough is placed on a countertop in the kitchen.","Scene Summary"
"9198b9a4-8d8f-4ba6-9924-4c86982d890a","What does the person do with the dough and mixture?","Stir the mixture; place dough on board.","The person mixes the dough and mixture in a bowl, preparing it for further cooking.","Scene Summary"
"9198b9a4-8d8f-4ba6-9924-4c86982d890a","What preparation is shown in the video clip?","Making some food involving a mixed batter.","The video clip shows the preparation of a dish involving dough, as indicated by the hands mixing ingredients in a bowl.","Action Caption"
"9198b9a4-8d8f-4ba6-9924-4c86982d890a","What sequence of actions is depicted in the clip?","Stirring mixture, retrieving, placing dough.","The sequence of actions depicted in the clip includes a person preparing food, opening a refrigerator to retrieve ingredients, and then placing them into a bowl. The scene transitions from showing the kitchen environment to focusing on the preparation process with close-up shots of hands working with ingredients and utensils.","Action Caption"
"9198b9a4-8d8f-4ba6-9924-4c86982d890a","Does the person whip cream into the mixture?","Yes.","Yes, the person whips cream into the mixture.","Whether Something Happened(Y/N)"
"9198b9a4-8d8f-4ba6-9924-4c86982d890a","Does the person transfer the mixture to another container?","No.","Yes, the person transfers the mixture to a new container.","Whether Something Happened(Y/N)"
"9198b9a4-8d8f-4ba6-9924-4c86982d890a","Is the dough placed in an oven?","No.","No, the dough is not placed in an oven; it is being kneaded on a wooden surface.","Whether Something Happened(Y/N)"
"9198b9a4-8d8f-4ba6-9924-4c86982d890a","Does the person knead the dough in the clip?","No.","Yes, the person kneads the dough in the clip.","Whether Something Happened(Y/N)"
"9198b9a4-8d8f-4ba6-9924-4c86982d890a","Is there a moment when sugar is added to the mixture?","No (sugar was already added before).","Yes, there is a moment when sugar is added to the mixture in the video.","Whether Something Happened(Y/N)"
"9198b9a4-8d8f-4ba6-9924-4c86982d890a","Was the cream poured into a cup before the eggs were cracked?","Yes","Yes, the cream was poured into a cup before the eggs were cracked.","Order Judging(Y/N)"
"9198b9a4-8d8f-4ba6-9924-4c86982d890a","Was the mixture stirred before the dough was brought out?","Yes","Yes, the mixture was stirred before the dough was brought out.","Order Judging(Y/N)"
"9198b9a4-8d8f-4ba6-9924-4c86982d890a","Did the whipping of eggs happen after the flour was poured?","Yes","Yes, the whipped eggs were added to the flour after it was poured.","Order Judging(Y/N)"
"9198b9a4-8d8f-4ba6-9924-4c86982d890a","Is sugar added to the mixture after the egg is whipped?","Yes","Yes, sugar is added to the mixture after the egg is whipped.","Order Judging(Y/N)"
"9198b9a4-8d8f-4ba6-9924-4c86982d890a","What happened before the dough was placed on the board?","Stirring the mixture","Before the dough was placed on the board, it was mixed with water and flour in a bowl.","What event order"
"9198b9a4-8d8f-4ba6-9924-4c86982d890a","What occurs just before the eggs are whipped?","Cracking eggs into bowls","Just before the eggs are whipped, a person is seen holding an egg over a bowl of whipped cream.","What event order"
"9198b9a4-8d8f-4ba6-9924-4c86982d890a","What is done just before cracking eggs from the fridge?","Pouring cream into a cup","Just before cracking eggs, the person opens a fridge and retrieves an egg from it.","What event order"
"9198b9a4-8d8f-4ba6-9924-4c86982d890a","What is done right before adding grated cheese to the mixture?","Stirring the mixture","Right before adding grated cheese to the mixture, a person is seen holding a bowl of grated cheese.","What event order"
"9198b9a4-8d8f-4ba6-9924-4c86982d890a","In the video, does the cheese get grated before the eggs are cracked?","No","Yes, the cheese is grated before the eggs are cracked in the video.","Order Judging(Y/N)"
"9198b9a4-8d8f-4ba6-9924-4c86982d890a","Is the heavy whipping cream poured into a cup after the flour?","Yes","No, the heavy whipping cream is poured into a glass bowl after the flour.","Order Judging(Y/N)"
"9198b9a4-8d8f-4ba6-9924-4c86982d890a","Does the dough come out of the fridge before the eggs are whipped?","No","Yes, the dough comes out of the fridge before the eggs are whipped.","Order Judging(Y/N)"
"9198b9a4-8d8f-4ba6-9924-4c86982d890a","In the video, is the sugar added to the mixture before the vegetables?","Yes","Yes, the sugar is added to the mixture before the vegetables.","Order Judging(Y/N)"
"9198b9a4-8d8f-4ba6-9924-4c86982d890a","Does the mixture get stirred before the eggs are cracked?","No","Yes, the mixture is stirred before the eggs are cracked.","Order Judging(Y/N)"
"9198b9a4-8d8f-4ba6-9924-4c86982d890a","What happens just before the dough is placed on the board?","The mixture is stirred","Just before the dough is placed on the board, a person's hand appears and places a red nail polish on their fingernails.","What event order"
"9198b9a4-8d8f-4ba6-9924-4c86982d890a","In the video sequence, what action is taken before pouring flour into a glass bowl?","Preparing shawarma","Before pouring flour into a glass bowl, the person in the video is seen holding a small container of flour and preparing to add it.","What event order"
"9198b9a4-8d8f-4ba6-9924-4c86982d890a","What occurs just before grating the cheese?","Stirring the mixture","Just before grating the cheese, a person's hand is seen holding a bowl of grated cheese.","What event order"
"9198b9a4-8d8f-4ba6-9924-4c86982d890a","In the video, what happens right before whipping the egg?","Cracking the eggs","Right before whipping the egg, a person is seen holding an egg in their hand.","What event order"
"9198b9a4-8d8f-4ba6-9924-4c86982d890a","What do we see happening before the heavy whipping cream is poured?","Preparing shawarma","Before the heavy whipping cream is poured, we see a person holding a bowl of whipped cream and another hand holding a bottle of olive oil. The scene transitions to show a kitchen setting with various ingredients and utensils scattered around, including a Christmas tree decoration in the background.","What event order"
"9198b9a4-8d8f-4ba6-9924-4c86982d890a","What is the setting of the video clip?","The setting is a kitchen.","The setting of the video clip is a kitchen with various cooking utensils and ingredients scattered around, including a Christmas tree in the background.","Scene Summary"
"9198b9a4-8d8f-4ba6-9924-4c86982d890a","What ingredients are being used?","Dough and mixtures in bowls.","The ingredients being used include a red sauce, chopped/INFO's brand of tomato paste, and a white powder that could be flour or sugar.","Scene Summary"
"9198b9a4-8d8f-4ba6-9924-4c86982d890a","What equipment is being utilized?","Rolling pin and spatulas.","The equipment being utilized includes a kitchen, a cutting board, and various cooking utensils.","Scene Summary"
"9198b9a4-8d8f-4ba6-9924-4c86982d890a","What is the main activity occurring?","Preparing dough and mixtures for baking.","The main activity is the preparation of a meal, specifically making a dish that involves cooking and mixing ingredients.","Scene Summary"
"9198b9a4-8d8f-4ba6-9924-4c86982d890a","What task is being performed with the dough?","Rolling the dough with a rolling pin.","The task being performed with the dough is kneading it.","Action Caption"
"9198b9a4-8d8f-4ba6-9924-4c86982d890a","What is being done to the mixtures?","The mixtures are being stirred in steel bowls.","The mixtures are being stirred and mixed together.","Action Caption"
"9198b9a4-8d8f-4ba6-9924-4c86982d890a","Is the dough being prepared for baking?","Yes.","Yes","Whether Something Happened(Y/N)"
"9198b9a4-8d8f-4ba6-9924-4c86982d890a","Is only one type of spatula being used?","No, two different spatulas are being used.","No, multiple types of spatulas are being used.","Whether Something Happened(Y/N)"
"9198b9a4-8d8f-4ba6-9924-4c86982d890a","Did the same person handle all tasks shown in the summary?","Yes.","Yes, the same person is seen handling all tasks in the summary.","Whether Something Happened(Y/N)"
"9198b9a4-8d8f-4ba6-9924-4c86982d890a","Is anything being cooked in the clip?","No, only preparation steps are shown.","Yes, there is a Christmas tree visible in the background of the clip.","Whether Something Happened(Y/N)"
"9198b9a4-8d8f-4ba6-9924-4c86982d890a","Is the dough placed on the board before the mixture is stirred?","No","Yes, the dough is placed on the board before the mixture is stirred.","Order Judging(Y/N)"
"9198b9a4-8d8f-4ba6-9924-4c86982d890a","Is the doe taken out of the fridge before the rolling pin is used?","Yes","No, the doe is not taken out of the fridge before the rolling pin is used.","Order Judging(Y/N)"
"9198b9a4-8d8f-4ba6-9924-4c86982d890a","What do we see happening before the spatula stirs the mixture in the steel bowls?","The rolling pin rolls on the dough","Before the spatula stirs the mixture in the steel bowls, we see a person with red nail polish holding a knife and stirring the contents of one of the steel bowls.","What event order"
"9198b9a4-8d8f-4ba6-9924-4c86982d890a","Did I pour heavy whipping cream before cracking eggs?","Yes","Yes, the person in the video is seen pouring heavy whipping cream into a bowl before cracking eggs.","Order Judging(Y/N)"
"9198b9a4-8d8f-4ba6-9924-4c86982d890a","Is the dough rolled before stirring mixtures in bowls?","Yes","Yes, the dough is rolled before stirring mixtures in bowls.","Order Judging(Y/N)"
"9198b9a4-8d8f-4ba6-9924-4c86982d890a","Do I place the dough on the board after pouring flour?","Yes","Yes, the person places the dough on the board after pouring flour.","Order Judging(Y/N)"
"9198b9a4-8d8f-4ba6-9924-4c86982d890a","What happens just before I place the dough on the board?","I bring out the dough from the fridge.","Just before placing the dough on the board, a person with red nail polish is seen holding a knife and preparing to cut into it.","What event order"
"9198b9a4-8d8f-4ba6-9924-4c86982d890a","What is the setting of the video clip?","A kitchen with a board and cooking items.","The setting of the video clip is a kitchen with various appliances and utensils, including a Christmas tree in the background.","Scene Summary"
"9198b9a4-8d8f-4ba6-9924-4c86982d890a","What object is primarily shown in the scene?","A doe laid out on a mat on a kitchen board.","The primary object shown in the scene is a kitchen with various utensils and ingredients scattered around.","Scene Summary"
"9198b9a4-8d8f-4ba6-9924-4c86982d890a","Which item is used in the scene?","A knife to trim edges of the doe.","A person's hands are used in the scene.","Scene Summary"
"9198b9a4-8d8f-4ba6-9924-4c86982d890a","What stage of the process is shown?","Trimming and folding the prepared doe.","The video shows the person in the kitchen, focusing on the preparation of a dish.","Scene Summary"
"9198b9a4-8d8f-4ba6-9924-4c86982d890a","Can you describe the main task at hand?","Trimming rough edges of the doe.","The main task at hand is preparing a dish by mixing and kneading ingredients, ensuring they are well combined.","Action Caption"
"9198b9a4-8d8f-4ba6-9924-4c86982d890a","What preparation step is shown in the clip?","Folding the trimmed doe together.","The preparation step shown in the clip is mixing ingredients together.","Action Caption"
"9198b9a4-8d8f-4ba6-9924-4c86982d890a","Did the person use a knife in the video?","Yes.","Yes, the person used a knife to cut and shape the dough.","Whether Something Happened(Y/N)"
"9198b9a4-8d8f-4ba6-9924-4c86982d890a","Is there any folding action happening?","Yes.","Yes, there is a person folding the dough into a neat shape.","Whether Something Happened(Y/N)"
"9198b9a4-8d8f-4ba6-9924-4c86982d890a","Did the person complete the trimming action?","Yes.","Yes, the person completed the trimming action by removing any excess trimmings from the edges of the dough.","Whether Something Happened(Y/N)"
"9198b9a4-8d8f-4ba6-9924-4c86982d890a","Is the dough folded before trimming the rough edges?","No","Yes, the dough is folded before trimming the rough edges.","Order Judging(Y/N)"
"9198b9a4-8d8f-4ba6-9924-4c86982d890a","Does stirring in the steel bowls happen after folding the dough?","No","Yes, the steel bowls are stirred in the kitchen as the person continues to fold and shape the dough.","Order Judging(Y/N)"
"9198b9a4-8d8f-4ba6-9924-4c86982d890a","What occurs just before folding the dough?","Trimming the rough edges with a knife","Just before folding the dough, a person with red nail polish is seen holding a small object in their hand.","What event order"
"9198b9a4-8d8f-4ba6-9924-4c86982d890a","What happens before stirring mixtures in steel bowls?","Rolling the pin on the dough","Before stirring mixtures in steel bowls, the person starts by mixing a red sauce with a white substance, likely salt and pepper.","What event order"
"9198b9a4-8d8f-4ba6-9924-4c86982d890a","Does rolling the dough with a rolling pin happen before trimming its edges?","Yes","Yes, the rolling pin is used to roll out the dough before trimming its edges.","Order Judging(Y/N)"
"9198b9a4-8d8f-4ba6-9924-4c86982d890a","Is the trimmed dough folded before stirring the mixture?","No","Yes, the person in the video is seen holding a bowl of dough and preparing to fold it before stirring the mixture.","Order Judging(Y/N)"
"9198b9a4-8d8f-4ba6-9924-4c86982d890a","Do I take out the dough from the fridge before preparing mixtures?","Yes","No, you should not take out the dough from the fridge before preparing mixtures.","Order Judging(Y/N)"
"9198b9a4-8d8f-4ba6-9924-4c86982d890a","What occurs before folding the trimmed dough?","Trimming the rough edges with a knife","Before folding the trimmed dough, a person with red nail polish is seen holding a smartphone and appears to be taking a selfie or recording something.","What event order"
"9198b9a4-8d8f-4ba6-9924-4c86982d890a","What is the first thing I do with the dough after taking it out from the fridge?","Placing it on a board","The first thing you do with the dough after taking it out from the fridge is to place it on a kitchen counter.","What event order"
"0fa75cb3-c4a0-4232-bdc4-15116ed39d88","What is the setting of the video clip?","It is in an outdoor field.","The setting of the video clip is a serene and empty courtyard with a clear sky, surrounded by a few trees.","Scene Summary"
"0fa75cb3-c4a0-4232-bdc4-15116ed39d88","Is the scene occurring in an urban or rural environment?","Rural environment.","The scene is occurring in a rural environment, as indicated by the presence of buildings and trees.","Scene Summary"
"0fa75cb3-c4a0-4232-bdc4-15116ed39d88","What time of day does the scene appear to be set in?","It appears to be set in the evening.","The scene appears to be set during the early evening or late afternoon, as indicated by the soft lighting and long shadows.","Scene Summary"
"0fa75cb3-c4a0-4232-bdc4-15116ed39d88","How is the subject navigating the outdoor space?","The subject is walking on the field and then heads home.","The subject is walking towards the camera, moving slightly to the right.","Action Caption"
"0fa75cb3-c4a0-4232-bdc4-15116ed39d88","Can you provide an overview of the action in this clip?","Subject walks outdoors, across a field, and returns home.","The video begins with a view of an empty room, then transitions to a person walking towards the camera. The scene continues with a close-up of a person's face and upper body as they walk away from the camera, moving further into the room.","Action Caption"
"0fa75cb3-c4a0-4232-bdc4-15116ed39d88","Does the video show the subject entering a building?","No.","Yes, the video shows a person entering a building with their back to the camera.","Whether Something Happened(Y/N)"
"0fa75cb3-c4a0-4232-bdc4-15116ed39d88","Is the subject interacting with other people in the video?","No.","Yes, the person in the foreground is seen walking towards the camera.","Whether Something Happened(Y/N)"
"0fa75cb3-c4a0-4232-bdc4-15116ed39d88","Does the video capture the subject engaging in a sport?","No.","Yes, the video captures a person standing in the foreground of the frame, possibly preparing to engage in a sport or activity.","Whether Something Happened(Y/N)"
"0fa75cb3-c4a0-4232-bdc4-15116ed39d88","Is the subject seen leaving the field in the video?","Yes.","Yes.","Whether Something Happened(Y/N)"
"0fa75cb3-c4a0-4232-bdc4-15116ed39d88","Does the video show the subject at home?","No, just heading home.","Yes, the video shows a person standing in front of the camera at home.","Whether Something Happened(Y/N)"
"0fa75cb3-c4a0-4232-bdc4-15116ed39d88","What is the location of the video clip?","The video clip is in a field with a walkway.","The location of the video clip is a serene outdoor setting with a calm body of water and a clear sky.","Scene Summary"
"0fa75cb3-c4a0-4232-bdc4-15116ed39d88","What activity is shown in the video?","Walking on a walkway and looking around.","The video shows a person standing on the right side of the frame, facing away from the camera and looking towards the horizon.","Scene Summary"
"0fa75cb3-c4a0-4232-bdc4-15116ed39d88","What time of day does the video depict?","The video depicts evening or dusk.","The video depicts either sunrise or sunset, as indicated by the soft lighting and long shadows.","Scene Summary"
"0fa75cb3-c4a0-4232-bdc4-15116ed39d88","What natural features can be seen in the video?","There is a body of water visible.","The video shows a serene landscape with a calm body of water, a clear sky, and a distant horizon where the sun is setting.","Scene Summary"
"0fa75cb3-c4a0-4232-bdc4-15116ed39d88","Does the person stop to observe a specific scene?","Yes.","Yes, the person stops to look at a specific scene in the distance.","Whether Something Happened(Y/N)"
"0fa75cb3-c4a0-4232-bdc4-15116ed39d88","In the video, did I look at the scenes before walking on the field?","No","Yes, the person in the video appears to be looking at the scenes before walking on the field.","Order Judging(Y/N)"
"0fa75cb3-c4a0-4232-bdc4-15116ed39d88","In the video, was I indoors before going to the field?","No","No, I was outdoors before going to the field.","Order Judging(Y/N)"
"0fa75cb3-c4a0-4232-bdc4-15116ed39d88","What happened before I walked on the walkway in the video?","I was in the field","Before I walked on the walkway, there was a person in yellow standing near the camera.","What event order"
"0fa75cb3-c4a0-4232-bdc4-15116ed39d88","What is depicted in the current frame?","It shows a sidewalk lined with palm trees and buildings.","The current frame depicts a serene and tranquil scene of an urban area during what appears to be either dawn or dusk, with the sky transitioning from light blue to darker shades. The setting includes a well-maintained street lined with palm trees, buildings, and a clear view of the horizon where the sky meets the sea.","Scene Summary"
"0fa75cb3-c4a0-4232-bdc4-15116ed39d88","What activity is taking place in these frames?","Walking along a residential sidewalk.","The activity taking place in these frames is a person walking towards the camera, possibly exiting or entering the frame.","Action Caption"
"0fa75cb3-c4a0-4232-bdc4-15116ed39d88","Does this video show a busy city street?","No.","No, the video does not show a busy city street; it focuses on the quiet and serene environment of the residential area.","Whether Something Happened(Y/N)"
"0fa75cb3-c4a0-4232-bdc4-15116ed39d88","Does the clip capture any interaction with people?","No.","No, the clip does not capture any interaction with people.","Whether Something Happened(Y/N)"
"0fa75cb3-c4a0-4232-bdc4-15116ed39d88","Is the person entering a building in this scene?","No.","Yes.","Whether Something Happened(Y/N)"
"0fa75cb3-c4a0-4232-bdc4-15116ed39d88","Was I in the field after walking on the walkway?","No.","Yes, I was in the field after walking on the walkway.","Order Judging(Y/N)"
"0fa75cb3-c4a0-4232-bdc4-15116ed39d88","Did I go home before looking at the scenes?","No.","Yes, you went home before looking at the scenes.","Order Judging(Y/N)"
"0fa75cb3-c4a0-4232-bdc4-15116ed39d88","What occurs just before I look at the scenes?","I walk on the walkway.","A person appears in the frame, walking towards the camera.","What event order"
"0fa75cb3-c4a0-4232-bdc4-15116ed39d88","What do I do before walking on the walkway?","I am in the field.","I turn left and walk towards the camera.","What event order"
"0fa75cb3-c4a0-4232-bdc4-15116ed39d88","Did I walk on the field before looking at the scenes?","Yes","Yes, you walked on the field before looking at the scenes.","Order Judging(Y/N)"
"0fa75cb3-c4a0-4232-bdc4-15116ed39d88","Is the walk on the walkway shown before going home in the video?","Yes","Yes, the walk on the walkway shown in the video is before going home.","Order Judging(Y/N)"
"0fa75cb3-c4a0-4232-bdc4-15116ed39d88","In the video, do we see walking through the walkways before walking on the field?","No","No, we do not see walking through the walkways before walking on the field.","Order Judging(Y/N)"
"0fa75cb3-c4a0-4232-bdc4-15116ed39d88","Do I walk along the water before walking under the trees as shown in the clip?","Yes","Yes, you walk along the water before walking under the trees as shown in the clip.","Order Judging(Y/N)"
"0fa75cb3-c4a0-4232-bdc4-15116ed39d88","In the video sequence, what occurs before walking on the field?","Being outdoors","Before walking on the field, a person is seen standing near the camera in front of the field.","What event order"
"0fa75cb3-c4a0-4232-bdc4-15116ed39d88","What event takes place before walking under the trees in the clip?","Walking along the water","A person is seen walking under the trees, possibly enjoying a walk or observing something in the distance.","What event order"
"0fa75cb3-c4a0-4232-bdc4-15116ed39d88","What is the setting of the scenario seen in the video?","A residential area with palm trees and walkways.","The setting of the scenario is a serene and picturesque outdoor area, possibly a park or garden, with lush greenery, a clear sky, and a few people walking around.","Scene Summary"
"0fa75cb3-c4a0-4232-bdc4-15116ed39d88","What can be seen in the background of the video frame?","Houses, streetlights, and a clear sky.","In the background, there is a serene sunset with a soft glow on the horizon.","Scene Summary"
"0fa75cb3-c4a0-4232-bdc4-15116ed39d88","What are the dominant features of the environment in this clip?","Landscaped pathways, streetlamps, and tropical foliage.","The dominant features of the environment in this clip include a serene and picturesque setting with a clear sky, lush greenery, a calm water body, and a person walking along a path.","Scene Summary"
"0fa75cb3-c4a0-4232-bdc4-15116ed39d88","Can you characterize the location shown in the video?","A well-maintained suburban neighborhood.","The location shown in the video is a serene and picturesque setting, likely a park or garden area with lush greenery, including palm trees, and a clear sky.","Scene Summary"
"0fa75cb3-c4a0-4232-bdc4-15116ed39d88","What action is being undertaken in the new frames?","Walking along a residential street.","In the new frames, a person is walking towards the camera.","Action Caption"
"0fa75cb3-c4a0-4232-bdc4-15116ed39d88","Is there any sign of wildlife in the frames provided?","No.","No, there are no signs of wildlife in the frames provided.","Whether Something Happened(Y/N)"
"0fa75cb3-c4a0-4232-bdc4-15116ed39d88","Did the person in the video use any transportation other than walking?","No.","Yes, the person in the video used a bicycle to navigate through the park.","Whether Something Happened(Y/N)"
"0fa75cb3-c4a0-4232-bdc4-15116ed39d88","Does the footage include any sporting activities?","No.","Yes, the footage includes a person walking on the right side of the frame.","Whether Something Happened(Y/N)"
"0fa75cb3-c4a0-4232-bdc4-15116ed39d88","Is the person in the video engaging with the environment, like sitting or touching?","No.","Yes, the person in the video is seen walking and interacting with the environment, such as touching a bench or adjusting their clothing.","Whether Something Happened(Y/N)"
"0fa75cb3-c4a0-4232-bdc4-15116ed39d88","Did I tour the park before walking on the walkways?","Yes","Yes, the person walking on the walkways of the park is seen in a yellow top and black pants.","Order Judging(Y/N)"
"0fa75cb3-c4a0-4232-bdc4-15116ed39d88","What do I do before touring the park?","Nothing, it is the first activity","I walk towards the camera, take a few steps closer to it, and then turn around.","What event order"
"0fa75cb3-c4a0-4232-bdc4-15116ed39d88","Did I walk through the park before going home?","Yes","Yes, the person in the video is seen walking through the park before heading home.","Order Judging(Y/N)"
"0fa75cb3-c4a0-4232-bdc4-15116ed39d88","What environment is depicted in this video clip?","An outdoor, paved area with street lamps.","The video clip depicts a serene and quiet environment, likely in a residential area with well-maintained streets and greenery.","Scene Summary"
"0fa75cb3-c4a0-4232-bdc4-15116ed39d88","What action am I performing in this clip?","Walking on a pavement outdoors.","I am walking towards the camera and then moving away from it.","Action Caption"
"0fa75cb3-c4a0-4232-bdc4-15116ed39d88","Do I interact with anyone in this video clip?","No.","No, there is no interaction with anyone in this video clip.","Whether Something Happened(Y/N)"
"0fa75cb3-c4a0-4232-bdc4-15116ed39d88","What is the setting of this video clip?","The setting is an outdoor pavement in a residential area.","The setting of the video clip is an outdoor scene with a person standing in front of a parked car, looking at their phone. The background features a street view with buildings and trees under a dusky sky.","Scene Summary"
"0fa75cb3-c4a0-4232-bdc4-15116ed39d88","What time of day is depicted in this frame?","It appears to be twilight or early evening.","The time of day depicted in this frame is either early morning or late evening, as indicated by the low light and long shadows.","Scene Summary"
"0fa75cb3-c4a0-4232-bdc4-15116ed39d88","What elements indicate that this is a residential area?","The presence of housing structures and lack of commercial signs.","The residential area is indicated by the presence of houses with visible windows, a well-maintained lawn, and a person walking on the sidewalk.","Scene Summary"
"0fa75cb3-c4a0-4232-bdc4-15116ed39d88","What type of path is the person on in the video?","The person is on a paved walkway.","The person is walking on a sidewalk.","Scene Summary"
"0fa75cb3-c4a0-4232-bdc4-15116ed39d88","Does the scene suggest a leisurely or rushed pace?","The scene suggests a leisurely pace.","The scene suggests a leisurely pace, as there are no people visible in the frame and the overall atmosphere is calm.","Action Caption"
"0fa75cb3-c4a0-4232-bdc4-15116ed39d88","Does the person interact with any objects in the scene?","No.","Yes, the person is seen walking towards a vehicle and appears to be interacting with it.","Whether Something Happened(Y/N)"
"0fa75cb3-c4a0-4232-bdc4-15116ed39d88","Is the person traveling with someone else?","No.","Yes, the person is traveling with another individual who is partially visible in the frame.","Whether Something Happened(Y/N)"
"0fa75cb3-c4a0-4232-bdc4-15116ed39d88","Does the video capture any animals in the scene?","No.","No, there are no animals visible in the scene.","Whether Something Happened(Y/N)"
"0fa75cb3-c4a0-4232-bdc4-15116ed39d88","Does the individual seem to be lost or searching for directions?","No.","Yes, the individual appears to be lost or searching for directions as they are looking around and moving their head in a way that suggests confusion.","Whether Something Happened(Y/N)"
"879dd163-7588-45d1-9466-a5deabc59167","What is depicted in the scene of the video clip?","A person relaxing on a couch holding an e-reader.","The scene depicts a person sitting on a couch in a cozy living room, engrossed in reading a book.","Scene Summary"
"879dd163-7588-45d1-9466-a5deabc59167","What location is shown in the video clip?","Inside a house.","The video clip shows a cozy living room with a comfortable couch, a chair, and a small table.","Scene Summary"
"879dd163-7588-45d1-9466-a5deabc59167","Describe the setting where the action takes place.","A living room with a dining area in the background.","The setting is a cozy living room with beige walls, a white ceiling, and a chandelier. The room features a comfortable couch where the person is seated, with a bookshelf in the background filled with various books and decorative items.","Scene Summary"
"879dd163-7588-45d1-9466-a5deabc59167","How is the environment arranged in the video clip?","A cozy arrangement with a couch, curtain, and dining set.","The environment is arranged with a cozy living room setting, featuring a comfortable couch and a small table. The background includes a wall adorned with decorative items and a ceiling light fixture.","Scene Summary"
"879dd163-7588-45d1-9466-a5deabc59167","What is the subject doing in the video?","Resting and perhaps beginning to read an e-book.","The subject is engrossed in reading a book.","Action Caption"
"879dd163-7588-45d1-9466-a5deabc59167","Can you provide an overview of the action in this clip?","Leisurely activities involving electronic devices at home.","The clip features a person sitting on a couch in a cozy living room, holding an open white tablet with text displayed. The individual appears to be reading or looking at the content on the screen while comfortably reclining with their legs crossed and feet resting on the arm of the couch.","Action Caption"
"879dd163-7588-45d1-9466-a5deabc59167","Does the video capture the person sitting on the couch?","Yes.","Yes, the video captures the person sitting on the couch throughout the sequence.","Whether Something Happened(Y/N)"
"879dd163-7588-45d1-9466-a5deabc59167","Is the person in the video engaged in a strenuous activity?","No.","No.","Whether Something Happened(Y/N)"
"879dd163-7588-45d1-9466-a5deabc59167","What is the setting of the scene in the clip?","The setting is inside a house.","The scene is set in a cozy living room with beige walls, a white ceiling fan, and a small table with various items on it.","Scene Summary"
"879dd163-7588-45d1-9466-a5deabc59167","Where was the reading activity taking place?","The reading took place on a couch.","The reading activity was taking place in a cozy living room.","Scene Summary"
"879dd163-7588-45d1-9466-a5deabc59167","What object is prominently featured in the scene?","A tablet is prominently featured.","A white tablet is prominently featured in the scene.","Scene Summary"
"879dd163-7588-45d1-9466-a5deabc59167","What is the room's appearance in the video clip?","The room appears to be a living area.","The room has a cozy and inviting atmosphere, with soft lighting that creates a warm ambiance.","Scene Summary"
"879dd163-7588-45d1-9466-a5deabc59167","What activity is the subject engaged in?","The subject is engaged in reading a book.","The subject is engaged in reading a book.","Scene Summary"
"879dd163-7588-45d1-9466-a5deabc59167","Describe the posture of the person in the action.","The person is sitting with legs up on the couch.","The person is sitting cross-legged on the couch, with their legs crossed and feet resting on the armrest. They are holding a white tablet in front of them while looking at it.","Action Caption"
"879dd163-7588-45d1-9466-a5deabc59167","Does the clip show a person reading a physical book?","No.","Yes, the clip shows a person reading a physical book.","Whether Something Happened(Y/N)"
"879dd163-7588-45d1-9466-a5deabc59167","Is the subject standing while reading?","No.","No, the subject is sitting on a couch while reading.","Whether Something Happened(Y/N)"
"879dd163-7588-45d1-9466-a5deabc59167","Does the video capture multiple people in the room?","No.","Yes, the video captures multiple people in the room.","Whether Something Happened(Y/N)"
"879dd163-7588-45d1-9466-a5deabc59167","Does the video show a daytime setting?","No.","No.","Whether Something Happened(Y/N)"
"879dd163-7588-45d1-9466-a5deabc59167","What setting is shown in the video?","A house interior is shown in the video.","The video shows a cozy indoor setting with a person lounging on a couch, holding an e-reader. The background features a comfortable living room with a sofa, armchairs, and decorative elements like a lamp and framed pictures.","Scene Summary"
"879dd163-7588-45d1-9466-a5deabc59167","Explain the immediate scene in the video?","The video captures a moment of domestic relaxation.","The video begins with a person sitting on a couch in a cozy living room, holding an open book. The background features a comfortable seating area with additional chairs and a table adorned with decorative items. The person appears relaxed as they read the book, which is illuminated by ambient lighting.","Scene Summary"
"879dd163-7588-45d1-9466-a5deabc59167","Can you describe the motion occurring in the clip?","There is minimal motion, mainly of holding a tablet.","The motion in the clip is consistent, with a person sitting on a couch and holding an e-reader. The scene remains static throughout the video, maintaining a calm and relaxed atmosphere.","Action Caption"
"879dd163-7588-45d1-9466-a5deabc59167","How would you caption the video's current activity?","Leisure time: Engrossed in digital reading.","The caption could be 'A person immerses themselves in a cozy, dimly lit room, surrounded by soft lighting and comfortable furniture, as they engage with an e-reader displaying a captivating story or novel.","Action Caption"
"879dd163-7588-45d1-9466-a5deabc59167","Does the video show a person standing up?","No.","No.","Whether Something Happened(Y/N)"
"879dd163-7588-45d1-9466-a5deabc59167","Is the video capturing outdoor activities?","No.","No.","Whether Something Happened(Y/N)"
"879dd163-7588-45d1-9466-a5deabc59167","Does the video depict a social gathering?","No.","No, the video does not depict a social gathering; it focuses on the individual's leisurely activity of reading.","Whether Something Happened(Y/N)"
"879dd163-7588-45d1-9466-a5deabc59167","Is the individual in the video interacting with others?","No.","No, the individual is not interacting with others in the video.","Whether Something Happened(Y/N)"
"879dd163-7588-45d1-9466-a5deabc59167","Is the scene taking place in a work environment?","No.","No.","Whether Something Happened(Y/N)"
"879dd163-7588-45d1-9466-a5deabc59167","What is the main activity depicted in this video scene?","Reading a book on a tablet.","The main activity depicted in this video scene is a person sitting on the floor, holding and looking at an electronic device (an iPad), which appears to be displaying some text or content.","Scene Summary"
"879dd163-7588-45d1-9466-a5deabc59167","Where is this scene taking place?","Inside a house.","This scene is taking place in a cozy living room.","Scene Summary"
"879dd163-7588-45d1-9466-a5deabc59167","How is the reader positioned in this scenario?","Relaxed on a couch with feet up.","The reader is positioned in the center of the frame, sitting comfortably on a couch with their legs crossed.","Scene Summary"
"879dd163-7588-45d1-9466-a5deabc59167","Can you describe the posture of the reader in this clip?","The reader is lying back with feet propped up.","The reader is sitting cross-legged on the couch, with their legs extended forward and hands resting on their knees.","Action Caption"
"879dd163-7588-45d1-9466-a5deabc59167","What is the focal point of this particular frame?","The tablet displaying text.","The focal point of this particular frame is the person's hands and the white tablet they are holding, which displays a text-based interface.","Action Caption"
"879dd163-7588-45d1-9466-a5deabc59167","What does the stillness of the frame indicate about the action?","It indicates a calm and stationary activity.","The stillness of the frame indicates that the person is engaged in a quiet and focused activity, likely reading or watching content on their device.","Action Caption"
"879dd163-7588-45d1-9466-a5deabc59167","Does the video show any social interaction?","No.","No, the video does not show any social interaction.","Whether Something Happened(Y/N)"
"879dd163-7588-45d1-9466-a5deabc59167","Is the reader changing positions frequently in this clip?","No.","Yes, the reader is seen changing positions frequently throughout the clip.","Whether Something Happened(Y/N)"
"879dd163-7588-45d1-9466-a5deabc59167","Does the environment indicate a public or private space?","A private space.","The environment appears to be a private space, as indicated by the presence of other people and furniture in the background.","Whether Something Happened(Y/N)"
"879dd163-7588-45d1-9466-a5deabc59167","Does the reader make use of any physical book in the scene?","No.","No, the reader does not make use of any physical book in the scene.","Whether Something Happened(Y/N)"
"879dd163-7588-45d1-9466-a5deabc59167","Is there any indication of the reader being disturbed or interrupted?","No.","No, there is no indication of the reader being disturbed or interrupted in this scene.","Whether Something Happened(Y/N)"
"879dd163-7588-45d1-9466-a5deabc59167","What does the video show in the indoor setting?","Someone sitting on a couch using a tablet.","The video shows a person sitting on the floor in an indoor setting, holding and looking at a white tablet.","Scene Summary"
"879dd163-7588-45d1-9466-a5deabc59167","Where is the person located in the video?","The person is on the couch inside a house.","The person is located in a cozy living room.","Scene Summary"
"879dd163-7588-45d1-9466-a5deabc59167","How is the person positioned in this section of the video?","They are sitting with legs on the couch.","The person is sitting on a couch in the foreground, facing towards the camera.","Scene Summary"
"879dd163-7588-45d1-9466-a5deabc59167","What is the person doing with their legs in the video?","They are moving their legs on the couch.","The person is sitting with their legs crossed and holding a tablet.","Action Caption"
"879dd163-7588-45d1-9466-a5deabc59167","How is the tablet being utilized in the video?","The tablet is being held and read from.","The tablet is being used to read a book, as the person is actively engaged in reading while holding it with both hands.","Action Caption"
"879dd163-7588-45d1-9466-a5deabc59167","Is the individual in the video eating?","No.","No, the individual is not eating; they are focused on their reading.","Whether Something Happened(Y/N)"
"879dd163-7588-45d1-9466-a5deabc59167","Does the video show the person lying down on the couch?","No.","Yes, the video shows the person lying down on the couch.","Whether Something Happened(Y/N)"
"879dd163-7588-45d1-9466-a5deabc59167","Is there a pet visible in the video clip?","No.","No, there is no pet visible in the video clip.","Whether Something Happened(Y/N)"
"879dd163-7588-45d1-9466-a5deabc59167","Does the video depict any outdoor scenes?","No.","No, the video does not depict any outdoor scenes.","Whether Something Happened(Y/N)"
"879dd163-7588-45d1-9466-a5deabc59167","Is the person in the video talking on the phone?","No.","No, the person is not talking on the phone.","Whether Something Happened(Y/N)"
"879dd163-7588-45d1-9466-a5deabc59167","Did I sit on the couch before reading the book on the tablet?","Yes","No, you didn't sit on the couch before reading the book on the tablet.","Order Judging(Y/N)"
"879dd163-7588-45d1-9466-a5deabc59167","Did I move my legs on the couch before using the tablet?","Yes","No, you did not move your legs on the couch before using the tablet.","Order Judging(Y/N)"
"879dd163-7588-45d1-9466-a5deabc59167","Was I in the house before I sat on the couch?","Yes","Yes, you were in the house before I sat on the couch.","Order Judging(Y/N)"
"879dd163-7588-45d1-9466-a5deabc59167","Did I use the tablet before moving my legs on the couch?","No","Yes, you did use the tablet before moving your legs on the couch.","Order Judging(Y/N)"
"879dd163-7588-45d1-9466-a5deabc59167","Was the tablet in my hands before I sat on the couch?","No","Yes, the tablet was in my hands before I sat on the couch.","Order Judging(Y/N)"
"879dd163-7588-45d1-9466-a5deabc59167","What happens just before I read the book on the tablet?","Sitting on the couch.","Just before I read the book on the tablet, a hand appears and reaches towards it.","What event order"
"879dd163-7588-45d1-9466-a5deabc59167","What setting is depicted in the provided video clip?","A person sitting on a couch in a house.","The video clip depicts a cozy living room setting with a person sitting on a couch, engrossed in reading a book.","Scene Summary"
"879dd163-7588-45d1-9466-a5deabc59167","What furnishings are visible in the video?","A couch, chair, and a dining area in the background.","The video shows a cozy living room with a comfortable couch, a chair, and a coffee table.","Scene Summary"
"879dd163-7588-45d1-9466-a5deabc59167","Describe the atmosphere of the room shown in the video?","The room appears to be tidy and comfortably lit.","The room has a cozy and inviting atmosphere, with soft lighting that creates a warm ambiance. The walls are painted in a light color, and there is a comfortable seating area with plush cushions on the couch. A small table can be seen near the couch, which holds a few items including what appears to be a remote control or device.","Scene Summary"
"879dd163-7588-45d1-9466-a5deabc59167","Describe the posture of the individual in the video?","They are seated with their legs up on the couch.","The individual is sitting cross-legged on the couch, with their legs extended and feet resting on the armrest.","Action Caption"
"879dd163-7588-45d1-9466-a5deabc59167","Can you summarize the person's behavior in the video?","They are relaxing and using an electronic device.","The person is consistently sitting on the couch, holding a tablet with both hands and looking at it. They appear to be engaged in an activity that requires focus and attention, possibly reading or browsing through something on the screen.","Action Caption"
"879dd163-7588-45d1-9466-a5deabc59167","Is there any noticeable movement or gesture in the video?","The person raised their hands at some point.","No, there is no noticeable movement or gesture in the video.","Action Caption"
"879dd163-7588-45d1-9466-a5deabc59167","Did the person in the video adjust their position on the couch?","Not shown in the given frame.","Yes, the person in the video adjusted their position on the couch by shifting their legs and sitting up slightly.","Whether Something Happened(Y/N)"
"879dd163-7588-45d1-9466-a5deabc59167","Is the individual in the video communicating with someone else?","No, not visibly.","No, the individual is not communicating with someone else; they are focused on their own activity.","Whether Something Happened(Y/N)"
"879dd163-7588-45d1-9466-a5deabc59167","Does the video indicate that the person is multitasking?","No, they appear focused on the tablet.","Yes, the video indicates that the person is multitasking by simultaneously reading a book and using their smartphone.","Whether Something Happened(Y/N)"
"879dd163-7588-45d1-9466-a5deabc59167","Is the person standing up at any point in the video?","No, they are seated throughout.","No, the person is not standing up at any point in the video.","Whether Something Happened(Y/N)"
"879dd163-7588-45d1-9466-a5deabc59167","Did I move my legs on the couch before using the tablet?","Yes","No, you did not move your legs on the couch before using the tablet.","Order Judging(Y/N)"
"879dd163-7588-45d1-9466-a5deabc59167","Did I raise my hands before sitting on the couch?","No","No, you didn't raise your hands before sitting on the couch.","Order Judging(Y/N)"
"879dd163-7588-45d1-9466-a5deabc59167","Was I sitting on the couch before raising my hands?","Yes","Yes, you were sitting on the couch before raising your hands.","Order Judging(Y/N)"
"879dd163-7588-45d1-9466-a5deabc59167","Did I use the tablet after sitting on the couch?","Yes","Yes, you did use the tablet after sitting on the couch.","Order Judging(Y/N)"
"879dd163-7588-45d1-9466-a5deabc59167","What did I do just before using the tablet in the house?","Sat on the couch","You were seen sitting on the couch, holding a tablet and looking at it.","What event order"
"879dd163-7588-45d1-9466-a5deabc59167","What did I do just before raising my hands?","Used the tablet","I raised my hands to adjust the position of the person sitting next to me.","What event order"
"879dd163-7588-45d1-9466-a5deabc59167","Is the tablet used after sitting on the couch as shown in the clip?","Yes","Yes, the tablet is used after sitting on the couch.","Order Judging(Y/N)"
"879dd163-7588-45d1-9466-a5deabc59167","In the video, is the tablet picked up before legs are placed on the couch?","Yes","Yes","Order Judging(Y/N)"
"879dd163-7588-45d1-9466-a5deabc59167","Does sitting on the couch happen after raising hands in the sequence?","No","No, the sequence does not involve sitting on the couch after raising hands.","Order Judging(Y/N)"
"879dd163-7588-45d1-9466-a5deabc59167","What is the setting of the video clip?","The setting is inside a house.","The setting of the video clip is a cozy living room with a comfortable couch, soft lighting, and a warm ambiance.","Scene Summary"
"879dd163-7588-45d1-9466-a5deabc59167","Where is the person situated in this scene?","The person is sitting on the couch.","The person is situated in a cozy living room, comfortably seated on a plush couch.","Scene Summary"
"879dd163-7588-45d1-9466-a5deabc59167","What object is the person interacting with?","The person is holding and using a tablet.","The person is interacting with a white electronic device, likely an iPad or similar handheld gadget.","Scene Summary"
"879dd163-7588-45d1-9466-a5deabc59167","Describe the person's posture in the video.","The person is reclined with feet up on the couch.","The person is sitting cross-legged on a couch, with their legs crossed and feet resting on the armrest. They are holding an iPad in both hands, looking at it while maintaining this posture throughout the video.","Scene Summary"
"879dd163-7588-45d1-9466-a5deabc59167","Is the person reading a book on the tablet?","Yes.","Yes","Whether Something Happened(Y/N)"
"879dd163-7588-45d1-9466-a5deabc59167","Does the scene show an interaction with digital technology?","Yes.","Yes, the scene shows an interaction with digital technology as the person is seen holding a white tablet and appears to be reading or interacting with it.","Whether Something Happened(Y/N)"
"879dd163-7588-45d1-9466-a5deabc59167","Is the individual standing while using the tablet?","No.","No, the individual is sitting on a couch while using the tablet.","Whether Something Happened(Y/N)"
"879dd163-7588-45d1-9466-a5deabc59167","Has the person positioned themselves comfortably for tablet use?","Yes.","Yes, the person is comfortably seated on a couch with their legs crossed and hands resting on their lap.","Whether Something Happened(Y/N)"
"879dd163-7588-45d1-9466-a5deabc59167","Does the video show the person watching TV?","No.","No, the video does not show the person watching TV; it focuses on a person sitting in front of a television.","Whether Something Happened(Y/N)"
"879dd163-7588-45d1-9466-a5deabc59167","In the video, did I use the tablet before sitting on the couch?","No","Yes, you can see the person holding the tablet before sitting on the couch.","Order Judging(Y/N)"
"879dd163-7588-45d1-9466-a5deabc59167","Did I raise my hands before holding the tablet?","No","No, you did not raise your hands before holding the tablet.","Order Judging(Y/N)"
"879dd163-7588-45d1-9466-a5deabc59167","In the video, was I already seated on the couch before using the tablet?","Yes","Yes, you were already seated on the couch before using the tablet.","Order Judging(Y/N)"
"879dd163-7588-45d1-9466-a5deabc59167","Was the tablet in my hand before I used it?","Yes","Yes, the tablet was in my hand before I used it.","Order Judging(Y/N)"
"879dd163-7588-45d1-9466-a5deabc59167","What occurs just before I hold the tablet in the video?","I sit on the couch","Just before I hold the tablet, a person appears in the background.","What event order"
"879dd163-7588-45d1-9466-a5deabc59167","What action takes place before using the tablet?","I hold the tablet","Before using the tablet, the person is seen sitting on a couch and adjusting their position to get comfortable.","What event order"
"879dd163-7588-45d1-9466-a5deabc59167","In the video, did I move my legs on the couch before using the tablet?","Yes","No, you did not move your legs on the couch before using the tablet.","Order Judging(Y/N)"
"879dd163-7588-45d1-9466-a5deabc59167","In the video, is the tablet held before raising hands?","Yes","Yes","Order Judging(Y/N)"
"879dd163-7588-45d1-9466-a5deabc59167","In the video, does sitting on the couch happen before moving legs on the couch?","Yes","Yes, the person sits on the couch before moving their legs.","Order Judging(Y/N)"
"879dd163-7588-45d1-9466-a5deabc59167","What happens before I use the tablet in the video?","I sit on the couch and move my legs","Before using the tablet, you first turn on the light switch and adjust the brightness.","What event order"
"879dd163-7588-45d1-9466-a5deabc59167","What action is performed just before raising hands in the video?","Using the tablet","Just before raising hands, the person is seen holding a white tablet with both hands.","What event order"
"879dd163-7588-45d1-9466-a5deabc59167","What do I do right before moving my legs on the couch?","I sit on the couch","I adjust the position of my legs on the couch.","What event order"
"879dd163-7588-45d1-9466-a5deabc59167","In the video, what takes place prior to holding the tablet?","I sit on the couch","Prior to holding the tablet, the person is sitting on a couch with their legs crossed and appears relaxed.","What event order"
"879dd163-7588-45d1-9466-a5deabc59167","What is the depicted scenario in this video frame?","A person sitting on a couch using a tablet.","The video frame shows a person sitting on a couch in a cozy living room, engrossed in reading a book. The individual is comfortably dressed in casual attire and appears to be enjoying their leisure time.","Scene Summary"
"879dd163-7588-45d1-9466-a5deabc59167","Can you summarize the environment in the video clip?","The environment is a cozy living room with a person on the couch.","The video clip takes place in a cozy living room with warm lighting, featuring a comfortable couch and a small table. The walls are adorned with decorative elements, creating an inviting atmosphere.","Scene Summary"
"879dd163-7588-45d1-9466-a5deabc59167","Offer a caption for the ongoing activity in the video?","Enjoying digital content from the comfort of the couch.","A person is sitting on a couch, holding an iPad and reading from it.","Action Caption"
"879dd163-7588-45d1-9466-a5deabc59167","Is the person in the video standing up?","No.","No, the person is sitting on a couch.","Whether Something Happened(Y/N)"
"879dd163-7588-45d1-9466-a5deabc59167","Does the video capture the individual walking around?","No.","No, the video does not capture the individual walking around; it focuses on a static view of the person sitting in front of the television.","Whether Something Happened(Y/N)"
"879dd163-7588-45d1-9466-a5deabc59167","Is there a group of people in the video clip?","No.","No, there are no people in the video clip.","Whether Something Happened(Y/N)"
"879dd163-7588-45d1-9466-a5deabc59167","Does the frame show the person cooking in the kitchen?","No.","No, the frame does not show the person cooking in the kitchen.","Whether Something Happened(Y/N)"
"879dd163-7588-45d1-9466-a5deabc59167","Is the person in the video engaging in a conversation?","No.","No, the person is not engaging in a conversation; they are simply enjoying their time reading.","Whether Something Happened(Y/N)"
"879dd163-7588-45d1-9466-a5deabc59167","Did I sit on the couch before using the tablet?","Yes.","Yes, you sat on the couch before using the tablet.","Order Judging(Y/N)"
"879dd163-7588-45d1-9466-a5deabc59167","Did I hold the tablet before sitting on the couch?","No.","Yes, you held the tablet before sitting on the couch.","Order Judging(Y/N)"
"879dd163-7588-45d1-9466-a5deabc59167","Did I sit down after picking up the tablet?","Yes.","No, you didn't sit down after picking up the tablet.","Order Judging(Y/N)"
"879dd163-7588-45d1-9466-a5deabc59167","In the video, what do I do just before sitting on the couch?","There is no information on actions prior.","You can see a person sitting on the couch, holding an object in their hands.","What event order"
"879dd163-7588-45d1-9466-a5deabc59167","In the sequence, what happens before I use the tablet?","I hold the tablet.","Before using the tablet, I first adjust my position on the couch and then sit down.","What event order"
"879dd163-7588-45d1-9466-a5deabc59167","Does the action of sitting on the couch happen before using the tablet?","Yes","No, the action of sitting on the couch happens after using the tablet.","Order Judging(Y/N)"
"879dd163-7588-45d1-9466-a5deabc59167","Does raising hands occur before sitting on the couch?","No","No, raising hands do not occur before sitting on the couch.","Order Judging(Y/N)"
"879dd163-7588-45d1-9466-a5deabc59167","Is using the tablet done after sitting on the couch?","Yes","Yes, the person is seen sitting on the couch and using the tablet after they have been seated there for a while.","Order Judging(Y/N)"
"879dd163-7588-45d1-9466-a5deabc59167","What happens before using the tablet?","Sitting on the couch and holding the tablet","Before using the tablet, the person is sitting on a couch in a relaxed position.","What event order"
"879dd163-7588-45d1-9466-a5deabc59167","What occurs just before raising hands?","Using the tablet","Just before raising hands, the person's hand is seen holding a white object with text on it.","What event order"
"cbfeb6c8-ec1f-4884-bcbf-14d7764c4a36","What environment surrounds the individual in the video?","An apartment setting.","The individual is surrounded by a warm, well-lit environment with wooden flooring and a chair visible in the background.","Scene Summary"
"cbfeb6c8-ec1f-4884-bcbf-14d7764c4a36","What activity is taking place in this particular setting?","Writing in a book with a pen.","The activity taking place is studying or working on a task, as indicated by the person's focused demeanor and the presence of study materials.","Scene Summary"
"cbfeb6c8-ec1f-4884-bcbf-14d7764c4a36","Was the person depicted cooking in the kitchen?","No.","No, the person was not cooking in the kitchen; they were simply enjoying a meal.","Whether Something Happened(Y/N)"
"cbfeb6c8-ec1f-4884-bcbf-14d7764c4a36","Did any outdoor activity occur in this video?","No.","No, there were no outdoor activities observed in this video.","Whether Something Happened(Y/N)"
"cbfeb6c8-ec1f-4884-bcbf-14d7764c4a36","Was the individual standing while performing the task?","No.","No, the individual was seated while performing the task.","Whether Something Happened(Y/N)"
"cbfeb6c8-ec1f-4884-bcbf-14d7764c4a36","Is there any verbal communication happening in this scene?","No.","No, there is no verbal communication happening in this scene.","Whether Something Happened(Y/N)"
"cbfeb6c8-ec1f-4884-bcbf-14d7764c4a36","Does the video show someone reading a book?","No.","No.","Whether Something Happened(Y/N)"
"cbfeb6c8-ec1f-4884-bcbf-14d7764c4a36","What location is shown in the video?","A room with a table.","The video shows a person sitting at a desk in an indoor setting, likely a home or office.","Scene Summary"
"cbfeb6c8-ec1f-4884-bcbf-14d7764c4a36","What activity is being done in the clip?","Writing in a notebook.","The activity being done in the clip is studying or working on a task, as indicated by the person's focused demeanor and the presence of a notebook with writing.","Scene Summary"
"cbfeb6c8-ec1f-4884-bcbf-14d7764c4a36","What object is being used to write?","A pen.","A spiral-bound notebook is being used to write.","Scene Summary"
"cbfeb6c8-ec1f-4884-bcbf-14d7764c4a36","What item is on the table besides the notebook?","Opened books.","A blue pen is on the table besides the notebook.","Scene Summary"
"cbfeb6c8-ec1f-4884-bcbf-14d7764c4a36","Is the notebook on a flat surface?","Yes, on a table.","Yes.","Scene Summary"
"cbfeb6c8-ec1f-4884-bcbf-14d7764c4a36","What color is the pen being used?","Blue.","The pen being used is blue.","Action Caption"
"cbfeb6c8-ec1f-4884-bcbf-14d7764c4a36","Is the person using both hands to write?","Yes, one to hold and one to write.","Yes","Action Caption"
"cbfeb6c8-ec1f-4884-bcbf-14d7764c4a36","Has the pen made contact with the paper?","Yes.","Yes, the pen has made contact with the paper.","Whether Something Happened(Y/N)"
"cbfeb6c8-ec1f-4884-bcbf-14d7764c4a36","Is there a book on the table?","Yes.","Yes.","Whether Something Happened(Y/N)"
"cbfeb6c8-ec1f-4884-bcbf-14d7764c4a36","In the video, do I flip the book page before writing on it?","No","No, the person does not flip the book page before writing on it.","Order Judging(Y/N)"
"cbfeb6c8-ec1f-4884-bcbf-14d7764c4a36","In the video, do I write with a pen after sitting at the table?","Yes","Yes, you write with a pen after sitting at the table.","Order Judging(Y/N)"
"cbfeb6c8-ec1f-4884-bcbf-14d7764c4a36","Does the writing occur before closing the notebook?","Yes","No, the writing does not occur before closing the notebook.","Order Judging(Y/N)"
"cbfeb6c8-ec1f-4884-bcbf-14d7764c4a36","Do I start writing before opening the book?","No","Yes, the person opens the book and begins writing.","Order Judging(Y/N)"
"cbfeb6c8-ec1f-4884-bcbf-14d7764c4a36","Before closing the notebook, what event occurs in the video?","Writing on it","Before closing the notebook, the person adjusts their position slightly and looks around the room.","What event order"
"cbfeb6c8-ec1f-4884-bcbf-14d7764c4a36","What is done prior to sitting at the table in the video?","Entering the room","Prior to sitting at the table, the person is seen wearing a green top and has their nails painted.","What event order"
"cbfeb6c8-ec1f-4884-bcbf-14d7764c4a36","What is the setting of the scene in the video clip?","In an apartment.","The setting of the scene is a well-lit room with natural light coming in from the left side, creating a warm and inviting atmosphere.","Scene Summary"
"cbfeb6c8-ec1f-4884-bcbf-14d7764c4a36","Who is present in this clip?","A woman writing and another woman interacting with her.","Two individuals are present in the clip, one sitting at a table and another standing nearby.","Scene Summary"
"cbfeb6c8-ec1f-4884-bcbf-14d7764c4a36","What objects are noticeable in the video?","A book and a pen.","The video shows a person sitting at a table, working on a notebook. The focus is on the person's hands and the notebook they are using, with the background being out of focus to emphasize the subject.","Scene Summary"
"cbfeb6c8-ec1f-4884-bcbf-14d7764c4a36","What activities are being performed?","Writing in a book and interacting.","The person is engaged in a study session, focusing on notes and calculations.","Scene Summary"
"cbfeb6c8-ec1f-4884-bcbf-14d7764c4a36","How can we describe the movement in the clip?","Gentle and focused on writing.","The movement in the clip is a continuous focus on the person's hands and the writing activity, with slight variations in their position.","Action Caption"
"cbfeb6c8-ec1f-4884-bcbf-14d7764c4a36","Does the individual write with her right hand?","Yes.","Yes, the individual writes with her right hand.","Whether Something Happened(Y/N)"
"cbfeb6c8-ec1f-4884-bcbf-14d7764c4a36","Is there another person besides the one writing?","Yes.","Yes, another person is partially visible in the background.","Whether Something Happened(Y/N)"
"cbfeb6c8-ec1f-4884-bcbf-14d7764c4a36","Is the setting a public place?","No.","No, the setting is not a public place; it appears to be an indoor environment focused on studying or work.","Whether Something Happened(Y/N)"
"cbfeb6c8-ec1f-4884-bcbf-14d7764c4a36","Do we see any electronic devices being used?","No.","No, there are no electronic devices being used in the image.","Whether Something Happened(Y/N)"
"cbfeb6c8-ec1f-4884-bcbf-14d7764c4a36","What happens before picking up the pen in the video?","Sitting at the table","Before picking up the pen, the person is seen holding a pen in their right hand and appears to be writing or drawing on a piece of paper.","What event order"
"cbfeb6c8-ec1f-4884-bcbf-14d7764c4a36","In the video, does the interaction with woman A happen before writing in the notebook?","No","No, the interaction with woman A does not happen before writing in the notebook. The video shows a person sitting at a table and writing in a notebook while interacting with another individual who is not visible in the frame.","Order Judging(Y/N)"
"cbfeb6c8-ec1f-4884-bcbf-14d7764c4a36","Is the book opened before picking up the pen?","Yes","Yes.","Order Judging(Y/N)"
"cbfeb6c8-ec1f-4884-bcbf-14d7764c4a36","What is the main activity depicted in the video clip?","Writing in a book with a pen.","The main activity depicted in the video clip is a person diligently working on a notebook, focusing intently on writing or drawing.","Scene Summary"
"cbfeb6c8-ec1f-4884-bcbf-14d7764c4a36","Where is the individual situated in the video clip?","In a room.","The individual is seated at a table in the video clip.","Scene Summary"
"cbfeb6c8-ec1f-4884-bcbf-14d7764c4a36","What object is being utilized in the video clip?","A pen.","A person is utilizing a notebook and pen to write in it.","Scene Summary"
"cbfeb6c8-ec1f-4884-bcbf-14d7764c4a36","Does the video show someone studying?","Yes.","Yes","Whether Something Happened(Y/N)"
"cbfeb6c8-ec1f-4884-bcbf-14d7764c4a36","Is the person in the video writing with their left hand?","No.","Yes, the person is writing with their left hand.","Whether Something Happened(Y/N)"
"cbfeb6c8-ec1f-4884-bcbf-14d7764c4a36","Does the video show a person writing on multiple pages?","Yes.","Yes, the video shows a person writing on multiple pages.","Whether Something Happened(Y/N)"
"cbfeb6c8-ec1f-4884-bcbf-14d7764c4a36","Is pen picked up before writing on the book as shown in the clip?","Yes","Yes, a pen is picked up before writing on the book.","Order Judging(Y/N)"
"cbfeb6c8-ec1f-4884-bcbf-14d7764c4a36","Does writing in the book happen after entering the apartment?","Yes","Yes, writing in the book happens after entering the apartment.","Order Judging(Y/N)"
"cbfeb6c8-ec1f-4884-bcbf-14d7764c4a36","Is the person at the table before writing in the notebook?","Yes","Yes.","Order Judging(Y/N)"
"cbfeb6c8-ec1f-4884-bcbf-14d7764c4a36","Does the person use a pen after sitting at the table?","Yes","Yes, the person uses a pen after sitting at the table.","Order Judging(Y/N)"
"cbfeb6c8-ec1f-4884-bcbf-14d7764c4a36","Is the person in the apartment before using the pen?","Yes","No.","Order Judging(Y/N)"
"cbfeb6c8-ec1f-4884-bcbf-14d7764c4a36","What happens just before writing in the notebook in the video?","Sitting at the table","Just before writing in the notebook, the person's hands are visible as they hold the notebook and adjust their position slightly.","What event order"
"cbfeb6c8-ec1f-4884-bcbf-14d7764c4a36","In the video sequence, what do we see occurring before sitting at the table?","Being in a room","Before sitting at the table, we see a person in a green top and blue shoes with their hands resting on the table.","What event order"
"cbfeb6c8-ec1f-4884-bcbf-14d7764c4a36","What location is shown in the video clip?","An indoor location.","The video clip shows a person sitting at a desk with various items on it, including a book titled 'BORN' and other objects that are not clearly visible.","Scene Summary"
"cbfeb6c8-ec1f-4884-bcbf-14d7764c4a36","What activity is depicted in this scene?","Writing in a book.","The scene depicts a person engaged in studying or working on an academic task, as indicated by the presence of study materials and their focused demeanor.","Scene Summary"
"cbfeb6c8-ec1f-4884-bcbf-14d7764c4a36","Can you caption the person's activity in this clip?","Writing diligently in a notebook.","Certainly! The person is deeply engrossed in their work, meticulously writing notes on a notebook.","Action Caption"
"cbfeb6c8-ec1f-4884-bcbf-14d7764c4a36","Is there a pen being used for writing in the video?","Yes.","Yes, there is a pen being used for writing in the video.","Whether Something Happened(Y/N)"
"cbfeb6c8-ec1f-4884-bcbf-14d7764c4a36","Does the clip show a person wearing a watch?","Yes.","Yes, the clip shows a person wearing a watch.","Whether Something Happened(Y/N)"
"cbfeb6c8-ec1f-4884-bcbf-14d7764c4a36","Does the video include any dialogue or conversation?","No, it only depicts writing activity.","No, the video does not include any dialogue or conversation.","Whether Something Happened(Y/N)"
"cbfeb6c8-ec1f-4884-bcbf-14d7764c4a36","In the video, does opening the book happen before writing with a pen?","Yes","No, the book is closed before opening it to reveal its contents.","Order Judging(Y/N)"
"cbfeb6c8-ec1f-4884-bcbf-14d7764c4a36","Is the pen picked up after turning the page as shown in the clip?","No","Yes, the pen is picked up after turning the page.","Order Judging(Y/N)"
"cbfeb6c8-ec1f-4884-bcbf-14d7764c4a36","What occurs just before starting to write in the book?","Opening the book","Just before starting to write in the book, the person is seen adjusting their nails and making a slight movement with their hands.","What event order"
"cbfeb6c8-ec1f-4884-bcbf-14d7764c4a36","Is the writing in the book shown after being indoor in the clip?","Yes","Yes, the writing in the book is shown after being indoor.","Order Judging(Y/N)"
"cbfeb6c8-ec1f-4884-bcbf-14d7764c4a36","Which room is the person located in while writing?","The person is in a room.","The person is located in a room with a bookshelf, which suggests an academic or study environment.","Scene Summary"
"cbfeb6c8-ec1f-4884-bcbf-14d7764c4a36","Is the person using any tools for writing?","Yes, the person is using a pen.","Yes, the person is using a blue pen to write on both pages of the notebook.","Scene Summary"
"cbfeb6c8-ec1f-4884-bcbf-14d7764c4a36","Can you describe the setting of the action in the clip?","The action occurs in a room at a desk.","The setting appears to be a well-lit room with natural light, possibly during the daytime. The person is seated at a desk or table, focused on their work.","Action Caption"
"cbfeb6c8-ec1f-4884-bcbf-14d7764c4a36","What is the writing tool visible in the frame?","A pen is visible in the frame.","The writing tool visible in the frame is a blue pen.","Action Caption"
"cbfeb6c8-ec1f-4884-bcbf-14d7764c4a36","Is the person sitting at a desk in the video?","Yes.","Yes.","Whether Something Happened(Y/N)"
"cbfeb6c8-ec1f-4884-bcbf-14d7764c4a36","Does the person sit down after opening the book?","Yes","Yes, the person sits down after opening the book.","Order Judging(Y/N)"
"cbfeb6c8-ec1f-4884-bcbf-14d7764c4a36","Is the book closed before the person starts writing?","No","Yes, the book is closed before the person starts writing.","Order Judging(Y/N)"
"cbfeb6c8-ec1f-4884-bcbf-14d7764c4a36","What action is taken before the person caps the pen?","The person finishes writing.","Before the person caps the pen, they make a final check of their work.","What event order"
"cbfeb6c8-ec1f-4884-bcbf-14d7764c4a36","Is the pen placed in the book before writing?","No","Yes, the pen is placed in the book before writing.","Order Judging(Y/N)"
"cbfeb6c8-ec1f-4884-bcbf-14d7764c4a36","Does the book close before the pen is picked up?","No","Yes, the book closes before the pen is picked up.","Order Judging(Y/N)"
"cbfeb6c8-ec1f-4884-bcbf-14d7764c4a36","Is the cap of the pen removed after starting to write?","No","Yes, the cap of the pen is removed after starting to write.","Order Judging(Y/N)"
"cbfeb6c8-ec1f-4884-bcbf-14d7764c4a36","Does the hand turn the page before picking up the pen?","No","Yes, the hand turns the page before picking up the pen.","Order Judging(Y/N)"
"cbfeb6c8-ec1f-4884-bcbf-14d7764c4a36","Is the pen visible in the scene before writing begins?","Yes","Yes, the pen is visible in the scene before writing begins.","Order Judging(Y/N)"
"cbfeb6c8-ec1f-4884-bcbf-14d7764c4a36","What do we see happening before the hand appears in the frame?","The book is open","A person is seen sitting at a table, deeply engaged in studying or working on something.","What event order"
"cbfeb6c8-ec1f-4884-bcbf-14d7764c4a36","What happens just before the pen touches the paper?","The hand moves towards the paper","Just before the pen touches the paper, it is shown that the person has already written on the paper.","What event order"
"cbfeb6c8-ec1f-4884-bcbf-14d7764c4a36","In the video sequence, what action is performed before turning the page?","Writing on the current page","Before turning the page, the person's hands are seen adjusting their nails and making a gesture with their fingers.","What event order"
"cbfeb6c8-ec1f-4884-bcbf-14d7764c4a36","In the video, what is done just before the hand finished writing?","Moving the pen across the paper","Just before the hand finished writing, a book titled 'BROOKS & DAVID'S BLOOD PRESSURE TEST' is opened.","What event order"
"cbfeb6c8-ec1f-4884-bcbf-14d7764c4a36","What does the brief of the depicted scenario show?","The scenario shows a person writing in a book in an apartment.","The brief of the depicted scenario shows a person sitting at a table, deeply engaged in writing or studying.","Scene Summary"
"cbfeb6c8-ec1f-4884-bcbf-14d7764c4a36","What is the setting of this video clip?","The setting is indoors, in a well-lit apartment.","The setting of the video clip is a person sitting at a table with various items on it, including a notebook and a book titled 'Borobok'.","Scene Summary"
"cbfeb6c8-ec1f-4884-bcbf-14d7764c4a36","Does the video capture the person stopping their writing at any point?","No.","Yes, the video captures the person stopping their writing at a specific point in the sequence.","Whether Something Happened(Y/N)"
"cbfeb6c8-ec1f-4884-bcbf-14d7764c4a36","Is the individual in the video using their left hand to write?","No, they are using their right hand.","Yes, the individual is using their left hand to write.","Whether Something Happened(Y/N)"
"cbfeb6c8-ec1f-4884-bcbf-14d7764c4a36","Is there another person present in the scene assisting the writer?","No, the person is writing alone.","Yes, another person is partially visible on the left side of the frame.","Whether Something Happened(Y/N)"
"cbfeb6c8-ec1f-4884-bcbf-14d7764c4a36","In the video, do I write in the book before holding the pen?","No","Yes, you write in the book before holding the pen.","Order Judging(Y/N)"
"cbfeb6c8-ec1f-4884-bcbf-14d7764c4a36","Is the pen in my right hand before I start writing in the book?","Yes","Yes, the pen is in my right hand before I start writing in the book.","Order Judging(Y/N)"
"cbfeb6c8-ec1f-4884-bcbf-14d7764c4a36","In the sequence, do I open the book before writing on it?","Yes","Yes, the person opens the book before writing on it.","Order Judging(Y/N)"
"cbfeb6c8-ec1f-4884-bcbf-14d7764c4a36","In the clip, do I wear a green shirt before writing in the book?","Yes","Yes, the person is wearing a green shirt before writing in the book.","Order Judging(Y/N)"
"cbfeb6c8-ec1f-4884-bcbf-14d7764c4a36","What occurs just before holding the pen in my right hand?","I am wearing a green shirt","Just before holding the pen in your right hand, you notice a small object on the table.","What event order"
"cbfeb6c8-ec1f-4884-bcbf-14d7764c4a36","Is the book opened before the pen is held in the right hand?","Yes","Yes, the book is opened before the pen is held in the right hand.","Order Judging(Y/N)"
"cbfeb6c8-ec1f-4884-bcbf-14d7764c4a36","Is the hand placed on the book after the pen is picked up?","Yes","Yes, the hand is placed on the book after the pen is picked up.","Order Judging(Y/N)"
"cbfeb6c8-ec1f-4884-bcbf-14d7764c4a36","What happens just before the pen starts writing?","The pen is held in the right hand","Just before the pen starts writing, the person's hand moves to adjust their position slightly.","What event order"
"cbfeb6c8-ec1f-4884-bcbf-14d7764c4a36","What is visible before the wrist with a bracelet appears?","The hand holding the pen","A white object, possibly a cup or container, is visible before the wrist with a bracelet.","What event order"
"cbfeb6c8-ec1f-4884-bcbf-14d7764c4a36","What do we see happening before the hand touches the book?","The book and pen are visible","The hand is seen holding the book, which has a visible title 'BROOKS' and text that reads 'BROOKS BROWN'S'.","What event order"
"cbfeb6c8-ec1f-4884-bcbf-14d7764c4a36","What takes place before the pen is seen in the video?","The apartment and the book are seen","Before the pen is seen in the video, a person is seated at a table with two books and a pen.","What event order"
"cbfeb6c8-ec1f-4884-bcbf-14d7764c4a36","What is the setting of the video?","In an apartment.","The setting of the video is a person sitting at a table, deeply engaged in studying or working on a task.","Scene Summary"
"cbfeb6c8-ec1f-4884-bcbf-14d7764c4a36","What activity does the video show?","Writing in a book.","The video shows a person engaged in an activity that involves writing or drawing on a piece of paper, possibly taking notes or sketching.","Scene Summary"
"cbfeb6c8-ec1f-4884-bcbf-14d7764c4a36","Which hand is used for writing in the video?","The right hand.","The right hand is used for writing in the video.","Scene Summary"
"cbfeb6c8-ec1f-4884-bcbf-14d7764c4a36","What type of pen is being used?","A ballpoint pen.","The pen being used is blue.","Scene Summary"
"cbfeb6c8-ec1f-4884-bcbf-14d7764c4a36","What object is being used in the action?","A pen.","A blue pen is being used in the action.","Action Caption"
"cbfeb6c8-ec1f-4884-bcbf-14d7764c4a36","Is the writing action fluent or hesitant?","Fluent.","The writing action is fluent.","Action Caption"
"cbfeb6c8-ec1f-4884-bcbf-14d7764c4a36","Which direction is the pen moving?","Left to right.","The pen is moving from the right side of the frame towards the left.","Action Caption"
"cbfeb6c8-ec1f-4884-bcbf-14d7764c4a36","Is the person sitting on a cushion?","Yes.","No, the person is not sitting on a cushion; they are seated directly on the desk.","Whether Something Happened(Y/N)"
"cbfeb6c8-ec1f-4884-bcbf-14d7764c4a36","Does the video show page-turning?","No.","Yes, the video shows page-turning as the person continues to turn pages in their notebook.","Whether Something Happened(Y/N)"
"cbfeb6c8-ec1f-4884-bcbf-14d7764c4a36","Is the person wearing any wrist accessories?","Yes.","Yes, the person is wearing a bracelet on their left wrist.","Whether Something Happened(Y/N)"
"cbfeb6c8-ec1f-4884-bcbf-14d7764c4a36","Did the writing happen in a different location than the apartment?","No","No, the writing happened in a different location than the apartment.","Order Judging(Y/N)"
"cbfeb6c8-ec1f-4884-bcbf-14d7764c4a36","Did the use of right hand occur before writing in the book?","No","Yes, the use of right hand occurred before writing in the book.","Order Judging(Y/N)"
"cbfeb6c8-ec1f-4884-bcbf-14d7764c4a36","Was there a pen used after the book was opened?","Yes","Yes, a pen was used after the book was opened.","Order Judging(Y/N)"
"cbfeb6c8-ec1f-4884-bcbf-14d7764c4a36","Did any writing in the book occur without the use of a pen?","No","Yes, the writing in the book occurred without the use of a pen.","Order Judging(Y/N)"
"cbfeb6c8-ec1f-4884-bcbf-14d7764c4a36","Was the book closed before writing commenced?","Yes","Yes, the book was closed before writing commenced.","Order Judging(Y/N)"
"cbfeb6c8-ec1f-4884-bcbf-14d7764c4a36","What happened before the writing started?","The book was opened","Before the writing started, the person was engaged in a study session or work-related activity.","What event order"
"cbfeb6c8-ec1f-4884-bcbf-14d7764c4a36","Does the writing in the book occur before changing the page?","Yes","Yes, the writing in the book occurs before changing the page.","Order Judging(Y/N)"
"cbfeb6c8-ec1f-4884-bcbf-14d7764c4a36","Does the page turn happen before writing with the pen?","No","No, the page turns before writing with the pen.","Order Judging(Y/N)"
"cbfeb6c8-ec1f-4884-bcbf-14d7764c4a36","What occurs just before changing to a new page in the video?","I finish writing","Just before changing to a new page, the person is seen adjusting their position slightly and looking at the camera.","What event order"
"cbfeb6c8-ec1f-4884-bcbf-14d7764c4a36","What do I do before sitting down to write in the video?","I enter the room","Before sitting down to write, the person is seen adjusting their nails and making sure they are well-groomed.","What event order"
"cbfeb6c8-ec1f-4884-bcbf-14d7764c4a36","What is the setting of the scene in the video clip?","The setting is inside a room.","The setting of the scene is a well-lit room with natural light, likely during daytime.","Scene Summary"
"cbfeb6c8-ec1f-4884-bcbf-14d7764c4a36","What objects are present in the video clip?","A book and a pen are present.","The video clip contains a person sitting at a table, engaged in an activity that involves writing or drawing on a piece of paper.","Scene Summary"
"cbfeb6c8-ec1f-4884-bcbf-14d7764c4a36","Can you describe the action the person is performing?","The person is flipping through pages and writing.","The person is meticulously writing on a piece of paper with a blue pen, focusing intently on the task at hand.","Action Caption"
"cbfeb6c8-ec1f-4884-bcbf-14d7764c4a36","Does the video show the person closing the book?","No.","No, the video does not show the person closing the book; it only shows their hands actively engaged with the book.","Whether Something Happened(Y/N)"
"cbfeb6c8-ec1f-4884-bcbf-14d7764c4a36","Is the person using a pencil to write?","No.","Yes, the person is using a pencil to write.","Whether Something Happened(Y/N)"
"cbfeb6c8-ec1f-4884-bcbf-14d7764c4a36","Does the video capture the person turning off the light?","No.","No, the video does not capture the person turning off the light; it only shows a close-up of their hands and the book.","Whether Something Happened(Y/N)"
"cbfeb6c8-ec1f-4884-bcbf-14d7764c4a36","Does the video show the person taking notes from another text?","No.","Yes, the video shows the person taking notes from another text.","Whether Something Happened(Y/N)"
"cbfeb6c8-ec1f-4884-bcbf-14d7764c4a36","In the video, is the book closed before writing begins?","Yes","Yes, the book is closed before writing begins.","Order Judging(Y/N)"
"cbfeb6c8-ec1f-4884-bcbf-14d7764c4a36","Does turning the page happen after writing with the pen?","Yes","Yes, the person continues to write on the page after turning it.","Order Judging(Y/N)"
"cbfeb6c8-ec1f-4884-bcbf-14d7764c4a36","In the video, is the pen picked up before the book is opened?","No","Yes, the pen is picked up before the book is opened.","Order Judging(Y/N)"
"cbfeb6c8-ec1f-4884-bcbf-14d7764c4a36","Does the writing occur before sitting down in the chair?","No","Yes, the writing occurs before sitting down in the chair.","Order Judging(Y/N)"
"cbfeb6c8-ec1f-4884-bcbf-14d7764c4a36","In the video sequence, what occurs before the person starts writing?","The book is opened","Before the person starts writing, they are seen sitting at a table with their hands resting on the table.","What event order"
"cbfeb6c8-ec1f-4884-bcbf-14d7764c4a36","What action takes place before the book is closed?","The person stops writing","The action that takes place before the book is closed is the person's hands adjusting and closing the pages of the book.","What event order"
"cbfeb6c8-ec1f-4884-bcbf-14d7764c4a36","In the video, is the book closed after the writing is done?","Yes","Yes, the book is closed after the writing is done.","Order Judging(Y/N)"
"cbfeb6c8-ec1f-4884-bcbf-14d7764c4a36","In the video, is there writing on the book's cover before the person writes inside?","Yes","Yes, there is writing on the book's cover before the person writes inside.","Order Judging(Y/N)"
"cbfeb6c8-ec1f-4884-bcbf-14d7764c4a36","What is done before the pen cap is removed?","The person prepares to write","The pen cap is removed before the person starts writing on the paper.","What event order"
"cbfeb6c8-ec1f-4884-bcbf-14d7764c4a36","What activity is displayed in the provided image?","Writing in a book.","The image displays a person engaged in an activity that involves writing or drawing, possibly on a notebook.","Scene Summary"
"cbfeb6c8-ec1f-4884-bcbf-14d7764c4a36","Describe the setting where the depicted activity takes place.","In a room.","The activity takes place in a well-lit room with natural light streaming through, creating a warm and inviting atmosphere. The person is seated at a wooden desk, focused on their task.","Scene Summary"
"cbfeb6c8-ec1f-4884-bcbf-14d7764c4a36","What object is being used in conjunction with the book?","A pen.","A pen is being used in conjunction with the book.","Scene Summary"
"cbfeb6c8-ec1f-4884-bcbf-14d7764c4a36","How is the person holding the pen in the frame?","With their right hand.","The person is holding the pen with their right hand, which is visible in the frame.","Action Caption"
"cbfeb6c8-ec1f-4884-bcbf-14d7764c4a36","What part of the room is visible in the clip?","Only the table area, specifics of the room are not visible.","The room is visible in the clip, with a wooden floor and some furniture partially seen.","Action Caption"
"cbfeb6c8-ec1f-4884-bcbf-14d7764c4a36","Is the person writing with their left hand?","No.","Yes, the person is writing with their left hand.","Whether Something Happened(Y/N)"
"cbfeb6c8-ec1f-4884-bcbf-14d7764c4a36","Is the person writing on the last page of the book?","No, there are more pages visible.","Yes, the person is writing on the last page of the book.","Whether Something Happened(Y/N)"
"cbfeb6c8-ec1f-4884-bcbf-14d7764c4a36","Can we assume the writer is in a public space?","No, it appears to be a private space.","Yes, the setting suggests a public space as there are other people in the background.","Whether Something Happened(Y/N)"
"cbfeb6c8-ec1f-4884-bcbf-14d7764c4a36","In the video, does turning the page happen before writing begins?","No","No, turning the page happens after writing begins.","Order Judging(Y/N)"
"cbfeb6c8-ec1f-4884-bcbf-14d7764c4a36","Is the book opened after the pen is held in the hand?","Yes","Yes, the book is opened after the pen is held in the hand.","Order Judging(Y/N)"
"cbfeb6c8-ec1f-4884-bcbf-14d7764c4a36","In the video, does writing in the book happen before closing the book?","Yes","Yes, writing in the book happens before closing the book.","Order Judging(Y/N)"
"cbfeb6c8-ec1f-4884-bcbf-14d7764c4a36","In the video sequence, what do we see occurring just before turning the page?","Writing on the previous page","Just before turning the page, we see a person's hands holding a pencil and a piece of paper.","What event order"
"cbfeb6c8-ec1f-4884-bcbf-14d7764c4a36","What action takes place immediately before the pen touches the paper?","Holding the pen above the book","A hand reaches towards the paper, possibly to pick up or adjust something.","What event order"
"cbfeb6c8-ec1f-4884-bcbf-14d7764c4a36","In the video, what happens right before the book is opened?","Sitting down","The person is seen adjusting their position and positioning the camera to capture a close-up view of their hands as they start opening the book.","What event order"
"cbfeb6c8-ec1f-4884-bcbf-14d7764c4a36","Did I write in the book before turning the page?","Yes","Yes, the person wrote in the book before turning the page.","Order Judging(Y/N)"
"cbfeb6c8-ec1f-4884-bcbf-14d7764c4a36","Is the book already opened before I start writing?","Yes","Yes, the book is already opened before I start writing.","Order Judging(Y/N)"
"cbfeb6c8-ec1f-4884-bcbf-14d7764c4a36","Did I place my left hand on the page before writing with the pen?","Yes","Yes, you placed your left hand on the page before writing with the pen.","Order Judging(Y/N)"
"cbfeb6c8-ec1f-4884-bcbf-14d7764c4a36","What happens before I use the pen to write?","Opening the book","Before writing, the person is seen adjusting their position and positioning themselves in front of the desk.","What event order"
"cbfeb6c8-ec1f-4884-bcbf-14d7764c4a36","Before closing the book, what action is performed?","Turning the page","Before closing the book, the person closes it with their right hand.","What event order"
"cbfeb6c8-ec1f-4884-bcbf-14d7764c4a36","What is the setting of this video clip?","The setting is indoors, at a desk.","The setting of the video clip is a person sitting at a table, deeply engaged in studying or working on a task.","Scene Summary"
"cbfeb6c8-ec1f-4884-bcbf-14d7764c4a36","What objects are present in this scene?","A book, a pen, and a desk.","The objects present in this scene include a person sitting at a table, writing on a notebook with a pen.","Scene Summary"
"cbfeb6c8-ec1f-4884-bcbf-14d7764c4a36","Is the person writing with their right hand?","Yes.","Yes, the person is writing with their right hand.","Whether Something Happened(Y/N)"
"cbfeb6c8-ec1f-4884-bcbf-14d7764c4a36","Is the notebook placed on the person's lap?","No.","Yes, the notebook is placed on the person's lap.","Whether Something Happened(Y/N)"
"cbfeb6c8-ec1f-4884-bcbf-14d7764c4a36","Does this video show any electronic devices being used?","No.","No, the video does not show any electronic devices being used.","Whether Something Happened(Y/N)"
"cbfeb6c8-ec1f-4884-bcbf-14d7764c4a36","Is the person seated while writing in the book?","Yes.","Yes, the person is seated while writing in the book.","Whether Something Happened(Y/N)"
"cbfeb6c8-ec1f-4884-bcbf-14d7764c4a36","Do I sit down before beginning to write?","Yes","Yes, the person sits down before beginning to write.","Order Judging(Y/N)"
"cbfeb6c8-ec1f-4884-bcbf-14d7764c4a36","What happens before the book is opened?","I sit down at the desk.","Before the book is opened, the person is seen sitting at a table with their hands resting on the table and their nails painted.","What event order"
"cbfeb6c8-ec1f-4884-bcbf-14d7764c4a36","Did I close the book before starting to write?","No","Yes, the person closed the book before starting to write.","Order Judging(Y/N)"
"cbfeb6c8-ec1f-4884-bcbf-14d7764c4a36","Was I seated while writing in the book?","Yes","Yes, the person was seated while writing in the book.","Order Judging(Y/N)"
"cbfeb6c8-ec1f-4884-bcbf-14d7764c4a36","Did I turn the page after finishing writing?","No","Yes, the person turned the page after finishing writing.","Order Judging(Y/N)"
"cbfeb6c8-ec1f-4884-bcbf-14d7764c4a36","Was the pen put down before closing the book?","No","Yes, the pen was put down before closing the book.","Order Judging(Y/N)"
"cbfeb6c8-ec1f-4884-bcbf-14d7764c4a36","Did I write on the left page before the right one?","No","Yes, the person wrote on the left page before writing on the right one.","Order Judging(Y/N)"
"cbfeb6c8-ec1f-4884-bcbf-14d7764c4a36","What is the setting of the scene in this video clip?","The setting is indoors, with a person writing in a notebook.","The setting of the scene is a person sitting at a table, deeply engaged in studying or working on something.","Scene Summary"
"cbfeb6c8-ec1f-4884-bcbf-14d7764c4a36","What activity is being performed in the scene?","Writing on a notebook with a pen.","The activity being performed in the scene is a person engaged in studying or working on a task, as indicated by their focused demeanor and the presence of study materials.","Scene Summary"
"cbfeb6c8-ec1f-4884-bcbf-14d7764c4a36","What can we deduce about the person's task in the video?","The person is engaged in a writing activity.","The person appears to be engaged in a task that requires concentration and attention, as indicated by their focused gaze on the screen or object they are interacting with.","Action Caption"
"cbfeb6c8-ec1f-4884-bcbf-14d7764c4a36","Describe the motion taking place in these frames?","The movement of the hand while writing.","The motion in these frames is a person's hand moving from the bottom of the frame to the top, indicating movement or action.","Action Caption"
"cbfeb6c8-ec1f-4884-bcbf-14d7764c4a36","Does the person stop writing at any point in the video?","No.","No, the person continues to write at various points throughout the video.","Whether Something Happened(Y/N)"
"cbfeb6c8-ec1f-4884-bcbf-14d7764c4a36","Is there any use of electronic devices in these frames?","No.","No, there are no electronic devices visible in the frames.","Whether Something Happened(Y/N)"
"cbfeb6c8-ec1f-4884-bcbf-14d7764c4a36","In the video sequence, what do we see happening before writing with the pen?","Sitting at the desk","Before writing with the pen, we see a person sitting at a table, wearing a watch on their left wrist. The background includes another person partially visible to the right of the main subject.","What event order"
"cbfeb6c8-ec1f-4884-bcbf-14d7764c4a36","What occurs just before opening the notebook in the video?","Sitting at the desk","Just before opening the notebook, a person's hand appears on the right side of the frame.","What event order"
"cbfeb6c8-ec1f-4884-bcbf-14d7764c4a36","In the video, does using the pen happen after sitting at the desk?","Yes","Yes, the pen is used to write on a piece of paper that is placed in front of the desk.","Order Judging(Y/N)"
"cbfeb6c8-ec1f-4884-bcbf-14d7764c4a36","What action precedes putting down the pen on the desk?","Writing in the book","The action that precedes putting down the pen on the desk is adjusting their position.","What event order"
"cbfeb6c8-ec1f-4884-bcbf-14d7764c4a36","What is done just before the writing starts in the video?","Picking up the pen","Just before the writing starts, the person is seen adjusting their position and positioning themselves in front of the camera.","What event order"
"cbfeb6c8-ec1f-4884-bcbf-14d7764c4a36","Which action is depicted in this frame?","Writing in a book with a pen.","The action depicted in this frame is the person pointing at something with their index finger.","Scene Summary"
"cbfeb6c8-ec1f-4884-bcbf-14d7764c4a36","Describe the surroundings visible in this frame.","Indoors, likely a desk or table.","The surroundings visible in this frame include a wooden surface, possibly a table or desk, and the person is seated at it.","Scene Summary"
"cbfeb6c8-ec1f-4884-bcbf-14d7764c4a36","Can you specify the object being used by the person?","A pen.","The person is using a mobile phone.","Action Caption"
"cbfeb6c8-ec1f-4884-bcbf-14d7764c4a36","Did the interaction occur in an outdoor location?","No.","No, the interaction occurred indoors.","Whether Something Happened(Y/N)"
"cbfeb6c8-ec1f-4884-bcbf-14d7764c4a36","Is the person predominantly engaged in a physical activity?","No.","No, the person is not actively engaged in a physical activity; they are focused on their task.","Whether Something Happened(Y/N)"
"cbfeb6c8-ec1f-4884-bcbf-14d7764c4a36","In the video, does writing in the notebook occur before conversing with a woman?","Yes.","Yes, writing in the notebook occurs before conversing with a woman.","Order Judging(Y/N)"
"cbfeb6c8-ec1f-4884-bcbf-14d7764c4a36","In the video, does the conversation with a woman happen before being in an apartment?","No.","No, the conversation with a woman does not happen before being in an apartment; it is captured during the ongoing activity of studying.","Order Judging(Y/N)"
"cbfeb6c8-ec1f-4884-bcbf-14d7764c4a36","Is the pen used before entering the apartment as shown in the clip?","No.","Yes, the pen is used before entering the apartment in the clip.","Order Judging(Y/N)"
"cbfeb6c8-ec1f-4884-bcbf-14d7764c4a36","In the video sequence, what do we see happening before conversing with woman X?","Being in an apartment.","Before conversing with woman X, the scene shows a person sitting at a table with their hands resting on the table. The focus is on the person's hands and forearms as they gesture towards the camera or the screen.","What event order"
"cbfeb6c8-ec1f-4884-bcbf-14d7764c4a36","What happens right before using a pen on the book?","Being indoors.","The person points to the camera, indicating they are about to write something on the book.","What event order"
"cbfeb6c8-ec1f-4884-bcbf-14d7764c4a36","In the video, what occurs directly before the pen is picked up?","Being indoors.","The person is seen holding a pen in their right hand, preparing to write or draw.","What event order"
"cbfeb6c8-ec1f-4884-bcbf-14d7764c4a36","What happens before the conversation with woman X in the video?","Writing on a book","Before the conversation with woman X, a person is seen sitting at a table.","What event order"
"6baa36c1-e4d0-4dbd-97b2-dff48ecf796e","What environments surround the individual scrapping the wall?","An outdoor setting with a ladder near a wooden fence.","The individual is surrounded by a natural environment with trees and foliage, indicating an outdoor setting.","Scene Summary"
"6baa36c1-e4d0-4dbd-97b2-dff48ecf796e","What tool is utilized for scrapping in the scene?","A scraper is used.","A metal scraper is utilized for scrapping in the scene.","Scene Summary"
"6baa36c1-e4d0-4dbd-97b2-dff48ecf796e","Is the individual standing on the ground or elevated while scrapping?","The individual is elevated on a ladder.","The individual is standing on the ground while scrapping.","Scene Summary"
"6baa36c1-e4d0-4dbd-97b2-dff48ecf796e","What is the purpose of using a ladder in this scenario?","To reach higher areas of the wall for scrapping.","The purpose of using a ladder is to reach higher areas and access the roof, which is not visible in the image.","Scene Summary"
"6baa36c1-e4d0-4dbd-97b2-dff48ecf796e","How does the individual prepare to scrape the wall?","The individual prepares by stretching out a ladder.","The individual prepares to scrape the wall by holding a scraper and using it to remove small pieces of debris from the wall.","Action Caption"
"6baa36c1-e4d0-4dbd-97b2-dff48ecf796e","Does the video show a person using a ladder?","Yes.","Yes.","Whether Something Happened(Y/N)"
"6baa36c1-e4d0-4dbd-97b2-dff48ecf796e","Is the wall being scraped in the video?","Yes.","Yes.","Whether Something Happened(Y/N)"
"6baa36c1-e4d0-4dbd-97b2-dff48ecf796e","Does the scene involve stretching a ladder before scrapping?","Yes.","Yes, the scene involves stretching a ladder before scrapping.","Whether Something Happened(Y/N)"
"6baa36c1-e4d0-4dbd-97b2-dff48ecf796e","Does the individual scrap the wall without any tools?","No.","No, the individual scrapes the wall with a tool.","Whether Something Happened(Y/N)"
"6baa36c1-e4d0-4dbd-97b2-dff48ecf796e","What location is depicted in this video clip?","The video clip depicts an outdoor scene with a wall.","The video clip depicts a residential area with trees and houses in the background.","Scene Summary"
"6baa36c1-e4d0-4dbd-97b2-dff48ecf796e","How does the environment appear in the video clip?","The environment appears to be a porch or exterior of a building.","The environment appears to be a residential area with trees and other buildings visible in the background.","Scene Summary"
"6baa36c1-e4d0-4dbd-97b2-dff48ecf796e","What structure can be observed in this video clip?","A wall with white paint is observed in this video clip.","The video shows a person working on a structure, possibly a building or a piece of furniture.","Scene Summary"
"6baa36c1-e4d0-4dbd-97b2-dff48ecf796e","How is the exterior space utilized in the video action?","The exterior space provides a background for removal of an object.","The exterior space is utilized by the person in the video, as they are seen reaching out to touch and adjust various parts of the building's exterior.","Action Caption"
"6baa36c1-e4d0-4dbd-97b2-dff48ecf796e","Is the object completely removed from the wall in the video?","Yes","No, the object is partially removed from the wall in the video.","Whether Something Happened(Y/N)"
"6baa36c1-e4d0-4dbd-97b2-dff48ecf796e","Does the video clip show a wall being painted?","No","Yes","Whether Something Happened(Y/N)"
"6baa36c1-e4d0-4dbd-97b2-dff48ecf796e","In the video, is the wall outdoors?","Yes","Yes.","Whether Something Happened(Y/N)"
"6baa36c1-e4d0-4dbd-97b2-dff48ecf796e","In the video, is the ladder stretched before scraping the wall?","Yes","Yes","Order Judging(Y/N)"
"6baa36c1-e4d0-4dbd-97b2-dff48ecf796e","What happens just before the wall is scraped in the video?","The ladder is stretched","Just before the wall is scraped, a hand appears holding a tool and begins to scrape the remaining paint off the wall.","What event order"
"6baa36c1-e4d0-4dbd-97b2-dff48ecf796e","What exterior work is being performed?","Scraping a wall and smoothing a surface.","The exterior work being performed involves painting the wall and installing a new door.","Scene Summary"
"6baa36c1-e4d0-4dbd-97b2-dff48ecf796e","Where is the activity taking place?","Outside a house.","The activity is taking place in a garage or workshop.","Scene Summary"
"6baa36c1-e4d0-4dbd-97b2-dff48ecf796e","Which tools are being used for the exterior tasks?","A scraper and a planer.","A person is using a hammer and a sander for the exterior tasks.","Scene Summary"
"6baa36c1-e4d0-4dbd-97b2-dff48ecf796e","Can you describe the sequence of work shown?","Scraping first, then planing.","The sequence of work begins with the person standing on a raised platform, holding a tool and working on a wall. They use a hammer to smooth out the surface, making small adjustments. The person then uses a sander to further refine the texture. Finally, they clean up any debris or marks left by the previous actions.","Action Caption"
"6baa36c1-e4d0-4dbd-97b2-dff48ecf796e","Does the video show painting work being done?","No.","Yes, the video shows painting work being done.","Whether Something Happened(Y/N)"
"6baa36c1-e4d0-4dbd-97b2-dff48ecf796e","Is there any smoothing of surfaces portrayed?","Yes.","Yes, the person is seen smoothing out the surface of the wall with a tool.","Whether Something Happened(Y/N)"
"6baa36c1-e4d0-4dbd-97b2-dff48ecf796e","Does the scene capture window installation?","No.","Yes, the scene captures a person installing a window.","Whether Something Happened(Y/N)"
"6baa36c1-e4d0-4dbd-97b2-dff48ecf796e","Does the clip depict interior renovation?","No.","Yes, the clip depicts interior renovation as it shows a person working on a wall with tools and materials.","Whether Something Happened(Y/N)"
"6baa36c1-e4d0-4dbd-97b2-dff48ecf796e","Does smoothing the surface occur before scraping the wall?","No","Yes, the person is seen smoothing the surface of the wall before scraping it with a scraper.","Order Judging(Y/N)"
"6baa36c1-e4d0-4dbd-97b2-dff48ecf796e","Is the removal of plaster seen before the scraping action?","Yes","Yes, the removal of plaster is seen before the scraping action.","Order Judging(Y/N)"
"6baa36c1-e4d0-4dbd-97b2-dff48ecf796e","Does the planer touch the surface after the wall is scrapped?","Yes","Yes, the planer touches the surface after the wall is scrapped.","Order Judging(Y/N)"
"6baa36c1-e4d0-4dbd-97b2-dff48ecf796e","In the video, is the ladder stretched before scraping the wall?","Yes","Yes, the ladder is stretched before scraping the wall.","Order Judging(Y/N)"
"6baa36c1-e4d0-4dbd-97b2-dff48ecf796e","Does the smoothing of the surface occur after scraping the wall?","Yes","Yes, the person continues to smooth out the surface after scraping the wall.","Order Judging(Y/N)"
"6baa36c1-e4d0-4dbd-97b2-dff48ecf796e","Is something removed from the wall before stretching the ladder?","No","Yes, a piece of wood is removed from the wall before stretching the ladder.","Order Judging(Y/N)"
"6baa36c1-e4d0-4dbd-97b2-dff48ecf796e","In the clip, is the ladder stretched after smoothing the surface?","No","Yes","Order Judging(Y/N)"
"6baa36c1-e4d0-4dbd-97b2-dff48ecf796e","What can be seen happening before smoothing the surface?","Scraping the wall","Before smoothing the surface, a person is seen adjusting their position and positioning themselves in front of the wall.","What event order"
"6baa36c1-e4d0-4dbd-97b2-dff48ecf796e","In the video, what happens before stretching the ladder?","Nothing, it is the first action","Before stretching the ladder, the person is seen adjusting their position and positioning themselves in front of the ladder.","What event order"
"6baa36c1-e4d0-4dbd-97b2-dff48ecf796e","What is the setting of the video clip?","Outside a house.","The setting of the video clip is a workshop or garage, with various tools and equipment visible in the background.","Scene Summary"
"6baa36c1-e4d0-4dbd-97b2-dff48ecf796e","What task is being performed in the video clip?","Smoothing and scraping a surface.","The task being performed in the video clip is a person working on or around a piece of furniture, possibly a chair or a table, with a focus on adjusting or fixing something.","Scene Summary"
"6baa36c1-e4d0-4dbd-97b2-dff48ecf796e","What tools are being used in the video clip?","A planer and a scraper.","The tools being used in the video clip include a screwdriver and a small tool, possibly a hammer or a similar implement.","Scene Summary"
"6baa36c1-e4d0-4dbd-97b2-dff48ecf796e","What is the condition of the surface being worked on?","It is a rough surface.","The surface being worked on appears to be a worn, possibly old or weathered wooden floor.","Scene Summary"
"6baa36c1-e4d0-4dbd-97b2-dff48ecf796e","What is the first action taken on the surface in the clip?","Smoothing it with a planer.","The first action taken on the surface is a person's hand reaching towards it, possibly to adjust or inspect something.","Action Caption"
"6baa36c1-e4d0-4dbd-97b2-dff48ecf796e","What is the progression of work on the surface in the clip?","From smoothing to scraping.","The progression of work on the surface includes scraping off old material, smoothing out the surface with a tool, and possibly applying a new layer or coating.","Action Caption"
"6baa36c1-e4d0-4dbd-97b2-dff48ecf796e","How is the condition of the surface changing in the clip?","Becoming smoother and cleaner.","The surface is becoming more worn and dirty, with visible dirt and debris.","Action Caption"
"6baa36c1-e4d0-4dbd-97b2-dff48ecf796e","Does the person use a planer on the surface?","Yes.","Yes, the person uses a planer on the surface to smooth out any rough edges or unevenness.","Whether Something Happened(Y/N)"
"6baa36c1-e4d0-4dbd-97b2-dff48ecf796e","Is there an action of scraping visible in the new frames?","Yes.","Yes, there is an action of scraping visible in the new frames.","Whether Something Happened(Y/N)"
"6baa36c1-e4d0-4dbd-97b2-dff48ecf796e","Does the clip show the complete smoothing of the surface?","No.","No, the clip shows only a portion of the surface being smoothed.","Whether Something Happened(Y/N)"
"6baa36c1-e4d0-4dbd-97b2-dff48ecf796e","In the video, is the surface scrapped before it is smoothened with a planer?","No","Yes","Order Judging(Y/N)"
"6baa36c1-e4d0-4dbd-97b2-dff48ecf796e","In the sequence, is the planer used before the scraper?","Yes","Yes, the planer is used before the scraper.","Order Judging(Y/N)"
"6baa36c1-e4d0-4dbd-97b2-dff48ecf796e","What occurs right before the planer is used on the surface?","Nothing, it's the first action","A person wearing a blue sleeveless top and dark pants is seen standing on the left side of the frame, with their feet positioned near the camera.","What event order"
"6baa36c1-e4d0-4dbd-97b2-dff48ecf796e","Did I remove something from the wall before scraping the wall?","Yes","Yes, the person in the video removed a small object from the wall before scraping it.","Order Judging(Y/N)"
"6baa36c1-e4d0-4dbd-97b2-dff48ecf796e","Is the surface smoothened with a planer before scraping with a scraper?","Yes","Yes, the surface is smoothened with a planer before scraping with a scraper.","Order Judging(Y/N)"
"6baa36c1-e4d0-4dbd-97b2-dff48ecf796e","Do I smoothen the surface with a planer before removing something from the wall?","No","Yes, the person in the video uses a planer to smooth out the surface of the wall before removing something from it.","Order Judging(Y/N)"
"6baa36c1-e4d0-4dbd-97b2-dff48ecf796e","Is the wall scraped with a scraper before using a planer in one sequence?","No","Yes, the wall is scraped with a scraper before using a planer in one sequence.","Order Judging(Y/N)"
"6baa36c1-e4d0-4dbd-97b2-dff48ecf796e","What setting is shown in the video clip?","An outdoor scene with window frame paint removal.","The setting shown in the video clip is a workshop or garage, with various tools and equipment visible.","Scene Summary"
"6baa36c1-e4d0-4dbd-97b2-dff48ecf796e","Describe the environment shown in the clip.","An outside area, likely a building's exterior.","The environment is a dimly lit room with natural light filtering in, creating a cozy atmosphere. The person is working on a wall that has been partially painted and now needs to be refinished. The walls are adorned with various decorations, including a small framed picture and some plants.","Scene Summary"
"6baa36c1-e4d0-4dbd-97b2-dff48ecf796e","What tool is being used in the current action?","A paint scraper is being used in the action.","A hammer is being used in the current action.","Action Caption"
"6baa36c1-e4d0-4dbd-97b2-dff48ecf796e","How is the paint being removed in this scene?","The paint is being manually scraped off.","The paint is being removed by scraping it off with a scraper.","Action Caption"
"6baa36c1-e4d0-4dbd-97b2-dff48ecf796e","Does the video show a paint removal process?","Yes.","Yes, the video shows a paint removal process where the person is using a brush to remove the old paint from the wall.","Whether Something Happened(Y/N)"
"6baa36c1-e4d0-4dbd-97b2-dff48ecf796e","Is the person successfully removing paint from a window frame?","Yes.","Yes","Whether Something Happened(Y/N)"
"6baa36c1-e4d0-4dbd-97b2-dff48ecf796e","Does the scene take place indoors?","No.","No, the scene takes place outdoors.","Whether Something Happened(Y/N)"
"6baa36c1-e4d0-4dbd-97b2-dff48ecf796e","Is the surface smoothed with a planer before scraping with a scraper?","Yes","Yes, the surface is smoothed with a planer before scraping with a scraper.","Order Judging(Y/N)"
"6baa36c1-e4d0-4dbd-97b2-dff48ecf796e","Does the removal of paint on the window frame happen after smoothing a surface?","Yes","Yes, the removal of paint on the window frame happens after smoothing a surface.","Order Judging(Y/N)"
"6baa36c1-e4d0-4dbd-97b2-dff48ecf796e","Is the paint scraper used before the planer on any surface?","No","Yes, the paint scraper is used on a flat surface before the planer.","Order Judging(Y/N)"
"6baa36c1-e4d0-4dbd-97b2-dff48ecf796e","Is the surface smoothed after removing paint from the window frame?","No","Yes, the surface is smooth after removing paint from the window frame.","Order Judging(Y/N)"
"6baa36c1-e4d0-4dbd-97b2-dff48ecf796e","What happens just before using the scraper on the surface?","Smoothing the surface with a planer","Just before using the scraper, the person adjusts their position and looks around to ensure everything is in order.","What event order"
"6baa36c1-e4d0-4dbd-97b2-dff48ecf796e","What is done just prior to smoothing a surface?","Nothing, it's the first action.","Just prior to smoothing a surface, the person is seen adjusting their position and positioning themselves in front of the window.","What event order"
"6baa36c1-e4d0-4dbd-97b2-dff48ecf796e","What action takes place before using the paint scraper?","Smoothing and scraping a surface","Before using the paint scraper, a person is seen holding a paint scraper and preparing to apply it.","What event order"
"6baa36c1-e4d0-4dbd-97b2-dff48ecf796e","What is the first action performed outside the house?","Smoothing a surface with a planer","The first action performed outside the house is a person using a hammer to adjust or fix something on the wall.","What event order"
"6baa36c1-e4d0-4dbd-97b2-dff48ecf796e","Did I scrape the wall before smoothing the surface with a planer?","Yes.","Yes, the person in the video has scraped the wall before smoothing it with a planer.","Order Judging(Y/N)"
"6baa36c1-e4d0-4dbd-97b2-dff48ecf796e","Did I smooth the surface with a planer before removing paint from the window frame?","Yes.","Yes, the person smooths the surface with a planer before removing paint from the window frame.","Order Judging(Y/N)"
"6baa36c1-e4d0-4dbd-97b2-dff48ecf796e","What do I do before removing paint from the window frame?","Scrape the wall and smooth a surface.","Before removing paint from the window frame, I first remove the old paint using a brush.","What event order"
"6baa36c1-e4d0-4dbd-97b2-dff48ecf796e","What is the setting of the video clip?","The setting is outside near a window.","The setting of the video clip is a workshop or garage with various tools and equipment scattered around, including a ladder leaning against a wall.","Scene Summary"
"6baa36c1-e4d0-4dbd-97b2-dff48ecf796e","What tool is being used on the window?","A scraper is being used.","A hand is using a tool, possibly a hammer or a similar implement, to apply paint or adhesive on the window.","Action Caption"
"6baa36c1-e4d0-4dbd-97b2-dff48ecf796e","Does the video show paint being scraped off?","Yes.","Yes, the video shows paint being scraped off from the wall and the person's hands are visible as they work.","Whether Something Happened(Y/N)"
"6baa36c1-e4d0-4dbd-97b2-dff48ecf796e","Is the window frame being refinished?","Yes.","Yes","Whether Something Happened(Y/N)"
"6baa36c1-e4d0-4dbd-97b2-dff48ecf796e","Is a tool being used for paint removal?","Yes.","Yes, a paint roller is being used to remove the old paint from the wall.","Whether Something Happened(Y/N)"
"6baa36c1-e4d0-4dbd-97b2-dff48ecf796e","Is the person working on interior maintenance?","No.","Yes","Whether Something Happened(Y/N)"
"6baa36c1-e4d0-4dbd-97b2-dff48ecf796e","Is the window frame being replaced?","No.","Yes","Whether Something Happened(Y/N)"
"6baa36c1-e4d0-4dbd-97b2-dff48ecf796e","Is the window opened before the paint is scraped?","Yes","Yes.","Order Judging(Y/N)"
"6baa36c1-e4d0-4dbd-97b2-dff48ecf796e","Does the hand touch the window frame before using the scraper?","Yes","Yes, the hand is seen touching the window frame before using the scraper.","Order Judging(Y/N)"
"6baa36c1-e4d0-4dbd-97b2-dff48ecf796e","Is the paint on the window frame removed before the hand is visible?","No","Yes, the paint on the window frame is removed before the hand is visible.","Order Judging(Y/N)"
"6baa36c1-e4d0-4dbd-97b2-dff48ecf796e","Does the window frame appear before the scraper is in motion?","Yes","Yes, the window frame appears before the scraper is in motion.","Order Judging(Y/N)"
"6baa36c1-e4d0-4dbd-97b2-dff48ecf796e","Is the paint removed from the window frame before using the planer?","No","Yes","Order Judging(Y/N)"
"6baa36c1-e4d0-4dbd-97b2-dff48ecf796e","Does the surface smoothing with a planer occur before the scraping?","Yes","Yes, the surface smoothing with a planer occurs before the scraping.","Order Judging(Y/N)"
"6baa36c1-e4d0-4dbd-97b2-dff48ecf796e","Is the scraping of the surface completed before removing paint on the window frame?","No","Yes, the scraping of the surface is completed before removing paint on the window frame.","Order Judging(Y/N)"
"6baa36c1-e4d0-4dbd-97b2-dff48ecf796e","What occurs just before scraping the surface?","Smoothening with a planer","Just before scraping the surface, a person wearing dark clothing is seen standing on a ladder, reaching up to adjust or fix something above.","What event order"
"6baa36c1-e4d0-4dbd-97b2-dff48ecf796e","What is the main activity taking place outside the house?","Smoothing and scraping surfaces.","The main activity is the person working on a ladder outside, possibly fixing or repairing something.","Scene Summary"
"6baa36c1-e4d0-4dbd-97b2-dff48ecf796e","Where is the scene set?","Outside a house.","The scene is set in a room with a cluttered floor and various items scattered around, including a ladder leaning against the wall.","Scene Summary"
"6baa36c1-e4d0-4dbd-97b2-dff48ecf796e","What tools are being used in this scene?","A planer and a scraper.","A person is using a hammer and a screwdriver to work on the wall.","Scene Summary"
"6baa36c1-e4d0-4dbd-97b2-dff48ecf796e","How can you describe the area in which the activity occurs?","It's a woodworking area outside the house.","The area is outdoors, with a clear sky and some greenery visible in the background. The ground appears to be covered with leaves or debris.","Scene Summary"
"6baa36c1-e4d0-4dbd-97b2-dff48ecf796e","What actions are being performed in this video clip?","Smoothing with a planer and scraping with a scraper.","The actions performed in this video clip include a person working on a ladder, using tools to adjust or fix something on the wall.","Action Caption"
"6baa36c1-e4d0-4dbd-97b2-dff48ecf796e","What is the focus of the activity in these frames?","Wood surface maintenance.","The focus of the activity in these frames is on a person's hands and the task at hand, which appears to be related to construction or repair work.","Action Caption"
"6baa36c1-e4d0-4dbd-97b2-dff48ecf796e","What is the sequence of actions performed outside?","First smoothening, then scraping surfaces.","The sequence of actions performed outside includes the person reaching inside a room, opening a door, and then climbing up a ladder to reach the window.","Action Caption"
"6baa36c1-e4d0-4dbd-97b2-dff48ecf796e","How does the person handle the tools in the video?","With precision and care for the task.","The person handles the tools with precision and care, using them to carefully adjust or fix the window frame.","Action Caption"
"6baa36c1-e4d0-4dbd-97b2-dff48ecf796e","What are the visible results of the actions in this clip?","Smooth surfaces and wood shavings scattered.","The visible results include the person's hands working on a ladder, which is being used to reach higher areas of the structure. The video also shows the person using a tool or device that appears to be part of their work process.","Action Caption"
"6baa36c1-e4d0-4dbd-97b2-dff48ecf796e","Does the video show the use of a woodworking planer?","Yes","Yes, the video shows the use of a woodworking planer as the person uses it to smooth out the wood.","Whether Something Happened(Y/N)"
"6baa36c1-e4d0-4dbd-97b2-dff48ecf796e","Is the person scraping a wooden surface?","Yes","Yes","Whether Something Happened(Y/N)"
"6baa36c1-e4d0-4dbd-97b2-dff48ecf796e","Are the actions performed indoor?","No","Yes, the actions are performed indoors.","Whether Something Happened(Y/N)"
"6baa36c1-e4d0-4dbd-97b2-dff48ecf796e","Does the activity involve painting or staining?","No","Yes, the activity involves painting or staining.","Whether Something Happened(Y/N)"
"6baa36c1-e4d0-4dbd-97b2-dff48ecf796e","Is the person wearing any safety gear?","No","No, the person is not wearing any visible safety gear.","Whether Something Happened(Y/N)"
"6baa36c1-e4d0-4dbd-97b2-dff48ecf796e","Was the window frame scraped before it was planed?","No","Yes, the window frame was scraped before it was planed.","Order Judging(Y/N)"
"6baa36c1-e4d0-4dbd-97b2-dff48ecf796e","Did the scraping of a surface happen after smoothening it?","Yes","Yes, the scraping of a surface happened after smoothening it.","Order Judging(Y/N)"
"6baa36c1-e4d0-4dbd-97b2-dff48ecf796e","What happens just before the scraper is used on the window frame?","The surface is smoothened with a planer","Just before the scraper is used on the window frame, a person wearing dark clothing appears and starts to work on the window.","What event order"
"6baa36c1-e4d0-4dbd-97b2-dff48ecf796e","What is the action taken just prior to the planer being used in the video?","There is no action shown before the planer is used","The action involves the person using a planer to smooth out the wood, as indicated by their hand movements and the visible motion blur.","What event order"
"6baa36c1-e4d0-4dbd-97b2-dff48ecf796e","Was the surface planed before the scraping of paint on the window frame?","Yes","Yes, the surface planed was before the scraping of paint on the window frame.","Order Judging(Y/N)"
"6baa36c1-e4d0-4dbd-97b2-dff48ecf796e","Was the window frame scraped before planing the surface?","No","Yes, the window frame was scraped before planning the surface.","Order Judging(Y/N)"
"6baa36c1-e4d0-4dbd-97b2-dff48ecf796e","Was the window frame scraped first before using any tools?","No","Yes, the window frame was first scraped before using any tools.","Order Judging(Y/N)"
"6baa36c1-e4d0-4dbd-97b2-dff48ecf796e","What's the brief of the depicted scenario?","A person scrapes a surface outside a house.","The brief of the depicted scenario is a person performing a DIY repair on a window, using a hammer to remove debris and adjust the window frame.","Scene Summary"
"6baa36c1-e4d0-4dbd-97b2-dff48ecf796e","What can be inferred about the location in the video clip?","It's a residential outdoor area by a window.","The location appears to be a residential area, as indicated by the presence of a person wearing a blue sleeve and a wristwatch.","Scene Summary"
"6baa36c1-e4d0-4dbd-97b2-dff48ecf796e","How would you describe the environment surrounding the action?","It appears to be tranquil and domestic.","The environment surrounding the action is a residential setting with natural light, and there's a glimpse of greenery in the background.","Scene Summary"
"6baa36c1-e4d0-4dbd-97b2-dff48ecf796e","Is the person in the video using a tool for scraping?","Yes.","Yes","Whether Something Happened(Y/N)"
"6baa36c1-e4d0-4dbd-97b2-dff48ecf796e","Is the scraping happening indoors?","No.","Yes.","Whether Something Happened(Y/N)"
"6baa36c1-e4d0-4dbd-97b2-dff48ecf796e","Does the footage show the completion of the scraping task?","No.","Yes, the footage shows the completion of the scraping task as the person is seen holding a tool and moving it back and forth on the surface to smooth out any remaining debris.","Whether Something Happened(Y/N)"
"6baa36c1-e4d0-4dbd-97b2-dff48ecf796e","Is the person wearing gloves while scraping?","No.","No, the person is not wearing gloves while scraping.","Whether Something Happened(Y/N)"
"6baa36c1-e4d0-4dbd-97b2-dff48ecf796e","Did I smoothen the surface with a planer before scraping it with a scraper?","Yes","Yes, the person used a planer to smooth out the surface before scraping it with a scraper.","Order Judging(Y/N)"
"6baa36c1-e4d0-4dbd-97b2-dff48ecf796e","What occurs just before I scrape the surface with the scraper?","Smoothening with a planer","Just before I scrape the surface with the scraper, a hand appears and points towards the camera.","What event order"
"6baa36c1-e4d0-4dbd-97b2-dff48ecf796e","Is the scraping of the window frame after smoothing the surface?","Yes","Yes, the scraping of the window frame after smoothing the surface is visible in the video.","Order Judging(Y/N)"
"6baa36c1-e4d0-4dbd-97b2-dff48ecf796e","What happens just before the window frame is scraped?","The surface is smoothened with a planer","Just before the window frame is scraped, a hand points towards the camera, indicating that the person is about to start scraping.","What event order"
"6baa36c1-e4d0-4dbd-97b2-dff48ecf796e","What occurs right before the surface is smoothened?","The paint is removed with a scraper","A person wearing a blue sleeve is seen adjusting the camera angle, possibly to get a better view of the surface being smoothed.","What event order"
"6baa36c1-e4d0-4dbd-97b2-dff48ecf796e","Can you describe the setting in the video?","The setting is outdoor by the side of a house.","The setting appears to be an outdoor area with natural light, possibly a backyard or garden. The person is working on a wooden structure that has been partially painted and needs repair.","Scene Summary"
"6baa36c1-e4d0-4dbd-97b2-dff48ecf796e","Does the person succeed in scraping off the material?","Yes.","Yes, the person successfully scrapes off the material from the surface of the wall.","Whether Something Happened(Y/N)"
"6baa36c1-e4d0-4dbd-97b2-dff48ecf796e","Is the scraping being done on an interior wall?","No.","Yes, the scraping is being done on an interior wall.","Whether Something Happened(Y/N)"
"6baa36c1-e4d0-4dbd-97b2-dff48ecf796e","Is the person using any tool other than a scraper?","No.","No, the person is using a scraper to scrape the surface of the wall.","Whether Something Happened(Y/N)"
"6baa36c1-e4d0-4dbd-97b2-dff48ecf796e","Does the scrapping of the surface start before walking outside the house?","No","Yes, the scrapping of the surface starts before walking outside the house.","Order Judging(Y/N)"
"6baa36c1-e4d0-4dbd-97b2-dff48ecf796e","In the video, is the scraper used on the lower part of the wall before the upper part?","No","Yes, the scraper is used on the lower part of the wall before the upper part.","Order Judging(Y/N)"
"6baa36c1-e4d0-4dbd-97b2-dff48ecf796e","Is the paint removal near the window sill done after removing paint near the flower pot?","Yes","Yes, the person is seen removing paint near the window sill after successfully removing the paint from the flower pot.","Order Judging(Y/N)"
"6baa36c1-e4d0-4dbd-97b2-dff48ecf796e","What action occurs just before the paint near the flower pot is scraped off?","Scraping near the window sill","Just before the paint near the flower pot is scraped off, the person uses a tool to carefully remove the remaining paint from the flower pot.","What event order"
"6baa36c1-e4d0-4dbd-97b2-dff48ecf796e","Is the planer used before the scraper?","Yes","Yes, the planer is used before the scraper.","Order Judging(Y/N)"
"6baa36c1-e4d0-4dbd-97b2-dff48ecf796e","Is the scraping done before smoothing the surface?","No","Yes, the person is seen scraping the surface with a tool before smoothing it out.","Order Judging(Y/N)"
"6baa36c1-e4d0-4dbd-97b2-dff48ecf796e","Does the planing occur after the scraping?","No","Yes, the planing continues after the scraping.","Order Judging(Y/N)"
"6baa36c1-e4d0-4dbd-97b2-dff48ecf796e","What happens before the scraping begins?","Smoothing with a planer","Before the scraping begins, the person is seen standing in front of a garage door with a partially scraped surface.","What event order"
"6baa36c1-e4d0-4dbd-97b2-dff48ecf796e","What task is being carried out outside the house?","Smoothening a surface with a planer and scraping.","The task being carried out outside the house is painting or repairing a wall.","Scene Summary"
"6baa36c1-e4d0-4dbd-97b2-dff48ecf796e","What tools are used in the latest frames for the outdoor task?","A planer and a scraper.","A hammer and a level are used in the latest frames for the outdoor task.","Scene Summary"
"6baa36c1-e4d0-4dbd-97b2-dff48ecf796e","Describe the surroundings where the task takes place.","Outside a house, likely a work area with debris.","The task takes place in an outdoor setting with a cloudy sky, some greenery visible through the window, and a glimpse of a vehicle outside.","Scene Summary"
"6baa36c1-e4d0-4dbd-97b2-dff48ecf796e","What process is demonstrated in the recent video footage?","Woodworking involving smoothing and scraping actions.","The video demonstrates a step-by-step process of painting or applying paint to a surface, starting with the person using a roller to apply paint in a circular motion.","Scene Summary"
"6baa36c1-e4d0-4dbd-97b2-dff48ecf796e","What is the likely purpose of the actions shown in the clip?","Preparing a wooden surface, possibly for painting or finishing.","The likely purpose of the actions shown in the clip is to demonstrate a step-by-step process for painting or repairing a surface, as indicated by the person's careful and methodical approach.","Scene Summary"
"6baa36c1-e4d0-4dbd-97b2-dff48ecf796e","Describe the sequential actions taken by the individual.","First, using a planer for smoothing, then a scraper.","The individual is seen performing a series of actions, including using a tool to scrape or remove the paint from a surface, applying pressure with their hand, and then wiping it away. The sequence includes scraping off the paint, pressing down on the surface to remove it, and finally wiping it clean.","Action Caption"
"6baa36c1-e4d0-4dbd-97b2-dff48ecf796e","Has the person completed the smoothening task?","Yes.","Yes, the person has completed the smoothening task by removing all the paint from the surface.","Whether Something Happened(Y/N)"
"6baa36c1-e4d0-4dbd-97b2-dff48ecf796e","Does the individual use more than one tool?","Yes.","Yes, the individual uses two tools: a paintbrush and a sponge.","Whether Something Happened(Y/N)"
"6baa36c1-e4d0-4dbd-97b2-dff48ecf796e","Is the work performed indoors in the latest frames?","No, it's outside.","Yes, the work is performed indoors in the latest frames.","Whether Something Happened(Y/N)"
"6baa36c1-e4d0-4dbd-97b2-dff48ecf796e","Have any painting actions been depicted in the summary?","No, only smoothening and scraping are shown.","Yes, the video shows a person using a paintbrush to apply paint to a surface in front of a wall.","Whether Something Happened(Y/N)"
"6baa36c1-e4d0-4dbd-97b2-dff48ecf796e","In the video, is scraping done before smoothing with a planer?","No","Yes, the video shows the person scraping the surface of the wall before smoothing it with a planer.","Order Judging(Y/N)"
"6baa36c1-e4d0-4dbd-97b2-dff48ecf796e","Is the surface scraped after the house exterior is shown?","Yes","Yes, the surface is scraped after the house exterior is shown.","Order Judging(Y/N)"
"6baa36c1-e4d0-4dbd-97b2-dff48ecf796e","What is seen happening before any tool is used on the surface?","Outside of the house shown","Before any tool is used on the surface, a person's hands are seen holding a tool and working on a wooden surface.","What event order"
"6baa36c1-e4d0-4dbd-97b2-dff48ecf796e","In the sequence, is the scraper used before the planer?","No","Yes, the scraper is used before the planer.","Order Judging(Y/N)"
"6baa36c1-e4d0-4dbd-97b2-dff48ecf796e","Does the scraping happen outdoors?","Yes","Yes, the scraping happens outdoors as indicated by the natural light and the presence of a person wearing a blue sleeve in the background.","Order Judging(Y/N)"
"6baa36c1-e4d0-4dbd-97b2-dff48ecf796e","Is the surface scraped after it is smoothened?","Yes","Yes, the surface is scraped after it is smoothened.","Order Judging(Y/N)"
"6baa36c1-e4d0-4dbd-97b2-dff48ecf796e","Is the scraping performed before standing up?","No","Yes, the person is seen standing up after finishing the scraping.","Order Judging(Y/N)"
"6baa36c1-e4d0-4dbd-97b2-dff48ecf796e","What is done before using the scraper in the video?","Smoothening the surface with a planer","Before using the scraper, the person is seen adjusting their position and positioning themselves in front of the wall to ensure a stable surface for scraping.","What event order"
"6baa36c1-e4d0-4dbd-97b2-dff48ecf796e","What happens just before the second scraping action?","The first scraping action","Just before the second scraping action, the person is seen holding a red-handled scraper and appears to be in the process of scraping or smoothing out something on the wall.","What event order"
"6baa36c1-e4d0-4dbd-97b2-dff48ecf796e","What occurs just before the surface is smoothened?","Going outside the house","A person wearing a blue sleeveless top and a wristwatch is seen adjusting the camera angle to capture this moment.","What event order"
"6baa36c1-e4d0-4dbd-97b2-dff48ecf796e","What is the setting of the video clip?","The setting is outdoors, with a person removing unwanted cover.","The setting of the video clip is a room with a person wearing a blue sleeve, standing in front of a window.","Scene Summary"
"6baa36c1-e4d0-4dbd-97b2-dff48ecf796e","What is the main focus of the video clip?","The main focus is on a person removing a cover from a surface.","The main focus of the video clip is a person performing a DIY repair or renovation task, specifically focusing on fixing a damaged area on a wall.","Scene Summary"
"6baa36c1-e4d0-4dbd-97b2-dff48ecf796e","What is the person doing with their hand?","They are rubbing waste off with their hand.","The person is holding a camera or video recording device, possibly to capture the process of painting.","Action Caption"
"6baa36c1-e4d0-4dbd-97b2-dff48ecf796e","What action follows rubbing the waste?","The person climbs a ladder.","The action follows rubbing the waste with a sponge.","Action Caption"
"6baa36c1-e4d0-4dbd-97b2-dff48ecf796e","What tool is the person using in the action?","The person is using a scraper or a similar tool.","The person is using a paint roller to apply the next coat of paint.","Action Caption"
"6baa36c1-e4d0-4dbd-97b2-dff48ecf796e","Did the person climb a ladder in the video?","Yes.","No, the person did not climb a ladder in the video.","Whether Something Happened(Y/N)"
"6baa36c1-e4d0-4dbd-97b2-dff48ecf796e","Does the video show the person successfully removing the cover?","Yes.","Yes, the video shows the person successfully removing the cover from the window.","Whether Something Happened(Y/N)"
"6baa36c1-e4d0-4dbd-97b2-dff48ecf796e","Was the task performed indoors?","No.","Yes, the task was performed indoors.","Whether Something Happened(Y/N)"
"6baa36c1-e4d0-4dbd-97b2-dff48ecf796e","Did I smoothen the surface with a planer before scraping it with a scraper?","Yes.","Yes, the person in the video is seen using a planer to smooth out the surface of the wall before scraping it with a scraper.","Order Judging(Y/N)"
"6baa36c1-e4d0-4dbd-97b2-dff48ecf796e","Did I climb the ladder before rubbing waste with my hand?","No.","No, the ladder was not used to climb before rubbing waste with a hand.","Order Judging(Y/N)"
"6baa36c1-e4d0-4dbd-97b2-dff48ecf796e","Did the removal of unwanted cover happen before climbing the ladder?","No.","Yes, the removal of unwanted cover happened before climbing the ladder.","Order Judging(Y/N)"
"6baa36c1-e4d0-4dbd-97b2-dff48ecf796e","Did I scrape the surface before smoothening it with a planer?","No.","Yes, the person in the video is seen using a planer to smooth out the surface of the wall before applying it with a brush.","Order Judging(Y/N)"
"6baa36c1-e4d0-4dbd-97b2-dff48ecf796e","Did the drawing a planer happen after climbing the ladder?","No.","No, the drawing a planer did not happen after climbing the ladder.","Order Judging(Y/N)"
"6baa36c1-e4d0-4dbd-97b2-dff48ecf796e","What takes place immediately before drawing a planer across the surface?","Being outside the house.","A person wearing a blue sleeve is seen in the foreground, holding a planer and preparing to apply it.","What event order"
"6baa36c1-e4d0-4dbd-97b2-dff48ecf796e","What do I do before rubbing waste with my hand?","Being outside.","I adjust the position of my hand to ensure a firm grip on the waste.","What event order"
"6baa36c1-e4d0-4dbd-97b2-dff48ecf796e","Did I scrape the surface before using a planer?","No","Yes, the person in the video is seen using a planer to scrape off the old paint from the surface of the wall.","Order Judging(Y/N)"
"6baa36c1-e4d0-4dbd-97b2-dff48ecf796e","Did the planer use happen after the ladder climbing?","No","Yes, the planer climbed up to reach the top of the ladder and began working on the wall.","Order Judging(Y/N)"
"6baa36c1-e4d0-4dbd-97b2-dff48ecf796e","Was the surface scraped after using the planer?","Yes","Yes, the surface was scraped after using the planer.","Order Judging(Y/N)"
"6baa36c1-e4d0-4dbd-97b2-dff48ecf796e","Was the waste rubbed off before I climbed the ladder?","Yes","Yes, the waste was rubbed off before I climbed the ladder.","Order Judging(Y/N)"
"6baa36c1-e4d0-4dbd-97b2-dff48ecf796e","What happens just before I scrape the surface?","Smoothening with a planer","Just before I scrape the surface, a person wearing a blue sleeve appears and starts to remove their watch.","What event order"
"6baa36c1-e4d0-4dbd-97b2-dff48ecf796e","What event occurs before using the planer?","Climbing the ladder","Before using the planer, a person is seen adjusting their position and preparing to start the work.","What event order"
"6baa36c1-e4d0-4dbd-97b2-dff48ecf796e","What is the focus of the video's depicted scenario?","Removing unwanted cover from wood surface.","The video's depicted scenario focuses on a person performing a DIY repair task, specifically focusing on fixing a damaged section of a wall.","Scene Summary"
"6baa36c1-e4d0-4dbd-97b2-dff48ecf796e","Describe the setting shown in the video clip.","Outside, near a window with a wood surface.","The video shows a person working on a wall, using a tool to smooth out the surface. The setting includes an outdoor environment with trees and a cloudy sky in the background.","Scene Summary"
"6baa36c1-e4d0-4dbd-97b2-dff48ecf796e","What can be observed about the environment in the clip?","It's outdoors, possibly at a residential location.","The environment in the clip includes a cloudy sky, some greenery visible through the window, and a glimpse of another room or structure outside.","Scene Summary"
"6baa36c1-e4d0-4dbd-97b2-dff48ecf796e","Narrate the activity captured in this clip.","Holding a scraper, staring at, and scraping a wood surface.","The video showcases a person diligently working on a wall, focusing on the area where the paint is peeling off. The individual uses a tool to carefully remove the old layer of paint, ensuring that the surface remains clean and free from any residue. Throughout the process, they are seen wearing a wristwatch, indicating their attention to detail and precision in maintaining the wall's appearance.","Action Caption"
"6baa36c1-e4d0-4dbd-97b2-dff48ecf796e","Can you provide a caption for the action taking place?","Scraping Away: Unveiling the Wood Beneath.","Yes, the caption for the action taking place is 'A person works diligently on a wall in a garage.'","Action Caption"
"6baa36c1-e4d0-4dbd-97b2-dff48ecf796e","Did the individual successfully remove some of the unwanted cover?","Yes.","Yes, the individual successfully removed some of the unwanted cover by using a tool to scrape off the material.","Whether Something Happened(Y/N)"
"6baa36c1-e4d0-4dbd-97b2-dff48ecf796e","Is the person using a tool to work on the surface?","Yes.","Yes","Whether Something Happened(Y/N)"
"6baa36c1-e4d0-4dbd-97b2-dff48ecf796e","Has the person been carefully examining the wood surface?","Yes.","Yes, the person has been carefully examining the wood surface to ensure it is clean and free of any debris or damage.","Whether Something Happened(Y/N)"
"6baa36c1-e4d0-4dbd-97b2-dff48ecf796e","Is the work being performed close to a window?","Yes.","Yes, the work is being performed close to a window.","Whether Something Happened(Y/N)"
"6baa36c1-e4d0-4dbd-97b2-dff48ecf796e","Did I rub waste with my hand before climbing the ladder?","Yes.","Yes, the person in the video is seen rubbing waste with their hand before climbing the ladder.","Order Judging(Y/N)"
"6baa36c1-e4d0-4dbd-97b2-dff48ecf796e","Is the unwanted cover removed after I stare at the wood surface?","No.","Yes","Order Judging(Y/N)"
"6baa36c1-e4d0-4dbd-97b2-dff48ecf796e","Do I hold the scraper before removing the unwanted cover?","No.","Yes, the person holds the scraper before removing the unwanted cover.","Order Judging(Y/N)"
"6baa36c1-e4d0-4dbd-97b2-dff48ecf796e","Am I outside when I stare at the wood surface?","Yes.","Yes, you are outside when you stare at the wood surface.","Order Judging(Y/N)"
"6baa36c1-e4d0-4dbd-97b2-dff48ecf796e","What happens just before I hold the scraper?","Staring at the wood surface.","Just before I hold the scraper, the person is seen adjusting their position and positioning themselves in front of the camera.","What event order"
"6baa36c1-e4d0-4dbd-97b2-dff48ecf796e","Did I smooth the surface with a planer before scraping it with a scraper?","Yes","Yes, the person in the video uses a planer to smooth out the surface before scraping it with a scraper.","Order Judging(Y/N)"
"6baa36c1-e4d0-4dbd-97b2-dff48ecf796e","Did I rub waste with my hand before climbing the ladder?","Yes","Yes, the person in the video is seen rubbing waste with their hand before climbing the ladder.","Order Judging(Y/N)"
"6baa36c1-e4d0-4dbd-97b2-dff48ecf796e","Did I climb the ladder before removing the unwanted cover from the surface?","Yes","Yes, the person climbed the ladder before removing the unwanted cover from the surface.","Order Judging(Y/N)"
"6baa36c1-e4d0-4dbd-97b2-dff48ecf796e","What is the setting depicted in the video clip?","It is an outdoor setting surrounding a window frame.","The setting depicted in the video clip is a room with a person working on a wall or surface, possibly painting or repairing it.","Scene Summary"
"6baa36c1-e4d0-4dbd-97b2-dff48ecf796e","What is the state of the window frame in the scene?","The window frame is in the process of being scraped.","The window frame appears to be in a state of disrepair, with visible damage and wear.","Scene Summary"
"6baa36c1-e4d0-4dbd-97b2-dff48ecf796e","Describe the immediate environment around the window frame.","There's discarded material on the ground near the window frame.","The immediate environment around the window frame includes a view of the sky, indicating daytime. The area is cluttered with various items scattered on the ground and near the window frame, suggesting an active or ongoing repair process.","Scene Summary"
"6baa36c1-e4d0-4dbd-97b2-dff48ecf796e","What can be inferred about the surface condition in the scene?","The surface likely needed maintenance, as it's being scraped.","The surface appears to be rough and uneven, with visible cracks and wear.","Scene Summary"
"6baa36c1-e4d0-4dbd-97b2-dff48ecf796e","Are there any signs of ongoing construction or repair in the video?","Yes, the scraping indicates repair or renovation work.","Yes, there are signs of ongoing construction or repair in the video. The person is seen working on a wall with visible patches and areas that need repair, indicating some form of maintenance or renovation activity.","Scene Summary"
"6baa36c1-e4d0-4dbd-97b2-dff48ecf796e","What action is the person performing in the new frames?","The person is scraping the surface of a window frame.","The person is performing a series of actions, including adjusting the angle and position of the camera to capture different angles of the work being done.","Action Caption"
"6baa36c1-e4d0-4dbd-97b2-dff48ecf796e","How is the person preparing the window frame?","By removing unwanted cover and rubbing the surface.","The person is preparing the window frame by using a tool to smooth out the surface, ensuring it is clean and ready for installation.","Action Caption"
"6baa36c1-e4d0-4dbd-97b2-dff48ecf796e","What maintenance task can be seen happening around a window?","Scraping off old paint or material from the window frame.","The maintenance task involves the person using a tool to clean or repair the window, as indicated by their focused and methodical approach.","Action Caption"
"6baa36c1-e4d0-4dbd-97b2-dff48ecf796e","Has the protective cover been removed from the window surface?","Yes.","Yes, the protective cover has been removed from the window surface.","Whether Something Happened(Y/N)"
"6baa36c1-e4d0-4dbd-97b2-dff48ecf796e","Is there any sign of the person completing the scraping action?","No, the person is still holding the scraper.","Yes, the person is seen finishing up their work by holding the scraper and looking at it in front of them.","Whether Something Happened(Y/N)"
"6baa36c1-e4d0-4dbd-97b2-dff48ecf796e","Does the footage show a fully renovated window frame?","No, the window is still being worked on.","No, the footage does not show a fully renovated window frame; it only shows ongoing work on the window.","Whether Something Happened(Y/N)"
"6baa36c1-e4d0-4dbd-97b2-dff48ecf796e","Did the person in the video fully rub the surface?","No, only part of the surface has been rubbed.","Yes, the person in the video fully rubbed the surface of the object they were working on.","Whether Something Happened(Y/N)"
"6baa36c1-e4d0-4dbd-97b2-dff48ecf796e","Has all the discarded material been cleared from the ground?","No, the material is still on the ground.","Yes, the discarded material has been cleared from the ground.","Whether Something Happened(Y/N)"
"6baa36c1-e4d0-4dbd-97b2-dff48ecf796e","In the video, does staring at the wood surface occur before removing the unwanted cover?","No","Yes, the video shows a close-up of the wood surface before removing the unwanted cover.","Order Judging(Y/N)"
"6baa36c1-e4d0-4dbd-97b2-dff48ecf796e","Is the wood surface rubbed after removing the unwanted cover?","Yes","Yes, the wood surface is visibly rubbed after removing the unwanted cover.","Order Judging(Y/N)"
"6baa36c1-e4d0-4dbd-97b2-dff48ecf796e","In the video, does holding the scraper happen before rubbing the surface?","Yes","Yes, the video shows a person holding the scraper before rubbing the surface.","Order Judging(Y/N)"
"6baa36c1-e4d0-4dbd-97b2-dff48ecf796e","What happens just before rubbing the wood surface in the video?","Removing unwanted cover","Just before rubbing the wood surface, the person adjusts their position and looks around to ensure everything is in order.","What event order"
"6baa36c1-e4d0-4dbd-97b2-dff48ecf796e","What happens just before removing the unwanted cover in the video?","Staring at the wood surface.","Just before removing the unwanted cover, the person removes a white plastic sheet from the ceiling.","What event order"
"6baa36c1-e4d0-4dbd-97b2-dff48ecf796e","Did rubbing the surface happen before staring at the wood surface?","No","Yes, the person rubbed the surface of the wood before staring at it.","Order Judging(Y/N)"
"6baa36c1-e4d0-4dbd-97b2-dff48ecf796e","Was the ladder climbed before removing the unwanted cover?","Yes","Yes, the ladder was climbed before removing the unwanted cover.","Order Judging(Y/N)"
"6baa36c1-e4d0-4dbd-97b2-dff48ecf796e","Was the unwanted cover removed after rubbing waste with hand?","Yes","Yes, the unwanted cover was removed after rubbing waste with a hand.","Order Judging(Y/N)"
"6baa36c1-e4d0-4dbd-97b2-dff48ecf796e","Did staring at the wood surface happen before holding the scraper?","No","Yes, the person was staring at the wood surface before holding the scraper.","Order Judging(Y/N)"
"6baa36c1-e4d0-4dbd-97b2-dff48ecf796e","What is done after staring at the wood surface?","Holding the scraper","The person begins to work on the wood, using a tool to smooth out the surface.","What event order"
"6baa36c1-e4d0-4dbd-97b2-dff48ecf796e","What is the overall setting of the video clip?","Outside, near a building with unwanted cover being removed.","The video clip is set in a room with a view of the person's hands and feet, showing them working on something near a wall. The environment appears to be an indoor space with natural light coming through a window or opening at the top left corner.","Scene Summary"
"6baa36c1-e4d0-4dbd-97b2-dff48ecf796e","What's the main focus of the scene?","A person cleaning an area by a building.","The main focus of the scene is a person performing maintenance or repair work on an outdoor area, specifically focusing on a section of a building with visible signs of wear and tear.","Scene Summary"
"6baa36c1-e4d0-4dbd-97b2-dff48ecf796e","What kind of location is shown in the video?","An outdoor location by a building.","The video shows a location that appears to be an outdoor setting, possibly a garage or workshop.","Scene Summary"
"6baa36c1-e4d0-4dbd-97b2-dff48ecf796e","What task is being performed in the frames?","Scraping off unwanted cover from a surface.","The task being performed in the frames is a person working on a construction or repair project, specifically focusing on a wall with a specific area of interest.","Action Caption"
"6baa36c1-e4d0-4dbd-97b2-dff48ecf796e","Can you detail the activity taking place?","A person removing a covering layer from a window.","The video shows a person engaged in an activity that involves the use of a tool, possibly a screwdriver or similar device. The individual is seen holding and manipulating the tool as they work on something near a wall with a visible screw or bolt. The environment appears to be indoors, likely a room with a ceiling light source, given the lighting conditions.","Action Caption"
"6baa36c1-e4d0-4dbd-97b2-dff48ecf796e","What is the immediate action captured?","A hand using a tool to clean a window.","The immediate action captured is a person performing an activity involving the camera, possibly filming or recording.","Action Caption"
"6baa36c1-e4d0-4dbd-97b2-dff48ecf796e","What is the implication of the depicted movement?","Preparation or cleaning of a building's exterior.","The implied movement suggests a progression of actions, possibly indicating the person's progress in completing a task or sequence.","Action Caption"
"6baa36c1-e4d0-4dbd-97b2-dff48ecf796e","Did the camera wearer completely remove the unwanted cover?","No.","No, the camera wearer did not completely remove the unwanted cover.","Whether Something Happened(Y/N)"
"6baa36c1-e4d0-4dbd-97b2-dff48ecf796e","Did the video contain any interaction with another person?","No, it only shows a person working alone.","No, the video does not contain any interaction with another person.","Whether Something Happened(Y/N)"
"6baa36c1-e4d0-4dbd-97b2-dff48ecf796e","Does the frame convey the completion of the task?","No, the task appears to be in progress.","No, the frame does not convey the completion of the task. The person is still engaged in the process of finishing the work on the wall, as indicated by their continued focus and the presence of a camera or device capturing the ongoing activity.","Whether Something Happened(Y/N)"
"6baa36c1-e4d0-4dbd-97b2-dff48ecf796e","Did the rubbing of the surface happen before walking outside?","No","Yes, the rubbing of the surface happened before walking outside.","Order Judging(Y/N)"
"6baa36c1-e4d0-4dbd-97b2-dff48ecf796e","Is the scraper held after removing unwanted cover from the surface?","Yes","Yes, the scraper is held after removing unwanted cover from the surface.","Order Judging(Y/N)"
"6baa36c1-e4d0-4dbd-97b2-dff48ecf796e","Does the unwanted cover get removed before the surface is rubbed?","Yes","Yes, the unwanted cover is removed before the surface is rubbed.","Order Judging(Y/N)"
"6baa36c1-e4d0-4dbd-97b2-dff48ecf796e","Did walking outside occur before holding the scraper?","Yes","Yes, walking outside occurred before holding the scraper.","Order Judging(Y/N)"
"6baa36c1-e4d0-4dbd-97b2-dff48ecf796e","What happens before the surface is rubbed?","Unwanted cover is removed.","Before the surface is rubbed, the person points at a specific area of the video.","What event order"
"6baa36c1-e4d0-4dbd-97b2-dff48ecf796e","What occurs just before the scraper is held?","The surface is rubbed.","A person wearing a blue sleeveless top and dark pants is seen holding the scraper, preparing to use it.","What event order"
"6baa36c1-e4d0-4dbd-97b2-dff48ecf796e","What takes place just before removing unwanted cover?","Being outside.","Before removing unwanted cover, the person removes a white plastic cover from the window.","What event order"
"6baa36c1-e4d0-4dbd-97b2-dff48ecf796e","What action occurs before the unwanted cover is removed a second time?","Holding the scraper.","Before the unwanted cover is removed a second time, the person points at something in front of them.","What event order"
"6baa36c1-e4d0-4dbd-97b2-dff48ecf796e","Did I stare at the wood surface before removing the unwanted cover?","No","Yes, you stared at the wood surface before removing the unwanted cover.","Order Judging(Y/N)"
"6baa36c1-e4d0-4dbd-97b2-dff48ecf796e","Did I rub the surface after removing the unwanted cover?","Yes","Yes, you should have rubbed the surface after removing the unwanted cover.","Order Judging(Y/N)"
"6baa36c1-e4d0-4dbd-97b2-dff48ecf796e","Did I remove the unwanted cover before walking outside?","Yes","Yes, the person removed the unwanted cover before walking outside.","Order Judging(Y/N)"
"6baa36c1-e4d0-4dbd-97b2-dff48ecf796e","What happened before I held the scraper?","Removed unwanted cover and stared at the surface","Before I held the scraper, a person was seen working on a garage door.","What event order"
"6baa36c1-e4d0-4dbd-97b2-dff48ecf796e","What occurred just before walking outside?","Removed the unwanted cover","Just before walking outside, the person was seen adjusting their watch and then moving towards the camera.","What event order"
"6baa36c1-e4d0-4dbd-97b2-dff48ecf796e","What takes place right before removing the unwanted cover?","Nothing, it's the initial action","A person is seen removing the unwanted cover from a window.","What event order"
"6baa36c1-e4d0-4dbd-97b2-dff48ecf796e","What action occurred immediately before rubbing the surface?","Removed unwanted cover","The person began to rub the surface with their hands.","What event order"
"e58207f1-84ec-424b-a997-ff64a57eb13b","What is the setting of the video clip?","The setting is inside a house.","The setting of the video clip is a modern, well-lit interior space with white walls and ceiling lights.","Scene Summary"
"e58207f1-84ec-424b-a997-ff64a57eb13b","What activity occurs in the scene?","Walking around and checking items.","A person wearing sunglasses and a black hoodie is seen sitting on the couch, holding something in their hands.","Scene Summary"
"e58207f1-84ec-424b-a997-ff64a57eb13b","Are there multiple people in the video?","Yes, two people are present.","Yes.","Scene Summary"
"e58207f1-84ec-424b-a997-ff64a57eb13b","Did I exit the house during the video?","No.","Yes, the person exited the house during the video.","Whether Something Happened(Y/N)"
"e58207f1-84ec-424b-a997-ff64a57eb13b","Did I ignore any rooms while checking?","No.","No, I did not ignore any rooms while checking.","Whether Something Happened(Y/N)"
"e58207f1-84ec-424b-a997-ff64a57eb13b","Did the interaction with the other person seem hostile?","No.","Yes, the interaction with the other person seemed hostile as they were seen holding a drink and engaging in conversation.","Whether Something Happened(Y/N)"
"e58207f1-84ec-424b-a997-ff64a57eb13b","Did I find anything unusual in the items?","The video does not indicate that.","Yes, there is a water bottle on the floor near the person.","Whether Something Happened(Y/N)"
"e58207f1-84ec-424b-a997-ff64a57eb13b","What setting is introduced in this video clip?","An interior of a house.","The video clip introduces a modern, well-lit living room setting.","Scene Summary"
"e58207f1-84ec-424b-a997-ff64a57eb13b","What objects are central to the scene in this video?","A magazine and a woman.","Central objects include a person sitting on the floor, an open magazine with text and images of people's faces, and a hand holding a small object.","Scene Summary"
"e58207f1-84ec-424b-a997-ff64a57eb13b","Describe the layout of the room shown.","Room with large windows and modern lighting.","The room is spacious with a high ceiling, white walls, and large windows that allow natural light to flood the space. It features a modern design with minimalistic furniture, including a gray sofa, a black armchair, and a small table. The floor is polished concrete, and there are various items scattered around, such as books, a television, and decorative objects like vases and potted plants.","Scene Summary"
"e58207f1-84ec-424b-a997-ff64a57eb13b","What activity dominates this scene?","Reading and interacting with another person.","The activity that dominates this scene is the person sitting on a couch, reading a magazine.","Scene Summary"
"e58207f1-84ec-424b-a997-ff64a57eb13b","What is the relationship between the primary elements in this scene?","They involve engagement with reading material and human interaction.","The relationship between the primary elements in this scene is that of a person relaxing and enjoying their time, with the background featuring a well-lit room with natural light streaming through large windows.","Scene Summary"
"e58207f1-84ec-424b-a997-ff64a57eb13b","What action am I performing in these frames?","Holding and looking at a magazine.","In these frames, you are performing a series of actions that include sitting on the couch, reading an open magazine with text and images related to beauty and lifestyle, and interacting with someone off-camera.","Action Caption"
"e58207f1-84ec-424b-a997-ff64a57eb13b","What activity follows holding the magazine?","Looking at the magazine.","Following holding the magazine, a hand appears and picks up the magazine from the floor.","Action Caption"
"e58207f1-84ec-424b-a997-ff64a57eb13b","Did I hold the magazine before walking around the house?","No","Yes, the person holding the magazine was walking around the house before they started to read it.","Order Judging(Y/N)"
"e58207f1-84ec-424b-a997-ff64a57eb13b","Did I look at the magazine before walking around with another person?","Yes","Yes, you can see a hand holding the magazine in the foreground.","Order Judging(Y/N)"
"e58207f1-84ec-424b-a997-ff64a57eb13b","Was the magazine held after checking on items in the house?","No","Yes, the magazine was held after checking on items in the house.","Order Judging(Y/N)"
"e58207f1-84ec-424b-a997-ff64a57eb13b","What do I do just before interacting with the woman?","Holding the magazine","I turn on the TV.","What event order"
"e58207f1-84ec-424b-a997-ff64a57eb13b","What action is performed just before I check on items?","Walking around the house","Just before I check on items, a hand appears and picks up an item from the floor.","What event order"
"e58207f1-84ec-424b-a997-ff64a57eb13b","What happens right before I hold the magazine?","Walking with another person","A hand appears, holding the magazine and a finger points towards it.","What event order"
"e58207f1-84ec-424b-a997-ff64a57eb13b","What is done immediately before walking around the house?","Being inside the house","Immediately before walking around the house, a person is seen holding an open magazine with text and images on it.","What event order"
"e58207f1-84ec-424b-a997-ff64a57eb13b","What does the environment indicate about the video's setting?","The video is set in a modern, well-lit living space.","The environment, characterized by a modern and minimalist design with ample natural light streaming in through large windows, indicates that the video is set in an office or studio space.","Scene Summary"
"e58207f1-84ec-424b-a997-ff64a57eb13b","What activity is being undertaken in the living area?","Reading and interacting with another person.","The person in the living area is engaged in a reading activity, as indicated by them holding and flipping through a magazine.","Scene Summary"
"e58207f1-84ec-424b-a997-ff64a57eb13b","Describe the indoor setting captured in the video.","A living room with a TV unit, books, and seating areas.","The video captures a spacious, modern living room with high ceilings and ample natural light streaming in through large windows. The room features a neutral color palette with white walls and light-colored furniture. A person is seen sitting on the floor near a television, holding a book titled 'Stand-Up.' The room also contains various decorative elements such as plants, books, and framed pictures on the walls.","Scene Summary"
"e58207f1-84ec-424b-a997-ff64a57eb13b","What items in the room indicate leisure activities?","A television and books suggest leisure or relaxation.","The presence of a person holding a book and another person sitting on the couch indicates leisure activities.","Scene Summary"
"e58207f1-84ec-424b-a997-ff64a57eb13b","What furnishings can be observed in the video scene?","A TV stand, shelves, and magazines can be seen.","The furnishings in the video scene include a television on a stand, a bed with pillows and a blanket, a nightstand with a lamp, and a chair.","Scene Summary"
"e58207f1-84ec-424b-a997-ff64a57eb13b","What actions are performed by the individual regarding the books?","The individual is turning the pages and reading a book.","The individual is seen holding a book and appears to be reading or examining it.","Action Caption"
"e58207f1-84ec-424b-a997-ff64a57eb13b","How does the person engage with the media in the room?","The person seems to ignore the TV and focuses on the book.","The person engages with the media by holding a book titled 'Stand-Up' and appears to be reading or flipping through it.","Action Caption"
"e58207f1-84ec-424b-a997-ff64a57eb13b","Did the person read a book in the video?","Yes.","Yes, the person was seen holding a book in their hands while sitting on the couch.","Whether Something Happened(Y/N)"
"e58207f1-84ec-424b-a997-ff64a57eb13b","Did the individual change the page of the book at least once?","Yes.","Yes, the individual made several changes to the page of the book.","Whether Something Happened(Y/N)"
"e58207f1-84ec-424b-a997-ff64a57eb13b","Did the person have an interaction with someone in the room?","Yes.","Yes, the person was seen holding a phone and gesturing with their hand while interacting with someone in the room.","Whether Something Happened(Y/N)"
"e58207f1-84ec-424b-a997-ff64a57eb13b","In the video, is the magazine held before turning book pages?","Yes.","Yes","Order Judging(Y/N)"
"e58207f1-84ec-424b-a997-ff64a57eb13b","Is the book read after interacting with a woman?","No.","Yes, the book is read after interacting with a woman.","Order Judging(Y/N)"
"e58207f1-84ec-424b-a997-ff64a57eb13b","In the video, does looking around occur before holding the magazine?","No.","Yes, looking around occurs before holding the magazine.","Order Judging(Y/N)"
"e58207f1-84ec-424b-a997-ff64a57eb13b","What is done just before interacting with a woman?","Looking at the magazine.","A handbag is placed on the floor near a person sitting in a chair.","What event order"
"e58207f1-84ec-424b-a997-ff64a57eb13b","What occurs just before turning book pages?","Looking around.","Just before turning book pages, the person is seen holding a book with text on it.","What event order"
"e58207f1-84ec-424b-a997-ff64a57eb13b","What is performed just before reading a book?","Turning book pages.","Just before reading a book, the person is seen holding a smartphone and appears to be looking at it.","What event order"
"e58207f1-84ec-424b-a997-ff64a57eb13b","In the video sequence, what is done before interacting with a different woman?","Reading a book.","Before interacting with a different woman, the person in the video sequence is seen sitting on a couch and holding a book titled 'Stand-Up'.","What event order"
"e58207f1-84ec-424b-a997-ff64a57eb13b","Did I walk around the house before holding the magazine?","Yes.","Yes, you walked around the house before holding the magazine.","Order Judging(Y/N)"
"e58207f1-84ec-424b-a997-ff64a57eb13b","Was the magazine held before reading a book?","Yes.","Yes, the magazine was held before reading a book.","Order Judging(Y/N)"
"e58207f1-84ec-424b-a997-ff64a57eb13b","Did reading a book happen before walking around the house?","No.","Yes, the person was seen reading a book before walking around the house.","Order Judging(Y/N)"
"e58207f1-84ec-424b-a997-ff64a57eb13b","What occurs just before reading a book?","Turn book pages.","Just before reading a book, the person is seen holding it up to their face.","What event order"
"e58207f1-84ec-424b-a997-ff64a57eb13b","What action takes place before walking around the house?","No preceding action mentioned.","Before walking around the house, a person is seen holding a camera and taking pictures.","What event order"
"e58207f1-84ec-424b-a997-ff64a57eb13b","What is the location setting in this video clip?","Inside a house.","The location setting in this video clip is a modern, well-lit living room with white walls and a high ceiling.","Scene Summary"
"e58207f1-84ec-424b-a997-ff64a57eb13b","Describe the atmosphere of the scene.","A casual, indoor environment.","The atmosphere of the scene is calm and serene, with natural light streaming in from a large window. The room is spacious and well-lit, creating a comfortable environment for relaxation or contemplation.","Scene Summary"
"e58207f1-84ec-424b-a997-ff64a57eb13b","What is the relationship between the participants in the video?","They appear to be acquaintances.","The relationship between the participants in the video appears to be casual and relaxed, with one person engaging in a conversation or interaction while the other is observing.","Scene Summary"
"e58207f1-84ec-424b-a997-ff64a57eb13b","Did the characters engage in any recreational activity?","Yes, they read magazines.","Yes, the characters engaged in a recreational activity by playing with a game controller.","Action Caption"
"e58207f1-84ec-424b-a997-ff64a57eb13b","Did the characters sit down for a formal meeting?","No.","No, the characters did not sit down for a formal meeting; they were engaged in casual conversation.","Whether Something Happened(Y/N)"
"e58207f1-84ec-424b-a997-ff64a57eb13b","Are the characters in the video clip outdoors?","No.","No.","Whether Something Happened(Y/N)"
"e58207f1-84ec-424b-a997-ff64a57eb13b","Is there any sign of an argument happening in the video?","No.","Yes, there is a sign of an argument occurring in the video.","Whether Something Happened(Y/N)"
"e58207f1-84ec-424b-a997-ff64a57eb13b","Did the characters watch television in the clip?","No.","Yes, the characters watched television in the clip.","Whether Something Happened(Y/N)"
"e58207f1-84ec-424b-a997-ff64a57eb13b","Is there any physical activity performed by the characters?","No.","No, there is no physical activity performed by the characters in this scene.","Whether Something Happened(Y/N)"
"e58207f1-84ec-424b-a997-ff64a57eb13b","Does reading a book happen before talking to the woman?","Yes.","Yes, the scene transitions to a close-up of the woman reading a book before talking to her.","Order Judging(Y/N)"
"e58207f1-84ec-424b-a997-ff64a57eb13b","Is looking around done before turning book pages?","Yes.","Yes, looking around is done before turning book pages.","Order Judging(Y/N)"
"e58207f1-84ec-424b-a997-ff64a57eb13b","What occurs just before reading the magazines?","Talking to each other.","Just before reading the magazines, a person wearing sunglasses and a black hoodie with 'Los Angeles' written on it appears in the room.","What event order"
"e58207f1-84ec-424b-a997-ff64a57eb13b","What takes place immediately before looking around?","Turning book pages.","Immediately before looking around, the person in the video is seen adjusting their glasses and wearing a black hoodie with 'Los Angeles' written on it.","What event order"
"e58207f1-84ec-424b-a997-ff64a57eb13b","What action is performed just before talking to each other?","Looking around.","Just before talking to each other, the person in the black hoodie and sunglasses is seen holding a phone.","What event order"
"e58207f1-84ec-424b-a997-ff64a57eb13b","Did I look around before holding the magazine?","No.","Yes, you can see the magazine on the table in front of you.","Order Judging(Y/N)"
"e58207f1-84ec-424b-a997-ff64a57eb13b","What activities were performed in the room?","Reading a magazine and making coffee.","The activities performed in the room included a person sitting on a couch, another person standing and talking to someone off-camera, a person seated on a chair holding a drink, and a person walking through the room.","Scene Summary"
"e58207f1-84ec-424b-a997-ff64a57eb13b","Describe the environment where the actions occurred.","A room with a seated person, magazine, and phone.","The environment is a modern, well-lit room with white walls and ceiling lights. The room features a large window that allows natural light to flood in, creating a bright atmosphere. There are various pieces of furniture including a sofa, armchair, and coffee table, along with decorative items like books and framed pictures on the wall. A person wearing sunglasses sits comfortably on one of the sofas, holding a drink and engaging in conversation or observation.","Scene Summary"
"e58207f1-84ec-424b-a997-ff64a57eb13b","What devices were used in the scenario?","A magazine and a phone.","The scenario involved using a smartphone, a television, and a remote control.","Scene Summary"
"e58207f1-84ec-424b-a997-ff64a57eb13b","What was the person doing with the magazine?","The person was reading the magazine.","The person was holding the magazine and flipping through its pages.","Action Caption"
"e58207f1-84ec-424b-a997-ff64a57eb13b","What activity followed reading the magazine?","The person operated the phone.","Following reading the magazine, a person in a black outfit sat down on a chair and began to read.","Action Caption"
"e58207f1-84ec-424b-a997-ff64a57eb13b","Did the person remain seated throughout?","No, they got up to make coffee.","Yes, the person remained seated throughout the video.","Action Caption"
"e58207f1-84ec-424b-a997-ff64a57eb13b","Did the person leave the room?","No, the actions happened in the room.","Yes, the person was seen leaving the room through a door in the background.","Whether Something Happened(Y/N)"
"e58207f1-84ec-424b-a997-ff64a57eb13b","Did the person use a laptop?","No, the person used a phone.","Yes, the person used a laptop.","Whether Something Happened(Y/N)"
"e58207f1-84ec-424b-a997-ff64a57eb13b","Did I talk to the woman before reading the magazine?","Yes","Yes, the woman was seen talking to someone off-camera before reading the magazine.","Order Judging(Y/N)"
"e58207f1-84ec-424b-a997-ff64a57eb13b","Did I read the magazine before making coffee?","Yes","Yes, you read the magazine before making coffee.","Order Judging(Y/N)"
"e58207f1-84ec-424b-a997-ff64a57eb13b","Did I operate the phone before talking to the woman?","No","Yes, the woman was seen operating a phone before talking to her.","Order Judging(Y/N)"
"e58207f1-84ec-424b-a997-ff64a57eb13b","Did I make coffee before sitting in the room?","No","Yes, you made coffee before sitting in the room.","Order Judging(Y/N)"
"e58207f1-84ec-424b-a997-ff64a57eb13b","Did I make coffee before reading a magazine?","No","Yes, you made coffee before reading a magazine.","Order Judging(Y/N)"
"e58207f1-84ec-424b-a997-ff64a57eb13b","Did I interact with the woman before reading the book?","Yes","Yes, the woman was seen interacting with someone off-camera before reading the book.","Order Judging(Y/N)"
"e58207f1-84ec-424b-a997-ff64a57eb13b","Was the magazine read before interacting with the woman?","No","Yes, the magazine was read before interacting with the woman.","Order Judging(Y/N)"
"e58207f1-84ec-424b-a997-ff64a57eb13b","Was the phone operated before making coffee?","Yes","Yes, the phone was operated before making coffee.","Order Judging(Y/N)"
"e58207f1-84ec-424b-a997-ff64a57eb13b","What occurs just before I make coffee?","Operate the phone","Just before I make coffee, a person enters the room and sits down on one of the chairs.","What event order"
"e58207f1-84ec-424b-a997-ff64a57eb13b","What do I do before reading the magazine?","Talk to the woman","Before reading the magazine, I walk towards the camera and turn on the light switch.","What event order"
"e58207f1-84ec-424b-a997-ff64a57eb13b","What is done just before looking around?","Turn book pages","Just before looking around, the person is seen holding a drink and appears to be in conversation or making an announcement.","What event order"
"e58207f1-84ec-424b-a997-ff64a57eb13b","What action takes place before reading the book?","Look around","Before reading the book, a person enters the room and sits down on one of the chairs.","What event order"
"e58207f1-84ec-424b-a997-ff64a57eb13b","Describe the setting where the activity is taking place.","The activity is in an indoor room with modern furnishings.","The activity is taking place in a modern, well-lit room with a contemporary design. The setting includes a comfortable seating area with plush chairs and a coffee table adorned with various items such as books, a remote control, and a small plant.","Scene Summary"
"e58207f1-84ec-424b-a997-ff64a57eb13b","Identify the furniture used by the individuals in the clip.","Chairs are used for seating during the card game.","The individuals are seated on a sofa and a chair.","Scene Summary"
"e58207f1-84ec-424b-a997-ff64a57eb13b","Did the individual participate in a recreational game?","Yes.","Yes, the individual participated in a recreational game of 'Sesame Street' by holding and interacting with the game controller.","Whether Something Happened(Y/N)"
"e58207f1-84ec-424b-a997-ff64a57eb13b","Was there any interaction with another person during the game?","Yes.","Yes, the person in the black shirt was seen holding a remote control and interacting with another individual who is not visible in the frame.","Whether Something Happened(Y/N)"
"e58207f1-84ec-424b-a997-ff64a57eb13b","Does the setting include contemporary room decor?","Yes.","Yes, the setting includes contemporary room decor with modern furniture and a contemporary design aesthetic.","Whether Something Happened(Y/N)"
"e58207f1-84ec-424b-a997-ff64a57eb13b","Name one activity that is clearly not happening in this scene.","Cooking food is clearly not happening in this scene.","The activity that is clearly not happening in this scene is the person's hand reaching out to grab a phone.","Scene Summary"
"e58207f1-84ec-424b-a997-ff64a57eb13b","What parallel activity accompanies the main action in this clip?","A discussion with another person accompanies the main action.","The parallel activity accompanying the main action is a person wearing sunglasses and holding a smartphone, possibly taking a selfie or recording a video.","Action Caption"
"e58207f1-84ec-424b-a997-ff64a57eb13b","Is there a creative or construction-related task shown?","Yes, arranging wooden bricks can be considered a construction-related task.","Yes, there is a creative or construction-related task shown in the video.","Action Caption"
"e58207f1-84ec-424b-a997-ff64a57eb13b","Does the video show any form of artistic painting?","No.","No, the video does not show any form of artistic painting.","Whether Something Happened(Y/N)"
"e58207f1-84ec-424b-a997-ff64a57eb13b","Is there a solo performance happening in the video?","No.","Yes.","Whether Something Happened(Y/N)"
"e58207f1-84ec-424b-a997-ff64a57eb13b","Did I interact with Lady A after I sat on the chair?","Yes.","Yes, Lady A was seen interacting with you after sitting on the chair.","Order Judging(Y/N)"
"e58207f1-84ec-424b-a997-ff64a57eb13b","What happens just before I sit on the chair?","Entering the room.","Just before I sit on the chair, a hand appears and reaches towards me.","What event order"
"e58207f1-84ec-424b-a997-ff64a57eb13b","What did I engage in right before sitting in a room?","I did not engage in anything; I was already seated.","Before sitting in a room, the person engaged in an activity involving a smartphone and a remote control.","What event order"
"e58207f1-84ec-424b-a997-ff64a57eb13b","Where is this scene set?","In a room with another person.","The scene is set in a modern, well-lit room with contemporary furniture and decor.","Scene Summary"
"e58207f1-84ec-424b-a997-ff64a57eb13b","What are the main elements present in this scenario?","A Jenga game and two individuals.","The main elements present in this scenario include a person wearing sunglasses and a VR headset, engaging with a virtual reality (VR) game. The setting is a modern living room with a comfortable seating area featuring a couch, armchair, and coffee table.","Scene Summary"
"e58207f1-84ec-424b-a997-ff64a57eb13b","What can be observed on the table in the video?","A Jenga tower and blocks.","The table in the video is cluttered with various items, including a pair of white shoes and some papers.","Scene Summary"
"e58207f1-84ec-424b-a997-ff64a57eb13b","Who is actively participating in the game shown in the video?","The person in the frame and another woman.","The person wearing a black shirt and sunglasses is actively participating in the game.","Action Caption"
"e58207f1-84ec-424b-a997-ff64a57eb13b","How is the game of Jenga progressing in the clip?","Blocks are being stacked atop the tower.","The game of Jenga is progressing with the person successfully placing all the blocks in a vertical line.","Action Caption"
"e58207f1-84ec-424b-a997-ff64a57eb13b","What is the consequence of the actions performed with the Jenga blocks?","The Jenga tower is becoming taller.","The consequence of the actions performed with the Jenga blocks is that they are successfully stacked in a tower, demonstrating their ability to manipulate and balance the blocks.","Action Caption"
"e58207f1-84ec-424b-a997-ff64a57eb13b","What action precedes placing a block atop the Jenga tower?","Removing a block from the Jenga tower.","The action that precedes placing a block atop the Jenga tower is the person wearing VR glasses and a headset, which suggests they are experiencing some form of augmented reality or virtual reality.","Action Caption"
"e58207f1-84ec-424b-a997-ff64a57eb13b","Does the video show a Jenga tower on a glass table?","Yes.","Yes, the video shows a Jenga tower on a glass table.","Whether Something Happened(Y/N)"
"e58207f1-84ec-424b-a997-ff64a57eb13b","Are the Jenga blocks being carefully handled?","Yes.","Yes, the Jenga blocks are being carefully handled as the person in the video is seen holding and manipulating them with precision.","Whether Something Happened(Y/N)"
"e58207f1-84ec-424b-a997-ff64a57eb13b","Is the Jenga tower intact at this moment in the video?","Yes.","Yes, the Jenga tower is intact and balanced at this moment in the video.","Whether Something Happened(Y/N)"
"e58207f1-84ec-424b-a997-ff64a57eb13b","What action occurred just before placing the blocks atop the Jenga tower?","Took Jenga blocks from the tower","Just before placing the blocks atop the Jenga tower, a hand appeared and placed one of the blocks on top.","What event order"
"e58207f1-84ec-424b-a997-ff64a57eb13b","What happened just before taking Jenga blocks from the tower?","Played game of Jenga","Just before taking Jenga blocks from the tower, a hand appeared and picked up one of the blocks.","What event order"
"e58207f1-84ec-424b-a997-ff64a57eb13b","Did I arrange wooden bricks before playing a card game?","No","Yes, you arranged wooden bricks before playing a card game.","Order Judging(Y/N)"
"e58207f1-84ec-424b-a997-ff64a57eb13b","Did I sit on a chair before talking to a lady?","Yes","Yes, you sat on a chair before talking to the lady.","Order Judging(Y/N)"
"e58207f1-84ec-424b-a997-ff64a57eb13b","What activities are occurring inside the house?","Two individuals are playing Jenga.","Inside the house, there is a person sitting on a couch playing with a stack of wooden blocks. Another person is standing near the couch, and another individual is seated in the background.","Scene Summary"
"e58207f1-84ec-424b-a997-ff64a57eb13b","What is on the table between the participants?","A Jenga tower is on the table.","There is a book and a remote control on the table between the participants.","Scene Summary"
"e58207f1-84ec-424b-a997-ff64a57eb13b","How are the participants utilizing the wooden blocks?","They are carefully pulling blocks from the Jenga tower.","The participants are using the wooden blocks to create a tower, with one person holding up the top block and another placing it on top of the structure.","Action Caption"
"e58207f1-84ec-424b-a997-ff64a57eb13b","Is the Jenga tower still standing?","Yes.","Yes, the Jenga tower is still standing.","Whether Something Happened(Y/N)"
"e58207f1-84ec-424b-a997-ff64a57eb13b","Has a Jenga block just been successfully moved?","Yes.","Yes, the Jenga block has been successfully moved to the right side of the person's head.","Whether Something Happened(Y/N)"
"e58207f1-84ec-424b-a997-ff64a57eb13b","Are the participants seated during the game?","Yes.","Yes, the participants are seated during the game.","Whether Something Happened(Y/N)"
"e58207f1-84ec-424b-a997-ff64a57eb13b","Is there a game being played on the floor?","No.","Yes, there is a game being played on the floor.","Whether Something Happened(Y/N)"
"e58207f1-84ec-424b-a997-ff64a57eb13b","Does the frame display a competitive match in progress?","Yes.","Yes, the frame displays a competitive match in progress as the person is seen holding up their hand to signal victory.","Whether Something Happened(Y/N)"
"e58207f1-84ec-424b-a997-ff64a57eb13b","Did I sit on the chairs before playing Jenga?","Yes.","Yes, you can see the chairs in the background where you sat before playing Jenga.","Order Judging(Y/N)"
"e58207f1-84ec-424b-a997-ff64a57eb13b","Did I take Jenga blocks from the tower before adding to its top?","Yes.","Yes, you took Jenga blocks from the tower before adding to its top.","Order Judging(Y/N)"
"e58207f1-84ec-424b-a997-ff64a57eb13b","Did the Jenga game happen before relaxing on the chairs?","No.","Yes, the Jenga game started before relaxing on the chairs.","Order Judging(Y/N)"
"e58207f1-84ec-424b-a997-ff64a57eb13b","Was placing blocks atop the Jenga tower before taking blocks from it?","No.","Yes, the person placed blocks atop the Jenga tower before taking them from it.","Order Judging(Y/N)"
"e58207f1-84ec-424b-a997-ff64a57eb13b","What occurs just before placing the blocks atop the Jenga tower?","Taking Jenga blocks from the tower.","Just before placing the blocks atop the Jenga tower, a person wearing sunglasses and a black shirt with 'New York' written on it appears to adjust their position slightly.","What event order"
"e58207f1-84ec-424b-a997-ff64a57eb13b","What happens just before sitting on the chairs to play?","Entering the room.","Just before sitting on the chairs to play, the person is seen holding a pair of glasses and appears to be adjusting them.","What event order"
"e58207f1-84ec-424b-a997-ff64a57eb13b","Did the game start before arranging wooden bricks on a block?","No","Yes, the game started with arranging wooden bricks on a block before starting to build the tower.","Order Judging(Y/N)"
"e58207f1-84ec-424b-a997-ff64a57eb13b","What is the setting of the current video clip?","The setting is inside a house.","The setting of the current video clip is a modern, well-lit living room with a neutral color palette. The room features a large window that offers a view of greenery outside, and there are various decorative elements such as plants, books, and framed pictures on the walls.","Scene Summary"
"e58207f1-84ec-424b-a997-ff64a57eb13b","Describe the occupants in the house in the video.","There are multiple individuals, both men and women.","The occupants in the house include a person wearing sunglasses and a black top, a woman with long hair, and another individual dressed in dark clothing.","Scene Summary"
"e58207f1-84ec-424b-a997-ff64a57eb13b","What were the individuals doing with wood in the video?","They were arranging pieces of wood.","The individuals were seen using a hand saw to cut wood, with one person cutting the wood and another holding a piece of wood.","Scene Summary"
"e58207f1-84ec-424b-a997-ff64a57eb13b","What type of interaction occurred among the individuals?","They interacted with each other.","The individuals engaged in a casual and relaxed interaction, possibly discussing or sharing something related to the video content.","Scene Summary"
"e58207f1-84ec-424b-a997-ff64a57eb13b","Are the people stationary or moving about in the clip?","They are moving about the space.","The people in the clip are moving about, with one person walking towards a door and another standing near it.","Action Caption"
"e58207f1-84ec-424b-a997-ff64a57eb13b","Is the Jenga game played before arranging wood pieces?","Yes.","Yes, the Jenga game is played before arranging wood pieces.","Order Judging(Y/N)"
"e58207f1-84ec-424b-a997-ff64a57eb13b","Does sitting on chairs happen before interacting with each other?","Yes.","Yes, sitting on chairs happens before interacting with each other.","Order Judging(Y/N)"
"e58207f1-84ec-424b-a997-ff64a57eb13b","Is the wood arrangement completed before the Jenga tower is built?","No.","Yes, the wooden arrangement is completed before the Jenga tower is built.","Order Judging(Y/N)"
"e58207f1-84ec-424b-a997-ff64a57eb13b","What happens before arranging the wood pieces?","Playing Jenga.","Before arranging the wood pieces, a person is seen walking towards the camera.","What event order"
"e58207f1-84ec-424b-a997-ff64a57eb13b","What takes place before the Jenga block is touched?","Sitting down.","Before the Jenga block is touched, a person wearing sunglasses and a black top enters the room from the right side of the frame.","What event order"
"e58207f1-84ec-424b-a997-ff64a57eb13b","Did the Jenga game occur before sitting on the chairs?","No.","Yes, the Jenga game was played before sitting on the chairs.","Order Judging(Y/N)"
"e58207f1-84ec-424b-a997-ff64a57eb13b","Was taking Jenga blocks from the tower after sitting on the chairs?","Yes.","Yes, Jenga blocks were taken from the tower after sitting on the chairs.","Order Judging(Y/N)"
"e58207f1-84ec-424b-a997-ff64a57eb13b","What happened just before placing blocks atop the Jenga tower?","Taking Jenga blocks from the tower.","Just before placing blocks atop the Jenga tower, a person was seen walking towards the camera.","What event order"
"e58207f1-84ec-424b-a997-ff64a57eb13b","What happens before arranging the pieces of wood?","Playing the Jenga wooden blocks game.","Before arranging the pieces of wood, a person is seen walking towards the camera.","What event order"
"e58207f1-84ec-424b-a997-ff64a57eb13b","What is the setting of the video clip?","An office.","The setting of the video clip is a modern, well-lit living room with white walls and a neutral color palette. The room features a large window that allows natural light to flood in, creating a bright atmosphere.","Scene Summary"
"e58207f1-84ec-424b-a997-ff64a57eb13b","What activities are taking place in the clip?","Talking to a person and using a phone.","The clip shows a person sitting in the living room, holding two smartphones and interacting with them. One phone displays an image of another person's face, while the other phone is showing text that reads 'GUESS THE AGE.' The person appears to be engaged in a conversation or activity involving these two devices.","Scene Summary"
"e58207f1-84ec-424b-a997-ff64a57eb13b","What is the primary action in the recent frames?","Engaging in a discussion and using the phone.","The primary action in the recent frames is a person holding two smartphones, one displaying an image of another person and the other showing text.","Action Caption"
"e58207f1-84ec-424b-a997-ff64a57eb13b","What technology is in use in the action?","A phone.","The technology used in the action is a VR headset.","Action Caption"
"e58207f1-84ec-424b-a997-ff64a57eb13b","Is the person alone in the scene?","No.","Yes, the person is alone in the scene.","Whether Something Happened(Y/N)"
"e58207f1-84ec-424b-a997-ff64a57eb13b","Did I interact with others after being at the office?","Yes","Yes, after being at the office, I interacted with others through video calls.","Order Judging(Y/N)"
"e58207f1-84ec-424b-a997-ff64a57eb13b","Did the office scene occur before the house activities?","Yes","Yes, the office scene occurred before the house activities.","Order Judging(Y/N)"
"e58207f1-84ec-424b-a997-ff64a57eb13b","What happened right before I was at the office?","I was in the house","Right before I was at the office, a person wearing sunglasses and a black top appeared in front of me.","What event order"
"e58207f1-84ec-424b-a997-ff64a57eb13b","Did I play Jenga before arranging pieces of wood?","Yes.","Yes, you played Jenga before arranging pieces of wood.","Order Judging(Y/N)"
"e58207f1-84ec-424b-a997-ff64a57eb13b","Did I use the phone before playing Jenga?","No.","Yes, you used the phone before playing Jenga.","Order Judging(Y/N)"
"e58207f1-84ec-424b-a997-ff64a57eb13b","Was I at the office before playing with the Jenga blocks?","Yes.","Yes, you were at the office before playing with the Jenga blocks.","Order Judging(Y/N)"
"89a95cd8-ca13-4edf-807e-d62138fd30e0","Describe the environment displayed in the video clip.","The video depicts a kitchen scenario.","The video shows a cluttered kitchen counter with various items, including a blue cutting board, a yellow-handled container, and several utensils. The background features a tiled wall with some stains or marks visible on it.","Scene Summary"
"89a95cd8-ca13-4edf-807e-d62138fd30e0","Identify the items being interacted with in the video clip.","Flour and onions are being used with water and a knife.","The items being interacted with include a hand holding an onion, a bowl of garlic cloves, and a blue cutting board.","Scene Summary"
"89a95cd8-ca13-4edf-807e-d62138fd30e0","What's the main activity in the scene?","The main activity is preparing ingredients, mixing and chopping.","The main activity in the scene is a person preparing food, specifically chopping an onion.","Scene Summary"
"89a95cd8-ca13-4edf-807e-d62138fd30e0","What objects are present in the scene related to the activity?","Container of flour, a knife, and mixed dough are noticeable.","The objects present in the scene include a hand holding an onion, a bowl of garlic cloves, and various kitchen utensils.","Scene Summary"
"89a95cd8-ca13-4edf-807e-d62138fd30e0","Did the person use a knife on the onions?","Yes.","Yes, the person used a knife to cut the onions.","Whether Something Happened(Y/N)"
"89a95cd8-ca13-4edf-807e-d62138fd30e0","Was water added to the flour in the video?","Yes.","Yes, water was added to the flour in the video.","Whether Something Happened(Y/N)"
"89a95cd8-ca13-4edf-807e-d62138fd30e0","Did the preparation seem to be for baking?","No, more likely for cooking.","Yes, the preparation seems to be for baking.","Whether Something Happened(Y/N)"
"89a95cd8-ca13-4edf-807e-d62138fd30e0","Describe the environment where the cooking is taking place.","The cooking is taking place in a kitchen.","The cooking is taking place in a small, cluttered kitchen with various utensils and appliances scattered around. The walls are adorned with white tiles featuring decorative patterns, and the floor appears to be tiled as well.","Scene Summary"
"89a95cd8-ca13-4edf-807e-d62138fd30e0","What step is being performed with the pan?","Oil is being poured into the pan.","The pan is being heated, likely to be used for cooking or heating the contents inside.","Scene Summary"
"89a95cd8-ca13-4edf-807e-d62138fd30e0","Are there any other objects visible associated with cooking?","Yes, there are kitchen utensils and containers.","Yes, there are other objects visible associated with cooking in the background.","Scene Summary"
"89a95cd8-ca13-4edf-807e-d62138fd30e0","Are there any ingredients ready to be cooked?","Yes, there are chopped ingredients on the cutting board.","Yes, there are ingredients ready to be cooked on the stove.","Action Caption"
"89a95cd8-ca13-4edf-807e-d62138fd30e0","What is implied by the action of pouring oil in the pan?","The person is preparing to cook or fry food.","The action of pouring oil in the pan implies that it is being used to cook or prepare a dish.","Action Caption"
"89a95cd8-ca13-4edf-807e-d62138fd30e0","What will likely happen next in the cooking process?","The food will be added to the heated oil for cooking.","Next, the person will likely pour water from a bottle into one of the pots to ensure it is well-mixed with the other ingredients.","Action Caption"
"89a95cd8-ca13-4edf-807e-d62138fd30e0","Did the person start cooking as soon as the video began?","No.","Yes, the person began cooking as soon as the video began.","Whether Something Happened(Y/N)"
"89a95cd8-ca13-4edf-807e-d62138fd30e0","Has the person used any kitchen utensils yet?","Yes.","Yes, the person has used a knife to cut some vegetables.","Whether Something Happened(Y/N)"
"89a95cd8-ca13-4edf-807e-d62138fd30e0","Is the person cooking unattended or seen in the frame?","The person is unattended, not seen in the frame.","The person is seen in the frame, actively engaged in cooking.","Whether Something Happened(Y/N)"
"89a95cd8-ca13-4edf-807e-d62138fd30e0","Has the heat been turned on under the pan yet?","No.","Yes, the heat has been turned on under the pan.","Whether Something Happened(Y/N)"
"89a95cd8-ca13-4edf-807e-d62138fd30e0","In the video, does mixing flour with water happen before cutting onions?","Yes.","Yes, the video shows a hand mixing flour with water before cutting onions.","Order Judging(Y/N)"
"89a95cd8-ca13-4edf-807e-d62138fd30e0","Is cooking the food shown before opening the door in the video?","Yes.","Yes, cooking the food is shown before opening the door in the video.","Order Judging(Y/N)"
"89a95cd8-ca13-4edf-807e-d62138fd30e0","In the video, does pouring oil in the pan occur after cutting onions?","Yes.","Yes, the video shows a hand pouring oil into the pan after cutting onions.","Order Judging(Y/N)"
"89a95cd8-ca13-4edf-807e-d62138fd30e0","In the video, is oil poured into the pan before cooking the food?","No.","Yes","Order Judging(Y/N)"
"89a95cd8-ca13-4edf-807e-d62138fd30e0","What is the setting of the video clip?","The setting is a kitchen.","The setting of the video clip is a kitchen with various cooking utensils and ingredients scattered on the counter.","Scene Summary"
"89a95cd8-ca13-4edf-807e-d62138fd30e0","What tasks are being performed in the scene?","Cooking food, cleaning the counter, rolling dough.","The tasks being performed in the scene include preparing food, washing dishes, and handling dough.","Scene Summary"
"89a95cd8-ca13-4edf-807e-d62138fd30e0","Can you caption the cleaning action in the clip?","Tidying up the kitchen counter.","Yes, the caption for the cleaning action in the clip is 'Cleaning action.'","Action Caption"
"89a95cd8-ca13-4edf-807e-d62138fd30e0","How is the dough being prepared?","The dough is being rolled.","The dough is being kneaded on a wooden surface, with hands pressing and folding it.","Action Caption"
"89a95cd8-ca13-4edf-807e-d62138fd30e0","Does the video show someone cooking?","Yes.","Yes, the video shows someone cooking.","Whether Something Happened(Y/N)"
"89a95cd8-ca13-4edf-807e-d62138fd30e0","Is the counter being cleaned in the video?","Yes.","Yes","Whether Something Happened(Y/N)"
"89a95cd8-ca13-4edf-807e-d62138fd30e0","Is there a scene of rolling dough in the video?","Yes.","Yes.","Whether Something Happened(Y/N)"
"89a95cd8-ca13-4edf-807e-d62138fd30e0","Does rolling the dough happen before cleaning the counter?","No","Yes, the person is seen rolling the dough on a wooden surface before cleaning the counter.","Order Judging(Y/N)"
"89a95cd8-ca13-4edf-807e-d62138fd30e0","Is the food cooked after I clean the counter?","Yes","Yes, the food is cooked after you clean the counter.","Order Judging(Y/N)"
"89a95cd8-ca13-4edf-807e-d62138fd30e0","Before the food is cooked, what do I do?","In the kitchen.","Before the food is cooked, you should wash and dry the vegetables.","What event order"
"89a95cd8-ca13-4edf-807e-d62138fd30e0","What occurs just before I clean the counter?","Cook food.","Just before I clean the counter, a hand is seen holding a yellow object and wiping it with a cloth.","What event order"
"89a95cd8-ca13-4edf-807e-d62138fd30e0","In the video, what takes place right before rolling the dough?","Clean the counter.","Before rolling the dough, a hand is seen holding a yellow object, possibly a utensil or a piece of cloth.","What event order"
"89a95cd8-ca13-4edf-807e-d62138fd30e0","In the video, does the mixing of flour with water happen before cutting the onions?","Yes","Yes, the mixing of flour with water happens before cutting the onions.","Order Judging(Y/N)"
"89a95cd8-ca13-4edf-807e-d62138fd30e0","What is the setting of the video clip?","Inside a house, in the kitchen.","The setting of the video clip is a kitchen with various appliances and utensils, including a hand holding a bowl.","Scene Summary"
"89a95cd8-ca13-4edf-807e-d62138fd30e0","What activity is depicted in the scene?","Making dough for cooking.","The scene depicts a person preparing food, specifically kneading dough.","Scene Summary"
"89a95cd8-ca13-4edf-807e-d62138fd30e0","What tools are being utilized in the scene?","Hands, rolling pin, flour container.","A person's hands are using a pair of tongs to handle the dough, and they are also seen stirring or mixing ingredients in a bowl.","Scene Summary"
"89a95cd8-ca13-4edf-807e-d62138fd30e0","Where specifically is the dough preparation taking place?","On a newspaper-covered surface.","The dough preparation is taking place in a kitchen, specifically on the countertop.","Scene Summary"
"89a95cd8-ca13-4edf-807e-d62138fd30e0","What is the immediate environment around the dough-making area?","Nearby kitchen appliances and utensils.","The immediate environment around the dough-making area is a kitchen with various cooking utensils and ingredients on the counter.","Scene Summary"
"89a95cd8-ca13-4edf-807e-d62138fd30e0","What is the main action taking place in these frames?","The dough is being rolled out.","The main action is the preparation of food, specifically kneading dough.","Action Caption"
"89a95cd8-ca13-4edf-807e-d62138fd30e0","What action precedes the rolling of the dough?","Dipping the dough in flour.","The action that precedes the rolling of the dough is mixing it with a hand.","Action Caption"
"89a95cd8-ca13-4edf-807e-d62138fd30e0","How is the dough initially shaped?","It is shaped by hand.","The dough is initially shaped into a small ball.","Action Caption"
"89a95cd8-ca13-4edf-807e-d62138fd30e0","What is the purpose of the flour in the dough rolling process?","To prevent sticking to the rolling pin.","The flour is used to create a smooth and elastic dough by kneading it into the dough.","Action Caption"
"89a95cd8-ca13-4edf-807e-d62138fd30e0","What may likely be the next step after rolling the dough?","Cutting or shaping the dough for cooking.","The next step after rolling the dough is likely to transfer it onto a baking sheet or pan for cooking.","Action Caption"
"89a95cd8-ca13-4edf-807e-d62138fd30e0","Did the person use a rolling pin in the video?","Yes.","Yes, the person used a rolling pin to press down on the dough.","Whether Something Happened(Y/N)"
"89a95cd8-ca13-4edf-807e-d62138fd30e0","Did the dough-making happen on a bare countertop?","No.","Yes, the dough-making happened on a bare countertop.","Whether Something Happened(Y/N)"
"89a95cd8-ca13-4edf-807e-d62138fd30e0","Was an electrical appliance used to roll the dough?","No.","Yes, an electrical appliance was used to roll the dough.","Whether Something Happened(Y/N)"
"89a95cd8-ca13-4edf-807e-d62138fd30e0","Did the person complete the dough rolling in one try?","Not specified, unclear.","Yes, the person completed the dough rolling in one try.","Whether Something Happened(Y/N)"
"89a95cd8-ca13-4edf-807e-d62138fd30e0","Is the flour container closed in the scene?","Yes.","Yes, the flour container is closed in the scene.","Whether Something Happened(Y/N)"
"89a95cd8-ca13-4edf-807e-d62138fd30e0","In the video, is the dough rolled with hands before it's dipped in flour?","Yes","Yes, the dough is rolled with hands before it's dipped in flour.","Order Judging(Y/N)"
"89a95cd8-ca13-4edf-807e-d62138fd30e0","Is the food cooked before the counter is cleaned?","Yes","Yes, the food is cooked before the counter is cleaned.","Order Judging(Y/N)"
"89a95cd8-ca13-4edf-807e-d62138fd30e0","Does the dough rolling with a rolling pin happen after hand rolling?","Yes","Yes, the dough rolling with a rolling pin happens after hand rolling.","Order Judging(Y/N)"
"89a95cd8-ca13-4edf-807e-d62138fd30e0","Is the counter cleaned before the dough is rolled with hands?","Yes","Yes, the counter is clean before the dough is rolled with hands.","Order Judging(Y/N)"
"89a95cd8-ca13-4edf-807e-d62138fd30e0","In the video, is the rolling pin used before the dough is dipped in flour?","Yes","Yes, the rolling pin is used to scoop out flour from a container before dipping it into the dough.","Order Judging(Y/N)"
"89a95cd8-ca13-4edf-807e-d62138fd30e0","What is done just before the dough is dipped in flour?","Roll dough with hands","Just before the dough is dipped in flour, a hand is seen holding a small bowl and dipping it into the flour.","What event order"
"89a95cd8-ca13-4edf-807e-d62138fd30e0","What action is performed before cleaning the counter?","Cook food","Before cleaning the counter, a hand is seen holding an onion and placing it on top of the counter.","What event order"
"89a95cd8-ca13-4edf-807e-d62138fd30e0","What activity happens before the dough is rolled with hands?","Nothing is specified before hand rolling","Before the dough is rolled with hands, it is kneaded.","What event order"
"89a95cd8-ca13-4edf-807e-d62138fd30e0","Was the counter cleaned after cooking food?","Yes","Yes, the counter was cleaned after cooking food.","Order Judging(Y/N)"
"89a95cd8-ca13-4edf-807e-d62138fd30e0","Did I roll the dough before dipping it in flour?","No","Yes, you rolled the dough before dipping it in flour.","Order Judging(Y/N)"
"89a95cd8-ca13-4edf-807e-d62138fd30e0","Did I roll dough with hands before rolling it with a rolling pin?","Yes","Yes, you rolled dough with your hands before rolling it with a rolling pin.","Order Judging(Y/N)"
"89a95cd8-ca13-4edf-807e-d62138fd30e0","What happens right before I dip the dough in flour?","Rolling the dough with hands","A hand reaches for the bowl of flour on the counter.","What event order"
"89a95cd8-ca13-4edf-807e-d62138fd30e0","What action occurs just before I roll the dough with a rolling pin?","Dipping dough in flour","Just before I roll the dough with a rolling pin, the person's hand is seen holding the dough and preparing to roll it.","What event order"
"89a95cd8-ca13-4edf-807e-d62138fd30e0","What do I do just before pouring oil in the pan?","Open the door","You should first ensure the pan is clean and dry before pouring oil.","What event order"
"89a95cd8-ca13-4edf-807e-d62138fd30e0","What takes place immediately before I clean the counter?","Cook food","A person's hands are seen working on the counter, likely preparing food or cleaning it.","What event order"
"89a95cd8-ca13-4edf-807e-d62138fd30e0","What location is shown in this video clip?","The kitchen.","The location shown in this video clip is a kitchen.","Scene Summary"
"89a95cd8-ca13-4edf-807e-d62138fd30e0","What task is being performed in this scene?","Making dough.","The task being performed in this scene is preparing a dish by mixing ingredients and adding them to a bowl.","Scene Summary"
"89a95cd8-ca13-4edf-807e-d62138fd30e0","What is the setting of this clip?","A kitchen counter.","The setting of this clip is a kitchen with various items on the countertop and in the background, including a person preparing food.","Scene Summary"
"89a95cd8-ca13-4edf-807e-d62138fd30e0","What cooking action is taking place?","Rolling dough with a roller.","The cooking action taking place is preparing a dish by mixing ingredients in the bowl.","Action Caption"
"89a95cd8-ca13-4edf-807e-d62138fd30e0","Does the frame capture using a rolling pin?","Yes.","No, the frame captures a person using a rolling pin to mix ingredients in a bowl.","Whether Something Happened(Y/N)"
"89a95cd8-ca13-4edf-807e-d62138fd30e0","Is dough being prepared in this scene?","Yes.","Yes","Whether Something Happened(Y/N)"
"89a95cd8-ca13-4edf-807e-d62138fd30e0","Are there ingredients visible on the kitchen counter?","Yes.","Yes, there are ingredients visible on the kitchen counter.","Whether Something Happened(Y/N)"
"89a95cd8-ca13-4edf-807e-d62138fd30e0","In the video, is the dough cut before it's rolled with hands?","No","Yes","Order Judging(Y/N)"
"89a95cd8-ca13-4edf-807e-d62138fd30e0","Does the dipping of dough in flour happen after using the rolling pin?","No","Yes, the person continues to dip the dough in flour after using the rolling pin.","Order Judging(Y/N)"
"89a95cd8-ca13-4edf-807e-d62138fd30e0","Does rolling the dough with hands happen before cutting the dough?","Yes","Yes, the person is seen rolling the dough with their hands before cutting it.","Order Judging(Y/N)"
"89a95cd8-ca13-4edf-807e-d62138fd30e0","Is the dough rolled with a roller after being dipped in flour?","Yes","Yes","Order Judging(Y/N)"
"89a95cd8-ca13-4edf-807e-d62138fd30e0","What occurs just before rolling dough with a roller in the video?","The dough is cut","A hand is seen holding a roller, preparing to roll the dough.","What event order"
"89a95cd8-ca13-4edf-807e-d62138fd30e0","In the video sequence, what happens before rolling dough with hands?","Nothing, it's the first action","Before rolling dough with hands, the person is seen holding a hand-held mixer and preparing to mix ingredients.","What event order"
"89a95cd8-ca13-4edf-807e-d62138fd30e0","What is done just before cutting the dough?","The dough is rolled with hands","Just before cutting the dough, a hand is seen holding a knife and preparing to cut it.","What event order"
"89a95cd8-ca13-4edf-807e-d62138fd30e0","Did I clean the counter before rolling the dough?","Yes","Yes, the person in the video is seen cleaning the counter before rolling the dough.","Order Judging(Y/N)"
"89a95cd8-ca13-4edf-807e-d62138fd30e0","Was the dough cut before being rolled?","Yes","Yes, the dough was cut before being rolled.","Order Judging(Y/N)"
"89a95cd8-ca13-4edf-807e-d62138fd30e0","Did I dip the dough in flour before using the rolling pin?","Yes","Yes, you can see the person dipping the dough into a bowl of flour before using the rolling pin.","Order Judging(Y/N)"
"89a95cd8-ca13-4edf-807e-d62138fd30e0","Did I cook food after rolling the dough with my hands?","No","Yes, you can see the hands rolling the dough with your hands in the video.","Order Judging(Y/N)"
"89a95cd8-ca13-4edf-807e-d62138fd30e0","Was the counter cleaned after the dough was cut?","No","Yes, the counter was cleaned after the dough was cut.","Order Judging(Y/N)"
"89a95cd8-ca13-4edf-807e-d62138fd30e0","What do I do before rolling the dough with a roller?","Cut the dough","Before rolling the dough with a roller, you should first ensure that all the ingredients are well combined and ready for use.","What event order"
"89a95cd8-ca13-4edf-807e-d62138fd30e0","What occurs just before cutting the dough?","Rolling dough with hands","A hand reaches for the dough, and a person starts to cut it.","What event order"
"89a95cd8-ca13-4edf-807e-d62138fd30e0","What do I do before cleaning the counter?","Cook food","Before cleaning the counter, you should first turn off the water supply to the sink and ensure that all dishes are washed.","What event order"
"89a95cd8-ca13-4edf-807e-d62138fd30e0","Describe the main activity occurring in this section of video.","Food preparation for a meal.","The main activity in this section of the video is a person preparing food, specifically making a dish that involves cooking and mixing ingredients. The scene includes various kitchen elements such as a hand holding a spoon, a bowl, and a container with a liquid ingredient being poured into the mixture. The background shows a cluttered kitchen counter with utensils and other items.","Action Caption"
"89a95cd8-ca13-4edf-807e-d62138fd30e0","What is the current culinary action captured here?","Ready to cook flatbread on the pan.","The current culinary action captured here is the person preparing a dish by mixing ingredients in a pot on the stove.","Action Caption"
"89a95cd8-ca13-4edf-807e-d62138fd30e0","Did the person successfully slice the cucumber?","Yes.","Yes, the person successfully sliced the cucumber into thin pieces.","Whether Something Happened(Y/N)"
"89a95cd8-ca13-4edf-807e-d62138fd30e0","Has the lemon been placed on the cucumber slices?","Yes.","No, the lemon has not been placed on the cucumber slices.","Whether Something Happened(Y/N)"
"89a95cd8-ca13-4edf-807e-d62138fd30e0","Describe the setting in this video clip.","A kitchen with a person cooking roti on a stove.","The video takes place in a kitchen with a cluttered countertop, featuring various items such as a hand holding a pair of tongs and a person's hands performing the cooking process. The background includes a wall with a tiled surface and some blurred objects that suggest a domestic setting.","Scene Summary"
"89a95cd8-ca13-4edf-807e-d62138fd30e0","What is the visual focal point of this scene?","The pan with the roti being roasted.","The visual focal point of this scene is the person's hands and the hand-held camera, which captures the action in the kitchen.","Scene Summary"
"89a95cd8-ca13-4edf-807e-d62138fd30e0","Where is the roti being placed after roasting?","In a pot next to the stove.","The roti is being placed on a wooden table in the kitchen.","Scene Summary"
"89a95cd8-ca13-4edf-807e-d62138fd30e0","What kitchen equipment is being utilized in this action?","A frying pan and a stove.","The kitchen equipment being utilized in this action includes a hand-held mixer, a person's hands, and various cooking utensils.","Action Caption"
"89a95cd8-ca13-4edf-807e-d62138fd30e0","Does the clip show a person flipping the roti?","No.","Yes, the clip shows a person flipping the roti in the video.","Whether Something Happened(Y/N)"
"89a95cd8-ca13-4edf-807e-d62138fd30e0","Is the roti being taken out of the pan in this frame?","Yes.","No, the roti is not being taken out of the pan in this frame.","Whether Something Happened(Y/N)"
"89a95cd8-ca13-4edf-807e-d62138fd30e0","Does the clip involve any baking activity?","No.","Yes, the clip shows a person in the process of baking something.","Whether Something Happened(Y/N)"
"89a95cd8-ca13-4edf-807e-d62138fd30e0","Is there another person assisting with the cooking?","No.","Yes, there is another person partially visible in the frame on the right side of the kitchen.","Whether Something Happened(Y/N)"
"89a95cd8-ca13-4edf-807e-d62138fd30e0","Was the flat bread prepared before the roti was roasted?","Yes","Yes, the flat bread was prepared before the roti was roasted.","Order Judging(Y/N)"
"89a95cd8-ca13-4edf-807e-d62138fd30e0","Did I put the roasted roti in the pot before cutting the cucumber?","No","Yes, you placed the roasted roti in the pot before cutting the cucumber.","Order Judging(Y/N)"
"89a95cd8-ca13-4edf-807e-d62138fd30e0","Did I roast the roti after preparing the flat bread?","Yes","Yes, the roti was roasted after preparing the flat bread.","Order Judging(Y/N)"
"89a95cd8-ca13-4edf-807e-d62138fd30e0","What cooking method is used for tortillas?","They are placed in a hot pot.","The tortillas are being cooked in a pan.","Scene Summary"
"89a95cd8-ca13-4edf-807e-d62138fd30e0","Is the person wearing oven mitts?","No.","No, the person is not wearing oven mitts.","Whether Something Happened(Y/N)"
"89a95cd8-ca13-4edf-807e-d62138fd30e0","In the video, is the pot closed after the roti is put inside?","Yes","Yes","Order Judging(Y/N)"
"89a95cd8-ca13-4edf-807e-d62138fd30e0","Did I use a spatula to roast the roti before placing it in the pot?","Yes","Yes, the person in the video is seen using a spatula to roast the roti before placing it in the pot.","Order Judging(Y/N)"
"89a95cd8-ca13-4edf-807e-d62138fd30e0","What activity is shown just before the roti comes in contact with the pan?","The roti is picked up","Just before the roti comes in contact with the pan, a hand is seen holding a pair of chopsticks.","What event order"
"2bb31b69-fcda-4f54-8338-f590944df999","What activity is depicted in this snapshot?","A card game is being played.","The activity depicted in this snapshot is a card game, likely poker or blackjack, where the person is playing with cards.","Scene Summary"
"2bb31b69-fcda-4f54-8338-f590944df999","Where is this scene likely taking place?","The scene is indoors, possibly in a living room.","This scene is likely taking place in a living room.","Scene Summary"
"2bb31b69-fcda-4f54-8338-f590944df999","What objects are present in this setting?","Cards, a piece of paper, and a plant.","The setting includes a person sitting on the floor, playing cards, and various objects scattered around.","Scene Summary"
"2bb31b69-fcda-4f54-8338-f590944df999","How is the room furnished?","With a couch, a rug, and various personal items.","The room is furnished with a wooden floor, a television mounted on the wall, and various items scattered around.","Scene Summary"
"2bb31b69-fcda-4f54-8338-f590944df999","What is the approximate time of day in this scene?","It's not discernible from this image.","The scene appears to be set during the day, as indicated by natural light and shadows.","Scene Summary"
"2bb31b69-fcda-4f54-8338-f590944df999","What action is being performed with the cards?","The cards are being reshuffled.","The action being performed with the cards is that one of the players is flipping through them, possibly to reveal a new card or to shuffle it.","Action Caption"
"2bb31b69-fcda-4f54-8338-f590944df999","What is the person across doing?","The person is holding and possibly organizing cards.","The person across is playing a card game, specifically playing cards.","Action Caption"
"2bb31b69-fcda-4f54-8338-f590944df999","What follow-up activity to shuffling is likely?","Dealing the cards to players.","The follow-up activity to shuffling is likely the person in the pink mask and blue shirt continuing to shuffle the deck of cards.","Action Caption"
"2bb31b69-fcda-4f54-8338-f590944df999","Is there more than one participant in the card activity?","Yes.","Yes.","Whether Something Happened(Y/N)"
"2bb31b69-fcda-4f54-8338-f590944df999","Is any reading material involved in the activity?","Yes, there's a piece of paper being held.","Yes, there is a book visible on the floor to the left of the person.","Whether Something Happened(Y/N)"
"2bb31b69-fcda-4f54-8338-f590944df999","Are any electronic devices being used in the game?","No visible electronic devices are used.","Yes, a small electronic device is being used to manipulate the cards.","Whether Something Happened(Y/N)"
"2bb31b69-fcda-4f54-8338-f590944df999","Has any card been laid out on the floor?","No, they're being held or shuffled.","Yes, a card has been laid out on the floor.","Whether Something Happened(Y/N)"
"2bb31b69-fcda-4f54-8338-f590944df999","What activity is taking place in the room?","Playing poker.","The activity taking place in the room is a card game, with one person playing and another observing.","Scene Summary"
"2bb31b69-fcda-4f54-8338-f590944df999","What is the setting of this clip?","Indoors, in a room.","The setting of this clip is a cozy living room with a person sitting on the floor, surrounded by various items such as a remote control, a book, and some papers.","Scene Summary"
"2bb31b69-fcda-4f54-8338-f590944df999","What objects are visible in the scene?","Cards, a carpet, and furniture.","A person is holding a deck of cards, another person's hands are visible in the foreground, and there are various objects scattered on the floor.","Scene Summary"
"2bb31b69-fcda-4f54-8338-f590944df999","Describe the atmosphere of the room.","Casual and leisurely.","The room has a cozy and lived-in atmosphere, with various items scattered around, including a small TV on the wall. The lighting is warm, contributing to the inviting ambiance of the space.","Scene Summary"
"2bb31b69-fcda-4f54-8338-f590944df999","What precedes the dealing of cards in poker?","Reshuffling the cards.","The person in the video is seen holding a deck of cards, preparing to deal them.","Action Caption"
"2bb31b69-fcda-4f54-8338-f590944df999","Did someone shuffle cards in this video?","Yes.","Yes, someone in the video is seen shuffling cards.","Whether Something Happened(Y/N)"
"2bb31b69-fcda-4f54-8338-f590944df999","Is the room set up for a large gathering?","No.","Yes.","Whether Something Happened(Y/N)"
"2bb31b69-fcda-4f54-8338-f590944df999","Are the individuals standing in this video?","No.","No, the individuals are seated on the floor in this video.","Whether Something Happened(Y/N)"
"2bb31b69-fcda-4f54-8338-f590944df999","Was the deck reshuffled before playing the cards?","Yes.","Yes, the deck was reshuffled before playing the cards.","Order Judging(Y/N)"
"2bb31b69-fcda-4f54-8338-f590944df999","What occurs just before picking up the cards?","The cards are spread on floor.","Just before picking up the cards, the person places them on the floor and then picks up a card from their hand.","What event order"
"2bb31b69-fcda-4f54-8338-f590944df999","What action occurs before the deck is seen in a unified stack?","Separate the cards.","Before the deck is seen in a unified stack, the person places their hands on their knees and gestures with their free hand.","What event order"
"2bb31b69-fcda-4f54-8338-f590944df999","What is visible before I separate cards?","Floor and unorganized cards.","Before I separate cards, there is a hand holding a card.","What event order"
"2bb31b69-fcda-4f54-8338-f590944df999","What is the setting of the current video clip?","A room with two people playing cards.","The setting of the current video clip is a cozy living room with a person sitting on the floor, surrounded by various items such as a smartphone, a remote control, and some papers.","Scene Summary"
"2bb31b69-fcda-4f54-8338-f590944df999","What objects are prominent in the video scene?","Playing cards, a phone, and a paper.","The prominent objects in the video scene include a smartphone, a smartphone case, and various items scattered on the floor.","Scene Summary"
"2bb31b69-fcda-4f54-8338-f590944df999","How would you characterize the atmosphere in the video?","Casual and leisurely.","The atmosphere in the video is casual and relaxed, with a focus on leisurely activities such as playing cards.","Scene Summary"
"2bb31b69-fcda-4f54-8338-f590944df999","What actions are being performed in the video clip?","Shuffling, picking, and playing cards.","The actions include the person playing a card game, holding and examining cards, and interacting with someone off-screen.","Action Caption"
"2bb31b69-fcda-4f54-8338-f590944df999","Did the individuals reshuffle the cards in the video?","Yes.","Yes, the individuals reshuffled the cards in the video.","Whether Something Happened(Y/N)"
"2bb31b69-fcda-4f54-8338-f590944df999","Was a phone used during the gameplay?","Yes.","Yes, a phone was used during the gameplay.","Whether Something Happened(Y/N)"
"2bb31b69-fcda-4f54-8338-f590944df999","Was a new game started in the video clip?","Yes.","Yes, a new game was started in the video clip.","Whether Something Happened(Y/N)"
"2bb31b69-fcda-4f54-8338-f590944df999","Did the scene capture any form of disagreement?","No.","No, the scene does not capture any form of disagreement; it is a casual and relaxed interaction between two individuals.","Whether Something Happened(Y/N)"
"2bb31b69-fcda-4f54-8338-f590944df999","In the video, is the poker game started before the cards are reshuffled?","No.","Yes, the poker game is started before the cards are reshuffled.","Order Judging(Y/N)"
"2bb31b69-fcda-4f54-8338-f590944df999","Is the deck spread out on the floor after picking a card?","Yes.","Yes","Order Judging(Y/N)"
"2bb31b69-fcda-4f54-8338-f590944df999","Does the card shuffling happen before sitting on the floor?","No.","No, the card shuffling happens after sitting on the floor.","Order Judging(Y/N)"
"2bb31b69-fcda-4f54-8338-f590944df999","In the video, is the card game initiated before sitting with the lady?","No.","Yes, the card game is initiated before sitting with the lady.","Order Judging(Y/N)"
"2bb31b69-fcda-4f54-8338-f590944df999","What happens before the poker game is played in the video?","Cards are picked.","Before the poker game is played, a person wearing a pink shirt and blue jeans enters the scene holding a smartphone.","What event order"
"2bb31b69-fcda-4f54-8338-f590944df999","What occurs right before reshuffling the cards?","I sit with the lady.","A hand appears, holding a smartphone and interacting with the cards.","What event order"
"2bb31b69-fcda-4f54-8338-f590944df999","What is done just before spreading the cards on the floor?","Cards are picked.","Just before spreading the cards on the floor, a hand is seen holding up two fingers in a peace sign gesture.","What event order"
"2bb31b69-fcda-4f54-8338-f590944df999","In the video, did I play cards before shuffling them?","No.","Yes, you can see the person holding a deck of cards in their hands before shuffling them.","Order Judging(Y/N)"
"2bb31b69-fcda-4f54-8338-f590944df999","In the video, did I shuffle the cards before picking them?","Yes.","Yes, the person in the video picks up a card and then shuffles it before picking another one.","Order Judging(Y/N)"
"2bb31b69-fcda-4f54-8338-f590944df999","What is the action before reshuffling the cards in the video?","Separating the cards.","Before reshuffling, the person is seen holding a smartphone and interacting with the cards on the table.","What event order"
"2bb31b69-fcda-4f54-8338-f590944df999","What is the setting of the video?","A room with two people playing poker.","The video is set in a cozy living room with a warm and inviting atmosphere.","Scene Summary"
"2bb31b69-fcda-4f54-8338-f590944df999","What objects are present in the scene?","Cards, a tablecloth, and personal items on the floor.","The objects present in the scene include a smartphone, a smartphone case, a smartphone earpiece, a smartphone screen protector, a smartphone case with a camera lens cutout, and a smartphone case with a microphone. There is also a smartphone lying on the floor near the person playing cards.","Scene Summary"
"2bb31b69-fcda-4f54-8338-f590944df999","What is the main focus of the camera?","The poker game and the players' actions.","The main focus of the camera is on a person sitting on the floor, engaged in playing cards.","Scene Summary"
"2bb31b69-fcda-4f54-8338-f590944df999","What stage of the game is shown?","The preparation phase, shuffling and dealing cards.","The video shows the game in progress, with one player actively playing cards and another observing.","Action Caption"
"2bb31b69-fcda-4f54-8338-f590944df999","Capture the essence of the action in a short phrase.","An intense poker game in progress.","A person is seen holding a smartphone while playing cards, with another individual in the background.","Action Caption"
"2bb31b69-fcda-4f54-8338-f590944df999","Did the person shuffle the cards more than once?","Yes.","Yes, the person shuffled the cards more than once.","Whether Something Happened(Y/N)"
"2bb31b69-fcda-4f54-8338-f590944df999","Is there another activity besides poker being portrayed?","No.","Yes, there is another activity portrayed in the video.","Whether Something Happened(Y/N)"
"2bb31b69-fcda-4f54-8338-f590944df999","Are both players sitting on chairs?","No, they are sitting on the floor.","No, only one player is sitting on a chair.","Whether Something Happened(Y/N)"
"2bb31b69-fcda-4f54-8338-f590944df999","In the video, is the card reshuffling performed before picking the cards?","No","Yes, the card reshuffling is performed before picking the cards.","Order Judging(Y/N)"
"2bb31b69-fcda-4f54-8338-f590944df999","Is the lady X present in the room before I reshuffle the cards?","Yes","Yes, the lady X is present in the room before I reshuffle the cards.","Order Judging(Y/N)"
"2bb31b69-fcda-4f54-8338-f590944df999","Do I play the cards before lady X picks her phone?","No","No, the video does not show any action of playing the cards before lady X picks her phone.","Order Judging(Y/N)"
"2bb31b69-fcda-4f54-8338-f590944df999","Are the cards picked before they are played?","Yes","Yes, the cards are picked before they are played.","Order Judging(Y/N)"
"2bb31b69-fcda-4f54-8338-f590944df999","What happens just before the cards are played in the video?","The cards are reshuffled.","Just before the cards are played, a hand holding a smartphone appears and starts to play the game.","What event order"
"2bb31b69-fcda-4f54-8338-f590944df999","What do we see happening just before the cards are picked?","The cards are reshuffled.","Just before the cards are picked, we see a person holding a smartphone and interacting with them.","What event order"
"2bb31b69-fcda-4f54-8338-f590944df999","What action takes place before reshuffling the cards?","The cards are picked.","Before reshuffling, the person in the purple shirt is seen holding a card and appears to be preparing for it.","What event order"
"2bb31b69-fcda-4f54-8338-f590944df999","Before the poker game begins, what is the last action performed?","The cards are reshuffled.","The last action performed is the person in the purple shirt holding a white object, possibly a piece of paper or card, and gesturing with their hand.","What event order"
"2bb31b69-fcda-4f54-8338-f590944df999","Did the card reshuffling happen before picking the cards?","No","Yes, the card reshuffling happened before picking the cards.","Order Judging(Y/N)"
"2bb31b69-fcda-4f54-8338-f590944df999","Was playing cards done after picking the cards?","Yes","Yes, after picking the cards, both hands were seen holding the playing cards.","Order Judging(Y/N)"
"2bb31b69-fcda-4f54-8338-f590944df999","What happened just before playing poker cards?","Reshuffled the cards","Just before playing poker cards, the person in the foreground was seen holding a smartphone and gesturing with their hand.","What event order"
"2bb31b69-fcda-4f54-8338-f590944df999","What occurs right before reshuffling the cards?","Picked the cards","A hand holding a smartphone appears, possibly to take a photo or record the event.","What event order"
"2bb31b69-fcda-4f54-8338-f590944df999","What action took place just before picking the cards?","Reshuffled the cards","Just before picking the cards, a hand holding a smartphone was seen.","What event order"
"2bb31b69-fcda-4f54-8338-f590944df999","What environment is presented in the video?","A casual indoor space with a card game being played.","The video is set in a cozy living room with wooden flooring, where two individuals are engaged in an activity involving playing cards and a smartphone.","Scene Summary"
"2bb31b69-fcda-4f54-8338-f590944df999","What sequence of actions is depicted here?","Selecting, organizing, and using cards in a game is depicted.","The sequence of actions depicted in the video is a person sitting on the floor, engaging with another individual who is holding a smartphone and playing cards. The person on the phone appears to be showing or explaining something to the other person, possibly discussing their game or strategy.","Action Caption"
"2bb31b69-fcda-4f54-8338-f590944df999","How are the participants utilizing the items?","They are using cards for a recreational activity.","The participants are using the items in a playful manner, with one person holding and interacting with a smartphone while another holds a smartphone.","Action Caption"
"2bb31b69-fcda-4f54-8338-f590944df999","Is there a competitive game being played in this scene?","Yes.","Yes, there is a competitive game being played in this scene.","Whether Something Happened(Y/N)"
"2bb31b69-fcda-4f54-8338-f590944df999","Has any card been placed face-up on the carpet?","Yes.","Yes, a card has been placed face-up on the carpet.","Whether Something Happened(Y/N)"
"2bb31b69-fcda-4f54-8338-f590944df999","Are there drinks present on the floor beside the players?","Yes.","Yes, there are drinks present on the floor beside the players.","Whether Something Happened(Y/N)"
"2bb31b69-fcda-4f54-8338-f590944df999","Is there a document visible on the floor?","Yes.","Yes.","Whether Something Happened(Y/N)"
"2bb31b69-fcda-4f54-8338-f590944df999","Are both participants actively selecting cards?","Yes.","Yes, both participants are actively selecting cards.","Whether Something Happened(Y/N)"
"2bb31b69-fcda-4f54-8338-f590944df999","Is the poker game played before reshuffling the cards?","No","Yes, the poker game is played before reshuffling the cards.","Order Judging(Y/N)"
"2bb31b69-fcda-4f54-8338-f590944df999","What action is performed immediately before reshuffling?","Picking the cards","Before reshuffling, the person in the foreground is seen holding a smartphone and appears to be interacting with it.","What event order"
"2bb31b69-fcda-4f54-8338-f590944df999","Was the poker card played after the cards were picked?","Yes.","Yes, the poker card was played after the cards were picked.","Order Judging(Y/N)"
"2bb31b69-fcda-4f54-8338-f590944df999","What action occurs before playing the card game?","Separating cards.","Before playing the card game, a person in blue is seen holding a smartphone and appears to be showing something on it.","What event order"
"2bb31b69-fcda-4f54-8338-f590944df999","What is done just before reshuffling the cards?","Picking the cards.","Just before reshuffling the cards, one of the individuals is seen holding a small object in their hand.","What event order"
"2bb31b69-fcda-4f54-8338-f590944df999","What is the main setting of this scene?","The setting is a room where a poker card game is being played.","The main setting of this scene is a cozy living room with wooden flooring, where two individuals are engaged in playing cards.","Scene Summary"
"2bb31b69-fcda-4f54-8338-f590944df999","How many participants are involved in the card game?","There are two participants in the card game.","Two participants are involved in the card game.","Scene Summary"
"2bb31b69-fcda-4f54-8338-f590944df999","What objects are primarily visible on the table?","Visible objects include poker cards and scattered items.","A cup and a smartphone are primarily visible on the table.","Scene Summary"
"2bb31b69-fcda-4f54-8338-f590944df999","Describe the sequence of actions with the poker cards.","The poker cards are picked up, shuffled, then played in turns.","The sequence of actions begins with the person holding a deck of cards, preparing to deal them. The dealer then places one card face down on the table and starts dealing from the top. The player receives their turn by placing their hand on the table in front of them.","Action Caption"
"2bb31b69-fcda-4f54-8338-f590944df999","Did I carry out a reshuffle of the poker cards?","Yes.","Yes, the person in the pink shirt was seen holding a card and making a reshuffle of the poker cards.","Whether Something Happened(Y/N)"
"2bb31b69-fcda-4f54-8338-f590944df999","Was a complete poker game played in this clip?","Yes.","Yes, the video captures a complete poker game in progress. The players are seen playing cards and making hand decisions, with one player holding a cup of coffee while another is actively participating by placing bets on the table.","Whether Something Happened(Y/N)"
"2bb31b69-fcda-4f54-8338-f590944df999","Did the game involve more than two players?","No.","Yes, the game involved more than two players.","Whether Something Happened(Y/N)"
"2bb31b69-fcda-4f54-8338-f590944df999","Did I participate in dealing the cards?","Yes.","Yes, you can see your hands in the frame as you are seen holding and dealing cards.","Whether Something Happened(Y/N)"
"2bb31b69-fcda-4f54-8338-f590944df999","In the video, did the card shuffling happen before playing the game?","Yes.","Yes, the card shuffling happened before playing the game.","Order Judging(Y/N)"
"2bb31b69-fcda-4f54-8338-f590944df999","Did the playing of poker cards occur before reshuffling the cards?","No.","Yes, the playing of poker cards occurred before reshuffling.","Order Judging(Y/N)"
"2bb31b69-fcda-4f54-8338-f590944df999","Did picking the cards happen after playing the card game?","No.","Yes, the person in the pink shirt is seen picking up a card from the table and placing it on their hand.","Order Judging(Y/N)"
"2bb31b69-fcda-4f54-8338-f590944df999","What happens just before playing the poker card game in the video?","Reshuffling the cards.","Just before playing the poker card game, the person in the pink shirt is seen holding a cup and drinking from it.","What event order"
"2bb31b69-fcda-4f54-8338-f590944df999","What occurs directly before playing the card game?","Separating the cards.","A person is seen holding a cup, possibly to drink from it.","What event order"
"2bb31b69-fcda-4f54-8338-f590944df999","In the video, was the poker card played before they were reshuffled?","No","Yes, the poker card was played before they were reshuffled.","Order Judging(Y/N)"
"2bb31b69-fcda-4f54-8338-f590944df999","In the clip, was the poker card reshuffled after card separation?","Yes","Yes, the poker card was reshuffled after card separation.","Order Judging(Y/N)"
"2bb31b69-fcda-4f54-8338-f590944df999","What occurs just before playing the poker card in the video?","Reshuffling the cards","Just before playing the poker card, the person in the pink shirt is seen holding a cup and drinking from it.","What event order"
"2bb31b69-fcda-4f54-8338-f590944df999","In the video, what event precedes playing the card game?","Separating cards","The event that precedes playing the card game is a person holding a cup, possibly enjoying a drink.","What event order"
"2bb31b69-fcda-4f54-8338-f590944df999","What does this video clip depict in the room scene?","The video shows a card game session in a room.","The video clip depicts a person sitting on the floor in a room, engaged in playing a card game. The room is furnished with a couch and various items scattered around, including a remote control, a small table, and some clothes.","Scene Summary"
"2bb31b69-fcda-4f54-8338-f590944df999","What can you infer about the location in the video?","It is a casual, home-like space with a seated person.","The location appears to be a casual indoor setting, possibly a living room or a similar space. The presence of various items like the remote control and the small table with a cup suggests it is a lived-in area.","Scene Summary"
"2bb31b69-fcda-4f54-8338-f590944df999","Do these frames show any specific action with the cards?","Yes, the cards are being reshuffled by the person.","Yes, the frames show a hand reaching out to pick up one of the cards from the table.","Action Caption"
"2bb31b69-fcda-4f54-8338-f590944df999","Did the scene show a game in progress?","Yes.","Yes, the scene shows a game in progress as indicated by the cards being dealt and the person's focused engagement with them.","Whether Something Happened(Y/N)"
"2bb31b69-fcda-4f54-8338-f590944df999","Was there a card shuffle taking place?","Yes.","Yes, there was a card shuffle taking place.","Whether Something Happened(Y/N)"
"2bb31b69-fcda-4f54-8338-f590944df999","Did they play the cards on a traditional table?","No.","No, they played the cards on a floor.","Whether Something Happened(Y/N)"
"2bb31b69-fcda-4f54-8338-f590944df999","Was the person alone in this activity?","No.","Yes, the person was alone in this activity.","Whether Something Happened(Y/N)"
"2bb31b69-fcda-4f54-8338-f590944df999","Did the video capture an outdoor event?","No.","No, the video does not capture an outdoor event. It focuses on indoor activities and interactions between two individuals in a living room setting.","Whether Something Happened(Y/N)"
"2bb31b69-fcda-4f54-8338-f590944df999","What action takes place immediately before the carpet is covered?","Sitting down.","Before the carpet is covered, a hand reaches out and picks up the card from the table.","What event order"
"2bb31b69-fcda-4f54-8338-f590944df999","Is the card game played before reshuffling the cards?","No","Yes, the card game is played before reshuffling the cards.","Order Judging(Y/N)"
"2bb31b69-fcda-4f54-8338-f590944df999","Is picking the cards shown before separating them?","Yes","Yes, the person is seen picking up a card from the table and then separating it into two parts.","Order Judging(Y/N)"
"2bb31b69-fcda-4f54-8338-f590944df999","Does separating cards happen before reshuffling?","Yes","Yes, before reshuffling, the cards are separated and shuffled.","Order Judging(Y/N)"
"2bb31b69-fcda-4f54-8338-f590944df999","Is reshuffling the cards shown before playing poker?","Yes","Yes, the video shows a person reshuffling the cards before starting to play poker.","Order Judging(Y/N)"
"2bb31b69-fcda-4f54-8338-f590944df999","Does picking cards occur before playing the card game?","Yes","Yes, picking cards occurs before playing the card game.","Order Judging(Y/N)"
"2bb31b69-fcda-4f54-8338-f590944df999","What is the current setting in the video clip?","A room where a card game is being played.","The video clip is set in a cozy living room with a comfortable seating arrangement, featuring a person sitting on the floor and another person standing nearby. The room has a warm ambiance, enhanced by soft lighting and a casual atmosphere.","Scene Summary"
"2bb31b69-fcda-4f54-8338-f590944df999","What objects are central to the scene in the video?","A deck of poker cards.","The central objects in the scene are a person playing cards, a small dog lying on the floor, and various items scattered around.","Scene Summary"
"2bb31b69-fcda-4f54-8338-f590944df999","What is the main focus of the scene?","The act of playing a poker game.","The main focus of the scene is a person playing a card game, with another individual observing and possibly participating in the game.","Scene Summary"
"2bb31b69-fcda-4f54-8338-f590944df999","Detail the sequence of actions with the cards.","Cards are being selected, shuffled, and dealt for poker.","The video begins with a person sitting on the floor in front of a room filled with various objects, including a television and a dog. The person is wearing glasses and has their hands resting on their knees while holding a card in one hand. They are surrounded by several other cards scattered around them. A small dog appears to be lying down near the center of the frame.The scene transitions to the same person still seated on the floor, now looking at the scattered cards. They pick up another card from the ground and examine it closely before placing it back on the table. The background remains consistent throughout this part of the video, showing the same room setup with the television and dog still visible.In the final part of the video, the person continues to look at the scattered cards, maintaining their focus on the items in their hands. The background remains unchanged, providing continuity to the previous scenes.","Action Caption"
"2bb31b69-fcda-4f54-8338-f590944df999","Does the scene show a poker game in action?","Yes.","Yes, the scene shows a poker game in action.","Whether Something Happened(Y/N)"
"2bb31b69-fcda-4f54-8338-f590944df999","Does the video include a moment of card shuffling?","Yes.","Yes, the video includes a moment of card shuffling where one person is seen holding up cards from a deck.","Whether Something Happened(Y/N)"
"2bb31b69-fcda-4f54-8338-f590944df999","Is a card game being organized on a carpet?","Yes.","Yes","Whether Something Happened(Y/N)"
"2bb31b69-fcda-4f54-8338-f590944df999","Does the clip show someone dealing cards?","Yes.","Yes, the clip shows someone dealing cards.","Whether Something Happened(Y/N)"
"2bb31b69-fcda-4f54-8338-f590944df999","Is the lady sitting on the floor while playing cards?","Yes.","Yes","Whether Something Happened(Y/N)"
"2bb31b69-fcda-4f54-8338-f590944df999","Did the card shuffling happen before playing cards?","Yes","Yes, the card shuffling happened before playing cards.","Order Judging(Y/N)"
"2bb31b69-fcda-4f54-8338-f590944df999","Was the room entered before the cards were reshuffled?","Yes","Yes, the room was entered before the cards were reshuffled.","Order Judging(Y/N)"
"2bb31b69-fcda-4f54-8338-f590944df999","Did card shuffling occur before the cards were picked?","No","Yes, the card shuffling occurred before the cards were picked.","Order Judging(Y/N)"
"2bb31b69-fcda-4f54-8338-f590944df999","What action is performed right before playing cards?","Reshuffling the cards","A hand reaches towards the camera, possibly to pick up or adjust a card.","What event order"
"2bb31b69-fcda-4f54-8338-f590944df999","What happens just before reshuffling the cards?","Picking up the cards","Just before reshuffling, the person in the foreground reaches out to grab a card from the deck.","What event order"
"2bb31b69-fcda-4f54-8338-f590944df999","What is done immediately before picking up cards?","Entering the room","Immediately before picking up cards, the person in the video is seen holding a card and looking at it.","What event order"
"2bb31b69-fcda-4f54-8338-f590944df999","What takes place immediately after reshuffling cards?","Playing cards","Immediately after reshuffling cards, the person in the foreground reaches out to pick up a card from the deck.","What event order"
"2bb31b69-fcda-4f54-8338-f590944df999","In the video, is the poker game started before reshuffling the cards?","No","Yes, the poker game is started before reshuffling the cards.","Order Judging(Y/N)"
"2bb31b69-fcda-4f54-8338-f590944df999","In the video, is the poker game initiated before the cards are spread out on the floor?","Yes","Yes, the poker game is initiated before the cards are spread out on the floor.","Order Judging(Y/N)"
"2bb31b69-fcda-4f54-8338-f590944df999","What happens just before the cards are reshuffled in the video?","The cards are picked up","Just before the cards are reshuffled, a hand appears from the right side of the frame, holding a card and gesturing towards it.","What event order"
"2bb31b69-fcda-4f54-8338-f590944df999","What happens immediately before the cards are spread out on the floor?","Poker game is played","A hand appears, holding a card with a red and white pattern.","What event order"
"2bb31b69-fcda-4f54-8338-f590944df999","What activity is being depicted in this room?","A card game is being played in the room.","The activity depicted in the room is a group of people engaged in playing a card game, possibly a variation of 'Clue' or similar card games.","Scene Summary"
"2bb31b69-fcda-4f54-8338-f590944df999","What can you deduce about the space shown?","It's a lived-in room with a casual, cozy setting.","The space shown is a cozy living room with a warm and inviting atmosphere. The room features a comfortable seating area, a television on the wall, and various personal items scattered around, including a small dog lying on the floor.","Scene Summary"
"2bb31b69-fcda-4f54-8338-f590944df999","Where are the players sitting in the scenario?","The players are seated on the floor.","The players are sitting on the floor in a cozy, homey setting.","Scene Summary"
"2bb31b69-fcda-4f54-8338-f590944df999","What are the visible objects associated with the activity?","Playing cards and casual footwear are visible.","The visible objects associated with the activity include a smartphone, a smartphone case, and a smartphone screen.","Scene Summary"
"2bb31b69-fcda-4f54-8338-f590944df999","Does playing poker occur after picking cards?","Yes","Yes, after picking cards, the person in the purple shirt starts to shuffle the deck of cards.","Order Judging(Y/N)"
"2bb31b69-fcda-4f54-8338-f590944df999","Are cards picked before reshuffling?","Yes","Yes, cards are picked before reshuffling.","Order Judging(Y/N)"
"2bb31b69-fcda-4f54-8338-f590944df999","Is the poker card played after reshuffling?","Yes","Yes, the poker card is played after reshuffling.","Order Judging(Y/N)"
"2bb31b69-fcda-4f54-8338-f590944df999","What happens just before reshuffling the cards?","Picking the cards","Just before reshuffling, the person in the purple shirt starts to shuffle the cards.","What event order"
"2bb31b69-fcda-4f54-8338-f590944df999","In the video, is a card picked up before reshuffling the deck?","No","Yes, a card is picked up before reshuffling the deck.","Order Judging(Y/N)"
"2bb31b69-fcda-4f54-8338-f590944df999","In the video, does playing cards occur before picking any card from the deck?","No","Yes, the video shows a sequence where one person picks up a card from the deck and then places it back on the table.","Order Judging(Y/N)"
"2bb31b69-fcda-4f54-8338-f590944df999","In the video, what happens before reshuffling the cards?","Picking up the cards","Before reshuffling, the person in the purple glasses is seen holding a card and looking at it.","What event order"
"2bb31b69-fcda-4f54-8338-f590944df999","What takes place just after the cards are picked up?","Reshuffling the cards","After the cards are picked up, a hand reaches out to pick up one of the cards.","What event order"
"2bb31b69-fcda-4f54-8338-f590944df999","What is done right after reshuffling the deck?","Playing poker cards","The person in the video is seen holding a card and looking at it, possibly contemplating their next move.","What event order"
"2bb31b69-fcda-4f54-8338-f590944df999","What is the setting of the scene depicted?","The setting is inside a room with two individuals playing poker.","The scene is set in a cozy living room with a warm and inviting atmosphere. The room features a comfortable seating area, a television on the wall, and various personal items scattered around, creating a homely environment for the individuals involved in the activity.","Scene Summary"
"2bb31b69-fcda-4f54-8338-f590944df999","What objects are prominent in this scene?","Poker cards and hands are prominent in the scene.","The prominent objects in this scene include a person wearing glasses, a pair of shoes, and a small electronic device. There are also several playing cards spread out on the floor, indicating that they might be engaged in a card game or activity.","Scene Summary"
"2bb31b69-fcda-4f54-8338-f590944df999","Is there a card game being played in this video?","Yes.","Yes, there is a card game being played in this video.","Whether Something Happened(Y/N)"
"2bb31b69-fcda-4f54-8338-f590944df999","Does this video show a person dealing cards?","Yes.","Yes, the video shows a person dealing cards.","Whether Something Happened(Y/N)"
"2bb31b69-fcda-4f54-8338-f590944df999","Are the poker cards being reshuffled in this scene?","Yes.","Yes, the poker cards are being reshuffled in this scene.","Whether Something Happened(Y/N)"
"2bb31b69-fcda-4f54-8338-f590944df999","Did the card reshuffling occur before playing poker?","Yes.","Yes, the card reshuffling occurred before playing poker.","Order Judging(Y/N)"
"2bb31b69-fcda-4f54-8338-f590944df999","Do I wear blue sleeves before the lady reads a card?","Yes.","Yes, the lady is wearing blue sleeves before she reads a card.","Order Judging(Y/N)"
"2bb31b69-fcda-4f54-8338-f590944df999","Are poker cards spread on the carpet before organizing them into rows?","Yes.","Yes, poker cards are spread out on the carpet before organizing them into rows.","Order Judging(Y/N)"
"2bb31b69-fcda-4f54-8338-f590944df999","Is the picking of cards done before reshuffling?","No","Yes, the picking of cards is done before reshuffling.","Order Judging(Y/N)"
"2bb31b69-fcda-4f54-8338-f590944df999","Is playing poker done after reshuffling cards?","Yes","Yes, after reshuffling cards, the game is completed.","Order Judging(Y/N)"
"2bb31b69-fcda-4f54-8338-f590944df999","Does the reshuffling occur before arranging cards on the floor?","Yes","Yes, the reshuffling occurs before arranging cards on the floor.","Order Judging(Y/N)"
"2bb31b69-fcda-4f54-8338-f590944df999","What takes place right before picking cards?","Sitting in the room","A hand reaches out to pick up a card from the table.","What event order"
"2bb31b69-fcda-4f54-8338-f590944df999","What activity is taking place in this clip?","Playing cards with a woman.","The activity taking place in this clip is a group of people playing a card game, likely a variation of 'Clue' or similar card games.","Scene Summary"
"2bb31b69-fcda-4f54-8338-f590944df999","What is the setting of this scene?","Inside a house.","The setting of this scene is a cozy living room with a warm and inviting atmosphere. The room features a comfortable couch, a coffee table, and various personal items scattered around, creating an intimate and homely environment for the individuals playing cards.","Scene Summary"
"2bb31b69-fcda-4f54-8338-f590944df999","What objects are prominently featured in this clip?","Cards and a carpet.","The objects prominently featured in this clip include a person wearing glasses, engaging with a deck of cards, and another individual holding the deck. The setting appears to be a casual indoor environment with various items scattered around, such as a water bottle, a remote control, and some personal belongings.","Scene Summary"
"2bb31b69-fcda-4f54-8338-f590944df999","What is the atmosphere in this scene?","Casual indoor leisure.","The atmosphere in this scene is casual and relaxed, with the participants engaged in a friendly game of cards.","Scene Summary"
"2bb31b69-fcda-4f54-8338-f590944df999","Is there any interaction between the players?","Yes, they are playing a game together.","Yes, there is a moment of interaction where one player points at the cards and gestures towards them.","Action Caption"
"2bb31b69-fcda-4f54-8338-f590944df999","Can you describe the table setup for the game?","Cards are spread out haphazardly on the carpet.","The table setup for the game includes a large, colorful tablecloth with various items scattered around it. There are several playing cards spread out on the table, and two hands are visible in the video, one holding a card and another pointing at something off-screen.","Action Caption"
"2bb31b69-fcda-4f54-8338-f590944df999","How are the players seated during the game?","They are sitting cross-legged on the floor.","The players are seated on the floor, facing each other.","Action Caption"
"2bb31b69-fcda-4f54-8338-f590944df999","Did the game just start?","No, it is in progress as cards are already spread out.","Yes, the game appears to have just started as indicated by the person's focused attention and the presence of cards on the table.","Whether Something Happened(Y/N)"
"2bb31b69-fcda-4f54-8338-f590944df999","Did reshuffling the cards happen before playing the poker cards?","Yes.","Yes, the person in the foreground is seen reshuffling the cards before playing the poker cards.","Order Judging(Y/N)"
"2bb31b69-fcda-4f54-8338-f590944df999","Did laying out the cards on the floor occur after sitting down?","Yes.","Yes, the cards were laid out on the floor after sitting down.","Order Judging(Y/N)"
"2bb31b69-fcda-4f54-8338-f590944df999","Did the game of cards start after the cards were laid out?","Yes.","Yes, the game of cards began after the cards were laid out.","Order Judging(Y/N)"
"2bb31b69-fcda-4f54-8338-f590944df999","Did I play cards before reshuffling them?","No","Yes, you can see the cards being shuffled in front of you.","Order Judging(Y/N)"
"2bb31b69-fcda-4f54-8338-f590944df999","Was the rug visible before I dealt the cards?","Yes","Yes, the rug was visible before I dealt the cards.","Order Judging(Y/N)"
"2bb31b69-fcda-4f54-8338-f590944df999","Did I spread cards on the floor before sitting down?","Yes","Yes, the person sitting down spread cards on the floor before sitting down.","Order Judging(Y/N)"
"2bb31b69-fcda-4f54-8338-f590944df999","Were cards in my hand before reshuffling?","No","Yes, the person in the foreground is holding a card and appears to be reshuffling it.","Order Judging(Y/N)"
"2bb31b69-fcda-4f54-8338-f590944df999","Was I seated before the cards were displayed face-up?","Yes","Yes, you were seated before the cards were displayed face-up.","Order Judging(Y/N)"
"2bb31b69-fcda-4f54-8338-f590944df999","What happened just before playing cards?","Reshuffled the cards","Just before playing cards, the person in the foreground was seen holding a card and gesturing with their hand.","What event order"
"2bb31b69-fcda-4f54-8338-f590944df999","What happened before reshuffling the cards?","Sat in the room","Before reshuffling, the person was seen holding a card and gesturing with their hand.","What event order"
"2bb31b69-fcda-4f54-8338-f590944df999","What did I do before spreading cards on the floor?","Reshuffled them","Before spreading cards on the floor, the person was seen holding a card and gesturing with their hand.","What event order"
"2bb31b69-fcda-4f54-8338-f590944df999","What action took place before sitting down?","Entered the room","Before sitting down, the person was seen holding a card and gesturing with their hand.","What event order"
"2bb31b69-fcda-4f54-8338-f590944df999","What activity is being performed in the scene?","Playing cards is the activity.","The activity being performed in the scene is a card game, specifically playing cards.","Scene Summary"
"2bb31b69-fcda-4f54-8338-f590944df999","How many individuals are participating in the activity?","Two individuals are participating.","Two individuals are participating in the activity.","Scene Summary"
"2bb31b69-fcda-4f54-8338-f590944df999","Can you describe the setting of the video clip?","The setting is indoors, on the floor with a rug.","The video clip is set in a cozy living room with a warm and inviting atmosphere. The room features a comfortable couch, a coffee table, and various personal items scattered around, creating a homely environment for the card game.","Scene Summary"
"2bb31b69-fcda-4f54-8338-f590944df999","What is the gender composition of the participants?","One male and one female are participating.","The gender composition of the participants is not explicitly stated, but it appears to be a mix of genders.","Scene Summary"
"2bb31b69-fcda-4f54-8338-f590944df999","How are the participants positioned in the clip?","They are sitting on the floor.","The participants are positioned in a relaxed manner, with one person seated on the floor and another standing behind them.","Action Caption"
"2bb31b69-fcda-4f54-8338-f590944df999","Describe the interaction between the individuals.","They are engaged in a card game.","The individuals are deeply engaged in a card game, with one person actively playing the cards and another observing. The atmosphere is lively and focused on their interaction, highlighting the concentration and enjoyment of both players.","Action Caption"
"2bb31b69-fcda-4f54-8338-f590944df999","Are there any other objects involved in the action?","Yes, a deck of cards is involved.","Yes, there is a small table with various items on it in the background.","Action Caption"
"2bb31b69-fcda-4f54-8338-f590944df999","Is there a competitive activity occurring in the video?","Yes.","Yes, there is a competitive activity occurring in the video.","Whether Something Happened(Y/N)"
"2bb31b69-fcda-4f54-8338-f590944df999","Is there a visible winner in the card game?","No.","Yes, the person in the foreground is seen holding up a card with their hand, indicating that they have won.","Whether Something Happened(Y/N)"
"2bb31b69-fcda-4f54-8338-f590944df999","Did I pick up a card before shuffling the deck?","No","Yes, you picked up a card before shuffling the deck.","Order Judging(Y/N)"
"2bb31b69-fcda-4f54-8338-f590944df999","Was the woman seen holding cards before I laid mine on the floor?","Yes","Yes, the woman was seen holding cards before I laid mine on the floor.","Order Judging(Y/N)"
"2bb31b69-fcda-4f54-8338-f590944df999","Did I deal cards to the woman before sitting down?","No","Yes, the woman dealt cards to you before sitting down.","Order Judging(Y/N)"
"2bb31b69-fcda-4f54-8338-f590944df999","Did the woman adjust her glasses before smiling at me?","Yes","Yes, the woman adjusted her glasses before smiling at me.","Order Judging(Y/N)"
"2bb31b69-fcda-4f54-8338-f590944df999","Was the woman's sock visible before she crossed her legs?","Yes","Yes, the woman's sock was visible before she crossed her legs.","Order Judging(Y/N)"
"2bb31b69-fcda-4f54-8338-f590944df999","What did the woman do before looking at her hand of cards?","She crossed her legs","She was seen holding a card and gesturing with her hand.","What event order"
"2bb31b69-fcda-4f54-8338-f590944df999","What occurred before the woman adjusted her glasses?","She held her cards","Before the woman adjusted her glasses, she was focused on playing a card game.","What event order"
"2bb31b69-fcda-4f54-8338-f590944df999","What action took place before I dealt the cards?","I picked up the deck","Before I dealt the cards, a hand appeared from the right side of the frame and began to deal the cards.","What event order"
"2bb31b69-fcda-4f54-8338-f590944df999","In the video, is the poker game started before reshuffling the cards?","No","Yes, the poker game is started before reshuffling the cards.","Order Judging(Y/N)"
"2bb31b69-fcda-4f54-8338-f590944df999","In the sequence, does the lady pick up her cards before the cards are laid out on the floor?","Yes","Yes, the lady picks up her cards before the cards are laid out on the floor.","Order Judging(Y/N)"
"2bb31b69-fcda-4f54-8338-f590944df999","In the clip, do the cards get scattered on the table before being picked up?","Yes","Yes, the cards get scattered on the table before being picked up.","Order Judging(Y/N)"
"2bb31b69-fcda-4f54-8338-f590944df999","Does the video show the lady with cards in hand before the cards are shuffled?","No","Yes, the video shows the lady with cards in hand before the cards are shuffled.","Order Judging(Y/N)"
"2bb31b69-fcda-4f54-8338-f590944df999","What occurs just before the lady picks up her cards?","Cards are laid out on the floor","Just before the lady picks up her cards, a hand appears from behind holding a card.","What event order"
"2bb31b69-fcda-4f54-8338-f590944df999","In the video, what happens before the cards are reshuffled?","A round of poker is played","Before the cards are reshuffled, the person in the foreground is seen holding a card and looking at it.","What event order"
"2bb31b69-fcda-4f54-8338-f590944df999","What event happens before the cards get scattered on the table?","The lady picks up her cards","Before the cards get scattered on the table, a person is seen holding up a card.","What event order"
"2bb31b69-fcda-4f54-8338-f590944df999","What do we see happening before the cards are laid out on the floor?","Reshuffling of cards","Before the cards are laid out on the floor, we see a person wearing glasses and a purple top holding a card in their hand. The scene is set in a room with a cozy atmosphere, featuring a television screen, a couch, and some furniture.","What event order"
"2bb31b69-fcda-4f54-8338-f590944df999","What action takes place before the poker game starts?","Cards are reshuffled","Before the poker game starts, a hand is shown holding two cards.","What event order"
"2bb31b69-fcda-4f54-8338-f590944df999","What is the setting of this video clip?","I played cards with a woman inside a house.","The setting of the video clip appears to be a cozy living room with a comfortable seating area, including a couch and a chair. The atmosphere is relaxed and casual, suggesting that it might be a leisurely evening or a weekend night spent in good company.","Scene Summary"
"2bb31b69-fcda-4f54-8338-f590944df999","How many people are involved in the scene?","Two people are involved in the scene.","There are two people involved in the scene.","Scene Summary"
"2bb31b69-fcda-4f54-8338-f590944df999","Is there a competitive element visible here?","Yes, the card game implies a competitive interaction.","Yes, there is a competitive element visible in the video. The person on the right appears to be making strategic moves with their cards, indicating an ongoing game or competition.","Action Caption"
"2bb31b69-fcda-4f54-8338-f590944df999","Did the individuals rearrange the furniture for playing?","No.","Yes, the individuals rearranged the furniture to create a more comfortable playing area.","Whether Something Happened(Y/N)"
"2bb31b69-fcda-4f54-8338-f590944df999","Did someone draw a card in the clip?","Yes.","Yes, someone drew a card from the deck of cards.","Whether Something Happened(Y/N)"
"2bb31b69-fcda-4f54-8338-f590944df999","Did the scene involve any form of digital technology?","No.","Yes, the scene involved digital technology as indicated by the person's hands moving through a sequence of cards.","Whether Something Happened(Y/N)"
"2bb31b69-fcda-4f54-8338-f590944df999","Did the people appear to be outdoors?","No.","Yes, the people appear to be outdoors as there is natural light and a glimpse of greenery in the background.","Whether Something Happened(Y/N)"
"2bb31b69-fcda-4f54-8338-f590944df999","In the video, did the shoe appear before the card deck on the carpet?","Yes","Yes, the shoe appears before the card deck on the carpet.","Order Judging(Y/N)"
"2bb31b69-fcda-4f54-8338-f590944df999","Was the hand holding cards before the bottle was seen?","Yes","Yes, the hand holding cards was seen before the bottle.","Order Judging(Y/N)"
"2bb31b69-fcda-4f54-8338-f590944df999","In the clip, did the playing of cards happen before the plant was visible?","No","Yes, the playing of cards happened before the plant was visible.","Order Judging(Y/N)"
"2bb31b69-fcda-4f54-8338-f590944df999","What is shown before the bottle on the left side of the frame?","Cards on the floor","The bottle is shown on the left side of the frame, partially obscured by a person's leg.","What event order"
"2bb31b69-fcda-4f54-8338-f590944df999","What do you see before the plant in the video's background?","A sofa","Before the plant, there is a wall with a light switch and some electrical outlets.","What event order"
"2bb31b69-fcda-4f54-8338-f590944df999","Was the rug straightened before I sat down to play?","No.","Yes, the rug was straightened before I sat down to play.","Order Judging(Y/N)"
"2bb31b69-fcda-4f54-8338-f590944df999","Did I touch my foot before picking more cards from the pile?","No.","No, you didn't touch your foot before picking more cards from the pile.","Order Judging(Y/N)"
"2bb31b69-fcda-4f54-8338-f590944df999","Were the cards spread out on the rug before the game started?","No.","Yes, the cards were spread out on the rug before the game started.","Order Judging(Y/N)"
"2bb31b69-fcda-4f54-8338-f590944df999","Did I pick a card from my hand before the woman looked at hers?","Yes.","Yes, the woman picked a card from her hand before she looked at hers.","Order Judging(Y/N)"
"2bb31b69-fcda-4f54-8338-f590944df999","What occurs just before I look at my cards?","I pick them up.","Just before I look at my cards, the person in the video is seen holding a card and gesturing with their hand.","What event order"
"2bb31b69-fcda-4f54-8338-f590944df999","What action takes place before the game begins?","Sitting down on the rug.","Before the game begins, a hand reaches out to pick up a card from the deck.","What event order"
"2bb31b69-fcda-4f54-8338-f590944df999","What happens before more cards are picked from the pile?","Playing a round of cards.","Before more cards are picked from the pile, a hand reaches out to pick up one of the remaining cards.","What event order"
"2bb31b69-fcda-4f54-8338-f590944df999","What activity takes place in this scene?","Playing cards in the house.","The activity takes place in a room where two people are playing a card game.","Scene Summary"
"2bb31b69-fcda-4f54-8338-f590944df999","Where are the individuals in this scene?","Inside a house.","The individuals are in a living room.","Scene Summary"
"2bb31b69-fcda-4f54-8338-f590944df999","What objects are central in this scenario?","Cards on the floor.","The central objects in this scenario are the two individuals playing a card game, with one person holding a smartphone and another wearing glasses.","Scene Summary"
"2bb31b69-fcda-4f54-8338-f590944df999","How is the room in the clip furnished?","There's a bookshelf and a couch.","The room is furnished with a carpeted floor, a wall-mounted TV, and various items scattered around.","Scene Summary"
"2bb31b69-fcda-4f54-8338-f590944df999","What action is the person opposite performing?","Holding and presumably playing cards.","The person opposite is holding a smartphone and appears to be interacting with it, possibly taking a photo or video of the scene.","Action Caption"
"2bb31b69-fcda-4f54-8338-f590944df999","What seems to be the immediate action captured in the frame?","Dealing or picking up cards.","The immediate action captured in the frame includes a person wearing glasses and a purple top, who is holding a smartphone. They appear to be interacting with something on their phone, possibly taking a photo or looking at an image.","Action Caption"
"2bb31b69-fcda-4f54-8338-f590944df999","What can be said about the card game's progression?","It looks mid-game with several cards played.","The card game appears to be in progress, with the person on the right actively participating by making hand gestures and pointing at cards. The person on the left is observing or possibly waiting for their turn.","Action Caption"
"2bb31b69-fcda-4f54-8338-f590944df999","Is there a card game occurring?","Yes.","Yes","Whether Something Happened(Y/N)"
"2bb31b69-fcda-4f54-8338-f590944df999","Is there more than one participant in the game?","Yes.","Yes, there are two participants in the game.","Whether Something Happened(Y/N)"
"2bb31b69-fcda-4f54-8338-f590944df999","Have any cards been laid out on the floor?","Yes.","Yes, several cards have been laid out on the floor.","Whether Something Happened(Y/N)"
"2bb31b69-fcda-4f54-8338-f590944df999","Is the activity taking place indoors?","Yes.","Yes","Whether Something Happened(Y/N)"
"2bb31b69-fcda-4f54-8338-f590944df999","Does it appear to be a formal card-playing setting?","No.","No, the setting appears informal and casual.","Whether Something Happened(Y/N)"
"2bb31b69-fcda-4f54-8338-f590944df999","Was the rug visible before I started playing cards?","Yes.","Yes, the rug was visible before I started playing cards.","Order Judging(Y/N)"
"2bb31b69-fcda-4f54-8338-f590944df999","Did the plant appear in the frame before the game began?","Yes.","No, the plant was not visible in the frame before the game began.","Order Judging(Y/N)"
"2bb31b69-fcda-4f54-8338-f590944df999","What happens before I sit on the floor?","The setting of the room is displayed.","Before sitting on the floor, the person is seen holding a smartphone and appears to be looking at it.","What event order"
"2bb31b69-fcda-4f54-8338-f590944df999","In the video, does the arrangement of cards on the floor change before a new card is drawn?","No","Yes, the arrangement of cards on the floor changes before a new card is drawn.","Order Judging(Y/N)"
"2bb31b69-fcda-4f54-8338-f590944df999","In the video, is the heart card shown before a player picks more cards?","Yes","Yes, the heart card is shown before a player picks more cards.","Order Judging(Y/N)"
"2bb31b69-fcda-4f54-8338-f590944df999","Does the woman put down a card before all cards are laid out?","Yes","No, the woman does not put down a card before all cards are laid out.","Order Judging(Y/N)"
"2bb31b69-fcda-4f54-8338-f590944df999","What occurs just before a new card is drawn from the deck?","Players examine their cards","Just before a new card is drawn from the deck, the person in the blue shirt and glasses reaches for their shoe.","What event order"
"2bb31b69-fcda-4f54-8338-f590944df999","In the video sequence, what do we see happening before the cards are spread out?","A card is being placed down","Before the cards are spread out, we see a person wearing glasses and a purple top holding a smartphone.","What event order"
"2bb31b69-fcda-4f54-8338-f590944df999","What takes place right before more cards are picked from the deck?","The woman sorts her cards","A person wearing a blue shirt and pink socks is seen holding a white object, possibly a remote control or a small device.","What event order"
"af400f98-3c57-46ad-acac-eaca6f940180","What location is shown in the video frame?","It shows a road.","The location shown in the video frame is a street with a person riding a skateboard.","Scene Summary"
"af400f98-3c57-46ad-acac-eaca6f940180","Are there other people present in this scene?","Yes, people are present.","Yes, there are other people present in the background of the scene.","Scene Summary"
"af400f98-3c57-46ad-acac-eaca6f940180","Is the environment urban or rural?","The environment appears to be urban.","The environment appears to be rural, as indicated by the presence of trees and a grassy area.","Scene Summary"
"af400f98-3c57-46ad-acac-eaca6f940180","Is the road busy or empty?","The road is busy with movement.","The road is empty, with only a few people and a dog visible.","Scene Summary"
"af400f98-3c57-46ad-acac-eaca6f940180","What is the weather like in the scene?","The weather information is not provided.","The weather appears to be overcast, as the sky is not visible in the image.","Scene Summary"
"af400f98-3c57-46ad-acac-eaca6f940180","Who is walking in this clip?","I am walking along the road.","A person wearing a white shirt and blue pants is walking in this clip.","Action Caption"
"af400f98-3c57-46ad-acac-eaca6f940180","What is the camera angle capturing?","The camera angle captures from the walker's perspective.","The camera angle is from a first-person perspective, capturing the movement of the person and their companions.","Action Caption"
"af400f98-3c57-46ad-acac-eaca6f940180","Is there interaction with the passerby?","No interaction is mentioned or shown.","Yes, there is interaction with the passerby as they pass by.","Action Caption"
"af400f98-3c57-46ad-acac-eaca6f940180","Do any vehicles pass by closely?","The summary indicates vehicles move past, but closeness isn't specified.","Yes, a motorcycle passes by closely in the distance.","Action Caption"
"af400f98-3c57-46ad-acac-eaca6f940180","Is there an accident occurring in the video?","No, no accident is mentioned.","Yes.","Whether Something Happened(Y/N)"
"af400f98-3c57-46ad-acac-eaca6f940180","Is there any construction work shown in the video?","No, no construction is mentioned.","No, there is no construction work shown in the video.","Whether Something Happened(Y/N)"
"af400f98-3c57-46ad-acac-eaca6f940180","Does the video frame show clear skies?","The video frame does not provide this information.","No, the video frame does not show clear skies.","Whether Something Happened(Y/N)"
"af400f98-3c57-46ad-acac-eaca6f940180","What is the main event depicted in this video clip?","A walk on the road with a woman and interactions with passersby.","The main event depicted in this video clip is a person smoking a cigarette while walking down the street.","Scene Summary"
"af400f98-3c57-46ad-acac-eaca6f940180","Which location is primarily featured in this video clip?","The video clip features a road.","The primary location featured in this video clip is a residential area with houses and trees.","Scene Summary"
"af400f98-3c57-46ad-acac-eaca6f940180","How many main subjects are involved in this video scenario?","Two main subjects, a man and a woman.","Three main subjects are involved: the person in the foreground, the person in the background, and another individual.","Scene Summary"
"af400f98-3c57-46ad-acac-eaca6f940180","Are there other individuals present in this video scene besides the subjects?","Yes, there are passersby present.","Yes, there are other individuals present in the video scene. One person is visible on the left side of the frame, and another individual can be seen walking towards the camera from the right side of the frame.","Scene Summary"
"af400f98-3c57-46ad-acac-eaca6f940180","What actions are shown in these new frames?","A person is seen walking and reaching out to others.","The new frames show a person holding a cigarette, walking with their hand in the air, and another person's arm extended towards them.","Action Caption"
"af400f98-3c57-46ad-acac-eaca6f940180","Is there any communication depicted in the clip?","Yes, there is interaction with passersby.","Yes, there is a hand gesture that appears to be a sign of communication or interaction between the two individuals.","Action Caption"
"af400f98-3c57-46ad-acac-eaca6f940180","Can you describe the physical posture in this frame?","The person's arm is extended forward as if reaching out.","The person in the foreground is standing with their left hand resting on their hip and their right arm extended forward, while the other person's arm is bent at the elbow.","Action Caption"
"af400f98-3c57-46ad-acac-eaca6f940180","Are the movements in the video leisurely or hurried?","They appear leisurely.","The movements in the video are leisurely, as indicated by the relaxed and casual posture of the individuals.","Action Caption"
"af400f98-3c57-46ad-acac-eaca6f940180","Does the person in the video come into physical contact with others?","It is implied but not visible.","No, the person in the video does not come into physical contact with others.","Whether Something Happened(Y/N)"
"af400f98-3c57-46ad-acac-eaca6f940180","Is the person in the video engaging in a conversation?","Yes.","Yes, the person in the video is engaging in a conversation with another individual who is partially visible on the right side of the frame.","Whether Something Happened(Y/N)"
"af400f98-3c57-46ad-acac-eaca6f940180","Does the person walk on a grassy path in the video?","No.","Yes, the person walks on a grassy path in the video.","Whether Something Happened(Y/N)"
"af400f98-3c57-46ad-acac-eaca6f940180","Does the person in the video interact with more than one passerby?","Yes.","Yes, the person in the video interacts with more than one passerby.","Whether Something Happened(Y/N)"
"af400f98-3c57-46ad-acac-eaca6f940180","What is the setting of this video clip?","It's on a road with a person walking and interacting with a woman.","The setting of the video clip is an outdoor environment with a person riding a motorcycle, and it appears to be during daytime.","Scene Summary"
"af400f98-3c57-46ad-acac-eaca6f940180","Is there any physical contact between the two individuals?","No.","No, there is no physical contact between the two individuals in the video.","Whether Something Happened(Y/N)"
"af400f98-3c57-46ad-acac-eaca6f940180","Did the person in the video stop walking while interacting?","No.","Yes, the person in the video stopped walking while interacting with another individual.","Whether Something Happened(Y/N)"
"af400f98-3c57-46ad-acac-eaca6f940180","Is the communication friendly and non-threatening?","Yes.","Yes, the communication is friendly and non-threatening.","Whether Something Happened(Y/N)"
"af400f98-3c57-46ad-acac-eaca6f940180","In the video, do I interact with some passersby before walking with the woman on the road?","No","Yes, you do interact with some passersby before walking with the woman on the road.","Order Judging(Y/N)"
"af400f98-3c57-46ad-acac-eaca6f940180","In the video, do I walk alone on the road before interacting with a woman?","Yes","Yes, you walk alone on the road before interacting with a woman.","Order Judging(Y/N)"
"af400f98-3c57-46ad-acac-eaca6f940180","What do I do just before interacting with the woman on the road in the video?","Walk alone","You should approach the woman on the road, possibly to greet her or start a conversation.","What event order"
"20bc995f-c3de-4789-bd7a-34cf1a313b0c","Who is involved in the scene?","A man and some girls.","The scene involves a person who is involved in the preparation of food, as indicated by their hands and the various ingredients on the table.","Scene Summary"
"20bc995f-c3de-4789-bd7a-34cf1a313b0c","What activity is taking place?","Food preparation.","The activity taking place is the preparation of a dish, likely a type of curry or stew, with various ingredients and spices being added to it.","Scene Summary"
"20bc995f-c3de-4789-bd7a-34cf1a313b0c","What can be seen on the table in the scene?","Ingredients and cooking utensils.","The table is cluttered with various food items, including a bowl of rice and a plate filled with a mixture of ingredients.","Scene Summary"
"20bc995f-c3de-4789-bd7a-34cf1a313b0c","What is the camera wearer doing with the spoon?","Cooking food.","The camera wearer is using the spoon to scoop and mix a mixture of ingredients, likely preparing them for cooking or serving.","Action Caption"
"20bc995f-c3de-4789-bd7a-34cf1a313b0c","What can be assumed about the pace of the activity?","It is fast-paced.","The activity appears to be fast-paced, as indicated by the close-up shots of hands moving quickly and the dynamic movement captured in the video.","Action Caption"
"20bc995f-c3de-4789-bd7a-34cf1a313b0c","Does the video show any monetary transaction?","No.","Yes, the video shows a transaction of money being exchanged between the person and another individual.","Whether Something Happened(Y/N)"
"20bc995f-c3de-4789-bd7a-34cf1a313b0c","Is the food prepared for a large group?","Yes.","Yes, the person is seen preparing food for a large group of people.","Whether Something Happened(Y/N)"
"20bc995f-c3de-4789-bd7a-34cf1a313b0c","Does the camera wearer handle more than one dish?","Yes.","Yes, the camera wearer is seen handling two dishes in the video.","Whether Something Happened(Y/N)"
"20bc995f-c3de-4789-bd7a-34cf1a313b0c","What is the setting in this video clip?","A food tent with servings of food.","The setting in this video clip is a bustling street food stall at night, with various dishes and people visible.","Scene Summary"
"20bc995f-c3de-4789-bd7a-34cf1a313b0c","Is the person serving food to more than one person?","Yes.","Yes, the person is seen serving food to more than one person.","Whether Something Happened(Y/N)"
"20bc995f-c3de-4789-bd7a-34cf1a313b0c","Is there a pot included in the food items being served?","Yes.","Yes, there is a pot included in the food items being served.","Whether Something Happened(Y/N)"
"20bc995f-c3de-4789-bd7a-34cf1a313b0c","Is the setting of this video during a nighttime event?","Yes.","Yes.","Whether Something Happened(Y/N)"
"20bc995f-c3de-4789-bd7a-34cf1a313b0c","Is the food made for a man and some girls before serving food under the tent?","Yes","Yes, the food is made for a man and some girls before serving food under the tent.","Order Judging(Y/N)"
"20bc995f-c3de-4789-bd7a-34cf1a313b0c","What is the setting of the video clip?","At a roadside food stall.","The setting of the video clip is a bustling street food stall in India, characterized by vibrant colors and lively interactions among customers.","Scene Summary"
"20bc995f-c3de-4789-bd7a-34cf1a313b0c","Who is the main person interacting with others in the scene?","A food stall vendor.","The main person interacting with others in the scene is a woman wearing a black shirt.","Scene Summary"
"20bc995f-c3de-4789-bd7a-34cf1a313b0c","What type of interaction occurs between the vendor and customers?","Serving food and conversing.","The vendor interacts with customers by offering food and engaging in a conversation, as seen through the customer's hand gestures.","Scene Summary"
"20bc995f-c3de-4789-bd7a-34cf1a313b0c","How is the stall vendor engaging with the customers besides serving food?","Talking with them.","The stall vendor is engaging with the customers by interacting with them through a mobile phone, possibly checking messages or directions.","Action Caption"
"20bc995f-c3de-4789-bd7a-34cf1a313b0c","Is the vendor wearing gloves while handling food?","No.","Yes, the vendor is wearing gloves while handling food.","Whether Something Happened(Y/N)"
"20bc995f-c3de-4789-bd7a-34cf1a313b0c","Does the video show a customer receiving change after payment?","No.","Yes, the video shows a customer receiving change after payment.","Whether Something Happened(Y/N)"
"20bc995f-c3de-4789-bd7a-34cf1a313b0c","Is there any interaction between the customers in the frame?","No.","Yes, there is a customer in the foreground holding an item and interacting with the person at the counter.","Whether Something Happened(Y/N)"
"20bc995f-c3de-4789-bd7a-34cf1a313b0c","Does the stall have a digital payment option displayed?","Yes.","Yes, the stall has a digital payment option displayed on the screen.","Whether Something Happened(Y/N)"
"20bc995f-c3de-4789-bd7a-34cf1a313b0c","Does the interaction with woman B happen before serving to woman C?","Yes","Yes, the interaction with woman B happens before serving to woman C.","Order Judging(Y/N)"
"20bc995f-c3de-4789-bd7a-34cf1a313b0c","Do I serve food to a group of people before the roadside food stall scene?","No","Yes, the person in the video is seen serving food to a group of people before the roadside food stall scene.","Order Judging(Y/N)"
"20bc995f-c3de-4789-bd7a-34cf1a313b0c","In the video, did I serve food under the tent before talking to man A at the stand?","No","Yes, the video shows a person serving food under the tent before talking to man A at the stand.","Order Judging(Y/N)"
"20bc995f-c3de-4789-bd7a-34cf1a313b0c","In the video, does serving pani puri occur before making food for the man and girls?","Yes","Yes, the video shows a person serving pani puri before making food for the man and girls.","Order Judging(Y/N)"
"20bc995f-c3de-4789-bd7a-34cf1a313b0c","What happens before interacting with woman A, B, and C at the roadside stall?","I serve food to a group of people.","Before interacting with woman A, B, and C at the roadside stall, a person wearing a blue shirt is seen holding a smartphone.","What event order"
"20bc995f-c3de-4789-bd7a-34cf1a313b0c","Describe the setting of this video clip.","A roadside food stall at night.","The video is set in a bustling street food market at night, characterized by vibrant colors and lively activity. The scene includes various stalls with colorful decorations, including bright red and green hues, and the atmosphere is illuminated by artificial lighting. A person wearing glasses and a blue shirt is seen interacting with the food, holding a smartphone that displays an app interface. The focus shifts to the individual's hands as they interact with the phone, possibly checking or using an application related to the food stall.","Scene Summary"
"20bc995f-c3de-4789-bd7a-34cf1a313b0c","Could you summarize the depicted scenario?","A person serving and conversing at a food stall.","The video showcases a bustling street food scene, where a person is seen preparing and serving food at an outdoor stall. The individual is holding a smartphone with a menu displayed on it, indicating they might be checking the menu or looking up information about their next order. The background features various food items such as fried snacks, fresh vegetables, and other street foods, creating a vibrant and lively atmosphere typical of street food markets.","Scene Summary"
"20bc995f-c3de-4789-bd7a-34cf1a313b0c","Did the vendor converse with two individuals?","Yes.","Yes, the vendor engaged in conversation with two individuals.","Whether Something Happened(Y/N)"
"20bc995f-c3de-4789-bd7a-34cf1a313b0c","In the sequence, is food served at the roadside stall before the food tent?","No","Yes, the food is served at the roadside stall before the food tent.","Order Judging(Y/N)"
"20bc995f-c3de-4789-bd7a-34cf1a313b0c","What scene is captured in the video clip?","A food stand with cooking in progress.","The video captures a person in a bustling food stall, showcasing the vibrant and colorful array of dishes being prepared. The scene is filled with various ingredients and utensils, including fresh vegetables, spices, and sauces, all meticulously arranged on tables and countertops. The lighting is dim, emphasizing the warm colors and textures of the food items. A hand holding a smartphone appears to be taking photos or videos of the food preparation process, capturing the essence of the culinary experience.","Scene Summary"
"20bc995f-c3de-4789-bd7a-34cf1a313b0c","What's the brief of the depicted scenario?","Food preparation at a stand with a customer waiting.","The brief of the depicted scenario shows a person in a dark-colored shirt standing near an outdoor setting, possibly preparing or serving food. The scene is filled with various items such as bottles, containers, and utensils, indicating a busy cooking environment.","Scene Summary"
"20bc995f-c3de-4789-bd7a-34cf1a313b0c","Does the scene capture a customer receiving their order?","No.","Yes, the scene captures a customer receiving their order as they are seen holding out their hand to receive the food.","Whether Something Happened(Y/N)"
"20bc995f-c3de-4789-bd7a-34cf1a313b0c","Is there any indication of a payment transaction in the video?","No.","Yes, there is a hand holding a smartphone in the foreground of the video, suggesting that someone might be taking a photo or recording the scene.","Whether Something Happened(Y/N)"
"20bc995f-c3de-4789-bd7a-34cf1a313b0c","Does the video show the cook finishing the dish?","No.","Yes, the video shows the cook finishing the dish by adding a final touch to it with their hand.","Whether Something Happened(Y/N)"
"20bc995f-c3de-4789-bd7a-34cf1a313b0c","Is the cook multitasking between cooking and another activity?","Yes.","Yes, the cook is seen handling a small container and another object in their hand while cooking.","Whether Something Happened(Y/N)"
"20bc995f-c3de-4789-bd7a-34cf1a313b0c","Does the cook appear to be preparing food for more than one person?","Yes.","Yes, the cook appears to be preparing food for more than one person.","Whether Something Happened(Y/N)"
"20bc995f-c3de-4789-bd7a-34cf1a313b0c","Did the discussion with man X and man Y happen before serving woman Z?","No","Yes, the discussion with man X and man Y happened before serving woman Z.","Order Judging(Y/N)"
"20bc995f-c3de-4789-bd7a-34cf1a313b0c","What event happened before the phone conversation?","Serving a different customer","Before the phone conversation, a person was seen holding a smartphone in their hand.","What event order"
"20bc995f-c3de-4789-bd7a-34cf1a313b0c","Was food made for woman A after the interaction with woman B?","Yes","Yes, food was made for woman A after the interaction with woman B.","Order Judging(Y/N)"
"20bc995f-c3de-4789-bd7a-34cf1a313b0c","Did the phone conversation occur before discussing with man Y?","Yes","No, the phone conversation did not occur before discussing with man Y.","Order Judging(Y/N)"
"20bc995f-c3de-4789-bd7a-34cf1a313b0c","What is seen happening before making food for man B?","Talked on the phone","Before making food for man B, the scene shows a person in a blue shirt standing near the camera, possibly preparing or arranging something.","What event order"
"20bc995f-c3de-4789-bd7a-34cf1a313b0c","What took place just before making food for woman A?","Talked on the phone","Just before making food for woman A, a person was seen holding a smartphone and taking photos of the scene.","What event order"
"20bc995f-c3de-4789-bd7a-34cf1a313b0c","What is the location of the scene in the video?","The location is at a food stand.","The scene is set in a dimly lit outdoor area, likely at night or during the evening.","Scene Summary"
"20bc995f-c3de-4789-bd7a-34cf1a313b0c","How many customers are being interacted with?","Three customers are being interacted with.","Two customers are being interacted with.","Scene Summary"
"20bc995f-c3de-4789-bd7a-34cf1a313b0c","Does the frame show the server handing pani puris to a customer?","Yes.","Yes, the frame shows a hand holding a pani puri towards the server.","Whether Something Happened(Y/N)"
"20bc995f-c3de-4789-bd7a-34cf1a313b0c","Is the shown frame depicting an indoor activity?","No.","No, the frame is taken from an outdoor perspective of a person in a red shirt interacting with a food stall.","Whether Something Happened(Y/N)"
"20bc995f-c3de-4789-bd7a-34cf1a313b0c","Does the video involve interaction between the server and customers?","Yes.","Yes, the video shows a close-up of the server interacting with customers, suggesting an interaction between them.","Whether Something Happened(Y/N)"
"20bc995f-c3de-4789-bd7a-34cf1a313b0c","Is the phone conversation happening before making food for woman A?","Yes","Yes, the phone conversation is happening before making food for woman A.","Order Judging(Y/N)"
"20bc995f-c3de-4789-bd7a-34cf1a313b0c","Does man Z get served before the phone conversation starts?","No","Yes, man Z is seen eating a snack before the phone conversation starts.","Order Judging(Y/N)"
"20bc995f-c3de-4789-bd7a-34cf1a313b0c","In the video, is the interaction with man X and Y before the food preparation for woman A and man B?","No","Yes, the interaction with man X and Y before the food preparation for woman A and man B is not visible in the video.","Order Judging(Y/N)"
"20bc995f-c3de-4789-bd7a-34cf1a313b0c","Do I talk to man Z before making food for woman A and man B?","No.","No, you don't talk to the man Z before making food for woman A and man B.","Order Judging(Y/N)"
"20bc995f-c3de-4789-bd7a-34cf1a313b0c","Is the food prepared for woman Z before the interaction with man Z?","Yes.","Yes, the food is prepared for woman Z before the interaction with man Z.","Order Judging(Y/N)"
"20bc995f-c3de-4789-bd7a-34cf1a313b0c","What do I do before making food for woman A and man B?","Talking on the phone.","Before making food for woman A and man B, I need to prepare the ingredients.","What event order"
"20bc995f-c3de-4789-bd7a-34cf1a313b0c","How many individuals does the camera wearer interact with?","Three individuals.","The camera wearer interacts with two individuals.","Scene Summary"
"20bc995f-c3de-4789-bd7a-34cf1a313b0c","Are there any objects visible in the scene?","Yes, food and serving utensils.","Yes, there are various objects visible in the scene, including a person holding a smartphone and a hand reaching towards the camera.","Scene Summary"
"20bc995f-c3de-4789-bd7a-34cf1a313b0c","Is the environment depicted busy or calm?","Busy, with serving and conversation happening.","The environment depicted is calm.","Scene Summary"
"20bc995f-c3de-4789-bd7a-34cf1a313b0c","Did the camera wearer carry out more than one task?","Yes, serving and conversing.","Yes, the camera wearer was seen holding a smartphone and taking photos or videos of the food stall.","Action Caption"
"20bc995f-c3de-4789-bd7a-34cf1a313b0c","Did the serving of food appear organized or haphazard?","Organized, with food laid out.","The serving of food appears to be organized, with each dish having its own designated area and the person in charge taking care of it.","Action Caption"
"20bc995f-c3de-4789-bd7a-34cf1a313b0c","Are all men engaged in eating or just conversing?","Only one is shown eating, others converse.","No, only one man is engaged in eating.","Action Caption"
"20bc995f-c3de-4789-bd7a-34cf1a313b0c","Was there verbal exchange under the tent?","Yes.","Yes, there was verbal exchange under the tent.","Whether Something Happened(Y/N)"
"20bc995f-c3de-4789-bd7a-34cf1a313b0c","Is there visible evidence of food being consumed in the frame?","Yes.","Yes, there is visible evidence of food being consumed in the frame. A hand holding a smartphone appears to be interacting with it while standing near the camera's perspective.","Whether Something Happened(Y/N)"
"20bc995f-c3de-4789-bd7a-34cf1a313b0c","Does the scene suggest any sign of a rush or urgency?","No, it appears orderly.","Yes, the scene suggests a rush or urgency due to the blurred motion and the person's hand reaching out towards the camera.","Whether Something Happened(Y/N)"
"20bc995f-c3de-4789-bd7a-34cf1a313b0c","Is the preparation of pani puris shown before serving them to man X and Y?","Yes","Yes, the preparation of pani puris is shown before serving them to man X and Y.","Order Judging(Y/N)"
"20bc995f-c3de-4789-bd7a-34cf1a313b0c","Do I talk on the phone prior to serving food under the food tent?","Yes","Yes, you can see the person holding a phone in their hand before they start serving food under the tent.","Order Judging(Y/N)"
"20bc995f-c3de-4789-bd7a-34cf1a313b0c","What occurs just before serving food to man A under the food tent?","Preparing food","Just before serving food to man A under the food tent, a person wearing a blue and white shirt enters from the right side of the frame.","What event order"
"20bc995f-c3de-4789-bd7a-34cf1a313b0c","What activity is taking place at the stall?","A person is serving potato balls and gruel.","The activity taking place at the stall is food preparation, with a person actively engaged in adding ingredients to dishes and handling utensils.","Scene Summary"
"20bc995f-c3de-4789-bd7a-34cf1a313b0c","Who is interacting at the food stall?","A server, a woman, and a girl.","A person wearing a blue shirt is interacting at the food stall.","Scene Summary"
"20bc995f-c3de-4789-bd7a-34cf1a313b0c","What type of service is depicted at the stall?","Food service involving potato balls and gruel.","The service at the stall appears to be a food preparation or serving activity, possibly in a rural or small-town setting.","Scene Summary"
"20bc995f-c3de-4789-bd7a-34cf1a313b0c","Who is preparing the food in the video clip?","The server at the stall.","A person wearing a blue shirt is preparing the food in the video clip.","Action Caption"
"20bc995f-c3de-4789-bd7a-34cf1a313b0c","What actions can be seen in the frame provided?","Preparing and serving food at the stall.","The actions include a person interacting with the camera, possibly filming or taking a selfie. The scene is filled with various food items and utensils, indicating a busy cooking environment.","Action Caption"
"20bc995f-c3de-4789-bd7a-34cf1a313b0c","Is the food being freshly prepared or pre-packaged?","Freshly prepared, as seen in the video.","The food is being freshly prepared, as indicated by the person's hand holding a small container and the ongoing process of adding ingredients to the dish.","Action Caption"
"20bc995f-c3de-4789-bd7a-34cf1a313b0c","Does the server use any special tools for serving?","Not evident in the provided frame.","Yes, the server uses a small spoon to serve the food.","Action Caption"
"20bc995f-c3de-4789-bd7a-34cf1a313b0c","Does the video show the server using a foam plate for serving?","Yes.","Yes, the server is seen using a foam plate to serve food in the video.","Whether Something Happened(Y/N)"
"20bc995f-c3de-4789-bd7a-34cf1a313b0c","Can we see any cooking equipment in the video?","Yes, in the provided frame.","Yes, there are various cooking equipment visible in the video.","Whether Something Happened(Y/N)"
"20bc995f-c3de-4789-bd7a-34cf1a313b0c","Did the serving of potato balls occur before serving gruel?","Yes","Yes, the serving of potato balls occurred before serving gruel.","Order Judging(Y/N)"
"20bc995f-c3de-4789-bd7a-34cf1a313b0c","Was the conversation with man E before serving food to the woman Z?","No","No, the conversation with man E was not before serving food to the woman Z.","Order Judging(Y/N)"
"20bc995f-c3de-4789-bd7a-34cf1a313b0c","What event occurs just before serving food to man A?","Being under a food tent","Just before serving food to man A, the scene transitions from a bustling kitchen environment to a more intimate setting where a person is seen holding a smartphone.","What event order"
"20bc995f-c3de-4789-bd7a-34cf1a313b0c","What happens right before serving potato balls?","Interacting with a group of people","A person is seen holding a phone, possibly taking a photo or recording the process.","What event order"
"20bc995f-c3de-4789-bd7a-34cf1a313b0c","What event happens before interacting with a group of people?","Being at a stall","Before interacting with a group of people, the person is seen preparing food in an outdoor setting.","What event order"
"20bc995f-c3de-4789-bd7a-34cf1a313b0c","Did the serving of potato balls happen before the gruel in foam plates?","No","Yes, the serving of potato balls happened before the gruel in foam plates.","Order Judging(Y/N)"
"20bc995f-c3de-4789-bd7a-34cf1a313b0c","In the video, is the food tent scene before the interaction with the group of people?","No","No, the food tent scene is not before the interaction with the group of people.","Order Judging(Y/N)"
"20bc995f-c3de-4789-bd7a-34cf1a313b0c","What do we see happening just before the food stand scene?","Serving at a stall","Just before the food stand scene, we see a person wearing a blue shirt and holding a smartphone.","What event order"
"20bc995f-c3de-4789-bd7a-34cf1a313b0c","What's the setting of the video clip?","Inside a food kiosk.","The setting of the video clip appears to be a bustling street food stall or market, characterized by vibrant colors and lively activity.","Scene Summary"
"20bc995f-c3de-4789-bd7a-34cf1a313b0c","What is the primary activity occurring?","Food preparation and sales.","The primary activity is the preparation and cooking of a meal, with various ingredients being added to a pot on a stove.","Scene Summary"
"20bc995f-c3de-4789-bd7a-34cf1a313b0c","Are there any customers present in the video?","Yes, a group of people.","No, there are no customers present in the video.","Scene Summary"
"20bc995f-c3de-4789-bd7a-34cf1a313b0c","What can be seen in the kiosk besides the food?","Food ingredients and cooking utensils.","Besides the food, there are various items on display such as a person wearing a blue shirt and another individual in a red shirt.","Scene Summary"
"20bc995f-c3de-4789-bd7a-34cf1a313b0c","What type of food is being sold?","It is not specified.","The video shows a person in a blue shirt selling food at an outdoor market.","Action Caption"
"20bc995f-c3de-4789-bd7a-34cf1a313b0c","Is the food seller working alone?","It's not clear from the clip.","Yes, the food seller is working alone in the video.","Action Caption"
"20bc995f-c3de-4789-bd7a-34cf1a313b0c","Does the video show the exchange of goods for payment?","It is not confirmed.","Yes, the video shows a person in the foreground holding a small object and interacting with another individual who is not fully visible.","Action Caption"
"20bc995f-c3de-4789-bd7a-34cf1a313b0c","Does the video show the food being cooked?","No.","Yes, the video shows the food being cooked as the person continues to add ingredients and mix them into the dish.","Whether Something Happened(Y/N)"
"20bc995f-c3de-4789-bd7a-34cf1a313b0c","Does the video show the food being packaged?","No, it shows it being prepared.","Yes, the video shows the food being packaged in a final frame.","Whether Something Happened(Y/N)"
"20bc995f-c3de-4789-bd7a-34cf1a313b0c","Is there any indication of the kiosk's location being outdoors?","No.","Yes, the kiosk is situated outdoors as indicated by the natural light and shadows.","Whether Something Happened(Y/N)"
"20bc995f-c3de-4789-bd7a-34cf1a313b0c","In the video, is the gruel served after the interaction with the group of people?","Yes","Yes, the gruel is served after the interaction with the group of people.","Order Judging(Y/N)"
"20bc995f-c3de-4789-bd7a-34cf1a313b0c","Was I at the kiosk before serving potato balls and gruel?","No","Yes, you were at the kiosk before serving potato balls and gruel.","Order Judging(Y/N)"
"20bc995f-c3de-4789-bd7a-34cf1a313b0c","Did I sell food before I prepared it in the kiosk?","No","Yes, the video shows a person preparing food in the kiosk before selling it.","Order Judging(Y/N)"
"20bc995f-c3de-4789-bd7a-34cf1a313b0c","Is the food sold to the group of people after I prepared it?","Yes","Yes, the food is sold to the group of people after I prepared it.","Order Judging(Y/N)"
"20bc995f-c3de-4789-bd7a-34cf1a313b0c","What event took place before serving food to a group of people?","Prepared food in the kiosk","The video begins with a person standing in front of a food preparation area, likely preparing to serve food.","What event order"
"20bc995f-c3de-4789-bd7a-34cf1a313b0c","Did I serve gruel before serving potato balls?","No","Yes, the person in the video is seen serving gruel before serving potato balls.","Order Judging(Y/N)"
