row_index,video_id,question,answer,pred_answer,task,correct,score,raw_judgment
0,9198b9a4-8d8f-4ba6-9924-4c86982d890a,What task is being performed with vegetables?,Chopping vegetables.,The task being performed with vegetables is chopping and preparing them for the next step in the cooking process.,Scene Summary,yes,5,"{
  ""correct"": ""yes"",
  ""score"": 5
}"
1,9198b9a4-8d8f-4ba6-9924-4c86982d890a,What step is being taken with flatbread?,Wrapping sauce in flatbread.,The person is preparing to place the flatbread into a pan filled with chili.,Scene Summary,no,1,"{
  ""correct"": ""no"",
  ""score"": 1
}"
2,9198b9a4-8d8f-4ba6-9924-4c86982d890a,What kitchen fixture is being utilized?,Opening a cabinet.,A stove is being utilized in the kitchen.,Scene Summary,no,0,"{""correct"": ""no"", ""score"": 0}"
3,9198b9a4-8d8f-4ba6-9924-4c86982d890a,What's the overview of the action in the clip?,Preparing ingredients for a meal.,"The clip shows a person preparing food in a kitchen, specifically making tortillas and adding them to a pot of chili. The scene includes various ingredients on the counter, such as onions, tomatoes, and other vegetables, along with cooking utensils like a frying pan and a large knife.",Action Caption,yes,4,"{
  ""correct"": ""yes"",
  ""score"": 4
}"
4,9198b9a4-8d8f-4ba6-9924-4c86982d890a,Does the video show someone chopping vegetables?,Yes.,Yes,Whether Something Happened(Y/N),yes,5,"{
  ""correct"": ""yes"",
  ""score"": 5
}"
5,9198b9a4-8d8f-4ba6-9924-4c86982d890a,Did the individual successfully open a kitchen cabinet?,Yes.,"Yes, the individual successfully opened a kitchen cabinet to retrieve an ingredient.",Whether Something Happened(Y/N),yes,5,"{
  ""correct"": ""yes"",
  ""score"": 5
}"
6,9198b9a4-8d8f-4ba6-9924-4c86982d890a,Is the flatbread being seasoned with sauce?,Yes.,Yes.,Whether Something Happened(Y/N),yes,5,"{
  ""correct"": ""yes"",
  ""score"": 5
}"
7,9198b9a4-8d8f-4ba6-9924-4c86982d890a,Is there an occurrence of food being wrapped?,Yes.,Yes.,Whether Something Happened(Y/N),yes,5,"{
  ""correct"": ""yes"",
  ""score"": 5
}"
8,9198b9a4-8d8f-4ba6-9924-4c86982d890a,Is the person using a knife for cooking tasks?,Yes.,Yes.,Whether Something Happened(Y/N),yes,5,"{
  ""correct"": ""yes"",
  ""score"": 5
}"
9,9198b9a4-8d8f-4ba6-9924-4c86982d890a,What is the location in the video clip?,A kitchen.,The location is a kitchen.,Scene Summary,yes,5,"{
  ""correct"": ""yes"",
  ""score"": 5
}"
10,9198b9a4-8d8f-4ba6-9924-4c86982d890a,What kitchen activity is underway in the clip?,Cutting vegetables.,"The clip shows a person preparing food in the kitchen, specifically chopping tomatoes and garlic on a cutting board.",Scene Summary,yes,5,"{
  ""correct"": ""yes"",
  ""score"": 5
}"
11,9198b9a4-8d8f-4ba6-9924-4c86982d890a,What tool does the person in the video use?,Knives.,The person in the video uses a large knife to slice the tomatoes/INFO,Scene Summary,yes,4,"{""correct"": ""yes"", ""score"": 4}"
12,9198b9a4-8d8f-4ba6-9924-4c86982d890a,What appliance does the person in the video handle?,The heat regulator of the cooker.,The person in the video handles a large knife and a tomato.,Scene Summary,no,0,"{""correct"": ""no"", ""score"": 0}"
13,9198b9a4-8d8f-4ba6-9924-4c86982d890a,What part of the kitchen furniture does the person interact with?,Drawers.,The person interacts with the kitchen cabinets and drawers.,Scene Summary,no,3,"{
  ""correct"": ""no"",
  ""score"": 3
}"
14,9198b9a4-8d8f-4ba6-9924-4c86982d890a,How is the person controlling the cooking temperature?,Operating the heat regulator.,The person is using a stove burner to control the heat of the pot on the stovetop.,Action Caption,no,2,"{
  ""correct"": ""no"",
  ""score"": 2
}"
15,9198b9a4-8d8f-4ba6-9924-4c86982d890a,What can be inferred from the person's actions with the drawers?,Searching or organizing.,The person's actions with the drawers suggest that they are organizing or preparing ingredients for a meal.,Action Caption,yes,4,"{
  ""correct"": ""yes"",
  ""score"": 4
}"
16,9198b9a4-8d8f-4ba6-9924-4c86982d890a,Does the clip show any cooking taking place?,"No direct cooking, only preparation.","Yes, the clip shows a person preparing food/INFO",Action Caption,no,1,"{
  ""correct"": ""no"",
  ""score"": 1
}"
17,9198b9a4-8d8f-4ba6-9924-4c86982d890a,Did the person successfully cut the vegetables?,Yes.,"Yes, the person successfully cut the tomatoes into smaller pieces.",Whether Something Happened(Y/N),yes,5,"{
  ""correct"": ""yes"",
  ""score"": 5
}"
18,9198b9a4-8d8f-4ba6-9924-4c86982d890a,Was the heat regulator adjusted to a specific level?,"Yes, it was operated.","Yes, the heat regulator was turned on to a medium level.",Whether Something Happened(Y/N),no,2,"{
  ""correct"": ""no"",
  ""score"": 2
}"
19,9198b9a4-8d8f-4ba6-9924-4c86982d890a,Did the person use any other kitchen tools besides knives?,Heat regulator only mentioned.,"Yes, the person also used a spoon to scoop out the tomato pieces and then placed them on the cutting board.",Whether Something Happened(Y/N),no,0,"{
  ""correct"": ""no"",
  ""score"": 0
}"
20,9198b9a4-8d8f-4ba6-9924-4c86982d890a,Is the cabinet opened before wrapping the sauce in flat bread?,No,"No, the cabinet is not visible in the image.",Order Judging(Y/N),yes,5,"{
  ""correct"": ""yes"",
  ""score"": 5
}"
21,9198b9a4-8d8f-4ba6-9924-4c86982d890a,Do I cut vegetables before operating the heat regulator on the cooker?,Yes,"No, you should not cut the tomatoes/INFO",Order Judging(Y/N),no,0,"{""correct"": ""no"", ""score"": 0}"
22,9198b9a4-8d8f-4ba6-9924-4c86982d890a,Is the drawer opened before the vegetables are chopped?,No,"No, the vegetables are not yet chopped.",Order Judging(Y/N),yes,5,"{
  ""correct"": ""yes"",
  ""score"": 5
}"
23,9198b9a4-8d8f-4ba6-9924-4c86982d890a,Does wrapping sauce in flat bread happen after cutting vegetables?,Yes,"After cutting the vegetables, they are placed on a plate and wrapped in foil.",Order Judging(Y/N),no,1,"{
  ""correct"": ""no"",
  ""score"": 1
}"
24,9198b9a4-8d8f-4ba6-9924-4c86982d890a,Do I open the cabinet before chopping the vegetables?,No,"No, you should not open the oven/INFO",Order Judging(Y/N),no,1,"{""correct"": ""no"", ""score"": 1}"
25,9198b9a4-8d8f-4ba6-9924-4c86982d890a,What occurs just before wrapping the sauce in flat bread?,Chopping vegetables,The video shows a close-up of the kitchen/INFO,What event order,no,0,"{
  ""correct"": ""no"",
  ""score"": 0
}"
26,9198b9a4-8d8f-4ba6-9924-4c86982d890a,What takes place right before operating the heat regulator of the cooker?,Cutting vegetables with knives,The video does not provide information about the specific actions or events that occur before operating the heat regulator of the stove.,What event order,no,0,"{
  ""correct"": ""no"",
  ""score"": 0
}"
27,9198b9a4-8d8f-4ba6-9924-4c86982d890a,What setting is shown in this video clip?,A kitchen.,The setting shown in this video clip is a kitchen where the preparation of tacos and burritos is taking place.,Scene Summary,yes,5,"{
  ""correct"": ""yes"",
  ""score"": 5
}"
28,9198b9a4-8d8f-4ba6-9924-4c86982d890a,What task is being performed with tomatoes?,Cutting tomatoes.,The task being performed with tomatoes is adding them to the pot of chili.,Scene Summary,no,1,"{
  ""correct"": ""no"",
  ""score"": 1
}"
29,9198b9a4-8d8f-4ba6-9924-4c86982d890a,Is there an electronic device being used in this scene?,"Yes, a mobile phone.",Yes.,Scene Summary,no,2,"{""correct"": ""no"", ""score"": 2}"
30,9198b9a4-8d8f-4ba6-9924-4c86982d890a,How is the sauce being utilized in the cooking process?,By spreading it on flatbreads.,"The sauce is being poured over the rolled tortillas, which are then placed into a pan on the stove.",Action Caption,no,1,"{
  ""correct"": ""no"",
  ""score"": 1
}"
31,9198b9a4-8d8f-4ba6-9924-4c86982d890a,What activity is occurring aside from food preparation?,Operating a mobile phone.,"Aside from food preparation, there is a person using a smartphone to take photos or videos of the cooking process.",Action Caption,yes,4,"{
  ""correct"": ""yes"",
  ""score"": 4
}"
32,9198b9a4-8d8f-4ba6-9924-4c86982d890a,What manual task is depicted involving food items?,"Cutting vegetables, specifically tomatoes.",The manual task depicted involves rolling tortillas and scooping filling from a pot.,Action Caption,no,0,"{
  ""correct"": ""no"",
  ""score"": 0
}"
33,9198b9a4-8d8f-4ba6-9924-4c86982d890a,Is someone chopping vegetables in the video?,Yes.,Yes.,Whether Something Happened(Y/N),yes,5,"{
  ""correct"": ""yes"",
  ""score"": 5
}"
34,9198b9a4-8d8f-4ba6-9924-4c86982d890a,Is the sauce being poured into a bowl?,"No, it's being rolled in flatbreads.",No.,Whether Something Happened(Y/N),yes,4,"{
  ""correct"": ""yes"",
  ""score"": 4
}"
35,9198b9a4-8d8f-4ba6-9924-4c86982d890a,Is a cooking activity happening in a bedroom?,"No, it's happening in a kitchen.",No.,Whether Something Happened(Y/N),yes,4,"{
  ""correct"": ""yes"",
  ""score"": 4
}"
36,9198b9a4-8d8f-4ba6-9924-4c86982d890a,Does the frame capture the act of grilling or frying?,No.,"Yes, the frame captures the act of grilling or frying by showing a close-up view of the food being cooked on the stovetop.",Whether Something Happened(Y/N),no,0,"{
  ""correct"": ""no"",
  ""score"": 0
}"
37,9198b9a4-8d8f-4ba6-9924-4c86982d890a,"In the video, are vegetables cut before the heat regulator is operated?",Yes,"Yes, the vegetables are cut before the heat regulator is operated.",Order Judging(Y/N),yes,5,"{
  ""correct"": ""yes"",
  ""score"": 5
}"
38,9198b9a4-8d8f-4ba6-9924-4c86982d890a,Does rolling sauce in flatbreads occur after cutting tomatoes?,Yes,"Yes, after cutting tomatoes, the rolling sauce in flatbreads is added to the pan with the tomato slices.",Order Judging(Y/N),yes,5,"{
  ""correct"": ""yes"",
  ""score"": 5
}"
39,9198b9a4-8d8f-4ba6-9924-4c86982d890a,Does the opening of the drawers happen before using the mobile phone?,No,"Yes, the opening of the drawers happens before using the mobile phone.",Order Judging(Y/N),no,0,"{""correct"": ""no"", ""score"": 0}"
40,9198b9a4-8d8f-4ba6-9924-4c86982d890a,Is the heat regulator operated before rolling sauce in flatbreads?,No,"Yes, the heat regulator is turned on before rolling sauce in flatbreads.",Order Judging(Y/N),no,0,"{""correct"": ""no"", ""score"": 0}"
41,9198b9a4-8d8f-4ba6-9924-4c86982d890a,What occurs just before rolling sauce in flatbreads?,Cutting tomatoes with a knife.,"Just before rolling sauce in flatbreads, the person places a tortilla on the pan and starts to roll it.",What event order,no,0,"{
  ""correct"": ""no"",
  ""score"": 0
}"
42,9198b9a4-8d8f-4ba6-9924-4c86982d890a,What happens just before operating the heat regulator?,Cutting vegetables with knives.,"Just before operating the heat regulator, the person places a red container on the counter and adjusts the stove's temperature.",What event order,no,0,"{
""correct"": ""no"",
""score"": 0
}"
43,9198b9a4-8d8f-4ba6-9924-4c86982d890a,What is done just before opening drawers in the kitchen?,Operating the heat regulator of the cooker.,"Just before opening drawers, the person uses a spatula to scoop out some of the filling from the tortilla shells.",What event order,no,0,"{
  ""correct"": ""no"",
  ""score"": 0
}"
44,9198b9a4-8d8f-4ba6-9924-4c86982d890a,What activity occurs just before operating a mobile phone?,Rolling sauce in flatbreads.,"Just before operating a mobile phone, the person is seen preparing to cook by rolling out dough and placing it into a pan filled with chili.",What event order,no,2,"{
  ""correct"": ""no"",
  ""score"": 2
}"
45,9198b9a4-8d8f-4ba6-9924-4c86982d890a,Is the cabinet opened before the vegetables are chopped?,No,Yes.,Order Judging(Y/N),no,0,"{""correct"": ""no"", ""score"": 0}"
46,9198b9a4-8d8f-4ba6-9924-4c86982d890a,Does operating the heat regulator happen after chopping vegetables?,Yes,"Yes, the heat regulator is turned on after chopping vegetables.",Order Judging(Y/N),yes,5,"{
  ""correct"": ""yes"",
  ""score"": 5
}"
47,9198b9a4-8d8f-4ba6-9924-4c86982d890a,Is wrapping sauce in flat bread before cutting vegetables?,No,Yes.,Order Judging(Y/N),no,0,"{""correct"": ""no"", ""score"": 0}"
48,9198b9a4-8d8f-4ba6-9924-4c86982d890a,Do I use the mobile phone before opening drawers?,Yes,"Yes, the mobile phone is used to open drawers.",Order Judging(Y/N),yes,5,"{""correct"": ""yes"", ""score"": 5}"
49,9198b9a4-8d8f-4ba6-9924-4c86982d890a,What happens just before the cabinet is opened in the video?,Chopping vegetables,"Just before the cabinet is opened, a person places a tortilla on top of the rolled enchiladas.",What event order,no,0,"{
  ""correct"": ""no"",
  ""score"": 0
}"
50,9198b9a4-8d8f-4ba6-9924-4c86982d890a,What occurs immediately before operating the heat regulator?,Cutting vegetables with knives,The person places the tortilla on a tray and adjusts it to ensure even cooking.,What event order,no,0,"{""correct"": ""no"", ""score"": 0}"
51,9198b9a4-8d8f-4ba6-9924-4c86982d890a,What do I do right before rolling sauce in flat breads?,Cutting tomatoes,You should roll sauce in flat breads to ensure they are evenly coated.,What event order,no,0,"{""correct"": ""no"", ""score"": 0}"
52,9198b9a4-8d8f-4ba6-9924-4c86982d890a,What action takes place just before using the mobile phone?,Rolling sauce in flat breads,"Just before using the mobile phone, a hand is seen holding a red spatula.",What event order,no,1,"{""correct"": ""no"", ""score"": 1}"
53,9198b9a4-8d8f-4ba6-9924-4c86982d890a,What is done directly before opening drawers in the kitchen?,Operating the heat regulator.,The person opens a drawer labeled 'Pasta' and retrieves a package of pasta.,What event order,no,0,"{
  ""correct"": ""no"",
  ""score"": 0
}"
54,9198b9a4-8d8f-4ba6-9924-4c86982d890a,What is the setting of the latest video frame?,A kitchen.,"The setting of the latest video frame is a kitchen with a Christmas tree in the background, indicating that it might be around the holiday season.",Scene Summary,yes,5,"{
  ""correct"": ""yes"",
  ""score"": 5
}"
55,9198b9a4-8d8f-4ba6-9924-4c86982d890a,What can be seen on the stove in the video clip?,A pan with shawarma filling and bread.,"The stove in the video clip has two tortillas (or burritos) on it, one with a brownish mixture and the other with a colorful mixture of vegetables.",Scene Summary,no,1,"{
  ""correct"": ""no"",
  ""score"": 1
}"
56,9198b9a4-8d8f-4ba6-9924-4c86982d890a,How many pans are on the stove in the video?,Two pans.,There are two pans on the stove in the video.,Scene Summary,yes,5,"{
  ""correct"": ""yes"",
  ""score"": 5
}"
57,9198b9a4-8d8f-4ba6-9924-4c86982d890a,What objects are visible on the kitchen counter in the video?,Ingredients and utensils.,"Visible objects on the kitchen counter include a cutting board with chopped/INFO, a bowl of chopped tomatoes and green herbs, a blender, a bottle of oil, a container of grated cheese, and a plate with rolled tortillas.",Scene Summary,no,1,"{
  ""correct"": ""no"",
  ""score"": 1
}"
58,9198b9a4-8d8f-4ba6-9924-4c86982d890a,What cooking process is happening in the new frames?,Shawarma filling is being prepared.,"In the new frames, the person is seen cooking/INFO",Action Caption,no,1,"{
  ""correct"": ""no"",
  ""score"": 1
}"
59,9198b9a4-8d8f-4ba6-9924-4c86982d890a,What action was the cook performing?,Adding bread to the shawarma filling.,"The cook was preparing food, specifically rolling tortillas and adding them to a pan with a mixture of meat and vegetables串子.",Action Caption,no,1,"{
  ""correct"": ""no"",
  ""score"": 1
}"
60,9198b9a4-8d8f-4ba6-9924-4c86982d890a,How is the cook interacting with the food?,By stirring and combining ingredients.,"The cook is actively engaged in the cooking process, using a spatula to stir and mix ingredients串香粉和辣椒粉, which are likely used as toppingsNECTARAO, and occasionally adds more of them to the pan.",Action Caption,no,2,"{
  ""correct"": ""no"",
  ""score"": 2
}"
61,9198b9a4-8d8f-4ba6-9924-4c86982d890a,Describe the cook's technique in the video clip.,Carefully scooping and spreading filling onto bread.,The cook methodically/INFO,Action Caption,no,0,"{""correct"": ""no"", ""score"": 0}"
62,9198b9a4-8d8f-4ba6-9924-4c86982d890a,Is there more than one dish being cooked simultaneously?,Yes.,"Yes, there are two dishes being cooked simultaneously on the stove.",Whether Something Happened(Y/N),yes,5,"{
  ""correct"": ""yes"",
  ""score"": 5
}"
63,9198b9a4-8d8f-4ba6-9924-4c86982d890a,Is the cook wearing any protective gloves in the video?,No.,No.,Whether Something Happened(Y/N),yes,5,"{
  ""correct"": ""yes"",
  ""score"": 5
}"
64,9198b9a4-8d8f-4ba6-9924-4c86982d890a,Does the video capture the addition of toppings to the shawarma?,No.,"Yes, the video captures the addition of toppings and garnishing the shaw/INFO tacos with chopped onions and cilantro.",Whether Something Happened(Y/N),no,0,"{
  ""correct"": ""no"",
  ""score"": 0
}"
65,9198b9a4-8d8f-4ba6-9924-4c86982d890a,Is the mobile phone operated before rolling sauce in flat breads?,No,"No, the mobile phone is not operated before rolling sauce in flat breads.",Order Judging(Y/N),yes,5,"{
  ""correct"": ""yes"",
  ""score"": 5
}"
66,9198b9a4-8d8f-4ba6-9924-4c86982d890a,Do I cut the tomatoes before preparing the shawarma?,Yes,"Yes, the person in the video is seen cutting the tomatoes before preparing the shaw/INFO.",Order Judging(Y/N),yes,5,"{
  ""correct"": ""yes"",
  ""score"": 5
}"
67,9198b9a4-8d8f-4ba6-9924-4c86982d890a,Is the shawarma prepared before cutting tomatoes?,No,"Yes, the shawarma is prepared by placing sliced tomatoes/INFO and chopped tomatoes on a plate before cutting them.",Order Judging(Y/N),no,0,"{
  ""correct"": ""no"",
  ""score"": 0
}"
68,9198b9a4-8d8f-4ba6-9924-4c86982d890a,Do I roll sauce in flat breads after cutting tomatoes?,Yes,"Yes, the person rolls sauce in flat breads after cutting tomatoes.",Order Judging(Y/N),yes,5,"{
  ""correct"": ""yes"",
  ""score"": 5
}"
69,9198b9a4-8d8f-4ba6-9924-4c86982d890a,Is the mobile phone operated after preparing the shawarma?,Yes,Yes.,Order Judging(Y/N),yes,5,"{""correct"": ""yes"", ""score"": 5}"
70,9198b9a4-8d8f-4ba6-9924-4c86982d890a,What action occurs just before I operated the mobile phone?,Rolling sauce in flat breads,"Just before I operated the mobile phone, a hand is seen holding a bowl of chopped/INFO vegetables.",What event order,no,0,"{""correct"": ""no"", ""score"": 0}"
71,9198b9a4-8d8f-4ba6-9924-4c86982d890a,What do I do before cutting the tomatoes?,"Nothing, it is the first action.","Before cutting the tomatoes, I use a knife to chop them into smaller pieces.",What event order,no,0,"{""correct"": ""no"", ""score"": 0}"
72,9198b9a4-8d8f-4ba6-9924-4c86982d890a,What occurs just before preparing the shawarma?,Operating the mobile phone,"Just before preparing the sharma, the person is seen holding a bowl of chopped/INFO and adding it to the pan with the other ingredients.",What event order,no,0,"{
  ""correct"": ""no"",
  ""score"": 0
}"
73,9198b9a4-8d8f-4ba6-9924-4c86982d890a,"In the video, did I open the kitchen drawers before cutting vegetables?",No,"Yes, the video shows a close-up of a kitchen drawer/INFO",Order Judging(Y/N),no,0,"{
  ""correct"": ""no"",
  ""score"": 0
}"
74,9198b9a4-8d8f-4ba6-9924-4c86982d890a,Does the cooking of shawarma happen before regulating the cooker's heat?,Yes,"Yes, the cooking of shaw/INFO wraps happens before regulating the cooker's heat.",Order Judging(Y/N),yes,5,"{
  ""correct"": ""yes"",
  ""score"": 5
}"
75,9198b9a4-8d8f-4ba6-9924-4c86982d890a,"In the video, is the mobile phone operated after the sauce is rolled in flatbreads?",Yes,"Yes, the mobile phone is operated after the sauce is rolled in flatbreads.",Order Judging(Y/N),yes,5,"{
  ""correct"": ""yes"",
  ""score"": 5
}"
76,9198b9a4-8d8f-4ba6-9924-4c86982d890a,Is heat regulation done before cutting tomatoes with a knife?,No,"Yes, the person is seen in the process of cutting tomatoes/INFO tomatoes with a knife before they are added to the pan.",Order Judging(Y/N),no,0,"{""correct"": ""no"", ""score"": 0}"
77,9198b9a4-8d8f-4ba6-9924-4c86982d890a,"In the video sequence, what do I do before cooking shawarma?",Cut vegetables,"Before cooking shawarma, I open the microwave and place a bowl of chopped/INFO beans on the countertop.",What event order,no,0,"{
  ""correct"": ""no"",
  ""score"": 0
}"
78,9198b9a4-8d8f-4ba6-9924-4c86982d890a,Describe the setting shown in the video clip.,A kitchen where shawarma is being prepared.,"The video shows a kitchen setting where a person is preparing food on a countertop. The background features a tiled backsplash and various kitchen items, including a container of tortillas, a can of beans, and a bowl of shredded cheese.",Scene Summary,no,2,"{
  ""correct"": ""no"",
  ""score"": 2
}"
79,9198b9a4-8d8f-4ba6-9924-4c86982d890a,What is happening in these new frames?,Shawarma is being filled with ingredients.,"In these new frames, a person is seen holding a smartphone with the camera focused on them. The scene continues to show the kitchen setup with various ingredients and cooking items in motion, including rolling pin, spatula, and containers of spices or condiments.",Action Caption,no,1,"{
  ""correct"": ""no"",
  ""score"": 1
}"
80,9198b9a4-8d8f-4ba6-9924-4c86982d890a,Is the person in the video making a meal?,Yes.,Yes.,Whether Something Happened(Y/N),yes,5,"{
  ""correct"": ""yes"",
  ""score"": 5
}"
81,9198b9a4-8d8f-4ba6-9924-4c86982d890a,Is the kitchen the main location in these frames?,Yes.,"Yes, the kitchen is the main location in these frames.",Whether Something Happened(Y/N),yes,5,"{
  ""correct"": ""yes"",
  ""score"": 5
}"
82,9198b9a4-8d8f-4ba6-9924-4c86982d890a,Does the video capture the moment of grilling meat for the shawarma?,No.,"Yes, the video captures the moment of grilling meat for the shawarma as it is placed into a pan on the stove.",Whether Something Happened(Y/N),no,0,"{
  ""correct"": ""no"",
  ""score"": 0
}"
83,9198b9a4-8d8f-4ba6-9924-4c86982d890a,Are spices being added to the food in this clip?,No.,"Yes, spices are being added to the food in this clip.",Whether Something Happened(Y/N),no,0,"{""correct"": ""no"", ""score"": 0}"
84,9198b9a4-8d8f-4ba6-9924-4c86982d890a,"In the video, is the shawarma filling added to the bread before wrapping it?",Yes,Yes,Order Judging(Y/N),yes,5,"{
  ""correct"": ""yes"",
  ""score"": 5
}"
85,9198b9a4-8d8f-4ba6-9924-4c86982d890a,Does the chopping of vegetables occur before heating the pan?,No,"Yes, the chopping of vegetables occurs before heating the pan.",Order Judging(Y/N),no,0,"{""correct"": ""no"", ""score"": 0}"
86,9198b9a4-8d8f-4ba6-9924-4c86982d890a,Is the stove turned off before removing the pan from heat?,Yes,Yes.,Order Judging(Y/N),yes,5,"{
  ""correct"": ""yes"",
  ""score"": 5
}"
87,9198b9a4-8d8f-4ba6-9924-4c86982d890a,"In the video, is the bread placed on the pan before adding fillings?",Yes,Yes.,Order Judging(Y/N),yes,5,"{
  ""correct"": ""yes"",
  ""score"": 5
}"
88,9198b9a4-8d8f-4ba6-9924-4c86982d890a,Is the shawarma served before adding sauce?,No,Yes.,Order Judging(Y/N),no,0,"{""correct"": ""no"", ""score"": 0}"
89,9198b9a4-8d8f-4ba6-9924-4c86982d890a,What do I do before adding the shawarma filling to the bread?,Chop vegetables,"Before adding the shawarma filling to the bread, you should first prepare the tortillas by rolling them out and cutting them into strips.",What event order,no,0,"{
  ""correct"": ""no"",
  ""score"": 0
}"
90,9198b9a4-8d8f-4ba6-9924-4c86982d890a,What is done before turning off the stove?,Cook shawarma,"Before turning off the stove, the person is seen stirring a pan with vegetables and adding more ingredients to it.",What event order,no,1,"{
  ""correct"": ""no"",
  ""score"": 1
}"
91,9198b9a4-8d8f-4ba6-9924-4c86982d890a,What is the immediate step before serving the shawarma?,Add sauce,The immediate step before serving the shawarma is spreading a mixture of shredded cheese and vegetables in a bowl.,What event order,no,0,"{
  ""correct"": ""no"",
  ""score"": 0
}"
92,9198b9a4-8d8f-4ba6-9924-4c86982d890a,"In the video, is the sauce added to the flat bread before cutting the tomatoes?",No,Yes,Order Judging(Y/N),no,0,"{""correct"": ""no"", ""score"": 0}"
93,9198b9a4-8d8f-4ba6-9924-4c86982d890a,Does the person operate the mobile phone after rolling the sauce in the flat breads?,Yes,"Yes, the person operates the mobile phone after rolling the sauce in the flat breads.",Order Judging(Y/N),yes,5,"{
  ""correct"": ""yes"",
  ""score"": 5
}"
94,9198b9a4-8d8f-4ba6-9924-4c86982d890a,Is the shawarma prepared before the tomatoes are cut with a knife?,Yes,Yes.,Order Judging(Y/N),yes,5,"{""correct"": ""yes"", ""score"": 5}"
95,9198b9a4-8d8f-4ba6-9924-4c86982d890a,"In the video, does rolling the sauce happen before the shawarma preparation?",No,"No, the sauce is added to the shawarma before rolling it.",Order Judging(Y/N),yes,5,"{
  ""correct"": ""yes"",
  ""score"": 5
}"
96,9198b9a4-8d8f-4ba6-9924-4c86982d890a,Is the flat bread used before operating the mobile phone?,Yes,Yes.,Order Judging(Y/N),yes,5,"{""correct"": ""yes"", ""score"": 5}"
97,9198b9a4-8d8f-4ba6-9924-4c86982d890a,What setting is portrayed in the latest clip?,A kitchen setting.,The latest clip portrays a festive setting with Christmas decorations in the background.,Scene Summary,no,1,"{
  ""correct"": ""no"",
  ""score"": 1
}"
98,9198b9a4-8d8f-4ba6-9924-4c86982d890a,What activity is featured in the frame?,Preparing shawarma.,"The activity featured in the frame is preparing a dish that includes tortillas, green leafy vegetables, and other ingredients.",Scene Summary,no,2,"{
  ""correct"": ""no"",
  ""score"": 2
}"
99,9198b9a4-8d8f-4ba6-9924-4c86982d890a,Is the shawarma preparation process completed in the clip?,No.,Yes.,Whether Something Happened(Y/N),no,0,"{""correct"": ""no"", ""score"": 0}"
100,9198b9a4-8d8f-4ba6-9924-4c86982d890a,Is there more than one person visible in the kitchen?,No.,Yes.,Whether Something Happened(Y/N),no,0,"{""correct"": ""no"", ""score"": 0}"
101,9198b9a4-8d8f-4ba6-9924-4c86982d890a,Does the clip show any cooking appliances being used?,No.,"Yes, the clip shows a microwave being used to heat up some of the ingredients.",Whether Something Happened(Y/N),no,0,"{
  ""correct"": ""no"",
  ""score"": 0
}"
102,9198b9a4-8d8f-4ba6-9924-4c86982d890a,Is there any sign of food already cooked in the scene?,No.,"Yes, there is a bowl of cooked tortillas visible in the background.",Whether Something Happened(Y/N),no,0,"{
  ""correct"": ""no"",
  ""score"": 0
}"
103,9198b9a4-8d8f-4ba6-9924-4c86982d890a,Is the person in the frame wearing gloves?,No.,No.,Whether Something Happened(Y/N),yes,5,"{
  ""correct"": ""yes"",
  ""score"": 5
}"
104,9198b9a4-8d8f-4ba6-9924-4c86982d890a,"In the video, is the meat added to the shawarma wrap before chopping the herbs?",No,"No, the meat is not added to the shawarma wrap before chopping the herbs.",Order Judging(Y/N),yes,5,"{
  ""correct"": ""yes"",
  ""score"": 5
}"
105,9198b9a4-8d8f-4ba6-9924-4c86982d890a,"In the video, is the shawarma wrap prepared before the vegetables are chopped?",Yes,"Yes, the shawarma wrap is prepared before the vegetables are chopped.",Order Judging(Y/N),yes,5,"{
  ""correct"": ""yes"",
  ""score"": 5
}"
106,9198b9a4-8d8f-4ba6-9924-4c86982d890a,Does chopping herbs happen after the vegetables are mixed in the bowl?,No,"Yes, the person continues to chop herbs on the cutting board after mixing them in the bowl.",Order Judging(Y/N),no,0,"{""correct"": ""no"", ""score"": 0}"
107,9198b9a4-8d8f-4ba6-9924-4c86982d890a,Is the shawarma meat cooked before the vegetables are cut?,Yes,Yes.,Order Judging(Y/N),yes,5,"{
  ""correct"": ""yes"",
  ""score"": 5
}"
108,9198b9a4-8d8f-4ba6-9924-4c86982d890a,What happens just before the shawarma meat is added to the wrap in the video?,The vegetables are mixed in a bowl,"Just before the shawarma meat is added to the wrap, a person picks up a bowl of chopped green herbs and begins to add them to the wrap.",What event order,no,1,"{
  ""correct"": ""no"",
  ""score"": 1
}"
109,9198b9a4-8d8f-4ba6-9924-4c86982d890a,What action takes place before the wrap is rolled up in the video?,The meat and vegetables are added to it,"Before the wrap is rolled up, a person uses their hands to chop and mix the ingredients in a bowl.",What event order,no,1,"{
  ""correct"": ""no"",
  ""score"": 1
}"
110,9198b9a4-8d8f-4ba6-9924-4c86982d890a,"In the video, is the meat placed on the bread before adding vegetables?",No,"No, the meat is not placed on the bread before adding vegetables.",Order Judging(Y/N),yes,5,"{
  ""correct"": ""yes"",
  ""score"": 5
}"
111,9198b9a4-8d8f-4ba6-9924-4c86982d890a,Is the bread toasted before spreading the meat on it?,No,"No, the bread is not toasted before spreading the meat.",Order Judging(Y/N),yes,5,"{
  ""correct"": ""yes"",
  ""score"": 5
}"
112,9198b9a4-8d8f-4ba6-9924-4c86982d890a,"In the clip, is the chopping of vegetables shown before the frying of meat?",Yes,Yes,Order Judging(Y/N),yes,5,"{
  ""correct"": ""yes"",
  ""score"": 5
}"
113,9198b9a4-8d8f-4ba6-9924-4c86982d890a,Does the video show adding condiments after the meat is placed on the bread?,Yes,"Yes, the video shows adding condiments after the meat is placed on the bread.",Order Judging(Y/N),yes,5,"{
  ""correct"": ""yes"",
  ""score"": 5
}"
114,9198b9a4-8d8f-4ba6-9924-4c86982d890a,What occurs just before the meat is added to the bread in the video?,Vegetables are chopped,"Just before the meat is added to the bread, a person adds chopped green herbs from a bowl into a large metal mixing bowl.",What event order,no,1,"{
  ""correct"": ""no"",
  ""score"": 1
}"
115,9198b9a4-8d8f-4ba6-9924-4c86982d890a,"In the video sequence, what do we see happening before the bread is picked up?",Vegetables being sautéed,"Before the bread is picked up, we see a person placing green leaves into a bowl and then picking up a piece of bread from the counter.",What event order,no,1,"{
  ""correct"": ""no"",
  ""score"": 1
}"
116,9198b9a4-8d8f-4ba6-9924-4c86982d890a,"Before the chopping of vegetables, what event is shown in the clip?",Preparing other ingredients,"The clip shows a festive Christmas tree in the background, indicating that the event is likely a holiday celebration.",What event order,no,0,"{
  ""correct"": ""no"",
  ""score"": 0
}"
117,9198b9a4-8d8f-4ba6-9924-4c86982d890a,What does the cook do before adding condiments to the shawarma?,Place meat on the bread,The cook adds a red spice to the shawarma before adding condiments.,What event order,no,1,"{
  ""correct"": ""no"",
  ""score"": 1
}"
118,9198b9a4-8d8f-4ba6-9924-4c86982d890a,What is the setting of this scene?,A kitchen.,"The setting of this scene is a kitchen with a Christmas tree in the background, indicating that it might be during the holiday season.",Scene Summary,yes,5,"{
  ""correct"": ""yes"",
  ""score"": 5
}"
119,9198b9a4-8d8f-4ba6-9924-4c86982d890a,What culinary activity is taking place?,Preparing shawarma.,"The culinary activity is the preparation of a dish that involves rolling tortillas filled with meat and vegetables, cooking them in a pan, and then assembling them into tacos.",Scene Summary,no,1,"{
  ""correct"": ""no"",
  ""score"": 1
}"
120,9198b9a4-8d8f-4ba6-9924-4c86982d890a,Which type of cuisine is being worked on?,"Middle Eastern, specifically shawarma.","The cuisine being worked on is likely Mexican, as indicated by the ingredients and cooking process.",Scene Summary,no,0,"{
  ""correct"": ""no"",
  ""score"": 0
}"
121,9198b9a4-8d8f-4ba6-9924-4c86982d890a,Are any other tasks being carried out besides cooking?,"No, just cooking.","Yes, the person is also preparing a bowl of salsa and adding it to the pot.",Scene Summary,no,0,"{
  ""correct"": ""no"",
  ""score"": 0
}"
122,9198b9a4-8d8f-4ba6-9924-4c86982d890a,Is the kitchen residential or commercial?,It appears residential.,"The kitchen is residential, as indicated by the Christmas tree decoration and the festive atmosphere.",Scene Summary,yes,5,"{
  ""correct"": ""yes"",
  ""score"": 5
}"
123,9198b9a4-8d8f-4ba6-9924-4c86982d890a,Is any equipment being used in the action?,"Yes, a knife for chopping.","Yes, a microwave is visible in the background.",Action Caption,no,1,"{
  ""correct"": ""no"",
  ""score"": 1
}"
124,9198b9a4-8d8f-4ba6-9924-4c86982d890a,Is the person cooking alone or with others?,The clip only shows one person cooking.,The person is cooking alone.,Action Caption,yes,5,"{
  ""correct"": ""yes"",
  ""score"": 5
}"
125,9198b9a4-8d8f-4ba6-9924-4c86982d890a,Is there more than one person in this scene?,No.,"Yes, there is another person visible in the background of the scene.",Whether Something Happened(Y/N),no,0,"{
  ""correct"": ""no"",
  ""score"": 0
}"
126,9198b9a4-8d8f-4ba6-9924-4c86982d890a,Has the meal been completed in this frame?,No.,"Yes, the meal appears to be complete with all ingredients and cooking utensils neatly arranged on the counter.",Whether Something Happened(Y/N),no,0,"{""correct"": ""no"", ""score"": 0}"
127,9198b9a4-8d8f-4ba6-9924-4c86982d890a,Is the person in the video cleaning?,No.,No.,Whether Something Happened(Y/N),yes,5,"{
  ""correct"": ""yes"",
  ""score"": 5
}"
128,9198b9a4-8d8f-4ba6-9924-4c86982d890a,Does this clip show the finished shawarma dish?,No.,"Yes, the clip shows the finished shawarma dish with a variety of ingredients and spices being cooked in the pan.",Whether Something Happened(Y/N),no,0,"{
  ""correct"": ""no"",
  ""score"": 0
}"
129,9198b9a4-8d8f-4ba6-9924-4c86982d890a,Are there any children present in this video?,No.,"No, there are no children present in the video.",Whether Something Happened(Y/N),yes,5,"{
  ""correct"": ""yes"",
  ""score"": 5
}"
130,9198b9a4-8d8f-4ba6-9924-4c86982d890a,"In the video, is the shawarma prepared after I washed the vegetables?",No,"Yes, the shawarma is prepared after I washes the vegetables.",Order Judging(Y/N),no,0,"{""correct"": ""no"", ""score"": 0}"
131,9198b9a4-8d8f-4ba6-9924-4c86982d890a,"In the video, do I chop the parsley before assembling the shawarma?",Yes,"No, the video does not show you chopping the parsley before assembling the shawarma.",Order Judging(Y/N),no,0,"{
  ""correct"": ""no"",
  ""score"": 0
}"
132,9198b9a4-8d8f-4ba6-9924-4c86982d890a,Does cutting tomatoes occur before the marinating of meat?,Yes,"Yes, the person is seen cutting tomatoes before starting to marinate meat in a pan.",Order Judging(Y/N),yes,5,"{
  ""correct"": ""yes"",
  ""score"": 5
}"
133,9198b9a4-8d8f-4ba6-9924-4c86982d890a,"In the clip, is the garlic crushed before the tzatziki sauce is mixed?",Yes,"Yes, the garlic is crushed before the tzatziki sauce is mixed.",Order Judging(Y/N),yes,5,"{
  ""correct"": ""yes"",
  ""score"": 5
}"
134,9198b9a4-8d8f-4ba6-9924-4c86982d890a,Is the lettuce shredded after the hummus is spread on the bread?,Yes,Yes.,Order Judging(Y/N),yes,5,"{
  ""correct"": ""yes"",
  ""score"": 5
}"
135,9198b9a4-8d8f-4ba6-9924-4c86982d890a,What happens before I season the shawarma meat?,Chopping onions,"Before seasoning the shawarma meat, the person in the video is seen preparing a bowl of sauce and adding it to a pan on the stove.",What event order,no,0,"{
  ""correct"": ""no"",
  ""score"": 0
}"
136,9198b9a4-8d8f-4ba6-9924-4c86982d890a,What do I do just before wrapping the shawarma?,Adding sauces,You should place the shawarma on a plate or cutting board and then proceed to wrap it.,What event order,no,1,"{
""correct"": ""no"",
""score"": 1
}"
137,9198b9a4-8d8f-4ba6-9924-4c86982d890a,What occurs before I put the shawarma on the grill?,Skewing meat,"Before placing the shawarma on the grill, the person in the video is seen preparing a dish that includes meat and vegetables.",What event order,no,1,"{
  ""correct"": ""no"",
  ""score"": 1
}"
138,9198b9a4-8d8f-4ba6-9924-4c86982d890a,"In the video, what action precedes slicing the cooked shawarma?",Removing from heat,Slicing the cooked shawarma is preceded by placing a tortilla on top of it and then spreading a mixture with a spoon.,What event order,no,0,"{
  ""correct"": ""no"",
  ""score"": 0
}"
139,9198b9a4-8d8f-4ba6-9924-4c86982d890a,What task is completed before garnishing the dish with parsley?,Placing the shawarma on the plate.,The task of adding the filling to the tortillas is completed before garnishing them with parsley.,What event order,no,1,"{
  ""correct"": ""no"",
  ""score"": 1
}"
140,9198b9a4-8d8f-4ba6-9924-4c86982d890a,"In the kitchen, is shawarma added to the pita before chopping the herbs?",No,"Yes, shawarma is added to the pita before chopping the herbs.",Order Judging(Y/N),no,0,"{""correct"": ""no"", ""score"": 0}"
141,9198b9a4-8d8f-4ba6-9924-4c86982d890a,Are the herbs chopped before the shawarma is cooked?,Yes,"Yes, the herbs are chopped before the shawarma is cooked.",Order Judging(Y/N),yes,5,"{
  ""correct"": ""yes"",
  ""score"": 5
}"
142,9198b9a4-8d8f-4ba6-9924-4c86982d890a,Is the pita prepared before any cooking starts?,No,"Yes, the pita is prepared and ready to be used for cooking.",Order Judging(Y/N),no,0,"{
  ""correct"": ""no"",
  ""score"": 0
}"
143,9198b9a4-8d8f-4ba6-9924-4c86982d890a,Is the pan on the stove before chopping the herbs?,Yes,No.,Order Judging(Y/N),no,0,"{""correct"": ""no"", ""score"": 0}"
144,9198b9a4-8d8f-4ba6-9924-4c86982d890a,What happens before the pita is filled with shawarma?,Shawarma is cooked.,"Before filling the pita with shawarma, it is first rolled out and shaped into a flat tortilla.",What event order,no,1,"{
  ""correct"": ""no"",
  ""score"": 1
}"
145,9198b9a4-8d8f-4ba6-9924-4c86982d890a,What is the action performed after placing the pan on the stove?,Cooking shawarma.,The action performed after placing the pan on the stove is stirring the contents of the pan with a spatula.,What event order,no,1,"{
  ""correct"": ""no"",
  ""score"": 1
}"
146,9198b9a4-8d8f-4ba6-9924-4c86982d890a,What is the setting shown in the video clip?,A kitchen.,The setting shown in the video clip is a kitchen with various ingredients and cooking utensils scattered around.,Scene Summary,yes,5,"{
  ""correct"": ""yes"",
  ""score"": 5
}"
147,9198b9a4-8d8f-4ba6-9924-4c86982d890a,Which dish is being prepared in this video?,Shawarma.,The dish being prepared in this video is a burrito wrap.,Scene Summary,no,1,"{""correct"": ""no"", ""score"": 1}"
148,9198b9a4-8d8f-4ba6-9924-4c86982d890a,Are there any decorations visible in the video scene?,"Yes, a Christmas tree.","Yes, there are Christmas decorations visible in the background of the video scene.",Scene Summary,yes,4,"{
  ""correct"": ""yes"",
  ""score"": 4
}"
149,9198b9a4-8d8f-4ba6-9924-4c86982d890a,What appliances are present in the video scene?,A stove and fridge are visible.,"The video shows a stainless steel sink, a microwave, and an electric blender.",Scene Summary,no,0,"{
  ""correct"": ""no"",
  ""score"": 0
}"
150,9198b9a4-8d8f-4ba6-9924-4c86982d890a,Is the kitchen depicted as clean or messy?,It appears clean.,"The kitchen is described as being messy, with various items scattered around and a Christmas tree in the background.",Scene Summary,no,0,"{
  ""correct"": ""no"",
  ""score"": 0
}"
151,9198b9a4-8d8f-4ba6-9924-4c86982d890a,Is any cooking appliance being used in the frames?,The stove is being used.,"Yes, a blender is being used in the frames.",Action Caption,no,1,"{""correct"": ""no"", ""score"": 1}"
152,9198b9a4-8d8f-4ba6-9924-4c86982d890a,Is there any evidence of recent cooking in the video?,"Yes, a pan is on the stovetop.","Yes, there is evidence of recent cooking in the video. The person has a bowl with eggs and some herbs on it, suggesting that they have recently prepared ingredients for their dish.",Action Caption,no,2,"{
  ""correct"": ""no"",
  ""score"": 2
}"
153,9198b9a4-8d8f-4ba6-9924-4c86982d890a,Is food being cooked or assembled?,"Assembled, as shawarma is being prepared.","Yes, food is being cooked or assembled.",Action Caption,no,1,"{
  ""correct"": ""no"",
  ""score"": 1
}"
154,9198b9a4-8d8f-4ba6-9924-4c86982d890a,Does the clip show any ingredient being chopped or sliced?,"No, not depicted in the clip.","Yes, the clip shows a person chopping or slicing an ingredient on a cutting board.",Action Caption,no,0,"{
  ""correct"": ""no"",
  ""score"": 0
}"
155,9198b9a4-8d8f-4ba6-9924-4c86982d890a,Is there a person visible in the video clip?,No.,Yes.,Whether Something Happened(Y/N),no,0,"{""correct"": ""no"", ""score"": 0}"
156,9198b9a4-8d8f-4ba6-9924-4c86982d890a,Does the clip include any festive decorations?,Yes.,Yes.,Whether Something Happened(Y/N),yes,5,"{
  ""correct"": ""yes"",
  ""score"": 5
}"
157,9198b9a4-8d8f-4ba6-9924-4c86982d890a,Can you see any finished dish in the clip?,No.,"Yes, the finished dish appears to be a delicious burrito with various toppings.",Whether Something Happened(Y/N),no,0,"{
  ""correct"": ""no"",
  ""score"": 0
}"
158,9198b9a4-8d8f-4ba6-9924-4c86982d890a,Does the clip show someone doing the dishes?,No.,"Yes, the clip shows someone washing dishes in a sink.",Whether Something Happened(Y/N),no,0,"{
  ""correct"": ""no"",
  ""score"": 0
}"
159,9198b9a4-8d8f-4ba6-9924-4c86982d890a,Is there any visible flame or food being cooked directly?,No.,"No, there is no visible flame or food being cooked directly in the video.",Whether Something Happened(Y/N),yes,5,"{
  ""correct"": ""yes"",
  ""score"": 5
}"
160,9198b9a4-8d8f-4ba6-9924-4c86982d890a,What is the setting of the latest video clip?,The setting is a kitchen.,The setting of the latest video clip is a kitchen with Christmas decorations in the background.,Scene Summary,yes,5,"{
  ""correct"": ""yes"",
  ""score"": 5
}"
161,9198b9a4-8d8f-4ba6-9924-4c86982d890a,Describe the activity being carried out.,Cooking or food preparation is being performed.,"The activity involves preparing a meal, specifically making tortillas and adding cheese to them. The person is using a grater to grate/INFO",Scene Summary,yes,4,"{
  ""correct"": ""yes"",
  ""score"": 4
}"
162,9198b9a4-8d8f-4ba6-9924-4c86982d890a,Does the person open the refrigerator in the video?,Yes.,Yes.,Whether Something Happened(Y/N),yes,5,"{
  ""correct"": ""yes"",
  ""score"": 5
}"
163,9198b9a4-8d8f-4ba6-9924-4c86982d890a,"In the video, is the refrigerator opened before the cheese is retrieved?",Yes,Yes.,Order Judging(Y/N),yes,5,"{
  ""correct"": ""yes"",
  ""score"": 5
}"
164,9198b9a4-8d8f-4ba6-9924-4c86982d890a,Is the kitchen light turned on after I enter the room?,No,Yes.,Order Judging(Y/N),no,0,"{""correct"": ""no"", ""score"": 0}"
165,9198b9a4-8d8f-4ba6-9924-4c86982d890a,Do I start preparing shawarma before setting the ingredients on the counter?,No,"Yes, you start preparing shawarma before setting the ingredients on the counter.",Order Judging(Y/N),no,0,"{
  ""correct"": ""no"",
  ""score"": 0
}"
166,9198b9a4-8d8f-4ba6-9924-4c86982d890a,"In the video, is the tree decorated before I begin cooking?",Yes,"Yes, the tree is decorated with Christmas lights and ornaments before I begin cooking.",Order Judging(Y/N),yes,5,"{
  ""correct"": ""yes"",
  ""score"": 5
}"
167,9198b9a4-8d8f-4ba6-9924-4c86982d890a,What's the setting of the video clip?,In a kitchen.,"The setting of the video clip is a kitchen with Christmas decorations in the background, indicating that it might be around the holiday season.",Scene Summary,yes,5,"{
  ""correct"": ""yes"",
  ""score"": 5
}"
168,9198b9a4-8d8f-4ba6-9924-4c86982d890a,What objects are present in this scene?,"Glass cup, glass bowls, steel bowls, whipping cream, flour, eggs, whisker.","The objects present in this scene include a bowl of shredded cheese, an egg yolk, a container of flour, and various kitchen utensils.",Scene Summary,no,2,"{
  ""correct"": ""no"",
  ""score"": 2
}"
169,9198b9a4-8d8f-4ba6-9924-4c86982d890a,What is the main activity taking place?,Baking preparation.,"The main activity is preparing a meal, specifically making tortillas and adding them to the mixture in the bowl.",Scene Summary,no,2,"{
  ""correct"": ""no"",
  ""score"": 2
}"
170,9198b9a4-8d8f-4ba6-9924-4c86982d890a,Are there any kitchen appliances visible?,"Yes, a stove and a sink.","Yes, there are kitchen appliances visible in the background.",Scene Summary,no,2,"{
  ""correct"": ""no"",
  ""score"": 2
}"
171,9198b9a4-8d8f-4ba6-9924-4c86982d890a,Can you identify the ingredients used?,"Heavy whipping cream, flour, and eggs.","Yes, the ingredients used include a bowl of shredded cheese, a container of flour, and a bottle of oil.",Scene Summary,no,1,"{""correct"": ""no"", ""score"": 1}"
172,9198b9a4-8d8f-4ba6-9924-4c86982d890a,What is being prepared in the kitchen?,A baking recipe.,"The kitchen is preparing a dish that includes tortillas, cheese, and eggs.",Action Caption,no,1,"{
  ""correct"": ""no"",
  ""score"": 1
}"
173,9198b9a4-8d8f-4ba6-9924-4c86982d890a,What action does the person perform with the eggs?,Cracking and whipping them.,The person pours the eggs into a bowl and mixes them with their hands.,Action Caption,no,2,"{""correct"": ""no"", ""score"": 2}"
174,9198b9a4-8d8f-4ba6-9924-4c86982d890a,What tool is used for whipping the eggs?,A whisker.,A whisk is used for whipping the eggs.,Action Caption,yes,5,"{""correct"": ""yes"", ""score"": 5}"
175,9198b9a4-8d8f-4ba6-9924-4c86982d890a,Where are the ingredients placed after being prepared?,In glass and steel bowls.,The ingredients are placed on the counter.,Action Caption,no,1,"{
  ""correct"": ""no"",
  ""score"": 1
}"
176,9198b9a4-8d8f-4ba6-9924-4c86982d890a,How are the ingredients combined?,Poured into bowls and whipped.,"The ingredients are combined by mixing the yellow mixture in a large metal bowl with a whisk, followed by adding shredded cheese and then pouring it into the bowl.",Action Caption,no,2,"{
""correct"": ""no"",
""score"": 2
}"
177,9198b9a4-8d8f-4ba6-9924-4c86982d890a,Is there an egg crate visible in the scene?,Yes.,Yes.,Whether Something Happened(Y/N),yes,5,"{
  ""correct"": ""yes"",
  ""score"": 5
}"
178,9198b9a4-8d8f-4ba6-9924-4c86982d890a,Did the person crack eggs from both a slab and the fridge?,Yes.,"Yes, the person cracked eggs from both a slab and the fridge.",Whether Something Happened(Y/N),yes,5,"{
  ""correct"": ""yes"",
  ""score"": 5
}"
179,9198b9a4-8d8f-4ba6-9924-4c86982d890a,Were the flour and whipping cream poured into separate containers?,Yes.,"Yes, the flour and whipping cream were poured into separate containers.",Whether Something Happened(Y/N),yes,5,"{
  ""correct"": ""yes"",
  ""score"": 5
}"
180,9198b9a4-8d8f-4ba6-9924-4c86982d890a,Is the heavy whipping cream poured before cracking the eggs?,Yes,Yes.,Order Judging(Y/N),yes,5,"{""correct"": ""yes"", ""score"": 5}"
181,9198b9a4-8d8f-4ba6-9924-4c86982d890a,Is the flour added to the bowl before the eggs are cracked?,Yes,"No, the flour is added to the bowl after the eggs are cracked.",Order Judging(Y/N),no,0,"{""correct"": ""no"", ""score"": 0}"
182,9198b9a4-8d8f-4ba6-9924-4c86982d890a,What did I do just before whipping the eggs in the video?,Crack the eggs into steel bowls,"Before whipping the eggs, you chopped yellow cheese into small pieces and added them to a bowl.",What event order,no,0,"{""correct"": ""no"", ""score"": 0}"
183,9198b9a4-8d8f-4ba6-9924-4c86982d890a,What takes place just before flour is poured into a bowl?,Pouring cream into a glass cup,"Just before flour is poured into a bowl, the person uses their hand to scrape out some of the remaining flour from the container.",What event order,no,0,"{
""correct"": ""no"",
""score"": 0
}"
184,9198b9a4-8d8f-4ba6-9924-4c86982d890a,What do we see happening before the egg crate is put in the fridge?,Cracking eggs on the slab,"Before the egg crate is put in the fridge, we see a Christmas tree decorated with lights and ornaments on the left side of the frame.",What event order,no,0,"{
  ""correct"": ""no"",
  ""score"": 0
}"
185,9198b9a4-8d8f-4ba6-9924-4c86982d890a,What occurs just before the shawarma preparation in the video?,Taking the egg crate out of the fridge,"Just before the shawarma preparation, a person is seen holding a bowl of shredded cheese and preparing to add it into a large metal mixing bowl.",What event order,no,0,"{
  ""correct"": ""no"",
  ""score"": 0
}"
186,9198b9a4-8d8f-4ba6-9924-4c86982d890a,"In the video, is the egg cracked into the bowl before the cream is poured?",No,Yes,Order Judging(Y/N),no,0,"{""correct"": ""no"", ""score"": 0}"
187,9198b9a4-8d8f-4ba6-9924-4c86982d890a,Does the egg crate go back into the fridge after the eggs are cracked?,Yes,"No, the egg crate is left on the counter after the eggs are cracked.",Order Judging(Y/N),no,0,"{
  ""correct"": ""no"",
  ""score"": 0
}"
188,9198b9a4-8d8f-4ba6-9924-4c86982d890a,"In the video, is the flour poured into the bowl after the egg is cracked?",Yes,"No, the flour is poured into the bowl after the egg is cracked.",Order Judging(Y/N),no,0,"{""correct"": ""no"", ""score"": 0}"
189,9198b9a4-8d8f-4ba6-9924-4c86982d890a,Does the preparation of shawarma occur before the cream is poured into the cup?,Yes,"Yes, the preparation of shawarma occurs before the cream is poured into the cup.",Order Judging(Y/N),yes,5,"{
  ""correct"": ""yes"",
  ""score"": 5
}"
190,9198b9a4-8d8f-4ba6-9924-4c86982d890a,What happens just before the egg crate is put back in the fridge?,The eggs are cracked.,"Just before the egg crate is put back in the fridge, a person places an egg into the bowl of yellow mixture.",What event order,no,1,"{
  ""correct"": ""no"",
  ""score"": 1
}"
191,9198b9a4-8d8f-4ba6-9924-4c86982d890a,What occurs just before the whipping of the egg?,The egg is cracked into the bowl.,"Just before the whipping of the egg, a person is seen holding a bowl filled with shredded cheese.",What event order,no,0,"{
  ""correct"": ""no"",
  ""score"": 0
}"
192,9198b9a4-8d8f-4ba6-9924-4c86982d890a,"In the video, what do we see happening before the flour is poured into the bowl?",The cream is poured into a cup.,"Before the flour is poured into the bowl, we see a Christmas tree decorated with lights and ornaments in the background.",What event order,no,0,"{
  ""correct"": ""no"",
  ""score"": 0
}"
193,9198b9a4-8d8f-4ba6-9924-4c86982d890a,What happens just before the cream is poured into the cup?,Shawarma is prepared.,"Just before the cream is poured into the cup, a person adds more cheese to the bowl.",What event order,no,0,"{
  ""correct"": ""no"",
  ""score"": 0
}"
194,9198b9a4-8d8f-4ba6-9924-4c86982d890a,What is the setting of the video clip?,In a kitchen.,"The setting of the video clip is a kitchen/INFO, which appears to be a festive Christmas-themed room decorated with colorful lights and decorations.",Scene Summary,no,2,"{
  ""correct"": ""no"",
  ""score"": 2
}"
195,9198b9a4-8d8f-4ba6-9924-4c86982d890a,What ingredients are combined in the mixture?,"Egg, cheese, baking soda, cream, sugar, vegetables.","The mixture includes a yellowish liquid/INFO, which is likely a type of cheese or sauce.",Scene Summary,no,1,"{
  ""correct"": ""no"",
  ""score"": 1
}"
196,9198b9a4-8d8f-4ba6-9924-4c86982d890a,What utensil is used to stir the mixture?,A spatula.,A blue spatula is used to stir the mixture.,Scene Summary,yes,5,"{
  ""correct"": ""yes"",
  ""score"": 5
}"
197,9198b9a4-8d8f-4ba6-9924-4c86982d890a,Where is the dough placed after removal from the fridge?,On a board on a slab in the kitchen.,The dough is placed on a cutting board.,Scene Summary,yes,4,"{
  ""correct"": ""yes"",
  ""score"": 4
}"
198,9198b9a4-8d8f-4ba6-9924-4c86982d890a,What does the person do with the dough and mixture?,Stir the mixture; place dough on board.,"The person uses a spatula to press the dough into the bowl, preparing it for cooking.",Scene Summary,no,1,"{
  ""correct"": ""no"",
  ""score"": 1
}"
199,9198b9a4-8d8f-4ba6-9924-4c86982d890a,What preparation is shown in the video clip?,Making some food involving a mixed batter.,"The video shows a kitchen/INFO, a traditional Mexican dish made with dough or tortillas filled with meat and vegetables.",Action Caption,no,1,"{
  ""correct"": ""no"",
  ""score"": 1
}"
200,9198b9a4-8d8f-4ba6-9924-4c86982d890a,What sequence of actions is depicted in the clip?,"Stirring mixture, retrieving, placing dough.","The sequence of actions depicted in the clip includes preparing ingredients, mixing dough with a spatula, adding cheese to it, and then placing the mixture into an oven. The scene also shows the preparation of a dish that appears to be a type of stuffed/INFO, which is likely a type of pasta or tortilla wrap.",Action Caption,no,1,"{
  ""correct"": ""no"",
  ""score"": 1
}"
201,9198b9a4-8d8f-4ba6-9924-4c86982d890a,Does the person whip cream into the mixture?,Yes.,Yes,Whether Something Happened(Y/N),yes,5,"{""correct"": ""yes"", ""score"": 5}"
202,9198b9a4-8d8f-4ba6-9924-4c86982d890a,Does the person transfer the mixture to another container?,No.,Yes,Whether Something Happened(Y/N),no,0,"{""correct"": ""no"", ""score"": 0}"
203,9198b9a4-8d8f-4ba6-9924-4c86982d890a,Is the dough placed in an oven?,No.,"No, the dough is not placed in an oven/INFO",Whether Something Happened(Y/N),yes,5,"{""correct"": ""yes"", ""score"": 5}"
204,9198b9a4-8d8f-4ba6-9924-4c86982d890a,Does the person knead the dough in the clip?,No.,Yes,Whether Something Happened(Y/N),no,0,"{""correct"": ""no"", ""score"": 0}"
205,9198b9a4-8d8f-4ba6-9924-4c86982d890a,Is there a moment when sugar is added to the mixture?,No (sugar was already added before).,"Yes, there is a moment when sugarNECT flour and sugar are added to the mixture.",Whether Something Happened(Y/N),no,1,"{""correct"": ""no"", ""score"": 1}"
206,9198b9a4-8d8f-4ba6-9924-4c86982d890a,Was the cream poured into a cup before the eggs were cracked?,Yes,"Yes, the cream/INFO was poured into a cup before the eggs were cracked.",Order Judging(Y/N),yes,5,"{
  ""correct"": ""yes"",
  ""score"": 5
}"
207,9198b9a4-8d8f-4ba6-9924-4c86982d890a,Was the mixture stirred before the dough was brought out?,Yes,"Yes, the mixtureNECTy mixture was stirred with a spatula before being brought out.",Order Judging(Y/N),yes,4,"{""correct"": ""yes"", ""score"": 4}"
208,9198b9a4-8d8f-4ba6-9924-4c86982d890a,Did the whipping of eggs happen after the flour was poured?,Yes,"Yes, the flour was poured into a bowl and then whipped until it became stiff peaks.",Order Judging(Y/N),yes,5,"{""correct"": ""yes"", ""score"": 5}"
209,9198b9a4-8d8f-4ba6-9924-4c86982d890a,Is sugar added to the mixture after the egg is whipped?,Yes,Yes.,Order Judging(Y/N),yes,5,"{""correct"": ""yes"", ""score"": 5}"
210,9198b9a4-8d8f-4ba6-9924-4c86982d890a,What happened before the dough was placed on the board?,Stirring the mixture,"Before the dough was placed on the board, it was mixed with a white powder and then pressed down to form a ball.",What event order,no,1,"{
  ""correct"": ""no"",
  ""score"": 1
}"
211,9198b9a4-8d8f-4ba6-9924-4c86982d890a,What occurs just before the eggs are whipped?,Cracking eggs into bowls,"Just before the eggs are whipped, a person is seen holding a bowl of shredded/INFO, which appears to be a mixture or batter.",What event order,no,0,"{
""correct"": ""no"",
""score"": 0
}"
212,9198b9a4-8d8f-4ba6-9924-4c86982d890a,What is done just before cracking eggs from the fridge?,Pouring cream into a cup,"Just before cracking eggs, the person uses a white cloth to wipe their hands and then places the egg into a bowl.",What event order,no,1,"{""correct"": ""no"", ""score"": 1}"
213,9198b9a4-8d8f-4ba6-9924-4c86982d890a,What is done right before adding grated cheese to the mixture?,Stirring the mixture,"Right before adding cheese to the mixture, a person uses a spatula to scrape out the remaining melted cheese from the pot into a bowl.",What event order,no,1,"{
""correct"": ""no"",
""score"": 1
}"
214,9198b9a4-8d8f-4ba6-9924-4c86982d890a,"In the video, does the cheese get grated before the eggs are cracked?",No,"Yes, the cheese is shown being grated/INFO 1 before the eggs are cracked.",Order Judging(Y/N),no,0,"{""correct"": ""no"", ""score"": 0}"
215,9198b9a4-8d8f-4ba6-9924-4c86982d890a,Is the heavy whipping cream poured into a cup after the flour?,Yes,"No, the heavy/INFO",Order Judging(Y/N),no,0,"{""correct"": ""no"", ""score"": 0}"
216,9198b9a4-8d8f-4ba6-9924-4c86982d890a,Does the dough come out of the fridge before the eggs are whipped?,No,"Yes, the dough comes out of the fridge/INFO",Order Judging(Y/N),no,0,"{""correct"": ""no"", ""score"": 0}"
217,9198b9a4-8d8f-4ba6-9924-4c86982d890a,"In the video, is the sugar added to the mixture before the vegetables?",Yes,"No, the sugar is not added to the mixture before the vegetables.",Order Judging(Y/N),no,0,"{""correct"": ""no"", ""score"": 0}"
218,9198b9a4-8d8f-4ba6-9924-4c86982d890a,Does the mixture get stirred before the eggs are cracked?,No,"Yes, the mixture串香包被搅拌/INFO",Order Judging(Y/N),no,0,"{""correct"": ""no"", ""score"": 0}"
219,9198b9a4-8d8f-4ba6-9924-4c86982d890a,What happens just before the dough is placed on the board?,The mixture is stirred,"Just before the dough is placed on the board, a person uses their hand to scrape out some of the batter from the bowl into the plate.",What event order,no,1,"{
  ""correct"": ""no"",
  ""score"": 1
}"
220,9198b9a4-8d8f-4ba6-9924-4c86982d890a,"In the video sequence, what action is taken before pouring flour into a glass bowl?",Preparing shawarma,"Before pouring flour into a bowl, the person in the video uses their hand to scoop some of it from a black container and places it on top of the dough.",What event order,no,0,"{
  ""correct"": ""no"",
  ""score"": 0
}"
221,9198b9a4-8d8f-4ba6-9924-4c86982d890a,What occurs just before grating the cheese?,Stirring the mixture,"Just before grating the cheese, a person is seen holding a bowl of grated/INFO, which appears to be a type of cheese or similar ingredient.",What event order,no,1,"{
  ""correct"": ""no"",
  ""score"": 1
}"
222,9198b9a4-8d8f-4ba6-9924-4c86982d890a,"In the video, what happens right before whipping the egg?",Cracking the eggs,The egg is placed into a black grater.,What event order,no,0,"{
  ""correct"": ""no"",
  ""score"": 0
}"
223,9198b9a4-8d8f-4ba6-9924-4c86982d890a,What do we see happening before the heavy whipping cream is poured?,Preparing shawarma,"Before the heavy cream is poured, we see a person holding a large black pot with a lid on it. The scene transitions to a festive Christmas tree adorned with colorful lights and decorations in the background.",What event order,no,0,"{
  ""correct"": ""no"",
  ""score"": 0
}"
224,9198b9a4-8d8f-4ba6-9924-4c86982d890a,What is the setting of the video clip?,The setting is a kitchen.,"The setting of the video clip is a kitchen with various ingredients and utensils scattered around, including a Christmas tree decoration in the background.",Scene Summary,yes,5,"{
  ""correct"": ""yes"",
  ""score"": 5
}"
225,9198b9a4-8d8f-4ba6-9924-4c86982d890a,What ingredients are being used?,Dough and mixtures in bowls.,"The ingredients being used include a mixture of flour, beaten eggs, and spices.",Scene Summary,no,1,"{
  ""correct"": ""no"",
  ""score"": 1
}"
226,9198b9a4-8d8f-4ba6-9924-4c86982d890a,What equipment is being utilized?,Rolling pin and spatulas.,"The equipment being utilized includes a large metal mixing bowl, a glass container with a spoon, and various other kitchen utensils.",Scene Summary,no,1,"{""correct"": ""no"", ""score"": 1}"
227,9198b9a4-8d8f-4ba6-9924-4c86982d890a,What is the main activity occurring?,Preparing dough and mixtures for baking.,"The main activity is the preparation of a dish involving dough, filling, and cooking.",Scene Summary,yes,4,"{
  ""correct"": ""yes"",
  ""score"": 4
}"
228,9198b9a4-8d8f-4ba6-9924-4c86982d890a,What task is being performed with the dough?,Rolling the dough with a rolling pin.,"The task being performed with the dough is rolling it out into a flat, round shape.",Action Caption,yes,5,"{
  ""correct"": ""yes"",
  ""score"": 5
}"
229,9198b9a4-8d8f-4ba6-9924-4c86982d890a,What is being done to the mixtures?,The mixtures are being stirred in steel bowls.,The mixtures are being stirred together to ensure they are well combined.,Action Caption,yes,4,"{
  ""correct"": ""yes"",
  ""score"": 4
}"
230,9198b9a4-8d8f-4ba6-9924-4c86982d890a,Is the dough being prepared for baking?,Yes.,Yes.,Whether Something Happened(Y/N),yes,5,"{
  ""correct"": ""yes"",
  ""score"": 5
}"
231,9198b9a4-8d8f-4ba6-9924-4c86982d890a,Is only one type of spatula being used?,"No, two different spatulas are being used.","Yes, only one type of spatula is being used.",Whether Something Happened(Y/N),no,0,"{""correct"": ""no"", ""score"": 0}"
232,9198b9a4-8d8f-4ba6-9924-4c86982d890a,Did the same person handle all tasks shown in the summary?,Yes.,"Yes, the same person handled all tasks shown in the summary.",Whether Something Happened(Y/N),yes,5,"{
  ""correct"": ""yes"",
  ""score"": 5
}"
233,9198b9a4-8d8f-4ba6-9924-4c86982d890a,Is anything being cooked in the clip?,"No, only preparation steps are shown.","Yes, there is a pot of yellow liquid being stirred in the background.",Whether Something Happened(Y/N),no,0,"{
  ""correct"": ""no"",
  ""score"": 0
}"
234,9198b9a4-8d8f-4ba6-9924-4c86982d890a,Is the dough placed on the board before the mixture is stirred?,No,Yes.,Order Judging(Y/N),no,0,"{""correct"": ""no"", ""score"": 0}"
235,9198b9a4-8d8f-4ba6-9924-4c86982d890a,Is the doe taken out of the fridge before the rolling pin is used?,Yes,Yes.,Order Judging(Y/N),yes,5,"{
  ""correct"": ""yes"",
  ""score"": 5
}"
236,9198b9a4-8d8f-4ba6-9924-4c86982d890a,What do we see happening before the spatula stirs the mixture in the steel bowls?,The rolling pin rolls on the dough,"Before the spatula stirs the mixture in the steel bowls, we see a Christmas tree decorated with lights and ornaments.",What event order,no,0,"{
  ""correct"": ""no"",
  ""score"": 0
}"
237,9198b9a4-8d8f-4ba6-9924-4c86982d890a,Did I pour heavy whipping cream before cracking eggs?,Yes,"Yes, the person cracked eggs into a bowl before pouring heavy whipping cream.",Order Judging(Y/N),no,1,"{""correct"": ""no"", ""score"": 1}"
238,9198b9a4-8d8f-4ba6-9924-4c86982d890a,Is the dough rolled before stirring mixtures in bowls?,Yes,Yes.,Order Judging(Y/N),yes,5,"{
  ""correct"": ""yes"",
  ""score"": 5
}"
239,9198b9a4-8d8f-4ba6-9924-4c86982d890a,Do I place the dough on the board after pouring flour?,Yes,"Yes, the dough is placed on the board after pouring flour.",Order Judging(Y/N),yes,5,"{
  ""correct"": ""yes"",
  ""score"": 5
}"
240,9198b9a4-8d8f-4ba6-9924-4c86982d890a,What happens just before I place the dough on the board?,I bring out the dough from the fridge.,"Just before placing the dough on the board, a person uses their hand to press down and shape it into a ball.",What event order,no,1,"{
  ""correct"": ""no"",
  ""score"": 1
}"
241,9198b9a4-8d8f-4ba6-9924-4c86982d890a,What is the setting of the video clip?,A kitchen with a board and cooking items.,"The setting of the video clip is a kitchen with various ingredients and utensils scattered around, including a Christmas tree in the background.",Scene Summary,yes,4,"{
  ""correct"": ""yes"",
  ""score"": 4
}"
242,9198b9a4-8d8f-4ba6-9924-4c86982d890a,What object is primarily shown in the scene?,A doe laid out on a mat on a kitchen board.,The scene primarily shows a kitchen with various ingredients and utensils.,Scene Summary,no,1,"{
  ""correct"": ""no"",
  ""score"": 1
}"
243,9198b9a4-8d8f-4ba6-9924-4c86982d890a,Which item is used in the scene?,A knife to trim edges of the doe.,A large knife is used in the scene.,Scene Summary,yes,4,"{""correct"": ""yes"", ""score"": 4}"
244,9198b9a4-8d8f-4ba6-9924-4c86982d890a,What stage of the process is shown?,Trimming and folding the prepared doe.,"The video shows the preparation stage of making tortillas, where the dough is being rolled out and cut into strips.",Scene Summary,no,0,"{""correct"": ""no"", ""score"": 0}"
245,9198b9a4-8d8f-4ba6-9924-4c86982d890a,Can you describe the main task at hand?,Trimming rough edges of the doe.,The main task at hand is preparing a dish by rolling out dough and adding ingredients to it.,Action Caption,no,0,"{""correct"": ""no"", ""score"": 0}"
246,9198b9a4-8d8f-4ba6-9924-4c86982d890a,What preparation step is shown in the clip?,Folding the trimmed doe together.,The preparation step shown in the clip is rolling out dough on a floured surface.,Action Caption,no,0,"{
  ""correct"": ""no"",
  ""score"": 0
}"
247,9198b9a4-8d8f-4ba6-9924-4c86982d890a,Did the person use a knife in the video?,Yes.,"Yes, the person used a knife to cut and shape the dough.",Whether Something Happened(Y/N),yes,5,"{
  ""correct"": ""yes"",
  ""score"": 5
}"
248,9198b9a4-8d8f-4ba6-9924-4c86982d890a,Is there any folding action happening?,Yes.,"Yes, the person is folding the dough into a circular shape.",Whether Something Happened(Y/N),yes,5,"{
  ""correct"": ""yes"",
  ""score"": 5
}"
249,9198b9a4-8d8f-4ba6-9924-4c86982d890a,Did the person complete the trimming action?,Yes.,"Yes, the person completed the trimming action by removing any excess dough from the edges.",Whether Something Happened(Y/N),yes,5,"{
  ""correct"": ""yes"",
  ""score"": 5
}"
250,9198b9a4-8d8f-4ba6-9924-4c86982d890a,Is the dough folded before trimming the rough edges?,No,Yes,Order Judging(Y/N),no,0,"{""correct"": ""no"", ""score"": 0}"
251,9198b9a4-8d8f-4ba6-9924-4c86982d890a,Does stirring in the steel bowls happen after folding the dough?,No,"Yes, the steel bowls are filled with a yellowish mixture and stirred in the kitchen.",Order Judging(Y/N),no,0,"{
  ""correct"": ""no"",
  ""score"": 0
}"
252,9198b9a4-8d8f-4ba6-9924-4c86982d890a,What occurs just before folding the dough?,Trimming the rough edges with a knife,"Just before folding the dough, a person is seen holding a small bowl of shredded cheese and placing it on top of the dough.",What event order,no,0,"{
  ""correct"": ""no"",
  ""score"": 0
}"
253,9198b9a4-8d8f-4ba6-9924-4c86982d890a,What happens before stirring mixtures in steel bowls?,Rolling the pin on the dough,"Before stirring mixtures in steel bowls, the dough is rolled out on a floured surface.",What event order,yes,5,"{""correct"": ""yes"", ""score"": 5}"
254,9198b9a4-8d8f-4ba6-9924-4c86982d890a,Does rolling the dough with a rolling pin happen before trimming its edges?,Yes,"Yes, the rolling pin is used to roll out the dough before trimming its edges.",Order Judging(Y/N),yes,5,"{
  ""correct"": ""yes"",
  ""score"": 5
}"
255,9198b9a4-8d8f-4ba6-9924-4c86982d890a,Is the trimmed dough folded before stirring the mixture?,No,Yes,Order Judging(Y/N),no,0,"{""correct"": ""no"", ""score"": 0}"
256,9198b9a4-8d8f-4ba6-9924-4c86982d890a,Do I take out the dough from the fridge before preparing mixtures?,Yes,"No, the dough is left in the fridge for a few minutes before being prepared.",Order Judging(Y/N),no,0,"{
  ""correct"": ""no"",
  ""score"": 0
}"
257,9198b9a4-8d8f-4ba6-9924-4c86982d890a,What occurs before folding the trimmed dough?,Trimming the rough edges with a knife,"Before folding the dough, it is placed on a plate and then cut into strips.",What event order,no,1,"{
  ""correct"": ""no"",
  ""score"": 1
}"
258,9198b9a4-8d8f-4ba6-9924-4c86982d890a,What is the first thing I do with the dough after taking it out from the fridge?,Placing it on a board,"After taking the dough out from the fridge, you first place it on a plate.",What event order,no,3,"{
  ""correct"": ""no"",
  ""score"": 3
}"
259,0fa75cb3-c4a0-4232-bdc4-15116ed39d88,What is the setting of the video clip?,It is in an outdoor field.,"The setting of the video clip is a serene and expansive outdoor area with a large, empty courtyard.",Scene Summary,no,2,"{
  ""correct"": ""no"",
  ""score"": 2
}"
260,0fa75cb3-c4a0-4232-bdc4-15116ed39d88,Is the scene occurring in an urban or rural environment?,Rural environment.,"The scene is occurring in a rural environment, as indicated by the presence of palm trees and buildings.",Scene Summary,yes,5,"{
  ""correct"": ""yes"",
  ""score"": 5
}"
261,0fa75cb3-c4a0-4232-bdc4-15116ed39d88,What time of day does the scene appear to be set in?,It appears to be set in the evening.,"The scene appears to be set during the early evening or late afternoon, as indicated by the soft lighting and long shadows.",Scene Summary,yes,5,"{
  ""correct"": ""yes"",
  ""score"": 5
}"
262,0fa75cb3-c4a0-4232-bdc4-15116ed39d88,How is the subject navigating the outdoor space?,The subject is walking on the field and then heads home.,"The subject is walking along the pathway, moving towards the camera.",Action Caption,no,2,"{
  ""correct"": ""no"",
  ""score"": 2
}"
263,0fa75cb3-c4a0-4232-bdc4-15116ed39d88,Can you provide an overview of the action in this clip?,"Subject walks outdoors, across a field, and returns home.","The video begins with a view of an empty, sunlit courtyard under a clear sky. A person wearing a yellow top and black pants walks towards the camera, moving away from the camera's perspective. The scene transitions to show more of the courtyard, now filled with scattered debris on the ground. The person continues their walk, eventually stopping near the edge of the courtyard.",Action Caption,no,1,"{
  ""correct"": ""no"",
  ""score"": 1
}"
264,0fa75cb3-c4a0-4232-bdc4-15116ed39d88,Does the video show the subject entering a building?,No.,Yes.,Whether Something Happened(Y/N),no,0,"{""correct"": ""no"", ""score"": 0}"
265,0fa75cb3-c4a0-4232-bdc4-15116ed39d88,Is the subject interacting with other people in the video?,No.,"No, the subject is not interacting with other people in the video.",Whether Something Happened(Y/N),yes,5,"{
  ""correct"": ""yes"",
  ""score"": 5
}"
266,0fa75cb3-c4a0-4232-bdc4-15116ed39d88,Does the video capture the subject engaging in a sport?,No.,"Yes, the video captures a person in motion, suggesting that they are engaging in a sport.",Whether Something Happened(Y/N),no,0,"{
  ""correct"": ""no"",
  ""score"": 0
}"
267,0fa75cb3-c4a0-4232-bdc4-15116ed39d88,Is the subject seen leaving the field in the video?,Yes.,Yes.,Whether Something Happened(Y/N),yes,5,"{
  ""correct"": ""yes"",
  ""score"": 5
}"
268,0fa75cb3-c4a0-4232-bdc4-15116ed39d88,Does the video show the subject at home?,"No, just heading home.",Yes.,Whether Something Happened(Y/N),no,0,"{""correct"": ""no"", ""score"": 0}"
269,0fa75cb3-c4a0-4232-bdc4-15116ed39d88,What is the location of the video clip?,The video clip is in a field with a walkway.,"The video clip is set in a serene location with a road, water body, and a bridge.",Scene Summary,no,1,"{
  ""correct"": ""no"",
  ""score"": 1
}"
270,0fa75cb3-c4a0-4232-bdc4-15116ed39d88,What activity is shown in the video?,Walking on a walkway and looking around.,"The video shows a person walking along the road, possibly enjoying the view of the water and the sunset.",Scene Summary,no,2,"{
  ""correct"": ""no"",
  ""score"": 2
}"
271,0fa75cb3-c4a0-4232-bdc4-15116ed39d88,What time of day does the video depict?,The video depicts evening or dusk.,"The video depicts either sunrise or sunset, as indicated by the soft lighting and long shadows.",Scene Summary,no,2,"{
  ""correct"": ""no"",
  ""score"": 2
}"
272,0fa75cb3-c4a0-4232-bdc4-15116ed39d88,What natural features can be seen in the video?,There is a body of water visible.,"The video shows a serene landscape with a calm body of water, a road leading towards the horizon, and a distant white building.",Scene Summary,yes,4,"{
  ""correct"": ""yes"",
  ""score"": 4
}"
273,0fa75cb3-c4a0-4232-bdc4-15116ed39d88,Does the person stop to observe a specific scene?,Yes.,"Yes, the person stops to look at a specific scene on the road.",Whether Something Happened(Y/N),yes,5,"{
  ""correct"": ""yes"",
  ""score"": 5
}"
274,0fa75cb3-c4a0-4232-bdc4-15116ed39d88,"In the video, did I look at the scenes before walking on the field?",No,"Yes, I looked at the scenes before walking on the field.",Order Judging(Y/N),no,0,"{""correct"": ""no"", ""score"": 0}"
275,0fa75cb3-c4a0-4232-bdc4-15116ed39d88,"In the video, was I indoors before going to the field?",No,"No, I was outdoors before going to the field.",Order Judging(Y/N),yes,5,"{""correct"": ""yes"", ""score"": 5}"
276,0fa75cb3-c4a0-4232-bdc4-15116ed39d88,What happened before I walked on the walkway in the video?,I was in the field,"Before I walked on the walkway, there was a person walking in the distance.",What event order,no,0,"{
  ""correct"": ""no"",
  ""score"": 0
}"
277,0fa75cb3-c4a0-4232-bdc4-15116ed39d88,What is depicted in the current frame?,It shows a sidewalk lined with palm trees and buildings.,"The current frame depicts a serene and well-maintained street with palm trees, white buildings, and a clear sky.",Scene Summary,yes,4,"{
  ""correct"": ""yes"",
  ""score"": 4
}"
278,0fa75cb3-c4a0-4232-bdc4-15116ed39d88,What activity is taking place in these frames?,Walking along a residential sidewalk.,"A person is walking on the sidewalk, possibly heading towards or away from the white building.",Action Caption,yes,4,"{
  ""correct"": ""yes"",
  ""score"": 4
}"
279,0fa75cb3-c4a0-4232-bdc4-15116ed39d88,Does this video show a busy city street?,No.,"No, the video does not show a busy city street; it focuses on the quiet and serene environment of the residential area.",Whether Something Happened(Y/N),yes,5,"{
  ""correct"": ""yes"",
  ""score"": 5
}"
280,0fa75cb3-c4a0-4232-bdc4-15116ed39d88,Does the clip capture any interaction with people?,No.,"No, the clip does not capture any interaction with people.",Whether Something Happened(Y/N),yes,5,"{
  ""correct"": ""yes"",
  ""score"": 5
}"
281,0fa75cb3-c4a0-4232-bdc4-15116ed39d88,Is the person entering a building in this scene?,No.,Yes.,Whether Something Happened(Y/N),no,0,"{""correct"": ""no"", ""score"": 0}"
282,0fa75cb3-c4a0-4232-bdc4-15116ed39d88,Was I in the field after walking on the walkway?,No.,"Yes, I was in the field after walking on the walkway.",Order Judging(Y/N),no,0,"{""correct"": ""no"", ""score"": 0}"
283,0fa75cb3-c4a0-4232-bdc4-15116ed39d88,Did I go home before looking at the scenes?,No.,"Yes, the person in the video is seen walking towards a white building with palm trees and red flowers on the right side of the frame.",Order Judging(Y/N),no,0,"{
  ""correct"": ""no"",
  ""score"": 0
}"
284,0fa75cb3-c4a0-4232-bdc4-15116ed39d88,What occurs just before I look at the scenes?,I walk on the walkway.,"A car drives down the road, and a person walks towards the camera.",What event order,no,0,"{
  ""correct"": ""no"",
  ""score"": 0
}"
285,0fa75cb3-c4a0-4232-bdc4-15116ed39d88,What do I do before walking on the walkway?,I am in the field.,I should turn left and walk towards the white building.,What event order,no,0,"{
  ""correct"": ""no"",
  ""score"": 0
}"
286,0fa75cb3-c4a0-4232-bdc4-15116ed39d88,Did I walk on the field before looking at the scenes?,Yes,"Yes, the person in the video is seen walking on a field before looking at the scenes.",Order Judging(Y/N),yes,5,"{
  ""correct"": ""yes"",
  ""score"": 5
}"
287,0fa75cb3-c4a0-4232-bdc4-15116ed39d88,Is the walk on the walkway shown before going home in the video?,Yes,Yes.,Order Judging(Y/N),yes,5,"{""correct"": ""yes"", ""score"": 5}"
288,0fa75cb3-c4a0-4232-bdc4-15116ed39d88,"In the video, do we see walking through the walkways before walking on the field?",No,"No, we do not see walking through the walkways before walking on the field.",Order Judging(Y/N),yes,5,"{
  ""correct"": ""yes"",
  ""score"": 5
}"
289,0fa75cb3-c4a0-4232-bdc4-15116ed39d88,Do I walk along the water before walking under the trees as shown in the clip?,Yes,"Yes, you walk along the water before walking under the trees.",Order Judging(Y/N),yes,5,"{
  ""correct"": ""yes"",
  ""score"": 5
}"
290,0fa75cb3-c4a0-4232-bdc4-15116ed39d88,"In the video sequence, what occurs before walking on the field?",Being outdoors,"Before walking on the field, a person is seen standing near the white building with palm trees and red flowers.",What event order,no,1,"{
  ""correct"": ""no"",
  ""score"": 1
}"
291,0fa75cb3-c4a0-4232-bdc4-15116ed39d88,What event takes place before walking under the trees in the clip?,Walking along the water,"A car is seen driving down the street, indicating that a vehicle is passing by.",What event order,no,0,"{
  ""correct"": ""no"",
  ""score"": 0
}"
292,0fa75cb3-c4a0-4232-bdc4-15116ed39d88,What is the setting of the scenario seen in the video?,A residential area with palm trees and walkways.,"The setting of the scenario is a serene and well-maintained outdoor area, possibly part of a resort or park.",Scene Summary,no,2,"{
  ""correct"": ""no"",
  ""score"": 2
}"
293,0fa75cb3-c4a0-4232-bdc4-15116ed39d88,What can be seen in the background of the video frame?,"Houses, streetlights, and a clear sky.","In the background, there is a road with a car driving away and a building.",Scene Summary,no,1,"{
  ""correct"": ""no"",
  ""score"": 1
}"
294,0fa75cb3-c4a0-4232-bdc4-15116ed39d88,What are the dominant features of the environment in this clip?,"Landscaped pathways, streetlamps, and tropical foliage.","The dominant features of the environment in this clip are a road, palm trees, and a gazebo.",Scene Summary,no,2,"{
  ""correct"": ""no"",
  ""score"": 2
}"
295,0fa75cb3-c4a0-4232-bdc4-15116ed39d88,Can you characterize the location shown in the video?,A well-maintained suburban neighborhood.,"The location shown in the video is a serene and well-maintained public space, likely part of a resort or park. It features palm trees, a gazebo, and a paved walkway with benches, creating an inviting atmosphere for visitors.",Scene Summary,no,1,"{
  ""correct"": ""no"",
  ""score"": 1
}"
296,0fa75cb3-c4a0-4232-bdc4-15116ed39d88,What action is being undertaken in the new frames?,Walking along a residential street.,A person is walking towards the camera in the new frames.,Action Caption,no,2,"{
  ""correct"": ""no"",
  ""score"": 2
}"
297,0fa75cb3-c4a0-4232-bdc4-15116ed39d88,Is there any sign of wildlife in the frames provided?,No.,"No, there are no signs of wildlife in the frames provided.",Whether Something Happened(Y/N),yes,5,"{
  ""correct"": ""yes"",
  ""score"": 5
}"
298,0fa75cb3-c4a0-4232-bdc4-15116ed39d88,Did the person in the video use any transportation other than walking?,No.,"Yes, the person in the video used a bicycle to navigate through the park.",Whether Something Happened(Y/N),no,0,"{
  ""correct"": ""no"",
  ""score"": 0
}"
299,0fa75cb3-c4a0-4232-bdc4-15116ed39d88,Does the footage include any sporting activities?,No.,"Yes, the footage includes a person walking on the sidewalk.",Whether Something Happened(Y/N),no,0,"{""correct"": ""no"", ""score"": 0}"
300,0fa75cb3-c4a0-4232-bdc4-15116ed39d88,"Is the person in the video engaging with the environment, like sitting or touching?",No.,"Yes, the person in the video is seen sitting on a bench and touching the ground.",Whether Something Happened(Y/N),no,0,"{
  ""correct"": ""no"",
  ""score"": 0
}"
301,0fa75cb3-c4a0-4232-bdc4-15116ed39d88,Did I tour the park before walking on the walkways?,Yes,"Yes, the person walking on the walkways was seen approaching a bench and sitting down.",Order Judging(Y/N),yes,4,"{
  ""correct"": ""yes"",
  ""score"": 4
}"
302,0fa75cb3-c4a0-4232-bdc4-15116ed39d88,What do I do before touring the park?,"Nothing, it is the first activity","I walk towards the camera, take a few steps, and then turn left to approach the park entrance.",What event order,no,0,"{
""correct"": ""no"",
""score"": 0
}"
303,0fa75cb3-c4a0-4232-bdc4-15116ed39d88,Did I walk through the park before going home?,Yes,"Yes, the person in the video is seen walking through the park before going home.",Order Judging(Y/N),yes,5,"{
  ""correct"": ""yes"",
  ""score"": 5
}"
304,0fa75cb3-c4a0-4232-bdc4-15116ed39d88,What environment is depicted in this video clip?,"An outdoor, paved area with street lamps.","The video clip depicts a serene and quiet residential area with palm trees lining the street, a clear sky, and a calm road.",Scene Summary,no,1,"{
  ""correct"": ""no"",
  ""score"": 1
}"
305,0fa75cb3-c4a0-4232-bdc4-15116ed39d88,What action am I performing in this clip?,Walking on a pavement outdoors.,I am riding a bicycle and passing by the person in the foreground.,Action Caption,no,0,"{""correct"": ""no"", ""score"": 0}"
306,0fa75cb3-c4a0-4232-bdc4-15116ed39d88,Do I interact with anyone in this video clip?,No.,"No, there are no people interacting with each other in this video clip.",Whether Something Happened(Y/N),yes,5,"{
  ""correct"": ""yes"",
  ""score"": 5
}"
307,0fa75cb3-c4a0-4232-bdc4-15116ed39d88,What is the setting of this video clip?,The setting is an outdoor pavement in a residential area.,"The setting of the video clip is a residential area with well-maintained lawns, palm trees, and houses.",Scene Summary,yes,4,"{
  ""correct"": ""yes"",
  ""score"": 4
}"
308,0fa75cb3-c4a0-4232-bdc4-15116ed39d88,What time of day is depicted in this frame?,It appears to be twilight or early evening.,"The time of day depicted in this frame is dusk or early evening, as indicated by the low light and long shadows.",Scene Summary,yes,5,"{
  ""correct"": ""yes"",
  ""score"": 5
}"
309,0fa75cb3-c4a0-4232-bdc4-15116ed39d88,What elements indicate that this is a residential area?,The presence of housing structures and lack of commercial signs.,"The presence of palm trees, well-maintained lawns, and the architectural style of the buildings suggest that this is a residential area.",Scene Summary,no,2,"{
  ""correct"": ""no"",
  ""score"": 2
}"
310,0fa75cb3-c4a0-4232-bdc4-15116ed39d88,What type of path is the person on in the video?,The person is on a paved walkway.,The person is on a paved path that curves around the street.,Scene Summary,yes,5,"{
  ""correct"": ""yes"",
  ""score"": 5
}"
311,0fa75cb3-c4a0-4232-bdc4-15116ed39d88,Does the scene suggest a leisurely or rushed pace?,The scene suggests a leisurely pace.,"The scene suggests a leisurely pace, as there are no people visible in the frame and the overall atmosphere is calm.",Action Caption,yes,5,"{
  ""correct"": ""yes"",
  ""score"": 5
}"
312,0fa75cb3-c4a0-4232-bdc4-15116ed39d88,Does the person interact with any objects in the scene?,No.,"Yes, the person interacts with a smartphone in one of the frames.",Whether Something Happened(Y/N),no,0,"{
  ""correct"": ""no"",
  ""score"": 0
}"
313,0fa75cb3-c4a0-4232-bdc4-15116ed39d88,Is the person traveling with someone else?,No.,Yes.,Whether Something Happened(Y/N),no,0,"{""correct"": ""no"", ""score"": 0}"
314,0fa75cb3-c4a0-4232-bdc4-15116ed39d88,Does the video capture any animals in the scene?,No.,"No, the video does not capture any animals.",Whether Something Happened(Y/N),yes,5,"{
  ""correct"": ""yes"",
  ""score"": 5
}"
315,0fa75cb3-c4a0-4232-bdc4-15116ed39d88,Does the individual seem to be lost or searching for directions?,No.,"Yes, the individual appears to be lost or searching for directions.",Whether Something Happened(Y/N),no,0,"{
  ""correct"": ""no"",
  ""score"": 0
}"
316,879dd163-7588-45d1-9466-a5deabc59167,What is depicted in the scene of the video clip?,A person relaxing on a couch holding an e-reader.,"The scene depicts a cozy living room with a person sitting on the couch, engrossed in reading a book.",Scene Summary,no,3,"{
  ""correct"": ""no"",
  ""score"": 3
}"
317,879dd163-7588-45d1-9466-a5deabc59167,What location is shown in the video clip?,Inside a house.,"The video clip shows a cozy living room with a dining table and chairs, creating an inviting atmosphere.",Scene Summary,yes,4,"{
  ""correct"": ""yes"",
  ""score"": 4
}"
318,879dd163-7588-45d1-9466-a5deabc59167,Describe the setting where the action takes place.,A living room with a dining area in the background.,"The setting is a cozy living room with beige walls, a chandelier hanging from the ceiling, and a dining table in the background. The room has curtains on one side and a window that lets in natural light.",Scene Summary,yes,5,"{
  ""correct"": ""yes"",
  ""score"": 5
}"
319,879dd163-7588-45d1-9466-a5deabc59167,How is the environment arranged in the video clip?,"A cozy arrangement with a couch, curtain, and dining set.","The environment is arranged with a large, comfortable couch in the foreground and a dining area in the background.",Scene Summary,yes,4,"{
  ""correct"": ""yes"",
  ""score"": 4
}"
320,879dd163-7588-45d1-9466-a5deabc59167,What is the subject doing in the video?,Resting and perhaps beginning to read an e-book.,The subject is engrossed in reading a book.,Action Caption,no,2,"{
  ""correct"": ""no"",
  ""score"": 2
}"
321,879dd163-7588-45d1-9466-a5deabc59167,Can you provide an overview of the action in this clip?,Leisurely activities involving electronic devices at home.,"The clip features a person sitting on a couch in a well-lit room, holding an open white tablet with text displayed. The individual appears to be reading or looking at the content on the screen while comfortably reclining with their legs crossed and feet resting/INFO",Action Caption,no,2,"{
  ""correct"": ""no"",
  ""score"": 2
}"
322,879dd163-7588-45d1-9466-a5deabc59167,Does the video capture the person sitting on the couch?,Yes.,"Yes, the video captures the person sitting on the couch as they read a book.",Whether Something Happened(Y/N),yes,4,"{
  ""correct"": ""yes"",
  ""score"": 4
}"
323,879dd163-7588-45d1-9466-a5deabc59167,Is the person in the video engaged in a strenuous activity?,No.,No.,Whether Something Happened(Y/N),yes,5,"{
  ""correct"": ""yes"",
  ""score"": 5
}"
324,879dd163-7588-45d1-9466-a5deabc59167,What is the setting of the scene in the clip?,The setting is inside a house.,The setting of the scene is a cozy living room with a large window allowing natural light to fill the space.,Scene Summary,yes,4,"{
  ""correct"": ""yes"",
  ""score"": 4
}"
325,879dd163-7588-45d1-9466-a5deabc59167,Where was the reading activity taking place?,The reading took place on a couch.,The reading activity was taking place in a cozy living room.,Scene Summary,no,2,"{
  ""correct"": ""no"",
  ""score"": 2
}"
326,879dd163-7588-45d1-9466-a5deabc59167,What object is prominently featured in the scene?,A tablet is prominently featured.,A white e-reader is prominently featured in the scene.,Scene Summary,no,2,"{""correct"": ""no"", ""score"": 2}"
327,879dd163-7588-45d1-9466-a5deabc59167,What is the room's appearance in the video clip?,The room appears to be a living area.,"The room has a chandelier hanging from the ceiling, a table with chairs and a lamp, and a window covered by curtains.",Scene Summary,no,1,"{
  ""correct"": ""no"",
  ""score"": 1
}"
328,879dd163-7588-45d1-9466-a5deabc59167,What activity is the subject engaged in?,The subject is engaged in reading a book.,The subject is engaged in reading a book.,Scene Summary,yes,5,"{
  ""correct"": ""yes"",
  ""score"": 5
}"
329,879dd163-7588-45d1-9466-a5deabc59167,Describe the posture of the person in the action.,The person is sitting with legs up on the couch.,"The person is sitting cross-legged on the couch, with one leg extended and the other bent at the knee.",Action Caption,no,2,"{
  ""correct"": ""no"",
  ""score"": 2
}"
330,879dd163-7588-45d1-9466-a5deabc59167,Does the clip show a person reading a physical book?,No.,"No, the clip does not show a person reading a physical book; it only shows an individual holding and looking at a white e-reader displaying text.",Whether Something Happened(Y/N),yes,5,"{
  ""correct"": ""yes"",
  ""score"": 5
}"
331,879dd163-7588-45d1-9466-a5deabc59167,Is the subject standing while reading?,No.,"No, the subject is sitting on a couch while reading.",Whether Something Happened(Y/N),yes,5,"{
  ""correct"": ""yes"",
  ""score"": 5
}"
332,879dd163-7588-45d1-9466-a5deabc59167,Does the video capture multiple people in the room?,No.,"No, the video does not capture multiple people in the room; it focuses on a single person and their interaction with the e-reader.",Whether Something Happened(Y/N),yes,5,"{
  ""correct"": ""yes"",
  ""score"": 5
}"
333,879dd163-7588-45d1-9466-a5deabc59167,Does the video show a daytime setting?,No.,No.,Whether Something Happened(Y/N),yes,5,"{
  ""correct"": ""yes"",
  ""score"": 5
}"
334,879dd163-7588-45d1-9466-a5deabc59167,What setting is shown in the video?,A house interior is shown in the video.,"The video shows a cozy indoor setting with a person lounging on a couch, reading a white e-reader.",Scene Summary,yes,5,"{
  ""correct"": ""yes"",
  ""score"": 5
}"
335,879dd163-7588-45d1-9466-a5deabc59167,Explain the immediate scene in the video?,The video captures a moment of domestic relaxation.,"The video features a person sitting on a couch in a cozy living room, engrossed in reading a white e-reader. The background includes a dining area with chairs and tables, creating a comfortable and inviting atmosphere.",Scene Summary,yes,4,"{
  ""correct"": ""yes"",
  ""score"": 4
}"
336,879dd163-7588-45d1-9466-a5deabc59167,Can you describe the motion occurring in the clip?,"There is minimal motion, mainly of holding a tablet.","The motion is consistent, with the person occasionally adjusting their position on the couch while reading.",Action Caption,no,1,"{
  ""correct"": ""no"",
  ""score"": 1
}"
337,879dd163-7588-45d1-9466-a5deabc59167,How would you caption the video's current activity?,Leisure time: Engrossed in digital reading.,"The current activity is a person engrossed in reading an e-reader, comfortably seated on a couch with their feet up.",Action Caption,yes,5,"{
  ""correct"": ""yes"",
  ""score"": 5
}"
338,879dd163-7588-45d1-9466-a5deabc59167,Does the video show a person standing up?,No.,No.,Whether Something Happened(Y/N),yes,5,"{
  ""correct"": ""yes"",
  ""score"": 5
}"
339,879dd163-7588-45d1-9466-a5deabc59167,Is the video capturing outdoor activities?,No.,No.,Whether Something Happened(Y/N),yes,5,"{
  ""correct"": ""yes"",
  ""score"": 5
}"
340,879dd163-7588-45d1-9466-a5deabc59167,Does the video depict a social gathering?,No.,"No, the video does not depict a social gathering; it focuses on the individual's solitary activity of reading.",Whether Something Happened(Y/N),yes,5,"{
  ""correct"": ""yes"",
  ""score"": 5
}"
341,879dd163-7588-45d1-9466-a5deabc59167,Is the individual in the video interacting with others?,No.,"No, the individual is not interacting with others; they are focused on their own reading experience.",Whether Something Happened(Y/N),yes,5,"{
  ""correct"": ""yes"",
  ""score"": 5
}"
342,879dd163-7588-45d1-9466-a5deabc59167,Is the scene taking place in a work environment?,No.,No.,Whether Something Happened(Y/N),yes,5,"{
  ""correct"": ""yes"",
  ""score"": 5
}"
343,879dd163-7588-45d1-9466-a5deabc59167,What is the main activity depicted in this video scene?,Reading a book on a tablet.,The main activity depicted in this video scene is a person reading a book on an e-reader.,Scene Summary,yes,5,"{
  ""correct"": ""yes"",
  ""score"": 5
}"
344,879dd163-7588-45d1-9466-a5deabc59167,Where is this scene taking place?,Inside a house.,This scene is taking place in a cozy living room.,Scene Summary,yes,5,"{
  ""correct"": ""yes"",
  ""score"": 5
}"
345,879dd163-7588-45d1-9466-a5deabc59167,How is the reader positioned in this scenario?,Relaxed on a couch with feet up.,"The reader is positioned on the couch with their legs crossed, leaning back slightly.",Scene Summary,no,2,"{
  ""correct"": ""no"",
  ""score"": 2
}"
346,879dd163-7588-45d1-9466-a5deabc59167,Can you describe the posture of the reader in this clip?,The reader is lying back with feet propped up.,"The reader is sitting cross-legged on the couch, with their legs extended and feet resting on the blue cushion.",Action Caption,no,1,"{
  ""correct"": ""no"",
  ""score"": 1
}"
347,879dd163-7588-45d1-9466-a5deabc59167,What is the focal point of this particular frame?,The tablet displaying text.,"The focal point of this particular frame is the white tablet displaying text, which the person is holding with both hands.",Action Caption,yes,5,"{
  ""correct"": ""yes"",
  ""score"": 5
}"
348,879dd163-7588-45d1-9466-a5deabc59167,What does the stillness of the frame indicate about the action?,It indicates a calm and stationary activity.,"The stillness of the frame indicates that the person is engaged in a quiet and focused activity, likely reading or writing.",Action Caption,yes,4,"{
  ""correct"": ""yes"",
  ""score"": 4
}"
349,879dd163-7588-45d1-9466-a5deabc59167,Does the video show any social interaction?,No.,"No, the video does not show any social interaction.",Whether Something Happened(Y/N),yes,5,"{
  ""correct"": ""yes"",
  ""score"": 5
}"
350,879dd163-7588-45d1-9466-a5deabc59167,Is the reader changing positions frequently in this clip?,No.,"Yes, the reader occasionally shifts their position on the couch.",Whether Something Happened(Y/N),no,0,"{
  ""correct"": ""no"",
  ""score"": 0
}"
351,879dd163-7588-45d1-9466-a5deabc59167,Does the environment indicate a public or private space?,A private space.,"The environment indicates a public space, as there is another dining table and chairs visible in the background.",Whether Something Happened(Y/N),no,0,"{
  ""correct"": ""no"",
  ""score"": 0
}"
352,879dd163-7588-45d1-9466-a5deabc59167,Does the reader make use of any physical book in the scene?,No.,No.,Whether Something Happened(Y/N),yes,5,"{
  ""correct"": ""yes"",
  ""score"": 5
}"
353,879dd163-7588-45d1-9466-a5deabc59167,Is there any indication of the reader being disturbed or interrupted?,No.,"Yes, the reader's hand is raised to their face, suggesting they might be reading or writing something.",Whether Something Happened(Y/N),no,0,"{
  ""correct"": ""no"",
  ""score"": 0
}"
354,879dd163-7588-45d1-9466-a5deabc59167,What does the video show in the indoor setting?,Someone sitting on a couch using a tablet.,"The video shows a cozy indoor setting with a person sitting on the couch, engrossed in reading a book.",Scene Summary,no,3,"{
  ""correct"": ""no"",
  ""score"": 3
}"
355,879dd163-7588-45d1-9466-a5deabc59167,Where is the person located in the video?,The person is on the couch inside a house.,The person is located in a cozy living room.,Scene Summary,yes,4,"{
  ""correct"": ""yes"",
  ""score"": 4
}"
356,879dd163-7588-45d1-9466-a5deabc59167,How is the person positioned in this section of the video?,They are sitting with legs on the couch.,"The person is sitting cross-legged on a beige couch, with their legs crossed and feet resting on the armrest.",Scene Summary,no,2,"{
  ""correct"": ""no"",
  ""score"": 2
}"
357,879dd163-7588-45d1-9466-a5deabc59167,What is the person doing with their legs in the video?,They are moving their legs on the couch.,The person is sitting cross-legged on the couch with their legs extended.,Action Caption,no,1,"{
  ""correct"": ""no"",
  ""score"": 1
}"
358,879dd163-7588-45d1-9466-a5deabc59167,How is the tablet being utilized in the video?,The tablet is being held and read from.,"The tablet is being used to read a book, with the person's hands actively moving across the screen.",Action Caption,yes,4,"{
  ""correct"": ""yes"",
  ""score"": 4
}"
359,879dd163-7588-45d1-9466-a5deabc59167,Is the individual in the video eating?,No.,No.,Whether Something Happened(Y/N),yes,5,"{
  ""correct"": ""yes"",
  ""score"": 5
}"
360,879dd163-7588-45d1-9466-a5deabc59167,Does the video show the person lying down on the couch?,No.,No.,Whether Something Happened(Y/N),yes,5,"{
  ""correct"": ""yes"",
  ""score"": 5
}"
361,879dd163-7588-45d1-9466-a5deabc59167,Is there a pet visible in the video clip?,No.,"No, there is no pet visible in the video clip.",Whether Something Happened(Y/N),yes,5,"{
  ""correct"": ""yes"",
  ""score"": 5
}"
362,879dd163-7588-45d1-9466-a5deabc59167,Does the video depict any outdoor scenes?,No.,No.,Whether Something Happened(Y/N),yes,5,"{
  ""correct"": ""yes"",
  ""score"": 5
}"
363,879dd163-7588-45d1-9466-a5deabc59167,Is the person in the video talking on the phone?,No.,No.,Whether Something Happened(Y/N),yes,5,"{
  ""correct"": ""yes"",
  ""score"": 5
}"
364,879dd163-7588-45d1-9466-a5deabc59167,Did I sit on the couch before reading the book on the tablet?,Yes,"No, the person did not sit on the couch before reading the book on the tablet.",Order Judging(Y/N),no,0,"{""correct"": ""no"", ""score"": 0}"
365,879dd163-7588-45d1-9466-a5deabc59167,Did I move my legs on the couch before using the tablet?,Yes,"No, the person did not move their legs on the couch before using the tablet.",Order Judging(Y/N),no,0,"{""correct"": ""no"", ""score"": 0}"
366,879dd163-7588-45d1-9466-a5deabc59167,Was I in the house before I sat on the couch?,Yes,"Yes, I was in the house before I sat on the couch.",Order Judging(Y/N),yes,5,"{
  ""correct"": ""yes"",
  ""score"": 5
}"
367,879dd163-7588-45d1-9466-a5deabc59167,Did I use the tablet before moving my legs on the couch?,No,"Yes, you used the tablet before moving your legs on the couch.",Order Judging(Y/N),no,0,"{""correct"": ""no"", ""score"": 0}"
368,879dd163-7588-45d1-9466-a5deabc59167,Was the tablet in my hands before I sat on the couch?,No,"Yes, the tablet was in my hands before I sat on the couch.",Order Judging(Y/N),no,0,"{""correct"": ""no"", ""score"": 0}"
369,879dd163-7588-45d1-9466-a5deabc59167,What happens just before I read the book on the tablet?,Sitting on the couch.,"Just before I read the book on the tablet, a person walks into the room and sits down next to me.",What event order,no,1,"{""correct"": ""no"", ""score"": 1}"
370,879dd163-7588-45d1-9466-a5deabc59167,What setting is depicted in the provided video clip?,A person sitting on a couch in a house.,"The setting depicted in the video clip is a cozy living room with a table and chairs, a chandelier hanging from the ceiling, and a window allowing natural light to enter.",Scene Summary,no,2,"{
  ""correct"": ""no"",
  ""score"": 2
}"
371,879dd163-7588-45d1-9466-a5deabc59167,What furnishings are visible in the video?,"A couch, chair, and a dining area in the background.","The video shows a dining table with chairs, a chandelier hanging from the ceiling, and a window in the background.",Scene Summary,no,1,"{
  ""correct"": ""no"",
  ""score"": 1
}"
372,879dd163-7588-45d1-9466-a5deabc59167,Describe the atmosphere of the room shown in the video?,The room appears to be tidy and comfortably lit.,"The room has a cozy and inviting atmosphere, with soft lighting that creates a warm ambiance. The background features a dining table set for two, adorned with various items such as books, a laptop, and decorative elements like curtains and potted plants.",Scene Summary,yes,4,"{
  ""correct"": ""yes"",
  ""score"": 4
}"
373,879dd163-7588-45d1-9466-a5deabc59167,Describe the posture of the individual in the video?,They are seated with their legs up on the couch.,"The individual is lying on their back with one leg extended and the other bent at the knee, resting comfortably.",Action Caption,no,1,"{
  ""correct"": ""no"",
  ""score"": 1
}"
374,879dd163-7588-45d1-9466-a5deabc59167,Can you summarize the person's behavior in the video?,They are relaxing and using an electronic device.,"The person is sitting on a couch, holding an e-reader with text displayed on the screen. They appear to be reading or looking at the content of the e-reader while occasionally adjusting their position and interacting with it.",Action Caption,yes,5,"{
  ""correct"": ""yes"",
  ""score"": 5
}"
375,879dd163-7588-45d1-9466-a5deabc59167,Is there any noticeable movement or gesture in the video?,The person raised their hands at some point.,"No, there is no noticeable movement or gesture in the video.",Action Caption,no,0,"{""correct"": ""no"", ""score"": 0}"
376,879dd163-7588-45d1-9466-a5deabc59167,Did the person in the video adjust their position on the couch?,Not shown in the given frame.,"Yes, the person adjusted their position on the couch by moving slightly to the side.",Whether Something Happened(Y/N),no,0,"{
  ""correct"": ""no"",
  ""score"": 0
}"
377,879dd163-7588-45d1-9466-a5deabc59167,Is the individual in the video communicating with someone else?,"No, not visibly.","Yes, the individual is holding a white tablet with text on it and appears to be communicating or reading something from it.",Whether Something Happened(Y/N),no,1,"{
  ""correct"": ""no"",
  ""score"": 1
}"
378,879dd163-7588-45d1-9466-a5deabc59167,Does the video indicate that the person is multitasking?,"No, they appear focused on the tablet.","Yes, the video indicates that the person is multitasking by simultaneously reading a book and using their smartphone.",Whether Something Happened(Y/N),no,0,"{
  ""correct"": ""no"",
  ""score"": 0
}"
379,879dd163-7588-45d1-9466-a5deabc59167,Is the person standing up at any point in the video?,"No, they are seated throughout.",No.,Whether Something Happened(Y/N),yes,5,"{
  ""correct"": ""yes"",
  ""score"": 5
}"
380,879dd163-7588-45d1-9466-a5deabc59167,Did I move my legs on the couch before using the tablet?,Yes,"Yes, the person moved their legs on the couch before using the tablet.",Order Judging(Y/N),yes,5,"{
  ""correct"": ""yes"",
  ""score"": 5
}"
381,879dd163-7588-45d1-9466-a5deabc59167,Did I raise my hands before sitting on the couch?,No,"No, you didn't raise your hands before sitting on the couch.",Order Judging(Y/N),yes,5,"{
  ""correct"": ""yes"",
  ""score"": 5
}"
382,879dd163-7588-45d1-9466-a5deabc59167,Was I sitting on the couch before raising my hands?,Yes,"Yes, you were sitting on the couch before raising your hands.",Order Judging(Y/N),yes,5,"{
  ""correct"": ""yes"",
  ""score"": 5
}"
383,879dd163-7588-45d1-9466-a5deabc59167,Did I use the tablet after sitting on the couch?,Yes,"Yes, the tablet was used after sitting on the couch.",Order Judging(Y/N),yes,5,"{
  ""correct"": ""yes"",
  ""score"": 5
}"
384,879dd163-7588-45d1-9466-a5deabc59167,What did I do just before using the tablet in the house?,Sat on the couch,I sat on the couch and read a book.,What event order,yes,4,"{
  ""correct"": ""yes"",
  ""score"": 4
}"
385,879dd163-7588-45d1-9466-a5deabc59167,What did I do just before raising my hands?,Used the tablet,I raised my hands to adjust the screen of the e-reader.,What event order,no,1,"{
  ""correct"": ""no"",
  ""score"": 1
}"
386,879dd163-7588-45d1-9466-a5deabc59167,Is the tablet used after sitting on the couch as shown in the clip?,Yes,"Yes, the tablet is shown being used after sitting on the couch.",Order Judging(Y/N),yes,5,"{
  ""correct"": ""yes"",
  ""score"": 5
}"
387,879dd163-7588-45d1-9466-a5deabc59167,"In the video, is the tablet picked up before legs are placed on the couch?",Yes,Yes,Order Judging(Y/N),yes,5,"{""correct"": ""yes"", ""score"": 5}"
388,879dd163-7588-45d1-9466-a5deabc59167,Does sitting on the couch happen after raising hands in the sequence?,No,"Yes, the person raises their hands to sit on the couch.",Order Judging(Y/N),no,0,"{
  ""correct"": ""no"",
  ""score"": 0
}"
389,879dd163-7588-45d1-9466-a5deabc59167,What is the setting of the video clip?,The setting is inside a house.,"The setting of the video clip is a cozy living room with a comfortable couch, a table with chairs, and a chandelier hanging from the ceiling.",Scene Summary,yes,5,"{
  ""correct"": ""yes"",
  ""score"": 5
}"
390,879dd163-7588-45d1-9466-a5deabc59167,Where is the person situated in this scene?,The person is sitting on the couch.,The person is seated on a couch in the living room.,Scene Summary,yes,5,"{
  ""correct"": ""yes"",
  ""score"": 5
}"
391,879dd163-7588-45d1-9466-a5deabc59167,What object is the person interacting with?,The person is holding and using a tablet.,The person is interacting with a white e-reader displaying text.,Scene Summary,no,2,"{
  ""correct"": ""no"",
  ""score"": 2
}"
392,879dd163-7588-45d1-9466-a5deabc59167,Describe the person's posture in the video.,The person is reclined with feet up on the couch.,"The person is lying on a couch with their legs crossed, holding an e-reader in both hands.",Scene Summary,no,2,"{
  ""correct"": ""no"",
  ""score"": 2
}"
393,879dd163-7588-45d1-9466-a5deabc59167,Is the person reading a book on the tablet?,Yes.,Yes.,Whether Something Happened(Y/N),yes,5,"{
  ""correct"": ""yes"",
  ""score"": 5
}"
394,879dd163-7588-45d1-9466-a5deabc59167,Does the scene show an interaction with digital technology?,Yes.,"Yes, the scene shows an interaction with digital technology as the person is holding a white tablet displaying text.",Whether Something Happened(Y/N),yes,5,"{
  ""correct"": ""yes"",
  ""score"": 5
}"
395,879dd163-7588-45d1-9466-a5deabc59167,Is the individual standing while using the tablet?,No.,No.,Whether Something Happened(Y/N),yes,5,"{
  ""correct"": ""yes"",
  ""score"": 5
}"
396,879dd163-7588-45d1-9466-a5deabc59167,Has the person positioned themselves comfortably for tablet use?,Yes.,"Yes, the person is comfortably seated on a couch with their legs crossed and feet resting on pillows.",Whether Something Happened(Y/N),yes,5,"{
  ""correct"": ""yes"",
  ""score"": 5
}"
397,879dd163-7588-45d1-9466-a5deabc59167,Does the video show the person watching TV?,No.,No.,Whether Something Happened(Y/N),yes,5,"{
  ""correct"": ""yes"",
  ""score"": 5
}"
398,879dd163-7588-45d1-9466-a5deabc59167,"In the video, did I use the tablet before sitting on the couch?",No,"No, the person did not use the tablet before sitting on the couch.",Order Judging(Y/N),yes,5,"{
  ""correct"": ""yes"",
  ""score"": 5
}"
399,879dd163-7588-45d1-9466-a5deabc59167,Did I raise my hands before holding the tablet?,No,"No, you did not raise your hands before holding the tablet.",Order Judging(Y/N),yes,5,"{
  ""correct"": ""yes"",
  ""score"": 5
}"
400,879dd163-7588-45d1-9466-a5deabc59167,"In the video, was I already seated on the couch before using the tablet?",Yes,"Yes, I was already seated on the couch before using the tablet.",Order Judging(Y/N),yes,5,"{
  ""correct"": ""yes"",
  ""score"": 5
}"
401,879dd163-7588-45d1-9466-a5deabc59167,Was the tablet in my hand before I used it?,Yes,"Yes, the tablet was in my hand before I used it.",Order Judging(Y/N),yes,5,"{
  ""correct"": ""yes"",
  ""score"": 5
}"
402,879dd163-7588-45d1-9466-a5deabc59167,What occurs just before I hold the tablet in the video?,I sit on the couch,"Just before I hold the tablet, a person is seen sitting on the couch with their legs crossed and feet resting on the blue cushion.",What event order,yes,5,"{
  ""correct"": ""yes"",
  ""score"": 5
}"
403,879dd163-7588-45d1-9466-a5deabc59167,What action takes place before using the tablet?,I hold the tablet,"Before using the tablet, the person sits on the couch with their legs crossed and hands resting on their knees.",What event order,no,1,"{
  ""correct"": ""no"",
  ""score"": 1
}"
404,879dd163-7588-45d1-9466-a5deabc59167,"In the video, did I move my legs on the couch before using the tablet?",Yes,"No, the person did not move their legs on the couch before using the tablet.",Order Judging(Y/N),no,0,"{""correct"": ""no"", ""score"": 0}"
405,879dd163-7588-45d1-9466-a5deabc59167,"In the video, is the tablet held before raising hands?",Yes,Yes,Order Judging(Y/N),yes,5,"{""correct"": ""yes"", ""score"": 5}"
406,879dd163-7588-45d1-9466-a5deabc59167,"In the video, does sitting on the couch happen before moving legs on the couch?",Yes,"Yes, sitting on the couch happens before moving legs on it.",Order Judging(Y/N),yes,5,"{
  ""correct"": ""yes"",
  ""score"": 5
}"
407,879dd163-7588-45d1-9466-a5deabc59167,What happens before I use the tablet in the video?,I sit on the couch and move my legs,"Before using the tablet, I place it on the couch and adjust its position.",What event order,no,1,"{
  ""correct"": ""no"",
  ""score"": 1
}"
408,879dd163-7588-45d1-9466-a5deabc59167,What action is performed just before raising hands in the video?,Using the tablet,"Just before raising hands, the person is seen holding a white tablet with text on it.",What event order,yes,5,"{
  ""correct"": ""yes"",
  ""score"": 5
}"
409,879dd163-7588-45d1-9466-a5deabc59167,What do I do right before moving my legs on the couch?,I sit on the couch,I adjust the position of my legs on the couch.,What event order,no,1,"{""correct"": ""no"", ""score"": 1}"
410,879dd163-7588-45d1-9466-a5deabc59167,"In the video, what takes place prior to holding the tablet?",I sit on the couch,"Prior to holding the tablet, the person is sitting on a couch with their legs crossed and appears relaxed.",What event order,yes,5,"{
  ""correct"": ""yes"",
  ""score"": 5
}"
411,879dd163-7588-45d1-9466-a5deabc59167,What is the depicted scenario in this video frame?,A person sitting on a couch using a tablet.,"The video frame depicts a person sitting on a couch, holding an e-reader with text displayed on the screen. The background shows a dining area with chairs and tables, creating a cozy indoor setting.",Scene Summary,yes,4,"{
  ""correct"": ""yes"",
  ""score"": 4
}"
412,879dd163-7588-45d1-9466-a5deabc59167,Can you summarize the environment in the video clip?,The environment is a cozy living room with a person on the couch.,"The video shows a cozy living room with a beige sofa, blue cushions, and various decorative items on the walls. The background features a dining table with chairs and a chandelier hanging from the ceiling.",Scene Summary,no,2,"{
  ""correct"": ""no"",
  ""score"": 2
}"
413,879dd163-7588-45d1-9466-a5deabc59167,Offer a caption for the ongoing activity in the video?,Enjoying digital content from the comfort of the couch.,'Exploring the world of e-books: A cozy reading session in a well-lit living room.',Action Caption,no,2,"{
  ""correct"": ""no"",
  ""score"": 2
}"
414,879dd163-7588-45d1-9466-a5deabc59167,Is the person in the video standing up?,No.,No.,Whether Something Happened(Y/N),yes,5,"{
  ""correct"": ""yes"",
  ""score"": 5
}"
415,879dd163-7588-45d1-9466-a5deabc59167,Does the video capture the individual walking around?,No.,"No, the video does not capture the individual walking around; it focuses on the person sitting comfortably in a room.",Whether Something Happened(Y/N),yes,5,"{
  ""correct"": ""yes"",
  ""score"": 5
}"
416,879dd163-7588-45d1-9466-a5deabc59167,Is there a group of people in the video clip?,No.,No.,Whether Something Happened(Y/N),yes,5,"{
  ""correct"": ""yes"",
  ""score"": 5
}"
417,879dd163-7588-45d1-9466-a5deabc59167,Does the frame show the person cooking in the kitchen?,No.,No.,Whether Something Happened(Y/N),yes,5,"{
  ""correct"": ""yes"",
  ""score"": 5
}"
418,879dd163-7588-45d1-9466-a5deabc59167,Is the person in the video engaging in a conversation?,No.,No.,Whether Something Happened(Y/N),yes,5,"{
  ""correct"": ""yes"",
  ""score"": 5
}"
419,879dd163-7588-45d1-9466-a5deabc59167,Did I sit on the couch before using the tablet?,Yes.,"Yes, the person was sitting on the couch before using the tablet.",Order Judging(Y/N),yes,5,"{
  ""correct"": ""yes"",
  ""score"": 5
}"
420,879dd163-7588-45d1-9466-a5deabc59167,Did I hold the tablet before sitting on the couch?,No.,"Yes, the person was holding the tablet before sitting on the couch.",Order Judging(Y/N),no,0,"{""correct"": ""no"", ""score"": 0}"
421,879dd163-7588-45d1-9466-a5deabc59167,Did I sit down after picking up the tablet?,Yes.,"Yes, the person sat down after picking up the tablet.",Order Judging(Y/N),yes,5,"{
  ""correct"": ""yes"",
  ""score"": 5
}"
422,879dd163-7588-45d1-9466-a5deabc59167,"In the video, what do I do just before sitting on the couch?",There is no information on actions prior.,I adjust the white tablet on my lap to a comfortable viewing angle.,What event order,no,0,"{
  ""correct"": ""no"",
  ""score"": 0
}"
423,879dd163-7588-45d1-9466-a5deabc59167,"In the sequence, what happens before I use the tablet?",I hold the tablet.,"Before using the tablet, I first adjust my position on the couch and then sit up.",What event order,no,1,"{
  ""correct"": ""no"",
  ""score"": 1
}"
424,879dd163-7588-45d1-9466-a5deabc59167,Does the action of sitting on the couch happen before using the tablet?,Yes,"No, the action of sitting on the couch happens after using the tablet.",Order Judging(Y/N),no,0,"{""correct"": ""no"", ""score"": 0}"
425,879dd163-7588-45d1-9466-a5deabc59167,Does raising hands occur before sitting on the couch?,No,"Yes, raising hands occur before sitting on the couch.",Order Judging(Y/N),no,0,"{""correct"": ""no"", ""score"": 0}"
426,879dd163-7588-45d1-9466-a5deabc59167,Is using the tablet done after sitting on the couch?,Yes,Yes.,Order Judging(Y/N),yes,5,"{""correct"": ""yes"", ""score"": 5}"
427,879dd163-7588-45d1-9466-a5deabc59167,What happens before using the tablet?,Sitting on the couch and holding the tablet,"Before using the tablet, the person is seated on a couch with their legs crossed and one foot resting on the armrest.",What event order,yes,4,"{
  ""correct"": ""yes"",
  ""score"": 4
}"
428,879dd163-7588-45d1-9466-a5deabc59167,What occurs just before raising hands?,Using the tablet,"Just before raising hands, the person's fingers are poised to touch the screen of the e-reader.",What event order,yes,5,"{
  ""correct"": ""yes"",
  ""score"": 5
}"
429,cbfeb6c8-ec1f-4884-bcbf-14d7764c4a36,What environment surrounds the individual in the video?,An apartment setting.,"The individual is surrounded by a wooden desk and a chair, creating an environment conducive to studying.",Scene Summary,no,1,"{
  ""correct"": ""no"",
  ""score"": 1
}"
430,cbfeb6c8-ec1f-4884-bcbf-14d7764c4a36,What activity is taking place in this particular setting?,Writing in a book with a pen.,"The activity taking place is studying or working on a study material, as indicated by the open books and notebooks filled with handwritten notes.",Scene Summary,no,2,"{
  ""correct"": ""no"",
  ""score"": 2
}"
431,cbfeb6c8-ec1f-4884-bcbf-14d7764c4a36,Was the person depicted cooking in the kitchen?,No.,"No, the person was not cooking in the kitchen; they were simply writing.",Whether Something Happened(Y/N),yes,5,"{
  ""correct"": ""yes"",
  ""score"": 5
}"
432,cbfeb6c8-ec1f-4884-bcbf-14d7764c4a36,Did any outdoor activity occur in this video?,No.,"No, there were no outdoor activities observed in this video.",Whether Something Happened(Y/N),yes,5,"{
  ""correct"": ""yes"",
  ""score"": 5
}"
433,cbfeb6c8-ec1f-4884-bcbf-14d7764c4a36,Was the individual standing while performing the task?,No.,"No, the individual was seated while performing the task.",Whether Something Happened(Y/N),yes,5,"{
  ""correct"": ""yes"",
  ""score"": 5
}"
434,cbfeb6c8-ec1f-4884-bcbf-14d7764c4a36,Is there any verbal communication happening in this scene?,No.,"No, there is no verbal communication happening in this scene.",Whether Something Happened(Y/N),yes,5,"{
  ""correct"": ""yes"",
  ""score"": 5
}"
435,cbfeb6c8-ec1f-4884-bcbf-14d7764c4a36,Does the video show someone reading a book?,No.,No.,Whether Something Happened(Y/N),yes,5,"{
  ""correct"": ""yes"",
  ""score"": 5
}"
436,cbfeb6c8-ec1f-4884-bcbf-14d7764c4a36,What location is shown in the video?,A room with a table.,The video shows a wooden desk with two open notebooks on it.,Scene Summary,no,1,"{
  ""correct"": ""no"",
  ""score"": 1
}"
437,cbfeb6c8-ec1f-4884-bcbf-14d7764c4a36,What activity is being done in the clip?,Writing in a notebook.,The activity being done in the clip is studying or working on a study material.,Scene Summary,no,2,"{
  ""correct"": ""no"",
  ""score"": 2
}"
438,cbfeb6c8-ec1f-4884-bcbf-14d7764c4a36,What object is being used to write?,A pen.,A spiral-bound notebook.,Scene Summary,no,0,"{""correct"": ""no"", ""score"": 0}"
439,cbfeb6c8-ec1f-4884-bcbf-14d7764c4a36,What item is on the table besides the notebook?,Opened books.,There is a blue pen on the table.,Scene Summary,no,0,"{
  ""correct"": ""no"",
  ""score"": 0
}"
440,cbfeb6c8-ec1f-4884-bcbf-14d7764c4a36,Is the notebook on a flat surface?,"Yes, on a table.",Yes.,Scene Summary,yes,4,"{
  ""correct"": ""yes"",
  ""score"": 4
}"
441,cbfeb6c8-ec1f-4884-bcbf-14d7764c4a36,What color is the pen being used?,Blue.,The pen being used is blue.,Action Caption,yes,5,"{
  ""correct"": ""yes"",
  ""score"": 5
}"
442,cbfeb6c8-ec1f-4884-bcbf-14d7764c4a36,Is the person using both hands to write?,"Yes, one to hold and one to write.",Yes.,Action Caption,yes,4,"{""correct"": ""yes"", ""score"": 4}"
443,cbfeb6c8-ec1f-4884-bcbf-14d7764c4a36,Has the pen made contact with the paper?,Yes.,"Yes, the pen has made contact with the paper.",Whether Something Happened(Y/N),yes,5,"{
  ""correct"": ""yes"",
  ""score"": 5
}"
444,cbfeb6c8-ec1f-4884-bcbf-14d7764c4a36,Is there a book on the table?,Yes.,No.,Whether Something Happened(Y/N),no,0,"{""correct"": ""no"", ""score"": 0}"
445,cbfeb6c8-ec1f-4884-bcbf-14d7764c4a36,"In the video, do I flip the book page before writing on it?",No,"No, the person does not flip the book page before writing on it.",Order Judging(Y/N),yes,5,"{
  ""correct"": ""yes"",
  ""score"": 5
}"
446,cbfeb6c8-ec1f-4884-bcbf-14d7764c4a36,"In the video, do I write with a pen after sitting at the table?",Yes,"Yes, you write with a pen after sitting at the table.",Order Judging(Y/N),yes,5,"{
  ""correct"": ""yes"",
  ""score"": 5
}"
447,cbfeb6c8-ec1f-4884-bcbf-14d7764c4a36,Does the writing occur before closing the notebook?,Yes,"No, the writing does not occur before closing the notebook.",Order Judging(Y/N),no,0,"{""correct"": ""no"", ""score"": 0}"
448,cbfeb6c8-ec1f-4884-bcbf-14d7764c4a36,Do I start writing before opening the book?,No,"Yes, you start writing before opening the book.",Order Judging(Y/N),no,0,"{""correct"": ""no"", ""score"": 0}"
449,cbfeb6c8-ec1f-4884-bcbf-14d7764c4a36,"Before closing the notebook, what event occurs in the video?",Writing on it,"Before closing the notebook, the person points to a specific section of text on the right page and then closes it.",What event order,no,1,"{
  ""correct"": ""no"",
  ""score"": 1
}"
450,cbfeb6c8-ec1f-4884-bcbf-14d7764c4a36,What is done prior to sitting at the table in the video?,Entering the room,"Prior to sitting at the table, the person is seen writing in a spiral notebook.",What event order,no,0,"{
  ""correct"": ""no"",
  ""score"": 0
}"
451,cbfeb6c8-ec1f-4884-bcbf-14d7764c4a36,What is the setting of the scene in the video clip?,In an apartment.,The setting of the scene is a study or work area with wooden flooring and a desk.,Scene Summary,no,1,"{
  ""correct"": ""no"",
  ""score"": 1
}"
452,cbfeb6c8-ec1f-4884-bcbf-14d7764c4a36,Who is present in this clip?,A woman writing and another woman interacting with her.,"Two individuals are present in the clip, one sitting at a table and another standing nearby.",Scene Summary,no,2,"{
  ""correct"": ""no"",
  ""score"": 2
}"
453,cbfeb6c8-ec1f-4884-bcbf-14d7764c4a36,What objects are noticeable in the video?,A book and a pen.,"The video shows a person sitting at a table with open notebooks and books, writing in them.",Scene Summary,no,2,"{
  ""correct"": ""no"",
  ""score"": 2
}"
454,cbfeb6c8-ec1f-4884-bcbf-14d7764c4a36,What activities are being performed?,Writing in a book and interacting.,The person is engaged in writing and taking notes on a spiral-bound notebook.,Scene Summary,no,3,"{
  ""correct"": ""no"",
  ""score"": 3
}"
455,cbfeb6c8-ec1f-4884-bcbf-14d7764c4a36,How can we describe the movement in the clip?,Gentle and focused on writing.,"The movement in the clip is a series of close-up shots that focus on the person's hands and the open notebooks, capturing their concentration as they write.",Action Caption,yes,4,"{
  ""correct"": ""yes"",
  ""score"": 4
}"
456,cbfeb6c8-ec1f-4884-bcbf-14d7764c4a36,Does the individual write with her right hand?,Yes.,"Yes, the individual writes with her right hand.",Whether Something Happened(Y/N),yes,5,"{
  ""correct"": ""yes"",
  ""score"": 5
}"
457,cbfeb6c8-ec1f-4884-bcbf-14d7764c4a36,Is there another person besides the one writing?,Yes.,"Yes, another person is partially visible on the left side of the frame.",Whether Something Happened(Y/N),yes,5,"{
  ""correct"": ""yes"",
  ""score"": 5
}"
458,cbfeb6c8-ec1f-4884-bcbf-14d7764c4a36,Is the setting a public place?,No.,No.,Whether Something Happened(Y/N),yes,5,"{
  ""correct"": ""yes"",
  ""score"": 5
}"
459,cbfeb6c8-ec1f-4884-bcbf-14d7764c4a36,Do we see any electronic devices being used?,No.,"No, no electronic devices are visible in the image.",Whether Something Happened(Y/N),yes,5,"{
  ""correct"": ""yes"",
  ""score"": 5
}"
460,cbfeb6c8-ec1f-4884-bcbf-14d7764c4a36,What happens before picking up the pen in the video?,Sitting at the table,"Before picking up the pen, the person is seen writing in a spiral notebook.",What event order,no,1,"{
  ""correct"": ""no"",
  ""score"": 1
}"
461,cbfeb6c8-ec1f-4884-bcbf-14d7764c4a36,"In the video, does the interaction with woman A happen before writing in the notebook?",No,"No, the interaction with woman A does not happen before writing in the notebook. The video shows a person actively writing in a spiral-bound notebook while sitting at a table.",Order Judging(Y/N),yes,5,"{
  ""correct"": ""yes"",
  ""score"": 5
}"
462,cbfeb6c8-ec1f-4884-bcbf-14d7764c4a36,Is the book opened before picking up the pen?,Yes,Yes.,Order Judging(Y/N),yes,5,"{
  ""correct"": ""yes"",
  ""score"": 5
}"
463,cbfeb6c8-ec1f-4884-bcbf-14d7764c4a36,What is the main activity depicted in the video clip?,Writing in a book with a pen.,The main activity depicted in the video clip is a person writing on a spiral-bound notebook.,Scene Summary,yes,5,"{
  ""correct"": ""yes"",
  ""score"": 5
}"
464,cbfeb6c8-ec1f-4884-bcbf-14d7764c4a36,Where is the individual situated in the video clip?,In a room.,The individual is seated at a wooden desk.,Scene Summary,no,1,"{
  ""correct"": ""no"",
  ""score"": 1
}"
465,cbfeb6c8-ec1f-4884-bcbf-14d7764c4a36,What object is being utilized in the video clip?,A pen.,A spiral-bound notebook is being utilized in the video clip.,Scene Summary,no,0,"{""correct"": ""no"", ""score"": 0}"
466,cbfeb6c8-ec1f-4884-bcbf-14d7764c4a36,Does the video show someone studying?,Yes.,Yes,Whether Something Happened(Y/N),yes,5,"{
  ""correct"": ""yes"",
  ""score"": 5
}"
467,cbfeb6c8-ec1f-4884-bcbf-14d7764c4a36,Is the person in the video writing with their left hand?,No.,Yes.,Whether Something Happened(Y/N),no,0,"{""correct"": ""no"", ""score"": 0}"
468,cbfeb6c8-ec1f-4884-bcbf-14d7764c4a36,Does the video show a person writing on multiple pages?,Yes.,"Yes, the video shows a person writing on multiple pages.",Whether Something Happened(Y/N),yes,5,"{
  ""correct"": ""yes"",
  ""score"": 5
}"
469,cbfeb6c8-ec1f-4884-bcbf-14d7764c4a36,Is pen picked up before writing on the book as shown in the clip?,Yes,"Yes, the pen is picked up before writing on the book.",Order Judging(Y/N),yes,5,"{
  ""correct"": ""yes"",
  ""score"": 5
}"
470,cbfeb6c8-ec1f-4884-bcbf-14d7764c4a36,Does writing in the book happen after entering the apartment?,Yes,"No, writing in the book happens before entering the apartment.",Order Judging(Y/N),no,0,"{""correct"": ""no"", ""score"": 0}"
471,cbfeb6c8-ec1f-4884-bcbf-14d7764c4a36,Is the person at the table before writing in the notebook?,Yes,Yes.,Order Judging(Y/N),yes,5,"{""correct"": ""yes"", ""score"": 5}"
472,cbfeb6c8-ec1f-4884-bcbf-14d7764c4a36,Does the person use a pen after sitting at the table?,Yes,Yes.,Order Judging(Y/N),yes,5,"{""correct"": ""yes"", ""score"": 5}"
473,cbfeb6c8-ec1f-4884-bcbf-14d7764c4a36,Is the person in the apartment before using the pen?,Yes,No.,Order Judging(Y/N),no,0,"{""correct"": ""no"", ""score"": 0}"
474,cbfeb6c8-ec1f-4884-bcbf-14d7764c4a36,What happens just before writing in the notebook in the video?,Sitting at the table,"Just before writing in the notebook, the person points to a specific section of the page with their index finger.",What event order,no,1,"{
  ""correct"": ""no"",
  ""score"": 1
}"
475,cbfeb6c8-ec1f-4884-bcbf-14d7764c4a36,"In the video sequence, what do we see occurring before sitting at the table?",Being in a room,"Before sitting at the table, we see a person writing in a spiral notebook with blue ink.",What event order,no,0,"{
  ""correct"": ""no"",
  ""score"": 0
}"
476,cbfeb6c8-ec1f-4884-bcbf-14d7764c4a36,What location is shown in the video clip?,An indoor location.,The video clip shows a wooden desk with open notebooks and a book titled 'BROOKS'.,Scene Summary,no,1,"{
  ""correct"": ""no"",
  ""score"": 1
}"
477,cbfeb6c8-ec1f-4884-bcbf-14d7764c4a36,What activity is depicted in this scene?,Writing in a book.,"The scene depicts a person engaged in studying or working on an exam, as indicated by the open notebooks filled with handwritten notes and diagrams.",Scene Summary,no,2,"{
  ""correct"": ""no"",
  ""score"": 2
}"
478,cbfeb6c8-ec1f-4884-bcbf-14d7764c4a36,Can you caption the person's activity in this clip?,Writing diligently in a notebook.,"The person is diligently working on a notebook, writing in it with a blue pen and making notes.",Action Caption,yes,5,"{
  ""correct"": ""yes"",
  ""score"": 5
}"
479,cbfeb6c8-ec1f-4884-bcbf-14d7764c4a36,Is there a pen being used for writing in the video?,Yes.,Yes.,Whether Something Happened(Y/N),yes,5,"{
  ""correct"": ""yes"",
  ""score"": 5
}"
480,cbfeb6c8-ec1f-4884-bcbf-14d7764c4a36,Does the clip show a person wearing a watch?,Yes.,"Yes, the clip shows a person wearing a watch.",Whether Something Happened(Y/N),yes,5,"{
  ""correct"": ""yes"",
  ""score"": 5
}"
481,cbfeb6c8-ec1f-4884-bcbf-14d7764c4a36,Does the video include any dialogue or conversation?,"No, it only depicts writing activity.","No, the video does not include any dialogue or conversation.",Whether Something Happened(Y/N),yes,5,"{
  ""correct"": ""yes"",
  ""score"": 5
}"
482,cbfeb6c8-ec1f-4884-bcbf-14d7764c4a36,"In the video, does opening the book happen before writing with a pen?",Yes,"No, the video does not show opening the book before writing with a pen. The focus is on the person's hands and the pages of the notebook as they write.",Order Judging(Y/N),no,0,"{
  ""correct"": ""no"",
  ""score"": 0
}"
483,cbfeb6c8-ec1f-4884-bcbf-14d7764c4a36,Is the pen picked up after turning the page as shown in the clip?,No,"Yes, the pen is picked up after turning the page.",Order Judging(Y/N),no,0,"{""correct"": ""no"", ""score"": 0}"
484,cbfeb6c8-ec1f-4884-bcbf-14d7764c4a36,What occurs just before starting to write in the book?,Opening the book,"Just before starting to write in the book, the person is seen adjusting their position and positioning of their hands on the table.",What event order,no,1,"{
  ""correct"": ""no"",
  ""score"": 1
}"
485,cbfeb6c8-ec1f-4884-bcbf-14d7764c4a36,Is the writing in the book shown after being indoor in the clip?,Yes,Yes.,Order Judging(Y/N),yes,5,"{""correct"": ""yes"", ""score"": 5}"
486,cbfeb6c8-ec1f-4884-bcbf-14d7764c4a36,Which room is the person located in while writing?,The person is in a room.,"The person is located in a room with a bookshelf, as indicated by the presence of books and other items on shelves.",Scene Summary,yes,5,"{
  ""correct"": ""yes"",
  ""score"": 5
}"
487,cbfeb6c8-ec1f-4884-bcbf-14d7764c4a36,Is the person using any tools for writing?,"Yes, the person is using a pen.","Yes, the person is using a blue pen for writing.",Scene Summary,yes,5,"{
  ""correct"": ""yes"",
  ""score"": 5
}"
488,cbfeb6c8-ec1f-4884-bcbf-14d7764c4a36,Can you describe the setting of the action in the clip?,The action occurs in a room at a desk.,"The setting is a well-lit room with wooden flooring, and the person is seated at a desk.",Action Caption,yes,5,"{
  ""correct"": ""yes"",
  ""score"": 5
}"
489,cbfeb6c8-ec1f-4884-bcbf-14d7764c4a36,What is the writing tool visible in the frame?,A pen is visible in the frame.,The writing tool visible in the frame is a blue pen.,Action Caption,yes,5,"{
  ""correct"": ""yes"",
  ""score"": 5
}"
490,cbfeb6c8-ec1f-4884-bcbf-14d7764c4a36,Is the person sitting at a desk in the video?,Yes.,Yes.,Whether Something Happened(Y/N),yes,5,"{
  ""correct"": ""yes"",
  ""score"": 5
}"
491,cbfeb6c8-ec1f-4884-bcbf-14d7764c4a36,Does the person sit down after opening the book?,Yes,Yes.,Order Judging(Y/N),yes,5,"{""correct"": ""yes"", ""score"": 5}"
492,cbfeb6c8-ec1f-4884-bcbf-14d7764c4a36,Is the book closed before the person starts writing?,No,Yes.,Order Judging(Y/N),no,0,"{""correct"": ""no"", ""score"": 0}"
493,cbfeb6c8-ec1f-4884-bcbf-14d7764c4a36,What action is taken before the person caps the pen?,The person finishes writing.,"Before the person caps the pen, they make a final check of their work.",What event order,no,1,"{
  ""correct"": ""no"",
  ""score"": 1
}"
494,cbfeb6c8-ec1f-4884-bcbf-14d7764c4a36,Is the pen placed in the book before writing?,No,Yes.,Order Judging(Y/N),no,0,"{""correct"": ""no"", ""score"": 0}"
495,cbfeb6c8-ec1f-4884-bcbf-14d7764c4a36,Does the book close before the pen is picked up?,No,"Yes, the book closes before the pen is picked up.",Order Judging(Y/N),no,0,"{""correct"": ""no"", ""score"": 0}"
496,cbfeb6c8-ec1f-4884-bcbf-14d7764c4a36,Is the cap of the pen removed after starting to write?,No,Yes.,Order Judging(Y/N),no,0,"{""correct"": ""no"", ""score"": 0}"
497,cbfeb6c8-ec1f-4884-bcbf-14d7764c4a36,Does the hand turn the page before picking up the pen?,No,"Yes, the hand turns the page before picking up the pen.",Order Judging(Y/N),no,0,"{""correct"": ""no"", ""score"": 0}"
498,cbfeb6c8-ec1f-4884-bcbf-14d7764c4a36,Is the pen visible in the scene before writing begins?,Yes,Yes.,Order Judging(Y/N),yes,5,"{""correct"": ""yes"", ""score"": 5}"
499,cbfeb6c8-ec1f-4884-bcbf-14d7764c4a36,What do we see happening before the hand appears in the frame?,The book is open,"We see a person sitting at a table, writing on a notebook with a blue pen.",What event order,no,0,"{
  ""correct"": ""no"",
  ""score"": 0
}"
500,cbfeb6c8-ec1f-4884-bcbf-14d7764c4a36,What happens just before the pen touches the paper?,The hand moves towards the paper,"Just before the pen touches the paper, it is shown that the person has already written on the page.",What event order,no,0,"{
""correct"": ""no"",
""score"": 0
}"
501,cbfeb6c8-ec1f-4884-bcbf-14d7764c4a36,"In the video sequence, what action is performed before turning the page?",Writing on the current page,"Before turning the page, the person points to a specific section of the notebook and then starts writing in it.",What event order,yes,4,"{
  ""correct"": ""yes"",
  ""score"": 4
}"
502,cbfeb6c8-ec1f-4884-bcbf-14d7764c4a36,"In the video, what is done just before the hand finished writing?",Moving the pen across the paper,"Just before the hand finished writing, a book titled 'BROOKS' is opened and placed on top of the notebook.",What event order,no,0,"{
  ""correct"": ""no"",
  ""score"": 0
}"
503,cbfeb6c8-ec1f-4884-bcbf-14d7764c4a36,What does the brief of the depicted scenario show?,The scenario shows a person writing in a book in an apartment.,"The brief of the depicted scenario shows a person sitting at a table with two open notebooks, one containing handwritten notes and another featuring an image of a tire.",Scene Summary,no,1,"{
  ""correct"": ""no"",
  ""score"": 1
}"
504,cbfeb6c8-ec1f-4884-bcbf-14d7764c4a36,What is the setting of this video clip?,"The setting is indoors, in a well-lit apartment.",The setting of the video clip is a study or work area with a wooden desk and various open notebooks.,Scene Summary,no,1,"{
  ""correct"": ""no"",
  ""score"": 1
}"
505,cbfeb6c8-ec1f-4884-bcbf-14d7764c4a36,Does the video capture the person stopping their writing at any point?,No.,"Yes, the video captures the person stopping their writing at a specific point on the spiral notebook.",Whether Something Happened(Y/N),no,0,"{
  ""correct"": ""no"",
  ""score"": 0
}"
506,cbfeb6c8-ec1f-4884-bcbf-14d7764c4a36,Is the individual in the video using their left hand to write?,"No, they are using their right hand.",Yes.,Whether Something Happened(Y/N),no,0,"{""correct"": ""no"", ""score"": 0}"
507,cbfeb6c8-ec1f-4884-bcbf-14d7764c4a36,Is there another person present in the scene assisting the writer?,"No, the person is writing alone.","Yes, another person is partially visible on the left side of the frame.",Whether Something Happened(Y/N),no,0,"{
  ""correct"": ""no"",
  ""score"": 0
}"
508,cbfeb6c8-ec1f-4884-bcbf-14d7764c4a36,"In the video, do I write in the book before holding the pen?",No,"Yes, you write in the book before holding the pen.",Order Judging(Y/N),no,0,"{""correct"": ""no"", ""score"": 0}"
509,cbfeb6c8-ec1f-4884-bcbf-14d7764c4a36,Is the pen in my right hand before I start writing in the book?,Yes,"No, the pen is in my left hand before I start writing in the book.",Order Judging(Y/N),no,0,"{""correct"": ""no"", ""score"": 0}"
510,cbfeb6c8-ec1f-4884-bcbf-14d7764c4a36,"In the sequence, do I open the book before writing on it?",Yes,"No, you open the book after writing on it.",Order Judging(Y/N),no,0,"{""correct"": ""no"", ""score"": 0}"
511,cbfeb6c8-ec1f-4884-bcbf-14d7764c4a36,"In the clip, do I wear a green shirt before writing in the book?",Yes,"Yes, the person is wearing a green shirt before writing in the book.",Order Judging(Y/N),yes,5,"{
  ""correct"": ""yes"",
  ""score"": 5
}"
512,cbfeb6c8-ec1f-4884-bcbf-14d7764c4a36,What occurs just before holding the pen in my right hand?,I am wearing a green shirt,"Just before holding the pen in my right hand, I notice a blue pen resting on top of the notebook.",What event order,no,0,"{""correct"": ""no"", ""score"": 0}"
513,cbfeb6c8-ec1f-4884-bcbf-14d7764c4a36,Is the book opened before the pen is held in the right hand?,Yes,Yes.,Order Judging(Y/N),yes,5,"{
  ""correct"": ""yes"",
  ""score"": 5
}"
514,cbfeb6c8-ec1f-4884-bcbf-14d7764c4a36,Is the hand placed on the book after the pen is picked up?,Yes,"Yes, the hand is placed on the book after the pen is picked up.",Order Judging(Y/N),yes,5,"{
  ""correct"": ""yes"",
  ""score"": 5
}"
515,cbfeb6c8-ec1f-4884-bcbf-14d7764c4a36,What happens just before the pen starts writing?,The pen is held in the right hand,"Just before the pen starts writing, the person's hand moves to rest on their lap.",What event order,no,0,"{
  ""correct"": ""no"",
  ""score"": 0
}"
516,cbfeb6c8-ec1f-4884-bcbf-14d7764c4a36,What is visible before the wrist with a bracelet appears?,The hand holding the pen,"A spiral notebook with a yellow cover and the text ""BROCK"" is visible before the wrist.",What event order,no,1,"{
  ""correct"": ""no"",
  ""score"": 1
}"
517,cbfeb6c8-ec1f-4884-bcbf-14d7764c4a36,What do we see happening before the hand touches the book?,The book and pen are visible,"We see a person sitting at a table, holding an open book titled ""BROCK"" with the cover featuring a graphic of a tire and text that reads ""BROCK PREMIUM."" The person is writing in a notebook next to the book.",What event order,no,1,"{
  ""correct"": ""no"",
  ""score"": 1
}"
518,cbfeb6c8-ec1f-4884-bcbf-14d7764c4a36,What takes place before the pen is seen in the video?,The apartment and the book are seen,"Before the pen is seen in the video, a person is sitting at a table with open notebooks and books.",What event order,no,1,"{
  ""correct"": ""no"",
  ""score"": 1
}"
519,cbfeb6c8-ec1f-4884-bcbf-14d7764c4a36,What is the setting of the video?,In an apartment.,The setting of the video is a study or work environment with a wooden desk and various open notebooks.,Scene Summary,no,1,"{
  ""correct"": ""no"",
  ""score"": 1
}"
520,cbfeb6c8-ec1f-4884-bcbf-14d7764c4a36,What activity does the video show?,Writing in a book.,The video shows a person engaged in writing or taking notes on a notebook.,Scene Summary,yes,5,"{
  ""correct"": ""yes"",
  ""score"": 5
}"
521,cbfeb6c8-ec1f-4884-bcbf-14d7764c4a36,Which hand is used for writing in the video?,The right hand.,The right hand is used for writing in the video.,Scene Summary,yes,5,"{
  ""correct"": ""yes"",
  ""score"": 5
}"
522,cbfeb6c8-ec1f-4884-bcbf-14d7764c4a36,What type of pen is being used?,A ballpoint pen.,The pen being used is blue.,Scene Summary,no,1,"{""correct"": ""no"", ""score"": 1}"
523,cbfeb6c8-ec1f-4884-bcbf-14d7764c4a36,What object is being used in the action?,A pen.,A blue pen is being used in the action.,Action Caption,yes,5,"{
  ""correct"": ""yes"",
  ""score"": 5
}"
524,cbfeb6c8-ec1f-4884-bcbf-14d7764c4a36,Is the writing action fluent or hesitant?,Fluent.,The writing action is fluent.,Action Caption,yes,5,"{
  ""correct"": ""yes"",
  ""score"": 5
}"
525,cbfeb6c8-ec1f-4884-bcbf-14d7764c4a36,Which direction is the pen moving?,Left to right.,The pen is moving from the right side of the notebook to the left.,Action Caption,no,1,"{""correct"": ""no"", ""score"": 1}"
526,cbfeb6c8-ec1f-4884-bcbf-14d7764c4a36,Is the person sitting on a cushion?,Yes.,No.,Whether Something Happened(Y/N),no,0,"{""correct"": ""no"", ""score"": 0}"
527,cbfeb6c8-ec1f-4884-bcbf-14d7764c4a36,Does the video show page-turning?,No.,"Yes, the video shows page-turning as the person continues to write on the notebook.",Whether Something Happened(Y/N),no,0,"{
  ""correct"": ""no"",
  ""score"": 0
}"
528,cbfeb6c8-ec1f-4884-bcbf-14d7764c4a36,Is the person wearing any wrist accessories?,Yes.,"Yes, the person is wearing a bracelet on their left wrist.",Whether Something Happened(Y/N),yes,5,"{
  ""correct"": ""yes"",
  ""score"": 5
}"
529,cbfeb6c8-ec1f-4884-bcbf-14d7764c4a36,Did the writing happen in a different location than the apartment?,No,"Yes, the writing happened in a different location than the apartment.",Order Judging(Y/N),no,0,"{""correct"": ""no"", ""score"": 0}"
530,cbfeb6c8-ec1f-4884-bcbf-14d7764c4a36,Did the use of right hand occur before writing in the book?,No,"Yes, the use of right hand occurred before writing in the book.",Order Judging(Y/N),no,0,"{""correct"": ""no"", ""score"": 0}"
531,cbfeb6c8-ec1f-4884-bcbf-14d7764c4a36,Was there a pen used after the book was opened?,Yes,"Yes, a blue pen was used after the book was opened.",Order Judging(Y/N),yes,5,"{
  ""correct"": ""yes"",
  ""score"": 5
}"
532,cbfeb6c8-ec1f-4884-bcbf-14d7764c4a36,Did any writing in the book occur without the use of a pen?,No,"Yes, the writing in the book occurred without the use of a pen.",Order Judging(Y/N),no,0,"{""correct"": ""no"", ""score"": 0}"
533,cbfeb6c8-ec1f-4884-bcbf-14d7764c4a36,Was the book closed before writing commenced?,Yes,"Yes, the book was closed before writing commenced.",Order Judging(Y/N),yes,5,"{
  ""correct"": ""yes"",
  ""score"": 5
}"
534,cbfeb6c8-ec1f-4884-bcbf-14d7764c4a36,What happened before the writing started?,The book was opened,"Before the writing started, the person was seen holding a book titled 'BROOKS & LITWICH' and reading from it.",What event order,no,1,"{
  ""correct"": ""no"",
  ""score"": 1
}"
535,cbfeb6c8-ec1f-4884-bcbf-14d7764c4a36,Does the writing in the book occur before changing the page?,Yes,"Yes, the writing in the book occurs before changing the page.",Order Judging(Y/N),yes,5,"{
  ""correct"": ""yes"",
  ""score"": 5
}"
536,cbfeb6c8-ec1f-4884-bcbf-14d7764c4a36,Does the page turn happen before writing with the pen?,No,"No, the page turns before writing with the pen.",Order Judging(Y/N),no,1,"{
  ""correct"": ""no"",
  ""score"": 1
}"
537,cbfeb6c8-ec1f-4884-bcbf-14d7764c4a36,What occurs just before changing to a new page in the video?,I finish writing,"Just before changing to a new page, the person's hands are seen adjusting their position on the desk.",What event order,no,1,"{
  ""correct"": ""no"",
  ""score"": 1
}"
538,cbfeb6c8-ec1f-4884-bcbf-14d7764c4a36,What do I do before sitting down to write in the video?,I enter the room,"Before sitting down to write, the person is seen holding a blue pen and pointing at something on their notebook.",What event order,no,0,"{
  ""correct"": ""no"",
  ""score"": 0
}"
539,cbfeb6c8-ec1f-4884-bcbf-14d7764c4a36,What is the setting of the scene in the video clip?,The setting is inside a room.,The setting of the scene is a wooden desk with a book and a spiral notebook.,Scene Summary,no,1,"{
  ""correct"": ""no"",
  ""score"": 1
}"
540,cbfeb6c8-ec1f-4884-bcbf-14d7764c4a36,What objects are present in the video clip?,A book and a pen are present.,"The objects present in the video clip are an open book, a spiral notebook with a yellow highlighter, and a blue pen.",Scene Summary,no,2,"{""correct"": ""no"", ""score"": 2}"
541,cbfeb6c8-ec1f-4884-bcbf-14d7764c4a36,Can you describe the action the person is performing?,The person is flipping through pages and writing.,"The person is meticulously writing on a spiral-bound notebook, making precise notes and calculations.",Action Caption,no,2,"{
  ""correct"": ""no"",
  ""score"": 2
}"
542,cbfeb6c8-ec1f-4884-bcbf-14d7764c4a36,Does the video show the person closing the book?,No.,"No, the video does not show the person closing the book; it only shows them holding and writing on the open book.",Whether Something Happened(Y/N),yes,5,"{
  ""correct"": ""yes"",
  ""score"": 5
}"
543,cbfeb6c8-ec1f-4884-bcbf-14d7764c4a36,Is the person using a pencil to write?,No.,Yes.,Whether Something Happened(Y/N),no,0,"{""correct"": ""no"", ""score"": 0}"
544,cbfeb6c8-ec1f-4884-bcbf-14d7764c4a36,Does the video capture the person turning off the light?,No.,"Yes, the video captures the person turning off the light.",Whether Something Happened(Y/N),no,0,"{""correct"": ""no"", ""score"": 0}"
545,cbfeb6c8-ec1f-4884-bcbf-14d7764c4a36,Does the video show the person taking notes from another text?,No.,"Yes, the video shows the person taking notes from another text.",Whether Something Happened(Y/N),no,0,"{
  ""correct"": ""no"",
  ""score"": 0
}"
546,cbfeb6c8-ec1f-4884-bcbf-14d7764c4a36,"In the video, is the book closed before writing begins?",Yes,Yes.,Order Judging(Y/N),yes,5,"{""correct"": ""yes"", ""score"": 5}"
547,cbfeb6c8-ec1f-4884-bcbf-14d7764c4a36,Does turning the page happen after writing with the pen?,Yes,"Yes, turning the page happens after writing with the pen.",Order Judging(Y/N),yes,5,"{
  ""correct"": ""yes"",
  ""score"": 5
}"
548,cbfeb6c8-ec1f-4884-bcbf-14d7764c4a36,"In the video, is the pen picked up before the book is opened?",No,Yes.,Order Judging(Y/N),no,0,"{""correct"": ""no"", ""score"": 0}"
549,cbfeb6c8-ec1f-4884-bcbf-14d7764c4a36,Does the writing occur before sitting down in the chair?,No,"Yes, the writing occurs before sitting down in the chair.",Order Judging(Y/N),no,0,"{""correct"": ""no"", ""score"": 0}"
550,cbfeb6c8-ec1f-4884-bcbf-14d7764c4a36,"In the video sequence, what occurs before the person starts writing?",The book is opened,"Before the person starts writing, they are seen holding a notebook and a pen.",What event order,no,1,"{
  ""correct"": ""no"",
  ""score"": 1
}"
551,cbfeb6c8-ec1f-4884-bcbf-14d7764c4a36,What action takes place before the book is closed?,The person stops writing,"Before the book is closed, a blue pen is used to mark or underline certain sections of the page.",What event order,no,1,"{
  ""correct"": ""no"",
  ""score"": 1
}"
552,cbfeb6c8-ec1f-4884-bcbf-14d7764c4a36,"In the video, is the book closed after the writing is done?",Yes,Yes.,Order Judging(Y/N),yes,5,"{
  ""correct"": ""yes"",
  ""score"": 5
}"
553,cbfeb6c8-ec1f-4884-bcbf-14d7764c4a36,"In the video, is there writing on the book's cover before the person writes inside?",Yes,"Yes, there is writing on the book's cover before the person writes inside.",Order Judging(Y/N),yes,5,"{
  ""correct"": ""yes"",
  ""score"": 5
}"
554,cbfeb6c8-ec1f-4884-bcbf-14d7764c4a36,What is done before the pen cap is removed?,The person prepares to write,"Before the pen cap is removed, the person points to a specific section of the page with their index finger.",What event order,no,1,"{
""correct"": ""no"",
""score"": 1
}"
555,cbfeb6c8-ec1f-4884-bcbf-14d7764c4a36,What activity is displayed in the provided image?,Writing in a book.,The image shows a person engaged in writing or taking notes on a spiral notebook.,Scene Summary,yes,5,"{
  ""correct"": ""yes"",
  ""score"": 5
}"
556,cbfeb6c8-ec1f-4884-bcbf-14d7764c4a36,Describe the setting where the depicted activity takes place.,In a room.,"The activity takes place in a well-lit room with natural light streaming, likely during the daytime. The person is seated at a wooden desk, surrounded by two open notebooks filled with handwritten notes and diagrams.",Scene Summary,yes,4,"{
  ""correct"": ""yes"",
  ""score"": 4
}"
557,cbfeb6c8-ec1f-4884-bcbf-14d7764c4a36,What object is being used in conjunction with the book?,A pen.,A blue pen is being used in conjunction with the book.,Scene Summary,yes,5,"{
  ""correct"": ""yes"",
  ""score"": 5
}"
558,cbfeb6c8-ec1f-4884-bcbf-14d7764c4a36,How is the person holding the pen in the frame?,With their right hand.,"The person is holding the pen with their right hand, pointing it towards the notebook.",Action Caption,yes,5,"{
  ""correct"": ""yes"",
  ""score"": 5
}"
559,cbfeb6c8-ec1f-4884-bcbf-14d7764c4a36,What part of the room is visible in the clip?,"Only the table area, specifics of the room are not visible.","The room is visible in the clip, with a wooden floor and some items on the table.",Action Caption,no,1,"{
  ""correct"": ""no"",
  ""score"": 1
}"
560,cbfeb6c8-ec1f-4884-bcbf-14d7764c4a36,Is the person writing with their left hand?,No.,Yes.,Whether Something Happened(Y/N),no,0,"{""correct"": ""no"", ""score"": 0}"
561,cbfeb6c8-ec1f-4884-bcbf-14d7764c4a36,Is the person writing on the last page of the book?,"No, there are more pages visible.",Yes.,Whether Something Happened(Y/N),no,0,"{""correct"": ""no"", ""score"": 0}"
562,cbfeb6c8-ec1f-4884-bcbf-14d7764c4a36,Can we assume the writer is in a public space?,"No, it appears to be a private space.","No, the setting is not a public space; it appears to be an indoor environment focused on studying or writing.",Whether Something Happened(Y/N),yes,5,"{
  ""correct"": ""yes"",
  ""score"": 5
}"
563,cbfeb6c8-ec1f-4884-bcbf-14d7764c4a36,"In the video, does turning the page happen before writing begins?",No,"No, turning the page happens after writing begins.",Order Judging(Y/N),yes,5,"{
  ""correct"": ""yes"",
  ""score"": 5
}"
564,cbfeb6c8-ec1f-4884-bcbf-14d7764c4a36,Is the book opened after the pen is held in the hand?,Yes,Yes.,Order Judging(Y/N),yes,5,"{""correct"": ""yes"", ""score"": 5}"
565,cbfeb6c8-ec1f-4884-bcbf-14d7764c4a36,"In the video, does writing in the book happen before closing the book?",Yes,"Yes, writing in the book happens before closing the book.",Order Judging(Y/N),yes,5,"{
  ""correct"": ""yes"",
  ""score"": 5
}"
566,cbfeb6c8-ec1f-4884-bcbf-14d7764c4a36,"In the video sequence, what do we see occurring just before turning the page?",Writing on the previous page,"Just before turning the page, we see a hand holding a pen and pointing towards the right side of the page.",What event order,no,1,"{
  ""correct"": ""no"",
  ""score"": 1
}"
567,cbfeb6c8-ec1f-4884-bcbf-14d7764c4a36,What action takes place immediately before the pen touches the paper?,Holding the pen above the book,"A hand holding a pen appears, poised to write on the paper.",What event order,yes,5,"{
  ""correct"": ""yes"",
  ""score"": 5
}"
568,cbfeb6c8-ec1f-4884-bcbf-14d7764c4a36,"In the video, what happens right before the book is opened?",Sitting down,"The person is seen holding a pen and writing on the book, indicating they are actively engaged in reading or studying.",What event order,no,0,"{
  ""correct"": ""no"",
  ""score"": 0
}"
569,cbfeb6c8-ec1f-4884-bcbf-14d7764c4a36,Did I write in the book before turning the page?,Yes,"Yes, the person wrote in the book before turning the page.",Order Judging(Y/N),yes,5,"{
  ""correct"": ""yes"",
  ""score"": 5
}"
570,cbfeb6c8-ec1f-4884-bcbf-14d7764c4a36,Is the book already opened before I start writing?,Yes,"Yes, the book is already opened before I start writing.",Order Judging(Y/N),yes,5,"{
  ""correct"": ""yes"",
  ""score"": 5
}"
571,cbfeb6c8-ec1f-4884-bcbf-14d7764c4a36,Did I place my left hand on the page before writing with the pen?,Yes,"Yes, the person placed their left hand on the page before writing with the pen.",Order Judging(Y/N),yes,5,"{
  ""correct"": ""yes"",
  ""score"": 5
}"
572,cbfeb6c8-ec1f-4884-bcbf-14d7764c4a36,What happens before I use the pen to write?,Opening the book,"Before writing, the person picks up a pen and begins to write in the spiral notebook.",What event order,no,1,"{
  ""correct"": ""no"",
  ""score"": 1
}"
573,cbfeb6c8-ec1f-4884-bcbf-14d7764c4a36,"Before closing the book, what action is performed?",Turning the page,"Before closing the book, the person points to a specific page and then closes it.",What event order,no,1,"{
  ""correct"": ""no"",
  ""score"": 1
}"
574,cbfeb6c8-ec1f-4884-bcbf-14d7764c4a36,What is the setting of this video clip?,"The setting is indoors, at a desk.","The setting of the video clip is a study or work environment, as indicated by the presence of multiple open notebooks and books on the table.",Scene Summary,yes,4,"{
  ""correct"": ""yes"",
  ""score"": 4
}"
575,cbfeb6c8-ec1f-4884-bcbf-14d7764c4a36,What objects are present in this scene?,"A book, a pen, and a desk.","The objects present in this scene include a spiral-bound notebook, an open book with handwritten notes and diagrams, and a blue pen.",Scene Summary,no,2,"{""correct"": ""no"", ""score"": 2}"
576,cbfeb6c8-ec1f-4884-bcbf-14d7764c4a36,Is the person writing with their right hand?,Yes.,Yes.,Whether Something Happened(Y/N),yes,5,"{
  ""correct"": ""yes"",
  ""score"": 5
}"
577,cbfeb6c8-ec1f-4884-bcbf-14d7764c4a36,Is the notebook placed on the person's lap?,No.,Yes.,Whether Something Happened(Y/N),no,0,"{""correct"": ""no"", ""score"": 0}"
578,cbfeb6c8-ec1f-4884-bcbf-14d7764c4a36,Does this video show any electronic devices being used?,No.,"No, the video does not show any electronic devices being used.",Whether Something Happened(Y/N),yes,5,"{
  ""correct"": ""yes"",
  ""score"": 5
}"
579,cbfeb6c8-ec1f-4884-bcbf-14d7764c4a36,Is the person seated while writing in the book?,Yes.,Yes.,Whether Something Happened(Y/N),yes,5,"{
  ""correct"": ""yes"",
  ""score"": 5
}"
580,cbfeb6c8-ec1f-4884-bcbf-14d7764c4a36,Do I sit down before beginning to write?,Yes,"Yes, the person sits down before beginning to write.",Order Judging(Y/N),yes,5,"{
  ""correct"": ""yes"",
  ""score"": 5
}"
581,cbfeb6c8-ec1f-4884-bcbf-14d7764c4a36,What happens before the book is opened?,I sit down at the desk.,"Before the book is opened, the person's hands are resting on a closed notebook.",What event order,no,1,"{
  ""correct"": ""no"",
  ""score"": 1
}"
582,cbfeb6c8-ec1f-4884-bcbf-14d7764c4a36,Did I close the book before starting to write?,No,"Yes, the person closed the book before starting to write.",Order Judging(Y/N),no,0,"{""correct"": ""no"", ""score"": 0}"
583,cbfeb6c8-ec1f-4884-bcbf-14d7764c4a36,Was I seated while writing in the book?,Yes,"Yes, the person was seated while writing in the book.",Order Judging(Y/N),yes,5,"{
  ""correct"": ""yes"",
  ""score"": 5
}"
584,cbfeb6c8-ec1f-4884-bcbf-14d7764c4a36,Did I turn the page after finishing writing?,No,"Yes, after finishing writing, I turned the page to continue with the next section.",Order Judging(Y/N),no,0,"{
  ""correct"": ""no"",
  ""score"": 0
}"
585,cbfeb6c8-ec1f-4884-bcbf-14d7764c4a36,Was the pen put down before closing the book?,No,"Yes, the pen was put down before closing the book.",Order Judging(Y/N),no,0,"{""correct"": ""no"", ""score"": 0}"
586,cbfeb6c8-ec1f-4884-bcbf-14d7764c4a36,Did I write on the left page before the right one?,No,"Yes, the left page was written before the right one.",Order Judging(Y/N),no,0,"{""correct"": ""no"", ""score"": 0}"
587,cbfeb6c8-ec1f-4884-bcbf-14d7764c4a36,What is the setting of the scene in this video clip?,"The setting is indoors, with a person writing in a notebook.","The setting of the scene is a wooden desk with open notebooks and books, indicating an academic or study environment.",Scene Summary,yes,4,"{
  ""correct"": ""yes"",
  ""score"": 4
}"
588,cbfeb6c8-ec1f-4884-bcbf-14d7764c4a36,What activity is being performed in the scene?,Writing on a notebook with a pen.,The activity being performed in the scene is studying or working on a document.,Scene Summary,no,2,"{
  ""correct"": ""no"",
  ""score"": 2
}"
589,cbfeb6c8-ec1f-4884-bcbf-14d7764c4a36,What can we deduce about the person's task in the video?,The person is engaged in a writing activity.,"The person appears to be engaged in a detailed and focused task, possibly related to academic or professional work.",Action Caption,no,1,"{
  ""correct"": ""no"",
  ""score"": 1
}"
590,cbfeb6c8-ec1f-4884-bcbf-14d7764c4a36,Describe the motion taking place in these frames?,The movement of the hand while writing.,"The motion in the frames is a person's hand moving from one notebook to another, with their fingers pressing down on the pages and writing.",Action Caption,no,2,"{
  ""correct"": ""no"",
  ""score"": 2
}"
591,cbfeb6c8-ec1f-4884-bcbf-14d7764c4a36,Does the person stop writing at any point in the video?,No.,"No, the person continues writing at various points throughout the video.",Whether Something Happened(Y/N),yes,5,"{
  ""correct"": ""yes"",
  ""score"": 5
}"
592,cbfeb6c8-ec1f-4884-bcbf-14d7764c4a36,Is there any use of electronic devices in these frames?,No.,"No, there are no electronic devices visible in the frames.",Whether Something Happened(Y/N),yes,5,"{
  ""correct"": ""yes"",
  ""score"": 5
}"
593,cbfeb6c8-ec1f-4884-bcbf-14d7764c4a36,"In the video sequence, what do we see happening before writing with the pen?",Sitting at the desk,"Before writing with the pen, we see a person sitting at a wooden desk, wearing a green and yellow patterned top. The desk is cluttered with open notebooks containing handwritten notes and diagrams, indicating an active study session or research activity.",What event order,yes,5,"{
  ""correct"": ""yes"",
  ""score"": 5
}"
594,cbfeb6c8-ec1f-4884-bcbf-14d7764c4a36,What occurs just before opening the notebook in the video?,Sitting at the desk,"Just before opening the notebook, a hand points to the page with the word 'BROOKS' written on it.",What event order,no,0,"{
  ""correct"": ""no"",
  ""score"": 0
}"
595,cbfeb6c8-ec1f-4884-bcbf-14d7764c4a36,"In the video, does using the pen happen after sitting at the desk?",Yes,"Yes, the pen is used to write on the notebook after sitting at the desk.",Order Judging(Y/N),yes,5,"{
  ""correct"": ""yes"",
  ""score"": 5
}"
596,cbfeb6c8-ec1f-4884-bcbf-14d7764c4a36,What action precedes putting down the pen on the desk?,Writing in the book,The action that precedes putting down the pen on the desk is writing in a notebook.,What event order,yes,5,"{
  ""correct"": ""yes"",
  ""score"": 5
}"
597,cbfeb6c8-ec1f-4884-bcbf-14d7764c4a36,What is done just before the writing starts in the video?,Picking up the pen,"Just before the writing starts, a person points to the notebook with their right hand.",What event order,no,1,"{
  ""correct"": ""no"",
  ""score"": 1
}"
598,cbfeb6c8-ec1f-4884-bcbf-14d7764c4a36,Which action is depicted in this frame?,Writing in a book with a pen.,The action depicted in this frame is the person writing on a spiral notebook.,Scene Summary,yes,5,"{
  ""correct"": ""yes"",
  ""score"": 5
}"
599,cbfeb6c8-ec1f-4884-bcbf-14d7764c4a36,Describe the surroundings visible in this frame.,"Indoors, likely a desk or table.","The surroundings include a wooden desk with two open notebooks, one labeled 'BROOKS' and the other partially visible. The background is softly lit, suggesting an indoor setting.",Scene Summary,yes,4,"{
  ""correct"": ""yes"",
  ""score"": 4
}"
600,cbfeb6c8-ec1f-4884-bcbf-14d7764c4a36,Can you specify the object being used by the person?,A pen.,The person is using a blue pen to write on the spiral notebook.,Action Caption,yes,5,"{
  ""correct"": ""yes"",
  ""score"": 5
}"
601,cbfeb6c8-ec1f-4884-bcbf-14d7764c4a36,Did the interaction occur in an outdoor location?,No.,"No, the interaction occurred indoors.",Whether Something Happened(Y/N),yes,5,"{
  ""correct"": ""yes"",
  ""score"": 5
}"
602,cbfeb6c8-ec1f-4884-bcbf-14d7764c4a36,Is the person predominantly engaged in a physical activity?,No.,"No, the person is not engaged in any physical activity; they are focused on writing and reading.",Whether Something Happened(Y/N),yes,5,"{
  ""correct"": ""yes"",
  ""score"": 5
}"
603,cbfeb6c8-ec1f-4884-bcbf-14d7764c4a36,"In the video, does writing in the notebook occur before conversing with a woman?",Yes.,"Yes, writing in the notebook occurs before conversing with a woman.",Order Judging(Y/N),yes,5,"{
  ""correct"": ""yes"",
  ""score"": 5
}"
604,cbfeb6c8-ec1f-4884-bcbf-14d7764c4a36,"In the video, does the conversation with a woman happen before being in an apartment?",No.,"Yes, the conversation with a woman happens before being in an apartment.",Order Judging(Y/N),no,0,"{""correct"": ""no"", ""score"": 0}"
605,cbfeb6c8-ec1f-4884-bcbf-14d7764c4a36,Is the pen used before entering the apartment as shown in the clip?,No.,"Yes, the pen is used before entering the apartment in the clip.",Order Judging(Y/N),no,0,"{""correct"": ""no"", ""score"": 0}"
606,cbfeb6c8-ec1f-4884-bcbf-14d7764c4a36,"In the video sequence, what do we see happening before conversing with woman X?",Being in an apartment.,"Before conversing with woman X, we see a book titled 'BROOKS' open on the desk.",What event order,no,0,"{
  ""correct"": ""no"",
  ""score"": 0
}"
607,cbfeb6c8-ec1f-4884-bcbf-14d7764c4a36,What happens right before using a pen on the book?,Being indoors.,"The person points to the book, indicating they are about to write something.",What event order,no,1,"{
  ""correct"": ""no"",
  ""score"": 1
}"
608,cbfeb6c8-ec1f-4884-bcbf-14d7764c4a36,"In the video, what occurs directly before the pen is picked up?",Being indoors.,"The person is seen writing on a spiral notebook, which has the word 'BROOKS' written at the top.",What event order,no,0,"{
  ""correct"": ""no"",
  ""score"": 0
}"
609,cbfeb6c8-ec1f-4884-bcbf-14d7764c4a36,What happens before the conversation with woman X in the video?,Writing on a book,"Before the conversation with woman X, a book titled 'BROOKS' is opened on the table.",What event order,no,1,"{
  ""correct"": ""no"",
  ""score"": 1
}"
610,6baa36c1-e4d0-4dbd-97b2-dff48ecf796e,What environments surround the individual scrapping the wall?,An outdoor setting with a ladder near a wooden fence.,"The individual is surrounded by a residential environment, including a house with a window and a tree-lined street.",Scene Summary,no,1,"{
  ""correct"": ""no"",
  ""score"": 1
}"
611,6baa36c1-e4d0-4dbd-97b2-dff48ecf796e,What tool is utilized for scrapping in the scene?,A scraper is used.,A metal scraper is utilized for scrapping in the scene.,Scene Summary,yes,5,"{
  ""correct"": ""yes"",
  ""score"": 5
}"
612,6baa36c1-e4d0-4dbd-97b2-dff48ecf796e,Is the individual standing on the ground or elevated while scrapping?,The individual is elevated on a ladder.,The individual is standing on the ground while scrapping.,Scene Summary,no,0,"{
  ""correct"": ""no"",
  ""score"": 0
}"
613,6baa36c1-e4d0-4dbd-97b2-dff48ecf796e,What is the purpose of using a ladder in this scenario?,To reach higher areas of the wall for scrapping.,"The purpose of using a ladder is to reach higher areas and access the window frame, which may be damaged or need repair.",Scene Summary,no,2,"{
  ""correct"": ""no"",
  ""score"": 2
}"
614,6baa36c1-e4d0-4dbd-97b2-dff48ecf796e,How does the individual prepare to scrape the wall?,The individual prepares by stretching out a ladder.,The individual prepares to scrape the wall by holding a scraper and using it to remove small pieces of plaster or paint.,Action Caption,no,1,"{
  ""correct"": ""no"",
  ""score"": 1
}"
615,6baa36c1-e4d0-4dbd-97b2-dff48ecf796e,Does the video show a person using a ladder?,Yes.,Yes.,Whether Something Happened(Y/N),yes,5,"{
  ""correct"": ""yes"",
  ""score"": 5
}"
616,6baa36c1-e4d0-4dbd-97b2-dff48ecf796e,Is the wall being scraped in the video?,Yes.,Yes.,Whether Something Happened(Y/N),yes,5,"{
  ""correct"": ""yes"",
  ""score"": 5
}"
617,6baa36c1-e4d0-4dbd-97b2-dff48ecf796e,Does the scene involve stretching a ladder before scrapping?,Yes.,Yes,Whether Something Happened(Y/N),yes,5,"{""correct"": ""yes"", ""score"": 5}"
618,6baa36c1-e4d0-4dbd-97b2-dff48ecf796e,Does the individual scrap the wall without any tools?,No.,"No, the individual scrapes the wall with a tool.",Whether Something Happened(Y/N),yes,5,"{
  ""correct"": ""yes"",
  ""score"": 5
}"
619,6baa36c1-e4d0-4dbd-97b2-dff48ecf796e,What location is depicted in this video clip?,The video clip depicts an outdoor scene with a wall.,The location depicted in the video clip is a residential area with trees and houses visible through the window.,Scene Summary,no,1,"{
  ""correct"": ""no"",
  ""score"": 1
}"
620,6baa36c1-e4d0-4dbd-97b2-dff48ecf796e,How does the environment appear in the video clip?,The environment appears to be a porch or exterior of a building.,The environment appears to be a residential area with trees and houses visible in the background.,Scene Summary,no,2,"{
  ""correct"": ""no"",
  ""score"": 2
}"
621,6baa36c1-e4d0-4dbd-97b2-dff48ecf796e,What structure can be observed in this video clip?,A wall with white paint is observed in this video clip.,The video clip shows a window with a white frame and peeling paint.,Scene Summary,no,1,"{
  ""correct"": ""no"",
  ""score"": 1
}"
622,6baa36c1-e4d0-4dbd-97b2-dff48ecf796e,How is the exterior space utilized in the video action?,The exterior space provides a background for removal of an object.,"The exterior space is utilized by a person standing outside the window, observing and possibly discussing or assisting with the work.",Action Caption,no,1,"{
  ""correct"": ""no"",
  ""score"": 1
}"
623,6baa36c1-e4d0-4dbd-97b2-dff48ecf796e,Is the object completely removed from the wall in the video?,Yes,"No, the object is partially removed from the wall.",Whether Something Happened(Y/N),no,0,"{""correct"": ""no"", ""score"": 0}"
624,6baa36c1-e4d0-4dbd-97b2-dff48ecf796e,Does the video clip show a wall being painted?,No,Yes.,Whether Something Happened(Y/N),no,0,"{""correct"": ""no"", ""score"": 0}"
625,6baa36c1-e4d0-4dbd-97b2-dff48ecf796e,"In the video, is the wall outdoors?",Yes,Yes.,Whether Something Happened(Y/N),yes,5,"{
  ""correct"": ""yes"",
  ""score"": 5
}"
626,6baa36c1-e4d0-4dbd-97b2-dff48ecf796e,"In the video, is the ladder stretched before scraping the wall?",Yes,Yes,Order Judging(Y/N),yes,5,"{""correct"": ""yes"", ""score"": 5}"
627,6baa36c1-e4d0-4dbd-97b2-dff48ecf796e,What happens just before the wall is scraped in the video?,The ladder is stretched,"Just before the wall is scraped, a person wearing a blue sleeve and a wristwatch is seen holding a tool near the wall.",What event order,no,1,"{
  ""correct"": ""no"",
  ""score"": 1
}"
628,6baa36c1-e4d0-4dbd-97b2-dff48ecf796e,What exterior work is being performed?,Scraping a wall and smoothing a surface.,"Yes, the video shows a person working on an exterior wall with a paint roller and a hammer.",Scene Summary,no,1,"{
  ""correct"": ""no"",
  ""score"": 1
}"
629,6baa36c1-e4d0-4dbd-97b2-dff48ecf796e,Where is the activity taking place?,Outside a house.,The activity is taking place in a garage/INFO,Scene Summary,no,1,"{""correct"": ""no"", ""score"": 1}"
630,6baa36c1-e4d0-4dbd-97b2-dff48ecf796e,Which tools are being used for the exterior tasks?,A scraper and a planer.,A red-handled sander and a black-handled hammer are being used for the exterior tasks.,Scene Summary,no,0,"{""correct"": ""no"", ""score"": 0}"
631,6baa36c1-e4d0-4dbd-97b2-dff48ecf796e,Can you describe the sequence of work shown?,"Scraping first, then planing.","The sequence of work begins with the person using a hammer to smooth out the paint on the window frame, followed by applying a red and yellow tool to the wall near the window.",Action Caption,no,0,"{
  ""correct"": ""no"",
  ""score"": 0
}"
632,6baa36c1-e4d0-4dbd-97b2-dff48ecf796e,Does the video show painting work being done?,No.,Yes,Whether Something Happened(Y/N),no,0,"{""correct"": ""no"", ""score"": 0}"
633,6baa36c1-e4d0-4dbd-97b2-dff48ecf796e,Is there any smoothing of surfaces portrayed?,Yes.,"Yes, there is a close-up view of the window frame and its surrounding area.",Whether Something Happened(Y/N),no,1,"{
  ""correct"": ""no"",
  ""score"": 1
}"
634,6baa36c1-e4d0-4dbd-97b2-dff48ecf796e,Does the scene capture window installation?,No.,Yes,Whether Something Happened(Y/N),no,0,"{""correct"": ""no"", ""score"": 0}"
635,6baa36c1-e4d0-4dbd-97b2-dff48ecf796e,Does the clip depict interior renovation?,No.,Yes,Whether Something Happened(Y/N),no,0,"{""correct"": ""no"", ""score"": 0}"
636,6baa36c1-e4d0-4dbd-97b2-dff48ecf796e,Does smoothing the surface occur before scraping the wall?,No,"Yes, the person continues to smooth out the surface of the wall using a red and yellow scraper tool.",Order Judging(Y/N),no,0,"{
  ""correct"": ""no"",
  ""score"": 0
}"
637,6baa36c1-e4d0-4dbd-97b2-dff48ecf796e,Is the removal of plaster seen before the scraping action?,Yes,"Yes, the removal of plaster is seen before the scraping action.",Order Judging(Y/N),yes,5,"{
  ""correct"": ""yes"",
  ""score"": 5
}"
638,6baa36c1-e4d0-4dbd-97b2-dff48ecf796e,Does the planer touch the surface after the wall is scrapped?,Yes,"Yes, the planer touches the surface after the wall is scrapped.",Order Judging(Y/N),yes,5,"{
  ""correct"": ""yes"",
  ""score"": 5
}"
639,6baa36c1-e4d0-4dbd-97b2-dff48ecf796e,"In the video, is the ladder stretched before scraping the wall?",Yes,"Yes, the ladder is stretched before scraping the wall.",Order Judging(Y/N),yes,5,"{""correct"": ""yes"", ""score"": 5}"
640,6baa36c1-e4d0-4dbd-97b2-dff48ecf796e,Does the smoothing of the surface occur after scraping the wall?,Yes,"Yes, the person continues to smooth out the surface of the wall using a red and yellow tool.",Order Judging(Y/N),yes,5,"{
  ""correct"": ""yes"",
  ""score"": 5
}"
641,6baa36c1-e4d0-4dbd-97b2-dff48ecf796e,Is something removed from the wall before stretching the ladder?,No,"Yes, a piece of wood is removed from the wall before stretching the ladder.",Order Judging(Y/N),no,0,"{""correct"": ""no"", ""score"": 0}"
642,6baa36c1-e4d0-4dbd-97b2-dff48ecf796e,"In the clip, is the ladder stretched after smoothing the surface?",No,Yes,Order Judging(Y/N),no,0,"{""correct"": ""no"", ""score"": 0}"
643,6baa36c1-e4d0-4dbd-97b2-dff48ecf796e,What can be seen happening before smoothing the surface?,Scraping the wall,"Before smoothing the surface, a person is seen holding a red and black tool with a yellow handle.",What event order,no,1,"{
  ""correct"": ""no"",
  ""score"": 1
}"
644,6baa36c1-e4d0-4dbd-97b2-dff48ecf796e,"In the video, what happens before stretching the ladder?","Nothing, it is the first action","Before stretching the ladder, the person is seen standing on a wooden floor.",What event order,no,1,"{
  ""correct"": ""no"",
  ""score"": 1
}"
645,6baa36c1-e4d0-4dbd-97b2-dff48ecf796e,What is the setting of the video clip?,Outside a house.,The setting of the video clip is a garage or workshop with a focus on a window frame.,Scene Summary,no,1,"{
  ""correct"": ""no"",
  ""score"": 1
}"
646,6baa36c1-e4d0-4dbd-97b2-dff48ecf796e,What task is being performed in the video clip?,Smoothing and scraping a surface.,The task performed in the video clip is to remove a white plastic sheet from a window.,Scene Summary,no,0,"{
  ""correct"": ""no"",
  ""score"": 0
}"
647,6baa36c1-e4d0-4dbd-97b2-dff48ecf796e,What tools are being used in the video clip?,A planer and a scraper.,The tools being used in the video clip include a hammer and a screwdriver.,Scene Summary,no,0,"{""correct"": ""no"", ""score"": 0}"
648,6baa36c1-e4d0-4dbd-97b2-dff48ecf796e,What is the condition of the surface being worked on?,It is a rough surface.,"The surface being worked on appears to be weathered and peeling, with visible patches of paint or plaster.",Scene Summary,no,1,"{
  ""correct"": ""no"",
  ""score"": 1
}"
649,6baa36c1-e4d0-4dbd-97b2-dff48ecf796e,What is the first action taken on the surface in the clip?,Smoothing it with a planer.,"The first action taken is the application of a white substance, likely glue or adhesive, onto the surface.",Action Caption,no,0,"{
  ""correct"": ""no"",
  ""score"": 0
}"
650,6baa36c1-e4d0-4dbd-97b2-dff48ecf796e,What is the progression of work on the surface in the clip?,From smoothing to scraping.,"The progression of work on the surface includes scraping off old paint, removing peeling material, and smoothing out any remaining debris.",Action Caption,no,1,"{
  ""correct"": ""no"",
  ""score"": 1
}"
651,6baa36c1-e4d0-4dbd-97b2-dff48ecf796e,How is the condition of the surface changing in the clip?,Becoming smoother and cleaner.,"The surface is becoming more deteriorated and worn, with peeling paint and exposed wood.",Action Caption,no,0,"{
  ""correct"": ""no"",
  ""score"": 0
}"
652,6baa36c1-e4d0-4dbd-97b2-dff48ecf796e,Does the person use a planer on the surface?,Yes.,Yes.,Whether Something Happened(Y/N),yes,5,"{
  ""correct"": ""yes"",
  ""score"": 5
}"
653,6baa36c1-e4d0-4dbd-97b2-dff48ecf796e,Is there an action of scraping visible in the new frames?,Yes.,Yes.,Whether Something Happened(Y/N),yes,5,"{""correct"": ""yes"", ""score"": 5}"
654,6baa36c1-e4d0-4dbd-97b2-dff48ecf796e,Does the clip show the complete smoothing of the surface?,No.,"No, the clip shows a close-up of the person's hands and the tool being used to smooth out the surface.",Whether Something Happened(Y/N),yes,5,"{
  ""correct"": ""yes"",
  ""score"": 5
}"
655,6baa36c1-e4d0-4dbd-97b2-dff48ecf796e,"In the video, is the surface scrapped before it is smoothened with a planer?",No,Yes.,Order Judging(Y/N),no,0,"{""correct"": ""no"", ""score"": 0}"
656,6baa36c1-e4d0-4dbd-97b2-dff48ecf796e,"In the sequence, is the planer used before the scraper?",Yes,"Yes, the planer is used before the scraper.",Order Judging(Y/N),yes,5,"{
  ""correct"": ""yes"",
  ""score"": 5
}"
657,6baa36c1-e4d0-4dbd-97b2-dff48ecf796e,What occurs right before the planer is used on the surface?,"Nothing, it's the first action","A person is seen standing on the left side of the frame, with their feet visible.",What event order,no,0,"{
  ""correct"": ""no"",
  ""score"": 0
}"
658,6baa36c1-e4d0-4dbd-97b2-dff48ecf796e,Did I remove something from the wall before scraping the wall?,Yes,"Yes, the person removed a piece of wood from the wall before scraping it.",Order Judging(Y/N),yes,5,"{
  ""correct"": ""yes"",
  ""score"": 5
}"
659,6baa36c1-e4d0-4dbd-97b2-dff48ecf796e,Is the surface smoothened with a planer before scraping with a scraper?,Yes,Yes.,Order Judging(Y/N),yes,5,"{
  ""correct"": ""yes"",
  ""score"": 5
}"
660,6baa36c1-e4d0-4dbd-97b2-dff48ecf796e,Do I smoothen the surface with a planer before removing something from the wall?,No,"Yes, the person in the video uses a planer to smooth out the surface of the wall before removing something from it.",Order Judging(Y/N),no,0,"{""correct"": ""no"", ""score"": 0}"
661,6baa36c1-e4d0-4dbd-97b2-dff48ecf796e,Is the wall scraped with a scraper before using a planer in one sequence?,No,Yes.,Order Judging(Y/N),no,0,"{""correct"": ""no"", ""score"": 0}"
662,6baa36c1-e4d0-4dbd-97b2-dff48ecf796e,What setting is shown in the video clip?,An outdoor scene with window frame paint removal.,"The setting shown in the video clip is a garage or workshop, as indicated by the presence of tools and materials on the ground.",Scene Summary,no,1,"{
  ""correct"": ""no"",
  ""score"": 1
}"
663,6baa36c1-e4d0-4dbd-97b2-dff48ecf796e,Describe the environment shown in the clip.,"An outside area, likely a building's exterior.","The environment is a residential setting with a window frame that has been partially painted, revealing the wooden interior. The ground around the window is covered in leaves and debris, indicating an outdoor area.",Scene Summary,yes,4,"{
  ""correct"": ""yes"",
  ""score"": 4
}"
664,6baa36c1-e4d0-4dbd-97b2-dff48ecf796e,What tool is being used in the current action?,A paint scraper is being used in the action.,A hammer is being used in the current action.,Action Caption,no,0,"{""correct"": ""no"", ""score"": 0}"
665,6baa36c1-e4d0-4dbd-97b2-dff48ecf796e,How is the paint being removed in this scene?,The paint is being manually scraped off.,"The paint is being removed by scraping it off with a tool, which the person uses to carefully remove the remaining layer of paint.",Action Caption,yes,5,"{
  ""correct"": ""yes"",
  ""score"": 5
}"
666,6baa36c1-e4d0-4dbd-97b2-dff48ecf796e,Does the video show a paint removal process?,Yes.,Yes.,Whether Something Happened(Y/N),yes,5,"{
  ""correct"": ""yes"",
  ""score"": 5
}"
667,6baa36c1-e4d0-4dbd-97b2-dff48ecf796e,Is the person successfully removing paint from a window frame?,Yes.,Yes.,Whether Something Happened(Y/N),yes,5,"{
  ""correct"": ""yes"",
  ""score"": 5
}"
668,6baa36c1-e4d0-4dbd-97b2-dff48ecf796e,Does the scene take place indoors?,No.,No.,Whether Something Happened(Y/N),yes,5,"{
  ""correct"": ""yes"",
  ""score"": 5
}"
669,6baa36c1-e4d0-4dbd-97b2-dff48ecf796e,Is the surface smoothed with a planer before scraping with a scraper?,Yes,Yes.,Order Judging(Y/N),yes,5,"{
  ""correct"": ""yes"",
  ""score"": 5
}"
670,6baa36c1-e4d0-4dbd-97b2-dff48ecf796e,Does the removal of paint on the window frame happen after smoothing a surface?,Yes,"Yes, the removal of paint on the window frame happens after smoothing a surface.",Order Judging(Y/N),yes,5,"{
  ""correct"": ""yes"",
  ""score"": 5
}"
671,6baa36c1-e4d0-4dbd-97b2-dff48ecf796e,Is the paint scraper used before the planer on any surface?,No,"Yes, the paint scraper is used on a surface before the planer.",Order Judging(Y/N),no,0,"{""correct"": ""no"", ""score"": 0}"
672,6baa36c1-e4d0-4dbd-97b2-dff48ecf796e,Is the surface smoothed after removing paint from the window frame?,No,Yes.,Order Judging(Y/N),no,0,"{""correct"": ""no"", ""score"": 0}"
673,6baa36c1-e4d0-4dbd-97b2-dff48ecf796e,What happens just before using the scraper on the surface?,Smoothing the surface with a planer,"Just before using the scraper, the person points at something on the wall or door frame.",What event order,no,0,"{
  ""correct"": ""no"",
  ""score"": 0
}"
674,6baa36c1-e4d0-4dbd-97b2-dff48ecf796e,What is done just prior to smoothing a surface?,"Nothing, it's the first action.","Just prior to smoothing a surface, the person uses a hammer to smooth out the paint on the window frame.",What event order,no,0,"{""correct"": ""no"", ""score"": 0}"
675,6baa36c1-e4d0-4dbd-97b2-dff48ecf796e,What action takes place before using the paint scraper?,Smoothing and scraping a surface,"Before using the paint scraper, the person points to a specific area of the window frame and then uses it to scrape away some paint.",What event order,no,1,"{
  ""correct"": ""no"",
  ""score"": 1
}"
676,6baa36c1-e4d0-4dbd-97b2-dff48ecf796e,What is the first action performed outside the house?,Smoothing a surface with a planer,The first action performed outside the house is a person using a hammer to remove paint from the window frame.,What event order,no,0,"{""correct"": ""no"", ""score"": 0}"
677,6baa36c1-e4d0-4dbd-97b2-dff48ecf796e,Did I scrape the wall before smoothing the surface with a planer?,Yes.,"Yes, the person used a planer to smooth out the surface of the wall before scraping it.",Order Judging(Y/N),no,1,"{
  ""correct"": ""no"",
  ""score"": 1
}"
678,6baa36c1-e4d0-4dbd-97b2-dff48ecf796e,Did I smooth the surface with a planer before removing paint from the window frame?,Yes.,"Yes, the person smoothed the surface with a planer before removing paint from the window frame.",Order Judging(Y/N),yes,5,"{
  ""correct"": ""yes"",
  ""score"": 5
}"
679,6baa36c1-e4d0-4dbd-97b2-dff48ecf796e,What do I do before removing paint from the window frame?,Scrape the wall and smooth a surface.,"Before removing paint from the window frame, I first use a hammer to remove loose paint and then apply a coat of white primer.",What event order,no,1,"{""correct"": ""no"", ""score"": 1}"
680,6baa36c1-e4d0-4dbd-97b2-dff48ecf796e,What is the setting of the video clip?,The setting is outside near a window.,The setting of the video clip is a residential area with a window that has been partially painted.,Scene Summary,no,2,"{
  ""correct"": ""no"",
  ""score"": 2
}"
681,6baa36c1-e4d0-4dbd-97b2-dff48ecf796e,What tool is being used on the window?,A scraper is being used.,A red-handled tool is being used on the window.,Action Caption,no,2,"{
  ""correct"": ""no"",
  ""score"": 2
}"
682,6baa36c1-e4d0-4dbd-97b2-dff48ecf796e,Does the video show paint being scraped off?,Yes.,Yes.,Whether Something Happened(Y/N),yes,5,"{
  ""correct"": ""yes"",
  ""score"": 5
}"
683,6baa36c1-e4d0-4dbd-97b2-dff48ecf796e,Is the window frame being refinished?,Yes.,Yes.,Whether Something Happened(Y/N),yes,5,"{
  ""correct"": ""yes"",
  ""score"": 5
}"
684,6baa36c1-e4d0-4dbd-97b2-dff48ecf796e,Is a tool being used for paint removal?,Yes.,Yes.,Whether Something Happened(Y/N),yes,5,"{
  ""correct"": ""yes"",
  ""score"": 5
}"
685,6baa36c1-e4d0-4dbd-97b2-dff48ecf796e,Is the person working on interior maintenance?,No.,Yes.,Whether Something Happened(Y/N),no,0,"{""correct"": ""no"", ""score"": 0}"
686,6baa36c1-e4d0-4dbd-97b2-dff48ecf796e,Is the window frame being replaced?,No.,Yes.,Whether Something Happened(Y/N),no,0,"{""correct"": ""no"", ""score"": 0}"
687,6baa36c1-e4d0-4dbd-97b2-dff48ecf796e,Is the window opened before the paint is scraped?,Yes,Yes.,Order Judging(Y/N),yes,5,"{
  ""correct"": ""yes"",
  ""score"": 5
}"
688,6baa36c1-e4d0-4dbd-97b2-dff48ecf796e,Does the hand touch the window frame before using the scraper?,Yes,"Yes, the hand touches the window frame before using the scraper.",Order Judging(Y/N),yes,5,"{
  ""correct"": ""yes"",
  ""score"": 5
}"
689,6baa36c1-e4d0-4dbd-97b2-dff48ecf796e,Is the paint on the window frame removed before the hand is visible?,No,Yes.,Order Judging(Y/N),no,0,"{""correct"": ""no"", ""score"": 0}"
690,6baa36c1-e4d0-4dbd-97b2-dff48ecf796e,Does the window frame appear before the scraper is in motion?,Yes,Yes.,Order Judging(Y/N),yes,5,"{
  ""correct"": ""yes"",
  ""score"": 5
}"
691,6baa36c1-e4d0-4dbd-97b2-dff48ecf796e,Is the paint removed from the window frame before using the planer?,No,Yes.,Order Judging(Y/N),no,0,"{""correct"": ""no"", ""score"": 0}"
692,6baa36c1-e4d0-4dbd-97b2-dff48ecf796e,Does the surface smoothing with a planer occur before the scraping?,Yes,"Yes, the surface smoothing with a planer occurs before the scraping.",Order Judging(Y/N),yes,5,"{
  ""correct"": ""yes"",
  ""score"": 5
}"
693,6baa36c1-e4d0-4dbd-97b2-dff48ecf796e,Is the scraping of the surface completed before removing paint on the window frame?,No,Yes.,Order Judging(Y/N),no,0,"{""correct"": ""no"", ""score"": 0}"
694,6baa36c1-e4d0-4dbd-97b2-dff48ecf796e,What occurs just before scraping the surface?,Smoothening with a planer,"A person wearing a dark blue shirt is seen reaching up to the window, possibly to adjust or fix something.",What event order,no,0,"{
  ""correct"": ""no"",
  ""score"": 0
}"
695,6baa36c1-e4d0-4dbd-97b2-dff48ecf796e,What is the main activity taking place outside the house?,Smoothing and scraping surfaces.,"The main activity is the person working on a window, using a hammer and chisel to remove or adjust the paint.",Scene Summary,no,1,"{
  ""correct"": ""no"",
  ""score"": 1
}"
696,6baa36c1-e4d0-4dbd-97b2-dff48ecf796e,Where is the scene set?,Outside a house.,"The scene is set in a garage or workshop with a window that has been partially removed, revealing the interior of the building.",Scene Summary,no,1,"{
  ""correct"": ""no"",
  ""score"": 1
}"
697,6baa36c1-e4d0-4dbd-97b2-dff48ecf796e,What tools are being used in this scene?,A planer and a scraper.,"The tools used in this scene include a hammer, a nail gun, and a hammer.",Scene Summary,no,0,"{""correct"": ""no"", ""score"": 0}"
698,6baa36c1-e4d0-4dbd-97b2-dff48ecf796e,How can you describe the area in which the activity occurs?,It's a woodworking area outside the house.,"The area is a residential setting with a window that has been partially demolished, revealing the interior of the house. The ground around the window is littered with debris and construction materials.",Scene Summary,no,1,"{
  ""correct"": ""no"",
  ""score"": 1
}"
699,6baa36c1-e4d0-4dbd-97b2-dff48ecf796e,What actions are being performed in this video clip?,Smoothing with a planer and scraping with a scraper.,"The video shows a person performing various tasks on a window, including scraping the paint off the window frame and using a hammer to remove debris.",Action Caption,no,1,"{
  ""correct"": ""no"",
  ""score"": 1
}"
700,6baa36c1-e4d0-4dbd-97b2-dff48ecf796e,What is the focus of the activity in these frames?,Wood surface maintenance.,"The focus of the activity is on a window with peeling paint, and the person is using a hammer to remove or adjust the paint.",Action Caption,no,0,"{""correct"": ""no"", ""score"": 0}"
701,6baa36c1-e4d0-4dbd-97b2-dff48ecf796e,What is the sequence of actions performed outside?,"First smoothening, then scraping surfaces.","The sequence of actions includes the person using a hammer to smooth out the paint, applying it in a circular motion around the window frame, and then securing the paint with a nail.",Action Caption,no,0,"{
""correct"": ""no"",
""score"": 0
}"
702,6baa36c1-e4d0-4dbd-97b2-dff48ecf796e,How does the person handle the tools in the video?,With precision and care for the task.,"The person uses the hammer to smooth out the paint, and then uses a screwdriver to adjust the screws on the window frame.",Action Caption,no,0,"{
  ""correct"": ""no"",
  ""score"": 0
}"
703,6baa36c1-e4d0-4dbd-97b2-dff48ecf796e,What are the visible results of the actions in this clip?,Smooth surfaces and wood shavings scattered.,"The visible actions include the person using a hammer to smooth out the paint on the window, applying a coat of white paint over the peeling paint, and adjusting the position of the ladder.",Action Caption,no,0,"{
  ""correct"": ""no"",
  ""score"": 0
}"
704,6baa36c1-e4d0-4dbd-97b2-dff48ecf796e,Does the video show the use of a woodworking planer?,Yes,"Yes, the video shows the use of a woodworking planer to smooth out the surface of the window frame.",Whether Something Happened(Y/N),yes,5,"{
  ""correct"": ""yes"",
  ""score"": 5
}"
705,6baa36c1-e4d0-4dbd-97b2-dff48ecf796e,Is the person scraping a wooden surface?,Yes,Yes.,Whether Something Happened(Y/N),yes,5,"{
  ""correct"": ""yes"",
  ""score"": 5
}"
706,6baa36c1-e4d0-4dbd-97b2-dff48ecf796e,Are the actions performed indoor?,No,"Yes, the actions are performed indoors.",Whether Something Happened(Y/N),no,0,"{""correct"": ""no"", ""score"": 0}"
707,6baa36c1-e4d0-4dbd-97b2-dff48ecf796e,Does the activity involve painting or staining?,No,"Yes, the activity involves painting or staining.",Whether Something Happened(Y/N),no,0,"{""correct"": ""no"", ""score"": 0}"
708,6baa36c1-e4d0-4dbd-97b2-dff48ecf796e,Is the person wearing any safety gear?,No,"No, the person is not wearing any visible safety gear.",Whether Something Happened(Y/N),yes,5,"{
  ""correct"": ""yes"",
  ""score"": 5
}"
709,6baa36c1-e4d0-4dbd-97b2-dff48ecf796e,Was the window frame scraped before it was planed?,No,"Yes, the window frame was scraped before it was planed.",Order Judging(Y/N),no,0,"{""correct"": ""no"", ""score"": 0}"
710,6baa36c1-e4d0-4dbd-97b2-dff48ecf796e,Did the scraping of a surface happen after smoothening it?,Yes,"Yes, the scraping of a surface happened after smoothening it.",Order Judging(Y/N),yes,5,"{
  ""correct"": ""yes"",
  ""score"": 5
}"
711,6baa36c1-e4d0-4dbd-97b2-dff48ecf796e,What happens just before the scraper is used on the window frame?,The surface is smoothened with a planer,"Just before the scraper is used on the window frame, a person wearing a dark-colored sleeve appears and starts to remove the scraper from its holder.",What event order,no,0,"{
  ""correct"": ""no"",
  ""score"": 0
}"
712,6baa36c1-e4d0-4dbd-97b2-dff48ecf796e,What is the action taken just prior to the planer being used in the video?,There is no action shown before the planer is used,The action is the person using a hammer to smooth out the paint on the window frame.,What event order,no,0,"{
  ""correct"": ""no"",
  ""score"": 0
}"
713,6baa36c1-e4d0-4dbd-97b2-dff48ecf796e,Was the surface planed before the scraping of paint on the window frame?,Yes,"Yes, the surface planed was done before the scraping of paint on the window frame.",Order Judging(Y/N),yes,5,"{""correct"": ""yes"", ""score"": 5}"
714,6baa36c1-e4d0-4dbd-97b2-dff48ecf796e,Was the window frame scraped before planing the surface?,No,"Yes, the window frame was scraped before planing the surface.",Order Judging(Y/N),no,0,"{""correct"": ""no"", ""score"": 0}"
715,6baa36c1-e4d0-4dbd-97b2-dff48ecf796e,Was the window frame scraped first before using any tools?,No,"Yes, the window frame was scraped first before using any tools.",Order Judging(Y/N),no,0,"{""correct"": ""no"", ""score"": 0}"
716,6baa36c1-e4d0-4dbd-97b2-dff48ecf796e,What's the brief of the depicted scenario?,A person scrapes a surface outside a house.,"The brief of the depicted scenario is a person working on a window, using a hammer to remove peeling paint and debris.",Scene Summary,no,2,"{
  ""correct"": ""no"",
  ""score"": 2
}"
717,6baa36c1-e4d0-4dbd-97b2-dff48ecf796e,What can be inferred about the location in the video clip?,It's a residential outdoor area by a window.,"The location appears to be a residential area, as indicated by the presence of a window with a decorative pot and some outdoor furniture in the background.",Scene Summary,yes,5,"{
  ""correct"": ""yes"",
  ""score"": 5
}"
718,6baa36c1-e4d0-4dbd-97b2-dff48ecf796e,How would you describe the environment surrounding the action?,It appears to be tranquil and domestic.,"The environment is outdoors, with a grassy area and trees visible in the background.",Scene Summary,no,1,"{
  ""correct"": ""no"",
  ""score"": 1
}"
719,6baa36c1-e4d0-4dbd-97b2-dff48ecf796e,Is the person in the video using a tool for scraping?,Yes.,Yes.,Whether Something Happened(Y/N),yes,5,"{
  ""correct"": ""yes"",
  ""score"": 5
}"
720,6baa36c1-e4d0-4dbd-97b2-dff48ecf796e,Is the scraping happening indoors?,No.,Yes.,Whether Something Happened(Y/N),no,0,"{""correct"": ""no"", ""score"": 0}"
721,6baa36c1-e4d0-4dbd-97b2-dff48ecf796e,Does the footage show the completion of the scraping task?,No.,"Yes, the footage shows the completion of the scraping task as the person points at the window frame and the area around it.",Whether Something Happened(Y/N),no,0,"{
  ""correct"": ""no"",
  ""score"": 0
}"
722,6baa36c1-e4d0-4dbd-97b2-dff48ecf796e,Is the person wearing gloves while scraping?,No.,No.,Whether Something Happened(Y/N),yes,5,"{
  ""correct"": ""yes"",
  ""score"": 5
}"
723,6baa36c1-e4d0-4dbd-97b2-dff48ecf796e,Did I smoothen the surface with a planer before scraping it with a scraper?,Yes,"Yes, the person used a planer to smooth out the surface before scraping it with a scraper.",Order Judging(Y/N),yes,5,"{
  ""correct"": ""yes"",
  ""score"": 5
}"
724,6baa36c1-e4d0-4dbd-97b2-dff48ecf796e,What occurs just before I scrape the surface with the scraper?,Smoothening with a planer,A small object is placed on the window sill.,What event order,no,0,"{
  ""correct"": ""no"",
  ""score"": 0
}"
725,6baa36c1-e4d0-4dbd-97b2-dff48ecf796e,Is the scraping of the window frame after smoothing the surface?,Yes,Yes.,Order Judging(Y/N),yes,5,"{
  ""correct"": ""yes"",
  ""score"": 5
}"
726,6baa36c1-e4d0-4dbd-97b2-dff48ecf796e,What happens just before the window frame is scraped?,The surface is smoothened with a planer,"Just before the window frame is scraped, a person points at something outside the window.",What event order,no,0,"{
  ""correct"": ""no"",
  ""score"": 0
}"
727,6baa36c1-e4d0-4dbd-97b2-dff48ecf796e,What occurs right before the surface is smoothened?,The paint is removed with a scraper,"A person points at the surface, possibly indicating a point of interest or concern.",What event order,no,0,"{
  ""correct"": ""no"",
  ""score"": 0
}"
728,6baa36c1-e4d0-4dbd-97b2-dff48ecf796e,Can you describe the setting in the video?,The setting is outdoor by the side of a house.,"The setting is a residential area with a window that has been partially painted and peeling, indicating wear or damage. The ground around the window is covered in leaves and debris, suggesting an outdoor environment.",Scene Summary,yes,4,"{
  ""correct"": ""yes"",
  ""score"": 4
}"
729,6baa36c1-e4d0-4dbd-97b2-dff48ecf796e,Does the person succeed in scraping off the material?,Yes.,"Yes, the person successfully removes the material from the window frame.",Whether Something Happened(Y/N),yes,5,"{
  ""correct"": ""yes"",
  ""score"": 5
}"
730,6baa36c1-e4d0-4dbd-97b2-dff48ecf796e,Is the scraping being done on an interior wall?,No.,Yes.,Whether Something Happened(Y/N),no,0,"{""correct"": ""no"", ""score"": 0}"
731,6baa36c1-e4d0-4dbd-97b2-dff48ecf796e,Is the person using any tool other than a scraper?,No.,"No, the person is using a scraper to scrape off the paint from the window frame.",Whether Something Happened(Y/N),yes,5,"{
  ""correct"": ""yes"",
  ""score"": 5
}"
732,6baa36c1-e4d0-4dbd-97b2-dff48ecf796e,Does the scrapping of the surface start before walking outside the house?,No,"Yes, the scrapping of the surface starts before walking outside the house.",Order Judging(Y/N),no,0,"{""correct"": ""no"", ""score"": 0}"
733,6baa36c1-e4d0-4dbd-97b2-dff48ecf796e,"In the video, is the scraper used on the lower part of the wall before the upper part?",No,Yes.,Order Judging(Y/N),no,0,"{""correct"": ""no"", ""score"": 0}"
734,6baa36c1-e4d0-4dbd-97b2-dff48ecf796e,Is the paint removal near the window sill done after removing paint near the flower pot?,Yes,Yes.,Order Judging(Y/N),yes,5,"{""correct"": ""yes"", ""score"": 5}"
735,6baa36c1-e4d0-4dbd-97b2-dff48ecf796e,What action occurs just before the paint near the flower pot is scraped off?,Scraping near the window sill,"Just before the paint near the flower pot is scraped off, a person points at something on the wall.",What event order,no,0,"{
  ""correct"": ""no"",
  ""score"": 0
}"
736,6baa36c1-e4d0-4dbd-97b2-dff48ecf796e,Is the planer used before the scraper?,Yes,Yes.,Order Judging(Y/N),yes,5,"{
  ""correct"": ""yes"",
  ""score"": 5
}"
737,6baa36c1-e4d0-4dbd-97b2-dff48ecf796e,Is the scraping done before smoothing the surface?,No,Yes.,Order Judging(Y/N),no,0,"{""correct"": ""no"", ""score"": 0}"
738,6baa36c1-e4d0-4dbd-97b2-dff48ecf796e,Does the planing occur after the scraping?,No,"Yes, the planing continues after the scraping.",Order Judging(Y/N),no,0,"{""correct"": ""no"", ""score"": 0}"
739,6baa36c1-e4d0-4dbd-97b2-dff48ecf796e,What happens before the scraping begins?,Smoothing with a planer,"Before the scraping begins, a person points to a specific area on the wall.",What event order,no,0,"{
  ""correct"": ""no"",
  ""score"": 0
}"
740,6baa36c1-e4d0-4dbd-97b2-dff48ecf796e,What task is being carried out outside the house?,Smoothening a surface with a planer and scraping.,The task being carried out outside the house is painting or repairing a wooden surface.,Scene Summary,no,1,"{
  ""correct"": ""no"",
  ""score"": 1
}"
741,6baa36c1-e4d0-4dbd-97b2-dff48ecf796e,What tools are used in the latest frames for the outdoor task?,A planer and a scraper.,A red-handled tool and a black-handled tool are used in the latest frames for the outdoor task.,Scene Summary,no,1,"{
  ""correct"": ""no"",
  ""score"": 1
}"
742,6baa36c1-e4d0-4dbd-97b2-dff48ecf796e,Describe the surroundings where the task takes place.,"Outside a house, likely a work area with debris.","The task takes place in a residential area with bare trees, a house visible through the window, and a cloudy sky.",Scene Summary,no,2,"{
  ""correct"": ""no"",
  ""score"": 2
}"
743,6baa36c1-e4d0-4dbd-97b2-dff48ecf796e,What process is demonstrated in the recent video footage?,Woodworking involving smoothing and scraping actions.,"The video demonstrates the process of applying a substance to a wooden surface, specifically focusing on the application and removal of paint.",Scene Summary,no,1,"{
  ""correct"": ""no"",
  ""score"": 1
}"
744,6baa36c1-e4d0-4dbd-97b2-dff48ecf796e,What is the likely purpose of the actions shown in the clip?,"Preparing a wooden surface, possibly for painting or finishing.",The likely purpose of the actions shown in the clip is to repair or maintain a damaged window.,Scene Summary,no,0,"{
  ""correct"": ""no"",
  ""score"": 0
}"
745,6baa36c1-e4d0-4dbd-97b2-dff48ecf796e,Describe the sequential actions taken by the individual.,"First, using a planer for smoothing, then a scraper.","The individual begins by applying a substance to the wall, which appears to be a type of paint or primer. They then use a tool to scrape off excess material from the surface. The scene continues with the person continuing to work on the wall, using the same tool and substance to remove more of the previous layer.",Action Caption,no,1,"{
  ""correct"": ""no"",
  ""score"": 1
}"
746,6baa36c1-e4d0-4dbd-97b2-dff48ecf796e,Has the person completed the smoothening task?,Yes.,"Yes, the person has finished smoothing out the paint on the window frame.",Whether Something Happened(Y/N),yes,5,"{
  ""correct"": ""yes"",
  ""score"": 5
}"
747,6baa36c1-e4d0-4dbd-97b2-dff48ecf796e,Does the individual use more than one tool?,Yes.,"Yes, the individual uses a hammer and a brush to apply paint.",Whether Something Happened(Y/N),yes,5,"{
  ""correct"": ""yes"",
  ""score"": 5
}"
748,6baa36c1-e4d0-4dbd-97b2-dff48ecf796e,Is the work performed indoors in the latest frames?,"No, it's outside.",No.,Whether Something Happened(Y/N),yes,5,"{
  ""correct"": ""yes"",
  ""score"": 5
}"
749,6baa36c1-e4d0-4dbd-97b2-dff48ecf796e,Have any painting actions been depicted in the summary?,"No, only smoothening and scraping are shown.","Yes, the person has been using a paint roller to apply and smooth out the white paint on the window frame.",Whether Something Happened(Y/N),no,0,"{
  ""correct"": ""no"",
  ""score"": 0
}"
750,6baa36c1-e4d0-4dbd-97b2-dff48ecf796e,"In the video, is scraping done before smoothing with a planer?",No,"Yes, the person is seen scraping the wall surface with a black and white planer before smoothing it with a red-handled planer.",Order Judging(Y/N),no,0,"{
  ""correct"": ""no"",
  ""score"": 0
}"
751,6baa36c1-e4d0-4dbd-97b2-dff48ecf796e,Is the surface scraped after the house exterior is shown?,Yes,Yes.,Order Judging(Y/N),yes,5,"{
  ""correct"": ""yes"",
  ""score"": 5
}"
752,6baa36c1-e4d0-4dbd-97b2-dff48ecf796e,What is seen happening before any tool is used on the surface?,Outside of the house shown,"Before any tool is used, the surface appears to be a window with paint peeling off.",What event order,no,1,"{
  ""correct"": ""no"",
  ""score"": 1
}"
753,6baa36c1-e4d0-4dbd-97b2-dff48ecf796e,"In the sequence, is the scraper used before the planer?",No,"Yes, the scraper is used before the planer.",Order Judging(Y/N),no,0,"{""correct"": ""no"", ""score"": 0}"
754,6baa36c1-e4d0-4dbd-97b2-dff48ecf796e,Does the scraping happen outdoors?,Yes,Yes.,Order Judging(Y/N),yes,5,"{
  ""correct"": ""yes"",
  ""score"": 5
}"
755,6baa36c1-e4d0-4dbd-97b2-dff48ecf796e,Is the surface scraped after it is smoothened?,Yes,Yes.,Order Judging(Y/N),yes,5,"{
  ""correct"": ""yes"",
  ""score"": 5
}"
756,6baa36c1-e4d0-4dbd-97b2-dff48ecf796e,Is the scraping performed before standing up?,No,Yes.,Order Judging(Y/N),no,0,"{""correct"": ""no"", ""score"": 0}"
757,6baa36c1-e4d0-4dbd-97b2-dff48ecf796e,What is done before using the scraper in the video?,Smoothening the surface with a planer,"Before using the scraper, the person is seen holding a red-handled tool and pointing at something on the wall.",What event order,no,0,"{
  ""correct"": ""no"",
  ""score"": 0
}"
758,6baa36c1-e4d0-4dbd-97b2-dff48ecf796e,What happens just before the second scraping action?,The first scraping action,"Just before the second scraping action, the person is seen holding a red-handled tool and pointing at something on the wall.",What event order,no,0,"{
  ""correct"": ""no"",
  ""score"": 0
}"
759,6baa36c1-e4d0-4dbd-97b2-dff48ecf796e,What occurs just before the surface is smoothened?,Going outside the house,"A small object, possibly a piece of debris or a tool, is placed on the surface.",What event order,no,0,"{
  ""correct"": ""no"",
  ""score"": 0
}"
760,6baa36c1-e4d0-4dbd-97b2-dff48ecf796e,What is the setting of the video clip?,"The setting is outdoors, with a person removing unwanted cover.",The setting of the video clip is a residential area with a house and trees visible in the background.,Scene Summary,no,1,"{
  ""correct"": ""no"",
  ""score"": 1
}"
761,6baa36c1-e4d0-4dbd-97b2-dff48ecf796e,What is the main focus of the video clip?,The main focus is on a person removing a cover from a surface.,The main focus of the video clip is a person's hands using a sander to smooth out paint on a window.,Scene Summary,no,1,"{
  ""correct"": ""no"",
  ""score"": 1
}"
762,6baa36c1-e4d0-4dbd-97b2-dff48ecf796e,What is the person doing with their hand?,They are rubbing waste off with their hand.,"The person is holding a tool, possibly a hammer or a similar object, and appears to be using it to apply paint or adhesive on the wall.",Action Caption,no,0,"{
  ""correct"": ""no"",
  ""score"": 0
}"
763,6baa36c1-e4d0-4dbd-97b2-dff48ecf796e,What action follows rubbing the waste?,The person climbs a ladder.,The action follows rubbing the waste with a red-handled tool.,Action Caption,no,0,"{
  ""correct"": ""no"",
  ""score"": 0
}"
764,6baa36c1-e4d0-4dbd-97b2-dff48ecf796e,What tool is the person using in the action?,The person is using a scraper or a similar tool.,"The person is using a black-handled, rectangular tool with a red handle to apply paint or adhesive.",Action Caption,no,1,"{""correct"": ""no"", ""score"": 1}"
765,6baa36c1-e4d0-4dbd-97b2-dff48ecf796e,Did the person climb a ladder in the video?,Yes.,"No, the person did not climb a ladder in the video.",Whether Something Happened(Y/N),no,0,"{""correct"": ""no"", ""score"": 0}"
766,6baa36c1-e4d0-4dbd-97b2-dff48ecf796e,Does the video show the person successfully removing the cover?,Yes.,"Yes, the video shows the person successfully removing the cover and leaving a clean window frame.",Whether Something Happened(Y/N),yes,5,"{
  ""correct"": ""yes"",
  ""score"": 5
}"
767,6baa36c1-e4d0-4dbd-97b2-dff48ecf796e,Was the task performed indoors?,No.,Yes.,Whether Something Happened(Y/N),no,0,"{""correct"": ""no"", ""score"": 0}"
768,6baa36c1-e4d0-4dbd-97b2-dff48ecf796e,Did I smoothen the surface with a planer before scraping it with a scraper?,Yes.,"Yes, the person used a planer to smooth out the surface before scraping it with a scraper.",Order Judging(Y/N),yes,5,"{
  ""correct"": ""yes"",
  ""score"": 5
}"
769,6baa36c1-e4d0-4dbd-97b2-dff48ecf796e,Did I climb the ladder before rubbing waste with my hand?,No.,"No, the ladder was not used before rubbing waste with a hand.",Order Judging(Y/N),yes,5,"{""correct"": ""yes"", ""score"": 5}"
770,6baa36c1-e4d0-4dbd-97b2-dff48ecf796e,Did the removal of unwanted cover happen before climbing the ladder?,No.,"Yes, the removal of unwanted cover happened before climbing the ladder.",Order Judging(Y/N),no,0,"{""correct"": ""no"", ""score"": 0}"
771,6baa36c1-e4d0-4dbd-97b2-dff48ecf796e,Did I scrape the surface before smoothening it with a planer?,No.,"Yes, the person used a planer to smooth out the surface of the paint.",Order Judging(Y/N),no,0,"{
  ""correct"": ""no"",
  ""score"": 0
}"
772,6baa36c1-e4d0-4dbd-97b2-dff48ecf796e,Did the drawing a planer happen after climbing the ladder?,No.,"Yes, the drawing a planer happened after climbing the ladder.",Order Judging(Y/N),no,0,"{""correct"": ""no"", ""score"": 0}"
773,6baa36c1-e4d0-4dbd-97b2-dff48ecf796e,What takes place immediately before drawing a planer across the surface?,Being outside the house.,"A person wearing a blue shirt is seen holding the planer, preparing to start drawing.",What event order,no,1,"{
  ""correct"": ""no"",
  ""score"": 1
}"
774,6baa36c1-e4d0-4dbd-97b2-dff48ecf796e,What do I do before rubbing waste with my hand?,Being outside.,I use a red-handled tool to apply paint or adhesive on the window frame.,What event order,no,0,"{""correct"": ""no"", ""score"": 0}"
775,6baa36c1-e4d0-4dbd-97b2-dff48ecf796e,Did I scrape the surface before using a planer?,No,"Yes, the person used a planer to remove any remaining debris from the surface before using it.",Order Judging(Y/N),no,0,"{""correct"": ""no"", ""score"": 0}"
776,6baa36c1-e4d0-4dbd-97b2-dff48ecf796e,Did the planer use happen after the ladder climbing?,No,"Yes, the planer used after the ladder climbing was not visible in the video.",Order Judging(Y/N),no,0,"{""correct"": ""no"", ""score"": 0}"
777,6baa36c1-e4d0-4dbd-97b2-dff48ecf796e,Was the surface scraped after using the planer?,Yes,"Yes, the surface was scraped after using the planer.",Order Judging(Y/N),yes,5,"{
  ""correct"": ""yes"",
  ""score"": 5
}"
778,6baa36c1-e4d0-4dbd-97b2-dff48ecf796e,Was the waste rubbed off before I climbed the ladder?,Yes,"Yes, the waste was rubbed off before I climbed the ladder.",Order Judging(Y/N),yes,5,"{
  ""correct"": ""yes"",
  ""score"": 5
}"
779,6baa36c1-e4d0-4dbd-97b2-dff48ecf796e,What happens just before I scrape the surface?,Smoothening with a planer,"Just before I scrape the surface, a person in a dark jacket is seen walking by.",What event order,no,0,"{
  ""correct"": ""no"",
  ""score"": 0
}"
780,6baa36c1-e4d0-4dbd-97b2-dff48ecf796e,What event occurs before using the planer?,Climbing the ladder,"Before using the planer, a person is seen working on a window with a paint roller and a tool.",What event order,no,0,"{""correct"": ""no"", ""score"": 0}"
781,6baa36c1-e4d0-4dbd-97b2-dff48ecf796e,What is the focus of the video's depicted scenario?,Removing unwanted cover from wood surface.,"The video focuses on a person diligently working on a window, using a tool to smooth out the paint and prepare it for painting.",Scene Summary,no,0,"{
  ""correct"": ""no"",
  ""score"": 0
}"
782,6baa36c1-e4d0-4dbd-97b2-dff48ecf796e,Describe the setting shown in the video clip.,"Outside, near a window with a wood surface.","The video shows a person working on a window with a paint roller, applying white paint to the wooden frame. The background features a cloudy sky and some trees visible through the window.",Scene Summary,no,2,"{
  ""correct"": ""no"",
  ""score"": 2
}"
783,6baa36c1-e4d0-4dbd-97b2-dff48ecf796e,What can be observed about the environment in the clip?,"It's outdoors, possibly at a residential location.","The environment includes a window with peeling paint, a ladder leaning against the wall, and a car parked outside.",Scene Summary,no,1,"{
  ""correct"": ""no"",
  ""score"": 1
}"
784,6baa36c1-e4d0-4dbd-97b2-dff48ecf796e,Narrate the activity captured in this clip.,"Holding a scraper, staring at, and scraping a wood surface.","The video begins with a person working on a wooden structure, likely a window or door frame. They use a hammer to smooth out the paint and apply it in a zigzag pattern across the surface of the wood. The background shows a cloudy sky and some trees, indicating an outdoor setting. As they continue to work, the person uses a small tool to scrape off excess paint from the surface, ensuring that all areas are evenly coated. The focus remains on their hands as they meticulously clean and prepare the wood for painting.",Action Caption,no,1,"{
  ""correct"": ""no"",
  ""score"": 1
}"
785,6baa36c1-e4d0-4dbd-97b2-dff48ecf796e,Can you provide a caption for the action taking place?,Scraping Away: Unveiling the Wood Beneath.,"A person is meticulously applying a white substance to the wall of a window, ensuring it adheres properly.",Action Caption,no,0,"{
""correct"": ""no"",
""score"": 0
}"
786,6baa36c1-e4d0-4dbd-97b2-dff48ecf796e,Did the individual successfully remove some of the unwanted cover?,Yes.,"Yes, the individual successfully removed some of the unwanted cover.",Whether Something Happened(Y/N),yes,5,"{
  ""correct"": ""yes"",
  ""score"": 5
}"
787,6baa36c1-e4d0-4dbd-97b2-dff48ecf796e,Is the person using a tool to work on the surface?,Yes.,Yes.,Whether Something Happened(Y/N),yes,5,"{
  ""correct"": ""yes"",
  ""score"": 5
}"
788,6baa36c1-e4d0-4dbd-97b2-dff48ecf796e,Has the person been carefully examining the wood surface?,Yes.,"Yes, the person has been carefully examining the wood surface to ensure it is properly aligned and clean.",Whether Something Happened(Y/N),yes,5,"{
  ""correct"": ""yes"",
  ""score"": 5
}"
789,6baa36c1-e4d0-4dbd-97b2-dff48ecf796e,Is the work being performed close to a window?,Yes.,Yes.,Whether Something Happened(Y/N),yes,5,"{
  ""correct"": ""yes"",
  ""score"": 5
}"
790,6baa36c1-e4d0-4dbd-97b2-dff48ecf796e,Did I rub waste with my hand before climbing the ladder?,Yes.,"Yes, the person used their hand to rub waste with their fingers before climbing the ladder.",Order Judging(Y/N),yes,5,"{
  ""correct"": ""yes"",
  ""score"": 5
}"
791,6baa36c1-e4d0-4dbd-97b2-dff48ecf796e,Is the unwanted cover removed after I stare at the wood surface?,No.,Yes,Order Judging(Y/N),no,0,"{""correct"": ""no"", ""score"": 0}"
792,6baa36c1-e4d0-4dbd-97b2-dff48ecf796e,Do I hold the scraper before removing the unwanted cover?,No.,"Yes, the person holds the scraper before removing the unwanted cover.",Order Judging(Y/N),no,0,"{""correct"": ""no"", ""score"": 0}"
793,6baa36c1-e4d0-4dbd-97b2-dff48ecf796e,Am I outside when I stare at the wood surface?,Yes.,"Yes, you can see the outside view through the window in the video.",Order Judging(Y/N),yes,5,"{""correct"": ""yes"", ""score"": 5}"
794,6baa36c1-e4d0-4dbd-97b2-dff48ecf796e,What happens just before I hold the scraper?,Staring at the wood surface.,"Just before I hold the scraper, a person points at something outside the window.",What event order,no,0,"{
  ""correct"": ""no"",
  ""score"": 0
}"
795,6baa36c1-e4d0-4dbd-97b2-dff48ecf796e,Did I smooth the surface with a planer before scraping it with a scraper?,Yes,"Yes, the person used a planer to smooth out the surface before scraping it with a scraper.",Order Judging(Y/N),yes,5,"{
  ""correct"": ""yes"",
  ""score"": 5
}"
796,6baa36c1-e4d0-4dbd-97b2-dff48ecf796e,Did I rub waste with my hand before climbing the ladder?,Yes,"Yes, the person used their hand to rub waste with their fingers before climbing the ladder.",Order Judging(Y/N),yes,5,"{
  ""correct"": ""yes"",
  ""score"": 5
}"
797,6baa36c1-e4d0-4dbd-97b2-dff48ecf796e,Did I climb the ladder before removing the unwanted cover from the surface?,Yes,"No, the ladder was not used before removing the unwanted cover from the surface.",Order Judging(Y/N),no,0,"{""correct"": ""no"", ""score"": 0}"
798,6baa36c1-e4d0-4dbd-97b2-dff48ecf796e,What is the setting depicted in the video clip?,It is an outdoor setting surrounding a window frame.,"The setting depicted in the video clip is a garage or workshop, with various tools and equipment scattered around.",Scene Summary,no,0,"{
  ""correct"": ""no"",
  ""score"": 0
}"
799,6baa36c1-e4d0-4dbd-97b2-dff48ecf796e,What is the state of the window frame in the scene?,The window frame is in the process of being scraped.,The window frame is peeling and has a rough texture.,Scene Summary,no,1,"{
  ""correct"": ""no"",
  ""score"": 1
}"
800,6baa36c1-e4d0-4dbd-97b2-dff48ecf796e,Describe the immediate environment around the window frame.,There's discarded material on the ground near the window frame.,"The immediate environment around the window frame includes a concrete wall with peeling paint, scattered debris on the ground, and a small ladder leaning against it.",Scene Summary,no,2,"{
  ""correct"": ""no"",
  ""score"": 2
}"
801,6baa36c1-e4d0-4dbd-97b2-dff48ecf796e,What can be inferred about the surface condition in the scene?,"The surface likely needed maintenance, as it's being scraped.","The surface appears to be weathered and peeling, indicating it has been exposed to the elements for some time.",Scene Summary,no,1,"{
  ""correct"": ""no"",
  ""score"": 1
}"
802,6baa36c1-e4d0-4dbd-97b2-dff48ecf796e,Are there any signs of ongoing construction or repair in the video?,"Yes, the scraping indicates repair or renovation work.","Yes, there are signs of ongoing construction or repair in the video. The person is using a hammer to work on the wall, and there's debris scattered around, indicating that they might be repairing or maintaining the structure.",Scene Summary,yes,4,"{
  ""correct"": ""yes"",
  ""score"": 4
}"
803,6baa36c1-e4d0-4dbd-97b2-dff48ecf796e,What action is the person performing in the new frames?,The person is scraping the surface of a window frame.,The person is using a tool to scrape or remove the old paint from the window frame.,Action Caption,yes,5,"{
  ""correct"": ""yes"",
  ""score"": 5
}"
804,6baa36c1-e4d0-4dbd-97b2-dff48ecf796e,How is the person preparing the window frame?,By removing unwanted cover and rubbing the surface.,The person is using a tool to smooth out the peeling paint and prepare the window frame.,Action Caption,no,2,"{
  ""correct"": ""no"",
  ""score"": 2
}"
805,6baa36c1-e4d0-4dbd-97b2-dff48ecf796e,What maintenance task can be seen happening around a window?,Scraping off old paint or material from the window frame.,"The maintenance task involves scraping off the peeling paint from a window, which is being done by using a tool to remove the old paint and then wiping it away.",Action Caption,yes,5,"{
  ""correct"": ""yes"",
  ""score"": 5
}"
806,6baa36c1-e4d0-4dbd-97b2-dff48ecf796e,Has the protective cover been removed from the window surface?,Yes.,"Yes, the protective cover has been removed from the window surface.",Whether Something Happened(Y/N),yes,5,"{
  ""correct"": ""yes"",
  ""score"": 5
}"
807,6baa36c1-e4d0-4dbd-97b2-dff48ecf796e,Is there any sign of the person completing the scraping action?,"No, the person is still holding the scraper.","Yes, the person is seen holding a tool in their right hand and appears to be finishing up the scraping action.",Whether Something Happened(Y/N),no,1,"{
  ""correct"": ""no"",
  ""score"": 1
}"
808,6baa36c1-e4d0-4dbd-97b2-dff48ecf796e,Does the footage show a fully renovated window frame?,"No, the window is still being worked on.","No, the footage shows a partially renovated window frame with peeling paint and exposed wood.",Whether Something Happened(Y/N),yes,5,"{
  ""correct"": ""yes"",
  ""score"": 5
}"
809,6baa36c1-e4d0-4dbd-97b2-dff48ecf796e,Did the person in the video fully rub the surface?,"No, only part of the surface has been rubbed.","Yes, the person in the video fully rubbed the surface to ensure it was thoroughly cleaned.",Whether Something Happened(Y/N),no,0,"{
  ""correct"": ""no"",
  ""score"": 0
}"
810,6baa36c1-e4d0-4dbd-97b2-dff48ecf796e,Has all the discarded material been cleared from the ground?,"No, the material is still on the ground.","Yes, the ground is now clear of all discarded material.",Whether Something Happened(Y/N),no,0,"{
  ""correct"": ""no"",
  ""score"": 0
}"
811,6baa36c1-e4d0-4dbd-97b2-dff48ecf796e,"In the video, does staring at the wood surface occur before removing the unwanted cover?",No,"Yes, staring at the wood surface occurs before removing the unwanted cover.",Order Judging(Y/N),no,0,"{""correct"": ""no"", ""score"": 0}"
812,6baa36c1-e4d0-4dbd-97b2-dff48ecf796e,Is the wood surface rubbed after removing the unwanted cover?,Yes,Yes.,Order Judging(Y/N),yes,5,"{""correct"": ""yes"", ""score"": 5}"
813,6baa36c1-e4d0-4dbd-97b2-dff48ecf796e,"In the video, does holding the scraper happen before rubbing the surface?",Yes,"Yes, the video shows a person holding the scraper before rubbing the surface.",Order Judging(Y/N),yes,5,"{
  ""correct"": ""yes"",
  ""score"": 5
}"
814,6baa36c1-e4d0-4dbd-97b2-dff48ecf796e,What happens just before rubbing the wood surface in the video?,Removing unwanted cover,"Just before rubbing the wood surface, the person points at a small object on the wall and then uses their hand to rub it against the wooden surface.",What event order,no,1,"{
  ""correct"": ""no"",
  ""score"": 1
}"
815,6baa36c1-e4d0-4dbd-97b2-dff48ecf796e,What happens just before removing the unwanted cover in the video?,Staring at the wood surface.,"Just before removing the unwanted cover, the person points at it with their index finger.",What event order,no,0,"{
  ""correct"": ""no"",
  ""score"": 0
}"
816,6baa36c1-e4d0-4dbd-97b2-dff48ecf796e,Did rubbing the surface happen before staring at the wood surface?,No,"Yes, the person rubbed the surface before staring at the wood surface.",Order Judging(Y/N),no,0,"{""correct"": ""no"", ""score"": 0}"
817,6baa36c1-e4d0-4dbd-97b2-dff48ecf796e,Was the ladder climbed before removing the unwanted cover?,Yes,"Yes, the ladder was climbed before removing the unwanted cover.",Order Judging(Y/N),yes,5,"{
  ""correct"": ""yes"",
  ""score"": 5
}"
818,6baa36c1-e4d0-4dbd-97b2-dff48ecf796e,Was the unwanted cover removed after rubbing waste with hand?,Yes,"Yes, the unwanted cover was removed after rubbing waste with a hand.",Order Judging(Y/N),yes,5,"{
  ""correct"": ""yes"",
  ""score"": 5
}"
819,6baa36c1-e4d0-4dbd-97b2-dff48ecf796e,Did staring at the wood surface happen before holding the scraper?,No,"Yes, the person was staring at the wood surface before holding the scraper.",Order Judging(Y/N),no,0,"{""correct"": ""no"", ""score"": 0}"
820,6baa36c1-e4d0-4dbd-97b2-dff48ecf796e,What is done after staring at the wood surface?,Holding the scraper,"The person begins to use the tool, likely a hammer or similar object, to smooth out the wood surface.",What event order,no,1,"{
  ""correct"": ""no"",
  ""score"": 1
}"
821,6baa36c1-e4d0-4dbd-97b2-dff48ecf796e,What is the overall setting of the video clip?,"Outside, near a building with unwanted cover being removed.","The overall setting of the video clip is a garage or workshop with various tools and materials scattered around, including a ladder leaning against the wall.",Scene Summary,no,0,"{
  ""correct"": ""no"",
  ""score"": 0
}"
822,6baa36c1-e4d0-4dbd-97b2-dff48ecf796e,What's the main focus of the scene?,A person cleaning an area by a building.,"The main focus of the scene is a person working on a window, using a hammer and a scraper to smooth out peeling paint.",Scene Summary,no,1,"{
  ""correct"": ""no"",
  ""score"": 1
}"
823,6baa36c1-e4d0-4dbd-97b2-dff48ecf796e,What kind of location is shown in the video?,An outdoor location by a building.,The video shows a garage or workshop setting.,Scene Summary,no,1,"{
  ""correct"": ""no"",
  ""score"": 1
}"
824,6baa36c1-e4d0-4dbd-97b2-dff48ecf796e,What task is being performed in the frames?,Scraping off unwanted cover from a surface.,The task being performed is painting a wall with a roller.,Action Caption,no,0,"{
  ""correct"": ""no"",
  ""score"": 0
}"
825,6baa36c1-e4d0-4dbd-97b2-dff48ecf796e,Can you detail the activity taking place?,A person removing a covering layer from a window.,"The video shows a person diligently working on a window, using a tool to smooth out the paint and ensure it is properly aligned. The background reveals an outdoor setting with a car visible through a partially open door, indicating that the work might be taking place in a residential area or garage.",Action Caption,no,1,"{
  ""correct"": ""no"",
  ""score"": 1
}"
826,6baa36c1-e4d0-4dbd-97b2-dff48ecf796e,What is the immediate action captured?,A hand using a tool to clean a window.,The immediate action captured is the person using a hammer to smooth out the paint on the window frame.,Action Caption,no,1,"{""correct"": ""no"", ""score"": 1}"
827,6baa36c1-e4d0-4dbd-97b2-dff48ecf796e,What is the implication of the depicted movement?,Preparation or cleaning of a building's exterior.,"The implied movement suggests that the person is working diligently to repair or maintain the window, indicating a focus on detail and precision in their work.",Action Caption,no,2,"{
  ""correct"": ""no"",
  ""score"": 2
}"
828,6baa36c1-e4d0-4dbd-97b2-dff48ecf796e,Did the camera wearer completely remove the unwanted cover?,No.,"No, the camera wearer only partially removed the unwanted cover.",Whether Something Happened(Y/N),yes,5,"{
  ""correct"": ""yes"",
  ""score"": 5
}"
829,6baa36c1-e4d0-4dbd-97b2-dff48ecf796e,Did the video contain any interaction with another person?,"No, it only shows a person working alone.","No, the video does not contain any interaction with another person.",Whether Something Happened(Y/N),yes,5,"{
  ""correct"": ""yes"",
  ""score"": 5
}"
830,6baa36c1-e4d0-4dbd-97b2-dff48ecf796e,Does the frame convey the completion of the task?,"No, the task appears to be in progress.","Yes, the frame shows that the task is complete as the person has finished scraping off the white paint and is now working on securing it to the window.",Whether Something Happened(Y/N),no,0,"{
  ""correct"": ""no"",
  ""score"": 0
}"
831,6baa36c1-e4d0-4dbd-97b2-dff48ecf796e,Did the rubbing of the surface happen before walking outside?,No,"Yes, the person was seen rubbing their hands against the surface before walking outside.",Order Judging(Y/N),no,0,"{""correct"": ""no"", ""score"": 0}"
832,6baa36c1-e4d0-4dbd-97b2-dff48ecf796e,Is the scraper held after removing unwanted cover from the surface?,Yes,Yes.,Order Judging(Y/N),yes,5,"{
  ""correct"": ""yes"",
  ""score"": 5
}"
833,6baa36c1-e4d0-4dbd-97b2-dff48ecf796e,Does the unwanted cover get removed before the surface is rubbed?,Yes,"Yes, the unwanted cover is removed before the surface is rubbed.",Order Judging(Y/N),yes,5,"{
  ""correct"": ""yes"",
  ""score"": 5
}"
834,6baa36c1-e4d0-4dbd-97b2-dff48ecf796e,Did walking outside occur before holding the scraper?,Yes,"Yes, walking outside occurred before holding the scraper.",Order Judging(Y/N),yes,5,"{
  ""correct"": ""yes"",
  ""score"": 5
}"
835,6baa36c1-e4d0-4dbd-97b2-dff48ecf796e,What happens before the surface is rubbed?,Unwanted cover is removed.,"Before the surface is rubbed, a person points at something on the wall.",What event order,no,0,"{
  ""correct"": ""no"",
  ""score"": 0
}"
836,6baa36c1-e4d0-4dbd-97b2-dff48ecf796e,What occurs just before the scraper is held?,The surface is rubbed.,"A person points at the wall, indicating a point of interest or concern.",What event order,no,0,"{
  ""correct"": ""no"",
  ""score"": 0
}"
837,6baa36c1-e4d0-4dbd-97b2-dff48ecf796e,What takes place just before removing unwanted cover?,Being outside.,"Before removing unwanted cover, the person points at a small gap on the wall and uses a hammer to adjust it.",What event order,no,0,"{
  ""correct"": ""no"",
  ""score"": 0
}"
838,6baa36c1-e4d0-4dbd-97b2-dff48ecf796e,What action occurs before the unwanted cover is removed a second time?,Holding the scraper.,"Before the unwanted cover is removed a second time, the person uses a hammer to smooth out any remaining debris on the wall.",What event order,no,0,"{""correct"": ""no"", ""score"": 0}"
839,6baa36c1-e4d0-4dbd-97b2-dff48ecf796e,Did I stare at the wood surface before removing the unwanted cover?,No,"Yes, the person removed the unwanted cover from the wood surface before continuing with their work.",Order Judging(Y/N),no,0,"{
  ""correct"": ""no"",
  ""score"": 0
}"
840,6baa36c1-e4d0-4dbd-97b2-dff48ecf796e,Did I rub the surface after removing the unwanted cover?,Yes,"Yes, the person removed the unwanted cover and then rubbed it against the surface to remove any remaining debris.",Order Judging(Y/N),yes,5,"{
  ""correct"": ""yes"",
  ""score"": 5
}"
841,6baa36c1-e4d0-4dbd-97b2-dff48ecf796e,Did I remove the unwanted cover before walking outside?,Yes,"Yes, the person removed the unwanted cover before walking outside.",Order Judging(Y/N),yes,5,"{
  ""correct"": ""yes"",
  ""score"": 5
}"
842,6baa36c1-e4d0-4dbd-97b2-dff48ecf796e,What happened before I held the scraper?,Removed unwanted cover and stared at the surface,"Before I held the scraper, there was a white substance on the wall.",What event order,no,1,"{
  ""correct"": ""no"",
  ""score"": 1
}"
843,6baa36c1-e4d0-4dbd-97b2-dff48ecf796e,What occurred just before walking outside?,Removed the unwanted cover,"Just before walking outside, the person used a hammer to smooth out some of the peeling paint on the wall.",What event order,no,0,"{
  ""correct"": ""no"",
  ""score"": 0
}"
844,6baa36c1-e4d0-4dbd-97b2-dff48ecf796e,What takes place right before removing the unwanted cover?,"Nothing, it's the initial action","A person points at the wall, indicating a point of interest or concern.",What event order,no,0,"{
  ""correct"": ""no"",
  ""score"": 0
}"
845,6baa36c1-e4d0-4dbd-97b2-dff48ecf796e,What action occurred immediately before rubbing the surface?,Removed unwanted cover,"The person began to work on the surface, using a tool to smooth it out.",What event order,no,1,"{""correct"": ""no"", ""score"": 1}"
846,e58207f1-84ec-424b-a997-ff64a57eb13b,What is the setting of the video clip?,The setting is inside a house.,"The video clip is set in a modern, well-lit interior space with large windows that offer a view of trees and a clear sky.",Scene Summary,yes,4,"{
  ""correct"": ""yes"",
  ""score"": 4
}"
847,e58207f1-84ec-424b-a997-ff64a57eb13b,What activity occurs in the scene?,Walking around and checking items.,"A person wearing a black shirt and shorts is seen sitting on the couch, holding an object in their hands.",Scene Summary,no,0,"{
  ""correct"": ""no"",
  ""score"": 0
}"
848,e58207f1-84ec-424b-a997-ff64a57eb13b,Are there multiple people in the video?,"Yes, two people are present.",Yes.,Scene Summary,yes,4,"{
  ""correct"": ""yes"",
  ""score"": 4
}"
849,e58207f1-84ec-424b-a997-ff64a57eb13b,Did I exit the house during the video?,No.,"Yes, the person exited the house through a door on the left side of the frame.",Whether Something Happened(Y/N),no,0,"{
  ""correct"": ""no"",
  ""score"": 0
}"
850,e58207f1-84ec-424b-a997-ff64a57eb13b,Did I ignore any rooms while checking?,No.,"No, I checked all rooms.",Whether Something Happened(Y/N),yes,5,"{
  ""correct"": ""yes"",
  ""score"": 5
}"
851,e58207f1-84ec-424b-a997-ff64a57eb13b,Did the interaction with the other person seem hostile?,No.,"Yes, the interaction with the other person seemed hostile.",Whether Something Happened(Y/N),no,0,"{
  ""correct"": ""no"",
  ""score"": 0
}"
852,e58207f1-84ec-424b-a997-ff64a57eb13b,Did I find anything unusual in the items?,The video does not indicate that.,"Yes, there is a red object on the floor near the person.",Whether Something Happened(Y/N),no,0,"{
  ""correct"": ""no"",
  ""score"": 0
}"
853,e58207f1-84ec-424b-a997-ff64a57eb13b,What setting is introduced in this video clip?,An interior of a house.,"The video clip introduces a cozy living room setting with a person sitting on the couch, reading an open magazine.",Scene Summary,yes,4,"{
  ""correct"": ""yes"",
  ""score"": 4
}"
854,e58207f1-84ec-424b-a997-ff64a57eb13b,What objects are central to the scene in this video?,A magazine and a woman.,"Central objects include a large magazine with an article about hair care, a television set displaying the same image as before, and a person holding a small object.",Scene Summary,no,2,"{
  ""correct"": ""no"",
  ""score"": 2
}"
855,e58207f1-84ec-424b-a997-ff64a57eb13b,Describe the layout of the room shown.,Room with large windows and modern lighting.,"The room is spacious with a high ceiling, featuring a large window that allows natural light to flood the space. The walls are painted white, and there's a television mounted on one of them. A desk with various items, including a red vacuum cleaner, is positioned against the wall. There's also a chair near the desk. The floor is made of polished wood, reflecting some of the sunlight streaming in from the window.",Scene Summary,no,1,"{
  ""correct"": ""no"",
  ""score"": 1
}"
856,e58207f1-84ec-424b-a997-ff64a57eb13b,What activity dominates this scene?,Reading and interacting with another person.,"The activity that dominates this scene is the person sitting on the couch, reading a magazine.",Scene Summary,no,3,"{
  ""correct"": ""no"",
  ""score"": 3
}"
857,e58207f1-84ec-424b-a997-ff64a57eb13b,What is the relationship between the primary elements in this scene?,They involve engagement with reading material and human interaction.,"The relationship between the primary elements in this scene is that of a serene and comfortable living space, with the person resting on the couch enjoying their time.",Scene Summary,no,1,"{
  ""correct"": ""no"",
  ""score"": 1
}"
858,e58207f1-84ec-424b-a997-ff64a57eb13b,What action am I performing in these frames?,Holding and looking at a magazine.,"In these frames, you are performing the action of reading a magazine.",Action Caption,yes,5,"{
  ""correct"": ""yes"",
  ""score"": 5
}"
859,e58207f1-84ec-424b-a997-ff64a57eb13b,What activity follows holding the magazine?,Looking at the magazine.,"Following holding the magazine, a hand appears and picks up the magazine from the floor.",Action Caption,no,1,"{
  ""correct"": ""no"",
  ""score"": 1
}"
860,e58207f1-84ec-424b-a997-ff64a57eb13b,Did I hold the magazine before walking around the house?,No,"Yes, the person holding the magazine was walking around the house before they held it.",Order Judging(Y/N),no,0,"{""correct"": ""no"", ""score"": 0}"
861,e58207f1-84ec-424b-a997-ff64a57eb13b,Did I look at the magazine before walking around with another person?,Yes,"Yes, you can see the magazine's cover in your hand before walking around with another person.",Order Judging(Y/N),yes,5,"{
  ""correct"": ""yes"",
  ""score"": 5
}"
862,e58207f1-84ec-424b-a997-ff64a57eb13b,Was the magazine held after checking on items in the house?,No,"Yes, the magazine was held in someone's hand after checking on items in the house.",Order Judging(Y/N),no,0,"{""correct"": ""no"", ""score"": 0}"
863,e58207f1-84ec-424b-a997-ff64a57eb13b,What do I do just before interacting with the woman?,Holding the magazine,I turn on the lamp to illuminate the room.,What event order,no,0,"{""correct"": ""no"", ""score"": 0}"
864,e58207f1-84ec-424b-a997-ff64a57eb13b,What action is performed just before I check on items?,Walking around the house,"A hand holding a magazine appears, and the person examines the magazine before checking on items.",What event order,no,1,"{
  ""correct"": ""no"",
  ""score"": 1
}"
865,e58207f1-84ec-424b-a997-ff64a57eb13b,What happens right before I hold the magazine?,Walking with another person,"A hand holding the magazine appears, and I start flipping through it.",What event order,no,0,"{
  ""correct"": ""no"",
  ""score"": 0
}"
866,e58207f1-84ec-424b-a997-ff64a57eb13b,What is done immediately before walking around the house?,Being inside the house,"Immediately before walking around the house, a person is seen holding an open magazine with images of hairstyles and makeup products.",What event order,no,0,"{
  ""correct"": ""no"",
  ""score"": 0
}"
867,e58207f1-84ec-424b-a997-ff64a57eb13b,What does the environment indicate about the video's setting?,"The video is set in a modern, well-lit living space.","The environment indicates a calm and serene setting, with natural light streaming in through large windows, creating a bright and inviting atmosphere.",Scene Summary,no,2,"{
  ""correct"": ""no"",
  ""score"": 2
}"
868,e58207f1-84ec-424b-a997-ff64a57eb13b,What activity is being undertaken in the living area?,Reading and interacting with another person.,"The person in the living area is engaged with a magazine, flipping through its pages.",Scene Summary,no,3,"{
  ""correct"": ""no"",
  ""score"": 3
}"
869,e58207f1-84ec-424b-a997-ff64a57eb13b,Describe the indoor setting captured in the video.,"A living room with a TV unit, books, and seating areas.","The video captures a well-lit, modern office space with white walls and large windows that allow natural light to flood the room. The interior features a television on a stand, several potted plants placed around the room, and a person sitting comfortably in a gray armchair. A magazine titled 'Stand-Up' is open on the armchair, and the person appears to be reading or looking at it while holding a drink.",Scene Summary,no,1,"{
  ""correct"": ""no"",
  ""score"": 1
}"
870,e58207f1-84ec-424b-a997-ff64a57eb13b,What items in the room indicate leisure activities?,A television and books suggest leisure or relaxation.,Items such as a magazine and a remote control indicate leisure activities.,Scene Summary,no,2,"{
  ""correct"": ""no"",
  ""score"": 2
}"
871,e58207f1-84ec-424b-a997-ff64a57eb13b,What furnishings can be observed in the video scene?,"A TV stand, shelves, and magazines can be seen.","The furnishings include a television on a stand, a small table with a lamp and some books, a couch, and a chair.",Scene Summary,no,2,"{
  ""correct"": ""no"",
  ""score"": 2
}"
872,e58207f1-84ec-424b-a997-ff64a57eb13b,What actions are performed by the individual regarding the books?,The individual is turning the pages and reading a book.,"The individual is seen holding a book and flipping through its pages, appearing to read or examine it.",Action Caption,yes,5,"{
  ""correct"": ""yes"",
  ""score"": 5
}"
873,e58207f1-84ec-424b-a997-ff64a57eb13b,How does the person engage with the media in the room?,The person seems to ignore the TV and focuses on the book.,The person engages with the media by holding a magazine titled 'Stand-Up' and flipping through its pages.,Action Caption,no,1,"{
  ""correct"": ""no"",
  ""score"": 1
}"
874,e58207f1-84ec-424b-a997-ff64a57eb13b,Did the person read a book in the video?,Yes.,"Yes, the person was seen holding a book and reading it while sitting on the couch.",Whether Something Happened(Y/N),yes,5,"{
  ""correct"": ""yes"",
  ""score"": 5
}"
875,e58207f1-84ec-424b-a997-ff64a57eb13b,Did the individual change the page of the book at least once?,Yes.,"Yes, the individual made a few changes to the page of the book.",Whether Something Happened(Y/N),yes,5,"{
  ""correct"": ""yes"",
  ""score"": 5
}"
876,e58207f1-84ec-424b-a997-ff64a57eb13b,Did the person have an interaction with someone in the room?,Yes.,"Yes, the person was seen holding a phone and gesturing with their free hand while sitting on the couch.",Whether Something Happened(Y/N),yes,4,"{
  ""correct"": ""yes"",
  ""score"": 4
}"
877,e58207f1-84ec-424b-a997-ff64a57eb13b,"In the video, is the magazine held before turning book pages?",Yes.,Yes,Order Judging(Y/N),yes,5,"{""correct"": ""yes"", ""score"": 5}"
878,e58207f1-84ec-424b-a997-ff64a57eb13b,Is the book read after interacting with a woman?,No.,Yes.,Order Judging(Y/N),no,0,"{""correct"": ""no"", ""score"": 0}"
879,e58207f1-84ec-424b-a997-ff64a57eb13b,"In the video, does looking around occur before holding the magazine?",No.,"Yes, looking around occurs before holding the magazine.",Order Judging(Y/N),no,0,"{""correct"": ""no"", ""score"": 0}"
880,e58207f1-84ec-424b-a997-ff64a57eb13b,What is done just before interacting with a woman?,Looking at the magazine.,"Just before interacting with a woman, the person is seen holding a magazine titled 'Stand-Up' and appears to be reading or flipping through it.",What event order,yes,5,"{
  ""correct"": ""yes"",
  ""score"": 5
}"
881,e58207f1-84ec-424b-a997-ff64a57eb13b,What occurs just before turning book pages?,Looking around.,"Just before turning book pages, the person is seen holding a magazine titled 'Stand-Up' and appears to be reading or flipping through it.",What event order,no,1,"{
  ""correct"": ""no"",
  ""score"": 1
}"
882,e58207f1-84ec-424b-a997-ff64a57eb13b,What is performed just before reading a book?,Turning book pages.,"Just before reading a book, the person is seen holding a smartphone and appears to be scrolling through it.",What event order,no,0,"{
""correct"": ""no"",
""score"": 0
}"
883,e58207f1-84ec-424b-a997-ff64a57eb13b,"In the video sequence, what is done before interacting with a different woman?",Reading a book.,"Before interacting with a different woman, the person in the black jacket and sunglasses is seen sitting on a gray couch.",What event order,no,1,"{
  ""correct"": ""no"",
  ""score"": 1
}"
884,e58207f1-84ec-424b-a997-ff64a57eb13b,Did I walk around the house before holding the magazine?,Yes.,"Yes, the person was seen walking around the house before holding the magazine.",Order Judging(Y/N),yes,5,"{
  ""correct"": ""yes"",
  ""score"": 5
}"
885,e58207f1-84ec-424b-a997-ff64a57eb13b,Was the magazine held before reading a book?,Yes.,"Yes, the magazine was held before reading a book.",Order Judging(Y/N),yes,5,"{
  ""correct"": ""yes"",
  ""score"": 5
}"
886,e58207f1-84ec-424b-a997-ff64a57eb13b,Did reading a book happen before walking around the house?,No.,"Yes, the person was seen holding a book and reading it before walking around the house.",Order Judging(Y/N),no,0,"{""correct"": ""no"", ""score"": 0}"
887,e58207f1-84ec-424b-a997-ff64a57eb13b,What occurs just before reading a book?,Turn book pages.,"Just before reading a book, the person is seen holding a smartphone and appears to be scrolling through it.",What event order,no,0,"{
  ""correct"": ""no"",
  ""score"": 0
}"
888,e58207f1-84ec-424b-a997-ff64a57eb13b,What action takes place before walking around the house?,No preceding action mentioned.,"Before walking around the house, a person is seen holding a magazine and appears to be reading it.",What event order,no,0,"{
  ""correct"": ""no"",
  ""score"": 0
}"
889,e58207f1-84ec-424b-a997-ff64a57eb13b,What is the location setting in this video clip?,Inside a house.,"The location setting in this video clip is a modern, well-lit living room with white walls and large windows.",Scene Summary,yes,4,"{
  ""correct"": ""yes"",
  ""score"": 4
}"
890,e58207f1-84ec-424b-a997-ff64a57eb13b,Describe the atmosphere of the scene.,"A casual, indoor environment.","The scene has a calm and serene atmosphere, with natural light streaming in through large windows. The room is well-lit, creating a bright and inviting environment. A person wearing sunglasses sits on the gray sofa, holding a drink and engaging in conversation or observation.",Scene Summary,no,1,"{
  ""correct"": ""no"",
  ""score"": 1
}"
891,e58207f1-84ec-424b-a997-ff64a57eb13b,What is the relationship between the participants in the video?,They appear to be acquaintances.,"The relationship between the participants in the video is not explicitly stated, but they appear to be comfortable and familiar with each other.",Scene Summary,yes,4,"{
  ""correct"": ""yes"",
  ""score"": 4
}"
892,e58207f1-84ec-424b-a997-ff64a57eb13b,Did the characters engage in any recreational activity?,"Yes, they read magazines.","Yes, the characters engaged in a recreational activity by holding and examining a small object together.",Action Caption,no,1,"{
  ""correct"": ""no"",
  ""score"": 1
}"
893,e58207f1-84ec-424b-a997-ff64a57eb13b,Did the characters sit down for a formal meeting?,No.,No.,Whether Something Happened(Y/N),yes,5,"{
  ""correct"": ""yes"",
  ""score"": 5
}"
894,e58207f1-84ec-424b-a997-ff64a57eb13b,Are the characters in the video clip outdoors?,No.,No.,Whether Something Happened(Y/N),yes,5,"{
  ""correct"": ""yes"",
  ""score"": 5
}"
895,e58207f1-84ec-424b-a997-ff64a57eb13b,Is there any sign of an argument happening in the video?,No.,"No, there is no sign of an argument happening in the video.",Whether Something Happened(Y/N),yes,5,"{
  ""correct"": ""yes"",
  ""score"": 5
}"
896,e58207f1-84ec-424b-a997-ff64a57eb13b,Did the characters watch television in the clip?,No.,"Yes, the characters watched television in the clip.",Whether Something Happened(Y/N),no,0,"{""correct"": ""no"", ""score"": 0}"
897,e58207f1-84ec-424b-a997-ff64a57eb13b,Is there any physical activity performed by the characters?,No.,"No, the characters are not engaged in any physical activity.",Whether Something Happened(Y/N),yes,5,"{
  ""correct"": ""yes"",
  ""score"": 5
}"
898,e58207f1-84ec-424b-a997-ff64a57eb13b,Does reading a book happen before talking to the woman?,Yes.,"Yes, the woman is seen holding a book before talking to her.",Order Judging(Y/N),yes,5,"{
  ""correct"": ""yes"",
  ""score"": 5
}"
899,e58207f1-84ec-424b-a997-ff64a57eb13b,Is looking around done before turning book pages?,Yes.,Yes.,Order Judging(Y/N),yes,5,"{
  ""correct"": ""yes"",
  ""score"": 5
}"
900,e58207f1-84ec-424b-a997-ff64a57eb13b,What occurs just before reading the magazines?,Talking to each other.,"Just before reading the magazines, a person wearing sunglasses and holding a magazine appears to be in conversation with someone off-camera.",What event order,yes,5,"{
  ""correct"": ""yes"",
  ""score"": 5
}"
901,e58207f1-84ec-424b-a997-ff64a57eb13b,What takes place immediately before looking around?,Turning book pages.,"Immediately before looking around, the person in the black hoodie and sunglasses is seen holding a drink.",What event order,no,0,"{
  ""correct"": ""no"",
  ""score"": 0
}"
902,e58207f1-84ec-424b-a997-ff64a57eb13b,What action is performed just before talking to each other?,Looking around.,"Just before talking to each other, the person in the black hoodie and sunglasses is seen holding a drink.",What event order,no,0,"{
  ""correct"": ""no"",
  ""score"": 0
}"
903,e58207f1-84ec-424b-a997-ff64a57eb13b,Did I look around before holding the magazine?,No.,"Yes, you can see the magazine on the coffee table in front of you.",Order Judging(Y/N),no,0,"{
  ""correct"": ""no"",
  ""score"": 0
}"
904,e58207f1-84ec-424b-a997-ff64a57eb13b,What activities were performed in the room?,Reading a magazine and making coffee.,"The room was used for various activities, including a person sitting on the couch reading a book and another person standing near the television.",Scene Summary,no,1,"{
  ""correct"": ""no"",
  ""score"": 1
}"
905,e58207f1-84ec-424b-a997-ff64a57eb13b,Describe the environment where the actions occurred.,"A room with a seated person, magazine, and phone.","The environment is a modern, well-lit room with white walls and large windows that allow natural light to flood the space. The room features a television on a stand, a sofa with multiple cushions, a coffee table with various items including a remote control, a small plant, and a book, and a person sitting in a chair near the window.",Scene Summary,no,1,"{
  ""correct"": ""no"",
  ""score"": 1
}"
906,e58207f1-84ec-424b-a997-ff64a57eb13b,What devices were used in the scenario?,A magazine and a phone.,"A television, a remote control, and a smartphone were used in the scenario.",Scene Summary,no,1,"{""correct"": ""no"", ""score"": 1}"
907,e58207f1-84ec-424b-a997-ff64a57eb13b,What was the person doing with the magazine?,The person was reading the magazine.,The person was holding the magazine and flipping through its pages.,Action Caption,yes,4,"{
  ""correct"": ""yes"",
  ""score"": 4
}"
908,e58207f1-84ec-424b-a997-ff64a57eb13b,What activity followed reading the magazine?,The person operated the phone.,"Following reading the magazine, a person sat down on a chair and began to read.",Action Caption,no,0,"{
  ""correct"": ""no"",
  ""score"": 0
}"
909,e58207f1-84ec-424b-a997-ff64a57eb13b,Did the person remain seated throughout?,"No, they got up to make coffee.","Yes, the person remained seated throughout the video.",Action Caption,no,0,"{""correct"": ""no"", ""score"": 0}"
910,e58207f1-84ec-424b-a997-ff64a57eb13b,Did the person leave the room?,"No, the actions happened in the room.",Yes,Whether Something Happened(Y/N),no,0,"{""correct"": ""no"", ""score"": 0}"
911,e58207f1-84ec-424b-a997-ff64a57eb13b,Did the person use a laptop?,"No, the person used a phone.","Yes, the person used a laptop.",Whether Something Happened(Y/N),no,0,"{""correct"": ""no"", ""score"": 0}"
912,e58207f1-84ec-424b-a997-ff64a57eb13b,Did I talk to the woman before reading the magazine?,Yes,"Yes, the woman was seen sitting on a chair in front of the television and holding a magazine.",Order Judging(Y/N),no,1,"{
  ""correct"": ""no"",
  ""score"": 1
}"
913,e58207f1-84ec-424b-a997-ff64a57eb13b,Did I read the magazine before making coffee?,Yes,"Yes, the person in the black shirt was seen holding a magazine before making coffee.",Order Judging(Y/N),yes,5,"{
  ""correct"": ""yes"",
  ""score"": 5
}"
914,e58207f1-84ec-424b-a997-ff64a57eb13b,Did I operate the phone before talking to the woman?,No,"Yes, the woman was seen holding a phone in her hand before talking to the camera.",Order Judging(Y/N),no,0,"{""correct"": ""no"", ""score"": 0}"
915,e58207f1-84ec-424b-a997-ff64a57eb13b,Did I make coffee before sitting in the room?,No,"Yes, you made coffee before sitting in the room.",Order Judging(Y/N),no,0,"{""correct"": ""no"", ""score"": 0}"
916,e58207f1-84ec-424b-a997-ff64a57eb13b,Did I make coffee before reading a magazine?,No,"Yes, I made coffee before reading a magazine.",Order Judging(Y/N),no,0,"{""correct"": ""no"", ""score"": 0}"
917,e58207f1-84ec-424b-a997-ff64a57eb13b,Did I interact with the woman before reading the book?,Yes,"Yes, before reading the book, I interacted with the woman by holding a green object and gesturing towards her.",Order Judging(Y/N),yes,5,"{
  ""correct"": ""yes"",
  ""score"": 5
}"
918,e58207f1-84ec-424b-a997-ff64a57eb13b,Was the magazine read before interacting with the woman?,No,"Yes, the magazine was read before interacting with the woman.",Order Judging(Y/N),no,0,"{""correct"": ""no"", ""score"": 0}"
919,e58207f1-84ec-424b-a997-ff64a57eb13b,Was the phone operated before making coffee?,Yes,"Yes, the phone was operated before making coffee.",Order Judging(Y/N),yes,5,"{
  ""correct"": ""yes"",
  ""score"": 5
}"
920,e58207f1-84ec-424b-a997-ff64a57eb13b,What occurs just before I make coffee?,Operate the phone,"Just before I make coffee, a person enters the room holding a cup of coffee.",What event order,no,0,"{
""correct"": ""no"",
""score"": 0
}"
921,e58207f1-84ec-424b-a997-ff64a57eb13b,What do I do before reading the magazine?,Talk to the woman,"Before reading the magazine, I place it on a coffee table in front of the couch.",What event order,no,0,"{
  ""correct"": ""no"",
  ""score"": 0
}"
922,e58207f1-84ec-424b-a997-ff64a57eb13b,What is done just before looking around?,Turn book pages,"Just before looking around, the person is seen holding a small object in their hand.",What event order,no,1,"{
  ""correct"": ""no"",
  ""score"": 1
}"
923,e58207f1-84ec-424b-a997-ff64a57eb13b,What action takes place before reading the book?,Look around,"Before reading the book, a person sits on a chair in front of a television and interacts with it.",What event order,no,0,"{
  ""correct"": ""no"",
  ""score"": 0
}"
924,e58207f1-84ec-424b-a997-ff64a57eb13b,Describe the setting where the activity is taking place.,The activity is in an indoor room with modern furnishings.,"The activity is taking place in a modern, well-lit room with a high ceiling and exposed ductwork. The background features a large window that offers a view of the outside landscape. There are two couches, one on each side of the room, along with various decorative items such as potted plants and books. A television screen mounted on the wall displays an image of mountains.",Scene Summary,yes,4,"{
  ""correct"": ""yes"",
  ""score"": 4
}"
925,e58207f1-84ec-424b-a997-ff64a57eb13b,Identify the furniture used by the individuals in the clip.,Chairs are used for seating during the card game.,The individuals are seated on a gray sofa and a white armchair.,Scene Summary,no,1,"{""correct"": ""no"", ""score"": 1}"
926,e58207f1-84ec-424b-a997-ff64a57eb13b,Did the individual participate in a recreational game?,Yes.,"Yes, the individual was seen holding a box of Jenga blocks and engaging in a recreational game.",Whether Something Happened(Y/N),yes,5,"{
  ""correct"": ""yes"",
  ""score"": 5
}"
927,e58207f1-84ec-424b-a997-ff64a57eb13b,Was there any interaction with another person during the game?,Yes.,"Yes, the person in the green lanyard was seen holding a smartphone and gesturing with their hand during the game.",Whether Something Happened(Y/N),yes,5,"{
  ""correct"": ""yes"",
  ""score"": 5
}"
928,e58207f1-84ec-424b-a997-ff64a57eb13b,Does the setting include contemporary room decor?,Yes.,Yes.,Whether Something Happened(Y/N),yes,5,"{
  ""correct"": ""yes"",
  ""score"": 5
}"
929,e58207f1-84ec-424b-a997-ff64a57eb13b,Name one activity that is clearly not happening in this scene.,Cooking food is clearly not happening in this scene.,"The activity that is clearly not happening in this scene is the person standing outside, as they are not visible.",Scene Summary,no,1,"{
  ""correct"": ""no"",
  ""score"": 1
}"
930,e58207f1-84ec-424b-a997-ff64a57eb13b,What parallel activity accompanies the main action in this clip?,A discussion with another person accompanies the main action.,The parallel activity is a person holding and interacting with the stack of wooden blocks.,Action Caption,no,1,"{
  ""correct"": ""no"",
  ""score"": 1
}"
931,e58207f1-84ec-424b-a997-ff64a57eb13b,Is there a creative or construction-related task shown?,"Yes, arranging wooden bricks can be considered a construction-related task.","Yes, there is a construction-related task shown where the person uses a tool to assemble a wooden puzzle.",Action Caption,yes,4,"{
  ""correct"": ""yes"",
  ""score"": 4
}"
932,e58207f1-84ec-424b-a997-ff64a57eb13b,Does the video show any form of artistic painting?,No.,"No, the video does not show any form of artistic painting.",Whether Something Happened(Y/N),yes,5,"{
  ""correct"": ""yes"",
  ""score"": 5
}"
933,e58207f1-84ec-424b-a997-ff64a57eb13b,Is there a solo performance happening in the video?,No.,Yes.,Whether Something Happened(Y/N),no,0,"{""correct"": ""no"", ""score"": 0}"
934,e58207f1-84ec-424b-a997-ff64a57eb13b,Did I interact with Lady A after I sat on the chair?,Yes.,"Yes, Lady A was seen interacting with someone off-camera to her right.",Order Judging(Y/N),no,1,"{
  ""correct"": ""no"",
  ""score"": 1
}"
935,e58207f1-84ec-424b-a997-ff64a57eb13b,What happens just before I sit on the chair?,Entering the room.,"Just before I sit on the chair, a person wearing a black shirt and white pants enters the room.",What event order,yes,5,"{
  ""correct"": ""yes"",
  ""score"": 5
}"
936,e58207f1-84ec-424b-a997-ff64a57eb13b,What did I engage in right before sitting in a room?,I did not engage in anything; I was already seated.,"Before sitting in a room, the person engaged in playing Jenga.",What event order,no,0,"{
  ""correct"": ""no"",
  ""score"": 0
}"
937,e58207f1-84ec-424b-a997-ff64a57eb13b,Where is this scene set?,In a room with another person.,"The scene is set in a modern, well-lit room with a cozy atmosphere.",Scene Summary,no,2,"{
  ""correct"": ""no"",
  ""score"": 2
}"
938,e58207f1-84ec-424b-a997-ff64a57eb13b,What are the main elements present in this scenario?,A Jenga game and two individuals.,"The main elements present in this scenario include a Jenga game, a person wearing glasses and a headset, a television screen displaying the text 'Stand Up!', a TV mounted on the wall, a chair with pillows, a coffee table with various items, a potted plant, a red exit sign, and an open doorway leading to another room.",Scene Summary,no,2,"{
  ""correct"": ""no"",
  ""score"": 2
}"
939,e58207f1-84ec-424b-a997-ff64a57eb13b,What can be observed on the table in the video?,A Jenga tower and blocks.,"The table in the video has a few items on it, including a small plant and some papers.",Scene Summary,no,0,"{
  ""correct"": ""no"",
  ""score"": 0
}"
940,e58207f1-84ec-424b-a997-ff64a57eb13b,Who is actively participating in the game shown in the video?,The person in the frame and another woman.,The person wearing a green lanyard is actively participating in the game.,Action Caption,no,2,"{
  ""correct"": ""no"",
  ""score"": 2
}"
941,e58207f1-84ec-424b-a997-ff64a57eb13b,How is the game of Jenga progressing in the clip?,Blocks are being stacked atop the tower.,"The game of Jenga is progressing with the person successfully stacking a tower, and another hand appears to be holding up the next stack.",Action Caption,yes,4,"{
  ""correct"": ""yes"",
  ""score"": 4
}"
942,e58207f1-84ec-424b-a997-ff64a57eb13b,What is the consequence of the actions performed with the Jenga blocks?,The Jenga tower is becoming taller.,"The consequence is that the person's hand moves, causing the Jenga blocks to topple over.",Action Caption,no,1,"{
""correct"": ""no"",
""score"": 1
}"
943,e58207f1-84ec-424b-a997-ff64a57eb13b,What action precedes placing a block atop the Jenga tower?,Removing a block from the Jenga tower.,Placing a block atop the Jenga tower before placing another block is shown.,Action Caption,no,1,"{
  ""correct"": ""no"",
  ""score"": 1
}"
944,e58207f1-84ec-424b-a997-ff64a57eb13b,Does the video show a Jenga tower on a glass table?,Yes.,Yes.,Whether Something Happened(Y/N),yes,5,"{
  ""correct"": ""yes"",
  ""score"": 5
}"
945,e58207f1-84ec-424b-a997-ff64a57eb13b,Are the Jenga blocks being carefully handled?,Yes.,"Yes, the Jenga blocks are being carefully handled as the person continues to manipulate them.",Whether Something Happened(Y/N),yes,5,"{
  ""correct"": ""yes"",
  ""score"": 5
}"
946,e58207f1-84ec-424b-a997-ff64a57eb13b,Is the Jenga tower intact at this moment in the video?,Yes.,Yes.,Whether Something Happened(Y/N),yes,5,"{""correct"": ""yes"", ""score"": 5}"
947,e58207f1-84ec-424b-a997-ff64a57eb13b,What action occurred just before placing the blocks atop the Jenga tower?,Took Jenga blocks from the tower,"Just before placing the blocks atop the Jenga tower, a hand with a black object was seen holding one of the wooden blocks.",What event order,no,1,"{
  ""correct"": ""no"",
  ""score"": 1
}"
948,e58207f1-84ec-424b-a997-ff64a57eb13b,What happened just before taking Jenga blocks from the tower?,Played game of Jenga,"Just before taking Jenga blocks from the tower, a hand with a black object was seen holding them.",What event order,no,1,"{
  ""correct"": ""no"",
  ""score"": 1
}"
949,e58207f1-84ec-424b-a997-ff64a57eb13b,Did I arrange wooden bricks before playing a card game?,No,"Yes, you arranged wooden bricks before playing a card game.",Order Judging(Y/N),no,0,"{""correct"": ""no"", ""score"": 0}"
950,e58207f1-84ec-424b-a997-ff64a57eb13b,Did I sit on a chair before talking to a lady?,Yes,"Yes, the person sitting on a gray armchair in front of the TV and holding a remote control was previously sitting on a chair before talking to a lady.",Order Judging(Y/N),yes,5,"{
  ""correct"": ""yes"",
  ""score"": 5
}"
951,e58207f1-84ec-424b-a997-ff64a57eb13b,What activities are occurring inside the house?,Two individuals are playing Jenga.,"Inside the house, there are people walking around and a television set.",Scene Summary,no,0,"{
  ""correct"": ""no"",
  ""score"": 0
}"
952,e58207f1-84ec-424b-a997-ff64a57eb13b,What is on the table between the participants?,A Jenga tower is on the table.,There is a box of cereal and a green cup on the table.,Scene Summary,no,0,"{
  ""correct"": ""no"",
  ""score"": 0
}"
953,e58207f1-84ec-424b-a997-ff64a57eb13b,How are the participants utilizing the wooden blocks?,They are carefully pulling blocks from the Jenga tower.,"The participants are using the wooden blocks to build a tower, with one person holding up the stack and another placing blocks on top.",Action Caption,no,1,"{
  ""correct"": ""no"",
  ""score"": 1
}"
954,e58207f1-84ec-424b-a997-ff64a57eb13b,Is the Jenga tower still standing?,Yes.,Yes.,Whether Something Happened(Y/N),yes,5,"{
  ""correct"": ""yes"",
  ""score"": 5
}"
955,e58207f1-84ec-424b-a997-ff64a57eb13b,Has a Jenga block just been successfully moved?,Yes.,Yes,Whether Something Happened(Y/N),yes,5,"{
  ""correct"": ""yes"",
  ""score"": 5
}"
956,e58207f1-84ec-424b-a997-ff64a57eb13b,Are the participants seated during the game?,Yes.,"Yes, the participants are seated during the game.",Whether Something Happened(Y/N),yes,5,"{
  ""correct"": ""yes"",
  ""score"": 5
}"
957,e58207f1-84ec-424b-a997-ff64a57eb13b,Is there a game being played on the floor?,No.,Yes.,Whether Something Happened(Y/N),no,0,"{""correct"": ""no"", ""score"": 0}"
958,e58207f1-84ec-424b-a997-ff64a57eb13b,Does the frame display a competitive match in progress?,Yes.,Yes.,Whether Something Happened(Y/N),yes,5,"{
  ""correct"": ""yes"",
  ""score"": 5
}"
959,e58207f1-84ec-424b-a997-ff64a57eb13b,Did I sit on the chairs before playing Jenga?,Yes.,"Yes, the person was sitting on a chair before playing Jenga.",Order Judging(Y/N),yes,5,"{
  ""correct"": ""yes"",
  ""score"": 5
}"
960,e58207f1-84ec-424b-a997-ff64a57eb13b,Did I take Jenga blocks from the tower before adding to its top?,Yes.,"Yes, you took Jenga blocks from the tower before adding to its top.",Order Judging(Y/N),yes,5,"{
  ""correct"": ""yes"",
  ""score"": 5
}"
961,e58207f1-84ec-424b-a997-ff64a57eb13b,Did the Jenga game happen before relaxing on the chairs?,No.,"Yes, the Jenga game was already in progress before relaxing on the chairs.",Order Judging(Y/N),no,0,"{""correct"": ""no"", ""score"": 0}"
962,e58207f1-84ec-424b-a997-ff64a57eb13b,Was placing blocks atop the Jenga tower before taking blocks from it?,No.,"Yes, the person placed blocks atop the Jenga tower before taking them from it.",Order Judging(Y/N),no,0,"{""correct"": ""no"", ""score"": 0}"
963,e58207f1-84ec-424b-a997-ff64a57eb13b,What occurs just before placing the blocks atop the Jenga tower?,Taking Jenga blocks from the tower.,"Just before placing the blocks atop the Jenga tower, a hand appears holding up the Jenga pieces.",What event order,no,1,"{
  ""correct"": ""no"",
  ""score"": 1
}"
964,e58207f1-84ec-424b-a997-ff64a57eb13b,What happens just before sitting on the chairs to play?,Entering the room.,"Just before sitting on the chairs, the person is seen holding a box labeled 'Sorry'.",What event order,no,1,"{
  ""correct"": ""no"",
  ""score"": 1
}"
965,e58207f1-84ec-424b-a997-ff64a57eb13b,Did the game start before arranging wooden bricks on a block?,No,"Yes, the game started with arranging wooden bricks on a block before starting to build the tower.",Order Judging(Y/N),no,0,"{""correct"": ""no"", ""score"": 0}"
966,e58207f1-84ec-424b-a997-ff64a57eb13b,What is the setting of the current video clip?,The setting is inside a house.,The setting of the current video clip is a modern living room with a large window that offers a view of trees and greenery outside.,Scene Summary,yes,4,"{
  ""correct"": ""yes"",
  ""score"": 4
}"
967,e58207f1-84ec-424b-a997-ff64a57eb13b,Describe the occupants in the house in the video.,"There are multiple individuals, both men and women.","The house is inhabited by a person wearing a black jacket and white pants, who enters the room from the left side of the frame.",Scene Summary,no,1,"{
  ""correct"": ""no"",
  ""score"": 1
}"
968,e58207f1-84ec-424b-a997-ff64a57eb13b,What were the individuals doing with wood in the video?,They were arranging pieces of wood.,"The individuals were seen holding and manipulating wooden pieces, possibly for a game or puzzle.",Scene Summary,yes,4,"{
  ""correct"": ""yes"",
  ""score"": 4
}"
969,e58207f1-84ec-424b-a997-ff64a57eb13b,What type of interaction occurred among the individuals?,They interacted with each other.,"The individuals engaged in a casual conversation, with one person gesturing towards the television and another pointing at something on the TV stand.",Scene Summary,no,1,"{
  ""correct"": ""no"",
  ""score"": 1
}"
970,e58207f1-84ec-424b-a997-ff64a57eb13b,Are the people stationary or moving about in the clip?,They are moving about the space.,The people are moving about in the clip.,Action Caption,yes,5,"{
  ""correct"": ""yes"",
  ""score"": 5
}"
971,e58207f1-84ec-424b-a997-ff64a57eb13b,Is the Jenga game played before arranging wood pieces?,Yes.,"Yes, the Jenga game is played before arranging wood pieces.",Order Judging(Y/N),yes,5,"{
  ""correct"": ""yes"",
  ""score"": 5
}"
972,e58207f1-84ec-424b-a997-ff64a57eb13b,Does sitting on chairs happen before interacting with each other?,Yes.,"Yes, sitting on chairs happens before interacting with each other.",Order Judging(Y/N),yes,5,"{
  ""correct"": ""yes"",
  ""score"": 5
}"
973,e58207f1-84ec-424b-a997-ff64a57eb13b,Is the wood arrangement completed before the Jenga tower is built?,No.,"Yes, the wooden structure is completed before the Jenga tower is built.",Order Judging(Y/N),no,0,"{
  ""correct"": ""no"",
  ""score"": 0
}"
974,e58207f1-84ec-424b-a997-ff64a57eb13b,What happens before arranging the wood pieces?,Playing Jenga.,"Before arranging the wood pieces, a person walks into the room and places a box on the coffee table.",What event order,no,0,"{
  ""correct"": ""no"",
  ""score"": 0
}"
975,e58207f1-84ec-424b-a997-ff64a57eb13b,What takes place before the Jenga block is touched?,Sitting down.,"Before the Jenga block is touched, a person wearing sunglasses and holding a smartphone appears in the foreground.",What event order,no,1,"{
  ""correct"": ""no"",
  ""score"": 1
}"
976,e58207f1-84ec-424b-a997-ff64a57eb13b,Did the Jenga game occur before sitting on the chairs?,No.,"Yes, the Jenga game was completed before sitting on the chairs.",Order Judging(Y/N),no,0,"{""correct"": ""no"", ""score"": 0}"
977,e58207f1-84ec-424b-a997-ff64a57eb13b,Was taking Jenga blocks from the tower after sitting on the chairs?,Yes.,"Yes, Jenga blocks were being taken from the tower after sitting on the chairs.",Order Judging(Y/N),yes,5,"{
  ""correct"": ""yes"",
  ""score"": 5
}"
978,e58207f1-84ec-424b-a997-ff64a57eb13b,What happened just before placing blocks atop the Jenga tower?,Taking Jenga blocks from the tower.,"Just before placing blocks atop the Jenga tower, a person was seen holding a smartphone and gesturing with their hand.",What event order,no,0,"{
  ""correct"": ""no"",
  ""score"": 0
}"
979,e58207f1-84ec-424b-a997-ff64a57eb13b,What happens before arranging the pieces of wood?,Playing the Jenga wooden blocks game.,"Before arranging the pieces of wood, a person walks into the room and places them on the coffee table.",What event order,no,1,"{
  ""correct"": ""no"",
  ""score"": 1
}"
980,e58207f1-84ec-424b-a997-ff64a57eb13b,What is the setting of the video clip?,An office.,"The setting of the video clip is a modern living room with large windows, adorned with garland and potted plants.",Scene Summary,no,0,"{
  ""correct"": ""no"",
  ""score"": 0
}"
981,e58207f1-84ec-424b-a997-ff64a57eb13b,What activities are taking place in the clip?,Talking to a person and using a phone.,"The activities include a person playing a video game, interacting with a smartphone displaying a text message or social media post, and engaging in a conversation on the phone.",Scene Summary,no,2,"{
  ""correct"": ""no"",
  ""score"": 2
}"
982,e58207f1-84ec-424b-a997-ff64a57eb13b,What is the primary action in the recent frames?,Engaging in a discussion and using the phone.,"The primary action in the recent frames is a person holding two smartphones, one displaying an image of another person and the other showing text.",Action Caption,no,1,"{
  ""correct"": ""no"",
  ""score"": 1
}"
983,e58207f1-84ec-424b-a997-ff64a57eb13b,What technology is in use in the action?,A phone.,The technology used in the action is a smart TV.,Action Caption,no,0,"{""correct"": ""no"", ""score"": 0}"
984,e58207f1-84ec-424b-a997-ff64a57eb13b,Is the person alone in the scene?,No.,Yes.,Whether Something Happened(Y/N),no,0,"{""correct"": ""no"", ""score"": 0}"
985,e58207f1-84ec-424b-a997-ff64a57eb13b,Did I interact with others after being at the office?,Yes,"Yes, after being at the office, I interacted with others through a video call.",Order Judging(Y/N),yes,5,"{
  ""correct"": ""yes"",
  ""score"": 5
}"
986,e58207f1-84ec-424b-a997-ff64a57eb13b,Did the office scene occur before the house activities?,Yes,"Yes, the office scene occurred before the house activities.",Order Judging(Y/N),yes,5,"{
  ""correct"": ""yes"",
  ""score"": 5
}"
987,e58207f1-84ec-424b-a997-ff64a57eb13b,What happened right before I was at the office?,I was in the house,"Right before I was at the office, a person wearing sunglasses and a VR headset appeared in front of me.",What event order,no,0,"{
""correct"": ""no"",
""score"": 0
}"
988,e58207f1-84ec-424b-a997-ff64a57eb13b,Did I play Jenga before arranging pieces of wood?,Yes.,"Yes, you played Jenga before arranging pieces of wood.",Order Judging(Y/N),yes,5,"{
  ""correct"": ""yes"",
  ""score"": 5
}"
989,e58207f1-84ec-424b-a997-ff64a57eb13b,Did I use the phone before playing Jenga?,No.,"Yes, the person in the foreground used their phone before playing Jenga.",Order Judging(Y/N),no,0,"{""correct"": ""no"", ""score"": 0}"
990,e58207f1-84ec-424b-a997-ff64a57eb13b,Was I at the office before playing with the Jenga blocks?,Yes.,"Yes, I was at the office before playing with the Jenga blocks.",Order Judging(Y/N),yes,5,"{
  ""correct"": ""yes"",
  ""score"": 5
}"
991,89a95cd8-ca13-4edf-807e-d62138fd30e0,Describe the environment displayed in the video clip.,The video depicts a kitchen scenario.,"The video displays a cluttered kitchen counter with various utensils, pots, and containers. The background features white tiled walls and a window with a small gap.",Scene Summary,yes,5,"{
  ""correct"": ""yes"",
  ""score"": 5
}"
992,89a95cd8-ca13-4edf-807e-d62138fd30e0,Identify the items being interacted with in the video clip.,Flour and onions are being used with water and a knife.,"The items being interacted with include a hand holding an onion, a blue cutting board, and various kitchen utensils.",Scene Summary,no,2,"{
  ""correct"": ""no"",
  ""score"": 2
}"
993,89a95cd8-ca13-4edf-807e-d62138fd30e0,What's the main activity in the scene?,"The main activity is preparing ingredients, mixing and chopping.","The main activity in the scene is a person preparing food, specifically chopping an onion.",Scene Summary,yes,4,"{
  ""correct"": ""yes"",
  ""score"": 4
}"
994,89a95cd8-ca13-4edf-807e-d62138fd30e0,What objects are present in the scene related to the activity?,"Container of flour, a knife, and mixed dough are noticeable.","The objects present in the scene include a metal pot, a blue cutting board with garlic cloves, and various kitchen utensils.",Scene Summary,no,1,"{
  ""correct"": ""no"",
  ""score"": 1
}"
995,89a95cd8-ca13-4edf-807e-d62138fd30e0,Did the person use a knife on the onions?,Yes.,"Yes, the person used a knife to cut the onions.",Whether Something Happened(Y/N),yes,5,"{
  ""correct"": ""yes"",
  ""score"": 5
}"
996,89a95cd8-ca13-4edf-807e-d62138fd30e0,Was water added to the flour in the video?,Yes.,"Yes, water was added to the flour in the video.",Whether Something Happened(Y/N),yes,5,"{
  ""correct"": ""yes"",
  ""score"": 5
}"
997,89a95cd8-ca13-4edf-807e-d62138fd30e0,Did the preparation seem to be for baking?,"No, more likely for cooking.","Yes, the preparation seemed to be for baking as there were several bowls and containers on the counter, some of which contained ingredients or utensils.",Whether Something Happened(Y/N),no,0,"{
  ""correct"": ""no"",
  ""score"": 0
}"
998,89a95cd8-ca13-4edf-807e-d62138fd30e0,Describe the environment where the cooking is taking place.,The cooking is taking place in a kitchen.,"The cooking is taking place in a well-lit kitchen with white tiled walls and a window above the sink. The countertop is cluttered with various kitchen utensils, pots, and containers, indicating an active cooking process.",Scene Summary,yes,5,"{
  ""correct"": ""yes"",
  ""score"": 5
}"
999,89a95cd8-ca13-4edf-807e-d62138fd30e0,What step is being performed with the pan?,Oil is being poured into the pan.,The pan is being filled with water/INFO,Scene Summary,no,1,"{""correct"": ""no"", ""score"": 1}"
1000,89a95cd8-ca13-4edf-807e-d62138fd30e0,Are there any other objects visible associated with cooking?,"Yes, there are kitchen utensils and containers.","Yes, there are various kitchen/INFO",Scene Summary,no,1,"{
  ""correct"": ""no"",
  ""score"": 1
}"
1001,89a95cd8-ca13-4edf-807e-d62138fd30e0,Are there any ingredients ready to be cooked?,"Yes, there are chopped ingredients on the cutting board.","Yes, there are ingredients ready to be cooked on the stove.",Action Caption,no,2,"{
  ""correct"": ""no"",
  ""score"": 2
}"
1002,89a95cd8-ca13-4edf-807e-d62138fd30e0,What is implied by the action of pouring oil in the pan?,The person is preparing to cook or fry food.,"The action of pouring the liquid into the pan is a part of the cooking process, likely to be used as a marinade or sauce for the chickpeas.",Action Caption,no,2,"{
  ""correct"": ""no"",
  ""score"": 2
}"
1003,89a95cd8-ca13-4edf-807e-d62138fd30e0,What will likely happen next in the cooking process?,The food will be added to the heated oil for cooking.,"The next step in the cooking is likely to add a liquid ingredient, such as water/INFO or oil, into the pot on the stove.",Action Caption,no,1,"{
  ""correct"": ""no"",
  ""score"": 1
}"
1004,89a95cd8-ca13-4edf-807e-d62138fd30e0,Did the person start cooking as soon as the video began?,No.,"Yes, the person began cooking as soon as the video began.",Whether Something Happened(Y/N),no,0,"{
  ""correct"": ""no"",
  ""score"": 0
}"
1005,89a95cd8-ca13-4edf-807e-d62138fd30e0,Has the person used any kitchen utensils yet?,Yes.,"Yes, the person has used a spatula to stir the contents of one of the pots.",Whether Something Happened(Y/N),yes,5,"{
  ""correct"": ""yes"",
  ""score"": 5
}"
1006,89a95cd8-ca13-4edf-807e-d62138fd30e0,Is the person cooking unattended or seen in the frame?,"The person is unattended, not seen in the frame.","The person is seen in the frame, actively engaged in cooking.",Whether Something Happened(Y/N),no,0,"{
  ""correct"": ""no"",
  ""score"": 0
}"
1007,89a95cd8-ca13-4edf-807e-d62138fd30e0,Has the heat been turned on under the pan yet?,No.,"Yes, the heat has been turned on under the pan.",Whether Something Happened(Y/N),no,0,"{""correct"": ""no"", ""score"": 0}"
1008,89a95cd8-ca13-4edf-807e-d62138fd30e0,"In the video, does mixing flour with water happen before cutting onions?",Yes.,"Yes, the video shows a hand mixing flour with onions before cutting them.",Order Judging(Y/N),no,1,"{
  ""correct"": ""no"",
  ""score"": 1
}"
1009,89a95cd8-ca13-4edf-807e-d62138fd30e0,Is cooking the food shown before opening the door in the video?,Yes.,Yes.,Order Judging(Y/N),yes,5,"{
  ""correct"": ""yes"",
  ""score"": 5
}"
1010,89a95cd8-ca13-4edf-807e-d62138fd30e0,"In the video, does pouring oil in the pan occur after cutting onions?",Yes.,"Yes, the video shows a hand pouring oil/INFO",Order Judging(Y/N),yes,4,"{
  ""correct"": ""yes"",
  ""score"": 4
}"
1011,89a95cd8-ca13-4edf-807e-d62138fd30e0,"In the video, is oil poured into the pan before cooking the food?",No.,Yes,Order Judging(Y/N),no,0,"{""correct"": ""no"", ""score"": 0}"
1012,89a95cd8-ca13-4edf-807e-d62138fd30e0,What is the setting of the video clip?,The setting is a kitchen.,The setting of the video clip is a kitchen with various cooking utensils and ingredients on the counter.,Scene Summary,yes,5,"{
  ""correct"": ""yes"",
  ""score"": 5
}"
1013,89a95cd8-ca13-4edf-807e-d62138fd30e0,What tasks are being performed in the scene?,"Cooking food, cleaning the counter, rolling dough.","The tasks being performed in the scene include cooking, cleaning, and preparing ingredients.",Scene Summary,yes,4,"{
  ""correct"": ""yes"",
  ""score"": 4
}"
1014,89a95cd8-ca13-4edf-807e-d62138fd30e0,Can you caption the cleaning action in the clip?,Tidying up the kitchen counter.,"Yes, the caption for the cleaning action in the clip would be 'Cleaning action in a kitchen.'",Action Caption,no,2,"{""correct"": ""no"", ""score"": 2}"
1015,89a95cd8-ca13-4edf-807e-d62138fd30e0,How is the dough being prepared?,The dough is being rolled.,The dough is being kneaded on a wooden board.,Action Caption,no,1,"{
  ""correct"": ""no"",
  ""score"": 1
}"
1016,89a95cd8-ca13-4edf-807e-d62138fd30e0,Does the video show someone cooking?,Yes.,Yes,Whether Something Happened(Y/N),yes,5,"{
  ""correct"": ""yes"",
  ""score"": 5
}"
1017,89a95cd8-ca13-4edf-807e-d62138fd30e0,Is the counter being cleaned in the video?,Yes.,Yes.,Whether Something Happened(Y/N),yes,5,"{
  ""correct"": ""yes"",
  ""score"": 5
}"
1018,89a95cd8-ca13-4edf-807e-d62138fd30e0,Is there a scene of rolling dough in the video?,Yes.,Yes.,Whether Something Happened(Y/N),yes,5,"{
  ""correct"": ""yes"",
  ""score"": 5
}"
1019,89a95cd8-ca13-4edf-807e-d62138fd30e0,Does rolling the dough happen before cleaning the counter?,No,"Yes, the person is seen rolling the dough on a wooden board before cleaning the counter.",Order Judging(Y/N),no,0,"{
  ""correct"": ""no"",
  ""score"": 0
}"
1020,89a95cd8-ca13-4edf-807e-d62138fd30e0,Is the food cooked after I clean the counter?,Yes,Yes,Order Judging(Y/N),yes,5,"{
  ""correct"": ""yes"",
  ""score"": 5
}"
1021,89a95cd8-ca13-4edf-807e-d62138fd30e0,"Before the food is cooked, what do I do?",In the kitchen.,"Before the food is cooked, you should wash and prepare the ingredients.",What event order,no,1,"{
""correct"": ""no"",
""score"": 1
}"
1022,89a95cd8-ca13-4edf-807e-d62138fd30e0,What occurs just before I clean the counter?,Cook food.,"Just before I clean the counter, a person is seen pouring water from a pot into a container.",What event order,no,1,"{""correct"": ""no"", ""score"": 1}"
1023,89a95cd8-ca13-4edf-807e-d62138fd30e0,"In the video, what takes place right before rolling the dough?",Clean the counter.,"Right before rolling the dough, a person places a yellow lid on the container and then starts to roll it.",What event order,no,0,"{
  ""correct"": ""no"",
  ""score"": 0
}"
1024,89a95cd8-ca13-4edf-807e-d62138fd30e0,"In the video, does the mixing of flour with water happen before cutting the onions?",Yes,"Yes, the mixing of flour with water happens before cutting the onions.",Order Judging(Y/N),yes,5,"{
  ""correct"": ""yes"",
  ""score"": 5
}"
1025,89a95cd8-ca13-4edf-807e-d62138fd30e0,What is the setting of the video clip?,"Inside a house, in the kitchen.",The setting of the video clip is a kitchen with various cooking utensils and ingredients on the counter.,Scene Summary,yes,5,"{
  ""correct"": ""yes"",
  ""score"": 5
}"
1026,89a95cd8-ca13-4edf-807e-d62138fd30e0,What activity is depicted in the scene?,Making dough for cooking.,"The scene depicts a person preparing food, specifically making dough or batter.",Scene Summary,yes,5,"{
  ""correct"": ""yes"",
  ""score"": 5
}"
1027,89a95cd8-ca13-4edf-807e-d62138fd30e0,What tools are being utilized in the scene?,"Hands, rolling pin, flour container.",A person is using a rolling pin and a bowl to knead the dough.,Scene Summary,no,2,"{
  ""correct"": ""no"",
  ""score"": 2
}"
1028,89a95cd8-ca13-4edf-807e-d62138fd30e0,Where specifically is the dough preparation taking place?,On a newspaper-covered surface.,The dough preparation is taking place on a black countertop.,Scene Summary,no,1,"{
  ""correct"": ""no"",
  ""score"": 1
}"
1029,89a95cd8-ca13-4edf-807e-d62138fd30e0,What is the immediate environment around the dough-making area?,Nearby kitchen appliances and utensils.,"The immediate environment around the dough-making area includes a tiled wall, various kitchen utensils and appliances, including a mixer on the left side of the frame.",Scene Summary,yes,5,"{
  ""correct"": ""yes"",
  ""score"": 5
}"
1030,89a95cd8-ca13-4edf-807e-d62138fd30e0,What is the main action taking place in these frames?,The dough is being rolled out.,"The main action is the preparation of a dish, likely for cooking or baking.",Action Caption,no,1,"{
  ""correct"": ""no"",
  ""score"": 1
}"
1031,89a95cd8-ca13-4edf-807e-d62138fd30e0,What action precedes the rolling of the dough?,Dipping the dough in flour.,The action that precedes the rolling of the dough is mixing it with a wooden spoon.,Action Caption,no,1,"{""correct"": ""no"", ""score"": 1}"
1032,89a95cd8-ca13-4edf-807e-d62138fd30e0,How is the dough initially shaped?,It is shaped by hand.,The dough is initially shaped into a small ball.,Action Caption,no,2,"{
  ""correct"": ""no"",
  ""score"": 2
}"
1033,89a95cd8-ca13-4edf-807e-d62138fd30e0,What is the purpose of the flour in the dough rolling process?,To prevent sticking to the rolling pin.,The flour is used to create a dough that will be rolled out and shaped into the desired form.,Action Caption,no,1,"{
""correct"": ""no"",
""score"": 1
}"
1034,89a95cd8-ca13-4edf-807e-d62138fd30e0,What may likely be the next step after rolling the dough?,Cutting or shaping the dough for cooking.,The next step after rolling the dough is likely to transfer it into a bowl or container for further preparation.,Action Caption,no,1,"{
  ""correct"": ""no"",
  ""score"": 1
}"
1035,89a95cd8-ca13-4edf-807e-d62138fd30e0,Did the person use a rolling pin in the video?,Yes.,"Yes, the person used a rolling pin to flatten the dough.",Whether Something Happened(Y/N),yes,5,"{
  ""correct"": ""yes"",
  ""score"": 5
}"
1036,89a95cd8-ca13-4edf-807e-d62138fd30e0,Did the dough-making happen on a bare countertop?,No.,"Yes, the dough-making happened on a bare countertop.",Whether Something Happened(Y/N),no,0,"{""correct"": ""no"", ""score"": 0}"
1037,89a95cd8-ca13-4edf-807e-d62138fd30e0,Was an electrical appliance used to roll the dough?,No.,"Yes, an electrical appliance was used to roll the dough.",Whether Something Happened(Y/N),no,0,"{""correct"": ""no"", ""score"": 0}"
1038,89a95cd8-ca13-4edf-807e-d62138fd30e0,Did the person complete the dough rolling in one try?,"Not specified, unclear.","Yes, the person completed the dough rolling in one try.",Whether Something Happened(Y/N),no,0,"{
  ""correct"": ""no"",
  ""score"": 0
}"
1039,89a95cd8-ca13-4edf-807e-d62138fd30e0,Is the flour container closed in the scene?,Yes.,Yes.,Whether Something Happened(Y/N),yes,5,"{
  ""correct"": ""yes"",
  ""score"": 5
}"
1040,89a95cd8-ca13-4edf-807e-d62138fd30e0,"In the video, is the dough rolled with hands before it's dipped in flour?",Yes,Yes,Order Judging(Y/N),yes,5,"{""correct"": ""yes"", ""score"": 5}"
1041,89a95cd8-ca13-4edf-807e-d62138fd30e0,Is the food cooked before the counter is cleaned?,Yes,Yes.,Order Judging(Y/N),yes,5,"{
  ""correct"": ""yes"",
  ""score"": 5
}"
1042,89a95cd8-ca13-4edf-807e-d62138fd30e0,Does the dough rolling with a rolling pin happen after hand rolling?,Yes,"Yes, the dough is rolled with a rolling pin after hand rolling.",Order Judging(Y/N),yes,5,"{
  ""correct"": ""yes"",
  ""score"": 5
}"
1043,89a95cd8-ca13-4edf-807e-d62138fd30e0,Is the counter cleaned before the dough is rolled with hands?,Yes,Yes.,Order Judging(Y/N),yes,5,"{
  ""correct"": ""yes"",
  ""score"": 5
}"
1044,89a95cd8-ca13-4edf-807e-d62138fd30e0,"In the video, is the rolling pin used before the dough is dipped in flour?",Yes,"Yes, the rolling pin is used to scoop out a portion of dough before dipping it in flour.",Order Judging(Y/N),yes,5,"{
  ""correct"": ""yes"",
  ""score"": 5
}"
1045,89a95cd8-ca13-4edf-807e-d62138fd30e0,What is done just before the dough is dipped in flour?,Roll dough with hands,"Just before the dough is dipped in flour, a hand places a small amount of water into a bowl and then dips it into the flour.",What event order,no,1,"{
""correct"": ""no"",
""score"": 1
}"
1046,89a95cd8-ca13-4edf-807e-d62138fd30e0,What action is performed before cleaning the counter?,Cook food,"Before cleaning the counter, a hand is seen mixing ingredients in a bowl.",What event order,no,1,"{""correct"": ""no"", ""score"": 1}"
1047,89a95cd8-ca13-4edf-807e-d62138fd30e0,What activity happens before the dough is rolled with hands?,Nothing is specified before hand rolling,"Before the dough is rolled with hands, a person pours water from a yellow container into a large plastic container filled with flour.",What event order,no,0,"{
  ""correct"": ""no"",
  ""score"": 0
}"
1048,89a95cd8-ca13-4edf-807e-d62138fd30e0,Was the counter cleaned after cooking food?,Yes,"Yes, the counter was cleaned after cooking food.",Order Judging(Y/N),yes,5,"{
  ""correct"": ""yes"",
  ""score"": 5
}"
1049,89a95cd8-ca13-4edf-807e-d62138fd30e0,Did I roll the dough before dipping it in flour?,No,"Yes, the person rolled out the dough before dipping it in flour.",Order Judging(Y/N),no,0,"{""correct"": ""no"", ""score"": 0}"
1050,89a95cd8-ca13-4edf-807e-d62138fd30e0,Did I roll dough with hands before rolling it with a rolling pin?,Yes,"Yes, the person rolled dough with their hands before rolling it with a rolling pin.",Order Judging(Y/N),yes,5,"{
  ""correct"": ""yes"",
  ""score"": 5
}"
1051,89a95cd8-ca13-4edf-807e-d62138fd30e0,What happens right before I dip the dough in flour?,Rolling the dough with hands,A hand places a piece of dough on the newspaper.,What event order,no,1,"{
  ""correct"": ""no"",
  ""score"": 1
}"
1052,89a95cd8-ca13-4edf-807e-d62138fd30e0,What action occurs just before I roll the dough with a rolling pin?,Dipping dough in flour,A hand is seen rolling the dough with a rolling pin.,What event order,no,0,"{
  ""correct"": ""no"",
  ""score"": 0
}"
1053,89a95cd8-ca13-4edf-807e-d62138fd30e0,What do I do just before pouring oil in the pan?,Open the door,You should place the oil container on the counter and then pour it into the pan.,What event order,no,0,"{
""correct"": ""no"",
""score"": 0
}"
1054,89a95cd8-ca13-4edf-807e-d62138fd30e0,What takes place immediately before I clean the counter?,Cook food,A person is seen kneading dough on a piece of parchment paper.,What event order,no,0,"{""correct"": ""no"", ""score"": 0}"
1055,89a95cd8-ca13-4edf-807e-d62138fd30e0,What location is shown in this video clip?,The kitchen.,The location shown in this video clip is a kitchen.,Scene Summary,yes,5,"{
  ""correct"": ""yes"",
  ""score"": 5
}"
1056,89a95cd8-ca13-4edf-807e-d62138fd30e0,What task is being performed in this scene?,Making dough.,The task being performed in this scene is preparing a mixture by mixing ingredients and then transferring them into a container.,Scene Summary,no,2,"{
  ""correct"": ""no"",
  ""score"": 2
}"
1057,89a95cd8-ca13-4edf-807e-d62138fd30e0,What is the setting of this clip?,A kitchen counter.,The setting of this clip is a kitchen.,Scene Summary,yes,4,"{
  ""correct"": ""yes"",
  ""score"": 4
}"
1058,89a95cd8-ca13-4edf-807e-d62138fd30e0,What cooking action is taking place?,Rolling dough with a roller.,"The cooking action taking place is making a dough or batter, as indicated by the person rolling out dough on a flat surface.",Action Caption,yes,5,"{
  ""correct"": ""yes"",
  ""score"": 5
}"
1059,89a95cd8-ca13-4edf-807e-d62138fd30e0,Does the frame capture using a rolling pin?,Yes.,"Yes, the frame captures a close-up of hands rolling out dough on a flat surface.",Whether Something Happened(Y/N),yes,5,"{
  ""correct"": ""yes"",
  ""score"": 5
}"
1060,89a95cd8-ca13-4edf-807e-d62138fd30e0,Is dough being prepared in this scene?,Yes.,Yes.,Whether Something Happened(Y/N),yes,5,"{
  ""correct"": ""yes"",
  ""score"": 5
}"
1061,89a95cd8-ca13-4edf-807e-d62138fd30e0,Are there ingredients visible on the kitchen counter?,Yes.,"Yes, there are ingredients visible on the kitchen counter.",Whether Something Happened(Y/N),yes,5,"{
  ""correct"": ""yes"",
  ""score"": 5
}"
1062,89a95cd8-ca13-4edf-807e-d62138fd30e0,"In the video, is the dough cut before it's rolled with hands?",No,Yes,Order Judging(Y/N),no,0,"{""correct"": ""no"", ""score"": 0}"
1063,89a95cd8-ca13-4edf-807e-d62138fd30e0,Does the dipping of dough in flour happen after using the rolling pin?,No,"Yes, the person continues to dip the dough in flour after using the rolling pin.",Order Judging(Y/N),no,0,"{
  ""correct"": ""no"",
  ""score"": 0
}"
1064,89a95cd8-ca13-4edf-807e-d62138fd30e0,Does rolling the dough with hands happen before cutting the dough?,Yes,"Yes, the person rolls the dough with their hands before cutting it.",Order Judging(Y/N),yes,5,"{
  ""correct"": ""yes"",
  ""score"": 5
}"
1065,89a95cd8-ca13-4edf-807e-d62138fd30e0,Is the dough rolled with a roller after being dipped in flour?,Yes,Yes,Order Judging(Y/N),yes,5,"{
  ""correct"": ""yes"",
  ""score"": 5
}"
1066,89a95cd8-ca13-4edf-807e-d62138fd30e0,What occurs just before rolling dough with a roller in the video?,The dough is cut,A person is seen rolling dough with a roller in the kitchen.,What event order,no,1,"{
  ""correct"": ""no"",
  ""score"": 1
}"
1067,89a95cd8-ca13-4edf-807e-d62138fd30e0,"In the video sequence, what happens before rolling dough with hands?","Nothing, it's the first action","Before rolling dough with hands, the person places a bowl of flour on the countertop and pours water from a bottle into it.",What event order,no,0,"{
  ""correct"": ""no"",
  ""score"": 0
}"
1068,89a95cd8-ca13-4edf-807e-d62138fd30e0,What is done just before cutting the dough?,The dough is rolled with hands,"Just before cutting the dough, a hand is seen holding a knife and preparing to cut it.",What event order,no,1,"{
""correct"": ""no"",
""score"": 1
}"
1069,89a95cd8-ca13-4edf-807e-d62138fd30e0,Did I clean the counter before rolling the dough?,Yes,"Yes, the person cleaned the counter before rolling the dough.",Order Judging(Y/N),yes,5,"{
  ""correct"": ""yes"",
  ""score"": 5
}"
1070,89a95cd8-ca13-4edf-807e-d62138fd30e0,Was the dough cut before being rolled?,Yes,Yes,Order Judging(Y/N),yes,5,"{
  ""correct"": ""yes"",
  ""score"": 5
}"
1071,89a95cd8-ca13-4edf-807e-d62138fd30e0,Did I dip the dough in flour before using the rolling pin?,Yes,"Yes, the person dipped the dough in flour before using the rolling pin.",Order Judging(Y/N),yes,5,"{
  ""correct"": ""yes"",
  ""score"": 5
}"
1072,89a95cd8-ca13-4edf-807e-d62138fd30e0,Did I cook food after rolling the dough with my hands?,No,"Yes, you can see the dough being rolled with your hands after cooking food.",Order Judging(Y/N),no,0,"{""correct"": ""no"", ""score"": 0}"
1073,89a95cd8-ca13-4edf-807e-d62138fd30e0,Was the counter cleaned after the dough was cut?,No,"Yes, the counter was cleaned after the dough was cut.",Order Judging(Y/N),no,0,"{""correct"": ""no"", ""score"": 0}"
1074,89a95cd8-ca13-4edf-807e-d62138fd30e0,What do I do before rolling the dough with a roller?,Cut the dough,"Before rolling the dough with a roller, you should first wash your hands and ensure they are clean.",What event order,no,0,"{""correct"": ""no"", ""score"": 0}"
1075,89a95cd8-ca13-4edf-807e-d62138fd30e0,What occurs just before cutting the dough?,Rolling dough with hands,"Just before cutting the dough, a hand is seen holding a knife and preparing to cut it.",What event order,no,1,"{
  ""correct"": ""no"",
  ""score"": 1
}"
1076,89a95cd8-ca13-4edf-807e-d62138fd30e0,What do I do before cleaning the counter?,Cook food,"Before cleaning the counter, you should first wash your hands and then use a sponge to clean it.",What event order,no,1,"{
""correct"": ""no"",
""score"": 1
}"
1077,89a95cd8-ca13-4edf-807e-d62138fd30e0,Describe the main activity occurring in this section of video.,Food preparation for a meal.,"The main activity involves a person preparing food in the kitchen, specifically rolling out dough and cooking it on a stovetop.",Action Caption,yes,5,"{""correct"": ""yes"", ""score"": 5}"
1078,89a95cd8-ca13-4edf-807e-d62138fd30e0,What is the current culinary action captured here?,Ready to cook flatbread on the pan.,The current culinary action captured here is the preparation of a dish involving cooking and mixing ingredients.,Action Caption,no,1,"{""correct"": ""no"", ""score"": 1}"
1079,89a95cd8-ca13-4edf-807e-d62138fd30e0,Did the person successfully slice the cucumber?,Yes.,"Yes, the person successfully sliced the cucumber into thin pieces.",Whether Something Happened(Y/N),yes,5,"{
  ""correct"": ""yes"",
  ""score"": 5
}"
1080,89a95cd8-ca13-4edf-807e-d62138fd30e0,Has the lemon been placed on the cucumber slices?,Yes.,Yes,Whether Something Happened(Y/N),yes,5,"{
  ""correct"": ""yes"",
  ""score"": 5
}"
1081,89a95cd8-ca13-4edf-807e-d62138fd30e0,Describe the setting in this video clip.,A kitchen with a person cooking roti on a stove.,"The video takes place in a kitchen with white tiled walls and a window above the sink. The countertop is cluttered with various items, including a pot of boiling water, a bowl of chopped vegetables, and some newspapers. A person is seen preparing food on the stove, adding ingredients to a flour dough that has been rolled out into a thin sheet.",Scene Summary,yes,5,"{
  ""correct"": ""yes"",
  ""score"": 5
}"
1082,89a95cd8-ca13-4edf-807e-d62138fd30e0,What is the visual focal point of this scene?,The pan with the roti being roasted.,The visual focal point of this scene is the person's hands and the cooking process.,Scene Summary,no,2,"{
  ""correct"": ""no"",
  ""score"": 2
}"
1083,89a95cd8-ca13-4edf-807e-d62138fd30e0,Where is the roti being placed after roasting?,In a pot next to the stove.,The roti is being placed on a newspaper.,Scene Summary,no,0,"{
  ""correct"": ""no"",
  ""score"": 0
}"
1084,89a95cd8-ca13-4edf-807e-d62138fd30e0,What kitchen equipment is being utilized in this action?,A frying pan and a stove.,"A frying pan, a pot with a lid, and a spoon are being utilized in this action.",Action Caption,no,2,"{
  ""correct"": ""no"",
  ""score"": 2
}"
1085,89a95cd8-ca13-4edf-807e-d62138fd30e0,Does the clip show a person flipping the roti?,No.,"Yes, the clip shows a person flipping the roti in the frying pan.",Whether Something Happened(Y/N),no,0,"{
  ""correct"": ""no"",
  ""score"": 0
}"
1086,89a95cd8-ca13-4edf-807e-d62138fd30e0,Is the roti being taken out of the pan in this frame?,Yes.,No.,Whether Something Happened(Y/N),no,0,"{""correct"": ""no"", ""score"": 0}"
1087,89a95cd8-ca13-4edf-807e-d62138fd30e0,Does the clip involve any baking activity?,No.,"Yes, the clip involves baking activity as well.",Whether Something Happened(Y/N),no,0,"{""correct"": ""no"", ""score"": 0}"
1088,89a95cd8-ca13-4edf-807e-d62138fd30e0,Is there another person assisting with the cooking?,No.,"Yes, another person is visible in the background of the video.",Whether Something Happened(Y/N),no,0,"{
  ""correct"": ""no"",
  ""score"": 0
}"
1089,89a95cd8-ca13-4edf-807e-d62138fd30e0,Was the flat bread prepared before the roti was roasted?,Yes,"Yes, the flat bread was prepared before the roti was roasted.",Order Judging(Y/N),yes,5,"{
  ""correct"": ""yes"",
  ""score"": 5
}"
1090,89a95cd8-ca13-4edf-807e-d62138fd30e0,Did I put the roasted roti in the pot before cutting the cucumber?,No,"Yes, the person placed the roasted roti in the pot before cutting the cucumber.",Order Judging(Y/N),no,0,"{""correct"": ""no"", ""score"": 0}"
1091,89a95cd8-ca13-4edf-807e-d62138fd30e0,Did I roast the roti after preparing the flat bread?,Yes,"Yes, the roti was roasted after preparing the flat bread.",Order Judging(Y/N),yes,5,"{
  ""correct"": ""yes"",
  ""score"": 5
}"
1092,89a95cd8-ca13-4edf-807e-d62138fd30e0,What cooking method is used for tortillas?,They are placed in a hot pot.,The tortillas are being cooked in a deep-fried pan.,Scene Summary,no,1,"{
  ""correct"": ""no"",
  ""score"": 1
}"
1093,89a95cd8-ca13-4edf-807e-d62138fd30e0,Is the person wearing oven mitts?,No.,No.,Whether Something Happened(Y/N),yes,5,"{
  ""correct"": ""yes"",
  ""score"": 5
}"
1094,89a95cd8-ca13-4edf-807e-d62138fd30e0,"In the video, is the pot closed after the roti is put inside?",Yes,Yes.,Order Judging(Y/N),yes,5,"{
  ""correct"": ""yes"",
  ""score"": 5
}"
1095,89a95cd8-ca13-4edf-807e-d62138fd30e0,Did I use a spatula to roast the roti before placing it in the pot?,Yes,"Yes, the person used a spatula to roast the roti before placing it in the pot.",Order Judging(Y/N),yes,5,"{""correct"": ""yes"", ""score"": 5}"
1096,89a95cd8-ca13-4edf-807e-d62138fd30e0,What activity is shown just before the roti comes in contact with the pan?,The roti is picked up,"Just before the roti comes in contact with the pan, a person is seen holding a red plate and using a spatula to spread some flour on the roti.",What event order,no,1,"{
  ""correct"": ""no"",
  ""score"": 1
}"
1097,2bb31b69-fcda-4f54-8338-f590944df999,What activity is depicted in this snapshot?,A card game is being played.,"The activity depicted in this snapshot is a card game, specifically playing cards.",Scene Summary,yes,5,"{
  ""correct"": ""yes"",
  ""score"": 5
}"
1098,2bb31b69-fcda-4f54-8338-f590944df999,Where is this scene likely taking place?,"The scene is indoors, possibly in a living room.",This scene is likely taking place in a living room.,Scene Summary,yes,5,"{
  ""correct"": ""yes"",
  ""score"": 5
}"
1099,2bb31b69-fcda-4f54-8338-f590944df999,What objects are present in this setting?,"Cards, a piece of paper, and a plant.","The objects present in this setting include a deck of cards, some papers, and various items scattered on the floor.",Scene Summary,no,2,"{
  ""correct"": ""no"",
  ""score"": 2
}"
1100,2bb31b69-fcda-4f54-8338-f590944df999,How is the room furnished?,"With a couch, a rug, and various personal items.","The room is furnished with a couch, a chair, and various items scattered around.",Scene Summary,yes,4,"{
  ""correct"": ""yes"",
  ""score"": 4
}"
1101,2bb31b69-fcda-4f54-8338-f590944df999,What is the approximate time of day in this scene?,It's not discernible from this image.,"The scene appears to be set during the day, as indicated by natural light and shadows.",Scene Summary,no,0,"{
  ""correct"": ""no"",
  ""score"": 0
}"
1102,2bb31b69-fcda-4f54-8338-f590944df999,What action is being performed with the cards?,The cards are being reshuffled.,"The action being performed with the cards is counting them, as indicated by the person's hand moving through the cards.",Action Caption,no,1,"{""correct"": ""no"", ""score"": 1}"
1103,2bb31b69-fcda-4f54-8338-f590944df999,What is the person across doing?,The person is holding and possibly organizing cards.,"The person across is playing a card game, specifically dealing cards from a deck.",Action Caption,no,2,"{
  ""correct"": ""no"",
  ""score"": 2
}"
1104,2bb31b69-fcda-4f54-8338-f590944df999,What follow-up activity to shuffling is likely?,Dealing the cards to players.,"The follow-up activity to shuffling is likely the continuation of the game, as indicated by the person's continued engagement with the cards.",Action Caption,no,1,"{
  ""correct"": ""no"",
  ""score"": 1
}"
1105,2bb31b69-fcda-4f54-8338-f590944df999,Is there more than one participant in the card activity?,Yes.,Yes.,Whether Something Happened(Y/N),yes,5,"{
  ""correct"": ""yes"",
  ""score"": 5
}"
1106,2bb31b69-fcda-4f54-8338-f590944df999,Is any reading material involved in the activity?,"Yes, there's a piece of paper being held.","Yes, there are some cards and a book lying on the floor near the person.",Whether Something Happened(Y/N),no,1,"{
  ""correct"": ""no"",
  ""score"": 1
}"
1107,2bb31b69-fcda-4f54-8338-f590944df999,Are any electronic devices being used in the game?,No visible electronic devices are used.,"Yes, a smartphone is being used to take pictures of the cards.",Whether Something Happened(Y/N),no,0,"{
  ""correct"": ""no"",
  ""score"": 0
}"
1108,2bb31b69-fcda-4f54-8338-f590944df999,Has any card been laid out on the floor?,"No, they're being held or shuffled.","Yes, a card has been laid out on the floor.",Whether Something Happened(Y/N),no,0,"{
  ""correct"": ""no"",
  ""score"": 0
}"
1109,2bb31b69-fcda-4f54-8338-f590944df999,What activity is taking place in the room?,Playing poker.,"The activity taking place in the room is a card game, with one person playing cards and another holding a piece of paper.",Scene Summary,no,2,"{
  ""correct"": ""no"",
  ""score"": 2
}"
1110,2bb31b69-fcda-4f54-8338-f590944df999,What is the setting of this clip?,"Indoors, in a room.","The setting of this clip is a cozy living room with wooden flooring, featuring a patterned rug on the floor. There are various items scattered around, including playing cards, papers, and some small objects that appear to be part of a card game or puzzle.",Scene Summary,yes,4,"{
  ""correct"": ""yes"",
  ""score"": 4
}"
1111,2bb31b69-fcda-4f54-8338-f590944df999,What objects are visible in the scene?,"Cards, a carpet, and furniture.","A deck of cards, a small rectangular/INFO",Scene Summary,no,1,"{
  ""correct"": ""no"",
  ""score"": 1
}"
1112,2bb31b69-fcda-4f54-8338-f590944df999,Describe the atmosphere of the room.,Casual and leisurely.,"The room has a cozy and casual atmosphere, with wooden flooring, a patterned rug on the floor, various items scattered around, including a small potted plant, a bookshelf filled with books, and a chair.",Scene Summary,yes,4,"{
  ""correct"": ""yes"",
  ""score"": 4
}"
1113,2bb31b69-fcda-4f54-8338-f590944df999,What precedes the dealing of cards in poker?,Reshuffling the cards.,"The scene begins with a person holding a deck of cards, preparing to deal.",Action Caption,no,1,"{
  ""correct"": ""no"",
  ""score"": 1
}"
1114,2bb31b69-fcda-4f54-8338-f590944df999,Did someone shuffle cards in this video?,Yes.,"Yes, someoneNECT/INFO",Whether Something Happened(Y/N),yes,4,"{""correct"": ""yes"", ""score"": 4}"
1115,2bb31b69-fcda-4f54-8338-f590944df999,Is the room set up for a large gathering?,No.,Yes.,Whether Something Happened(Y/N),no,0,"{""correct"": ""no"", ""score"": 0}"
1116,2bb31b69-fcda-4f54-8338-f590944df999,Are the individuals standing in this video?,No.,"No, the individuals are sitting on the floor in this video.",Whether Something Happened(Y/N),yes,5,"{
  ""correct"": ""yes"",
  ""score"": 5
}"
1117,2bb31b69-fcda-4f54-8338-f590944df999,Was the deck reshuffled before playing the cards?,Yes.,"Yes, the deck was reshuffled before playing the cards.",Order Judging(Y/N),yes,5,"{
  ""correct"": ""yes"",
  ""score"": 5
}"
1118,2bb31b69-fcda-4f54-8338-f590944df999,What occurs just before picking up the cards?,The cards are spread on floor.,"Just before picking up the cards, a hand holding a card appears and picks it up.",What event order,no,1,"{
  ""correct"": ""no"",
  ""score"": 1
}"
1119,2bb31b69-fcda-4f54-8338-f590944df999,What action occurs before the deck is seen in a unified stack?,Separate the cards.,"Before the deck is in a unified stack, the person places the cards face down on the table.",What event order,no,1,"{
  ""correct"": ""no"",
  ""score"": 1
}"
1120,2bb31b69-fcda-4f54-8338-f590944df999,What is visible before I separate cards?,Floor and unorganized cards.,"Before I separate cards, there are several playing cards scattered on the floor.",What event order,yes,5,"{
  ""correct"": ""yes"",
  ""score"": 5
}"
1121,2bb31b69-fcda-4f54-8338-f590944df999,What is the setting of the current video clip?,A room with two people playing cards.,"The setting of the current video clip is a cozy living room with wooden flooring, where two people are engaged in playing cards.",Scene Summary,yes,4,"{
  ""correct"": ""yes"",
  ""score"": 4
}"
1122,2bb31b69-fcda-4f54-8338-f590944df999,What objects are prominent in the video scene?,"Playing cards, a phone, and a paper.","Prominent objects in the video scene include playing cards, a smartphone, and various other items scattered on the floor.",Scene Summary,yes,4,"{
  ""correct"": ""yes"",
  ""score"": 4
}"
1123,2bb31b69-fcda-4f54-8338-f590944df999,How would you characterize the atmosphere in the video?,Casual and leisurely.,"The atmosphere in the video is casual and relaxed, with a focus on card games.",Scene Summary,yes,5,"{
  ""correct"": ""yes"",
  ""score"": 5
}"
1124,2bb31b69-fcda-4f54-8338-f590944df999,What actions are being performed in the video clip?,"Shuffling, picking, and playing cards.","The actions performed in the video clip include a person holding and examining cards, another person reading from a card, and one person making hand gestures.",Action Caption,no,1,"{
  ""correct"": ""no"",
  ""score"": 1
}"
1125,2bb31b69-fcda-4f54-8338-f590944df999,Did the individuals reshuffle the cards in the video?,Yes.,"Yes, the individuals reshuffled the cards in front of them.",Whether Something Happened(Y/N),yes,5,"{
  ""correct"": ""yes"",
  ""score"": 5
}"
1126,2bb31b69-fcda-4f54-8338-f590944df999,Was a phone used during the gameplay?,Yes.,"Yes, a phone was used to take photos of the cards and other objects.",Whether Something Happened(Y/N),yes,5,"{
  ""correct"": ""yes"",
  ""score"": 5
}"
1127,2bb31b69-fcda-4f54-8338-f590944df999,Was a new game started in the video clip?,Yes.,"Yes, a new game was started in the video clip.",Whether Something Happened(Y/N),yes,5,"{
  ""correct"": ""yes"",
  ""score"": 5
}"
1128,2bb31b69-fcda-4f54-8338-f590944df999,Did the scene capture any form of disagreement?,No.,"No, the scene does not capture any form of disagreement; it is a playful and relaxed interaction between the two individuals.",Whether Something Happened(Y/N),yes,5,"{
  ""correct"": ""yes"",
  ""score"": 5
}"
1129,2bb31b69-fcda-4f54-8338-f590944df999,"In the video, is the poker game started before the cards are reshuffled?",No.,"No, the poker game is not started before the cards are reshuffled. The video shows a person holding a deck of cards and counting them in their hands while playing the game.",Order Judging(Y/N),yes,5,"{
  ""correct"": ""yes"",
  ""score"": 5
}"
1130,2bb31b69-fcda-4f54-8338-f590944df999,Is the deck spread out on the floor after picking a card?,Yes.,Yes.,Order Judging(Y/N),yes,5,"{""correct"": ""yes"", ""score"": 5}"
1131,2bb31b69-fcda-4f54-8338-f590944df999,Does the card shuffling happen before sitting on the floor?,No.,"No, the card shuffling happens after sitting on the floor.",Order Judging(Y/N),yes,5,"{""correct"": ""yes"", ""score"": 5}"
1132,2bb31b69-fcda-4f54-8338-f590944df999,"In the video, is the card game initiated before sitting with the lady?",No.,"Yes, the card game is initiated before sitting with the lady.",Order Judging(Y/N),no,0,"{""correct"": ""no"", ""score"": 0}"
1133,2bb31b69-fcda-4f54-8338-f590944df999,What happens before the poker game is played in the video?,Cards are picked.,"Before the poker game is played, a person wearing a pink and blue striped sock sits on the floor with their legs crossed.",What event order,no,0,"{
  ""correct"": ""no"",
  ""score"": 0
}"
1134,2bb31b69-fcda-4f54-8338-f590944df999,What occurs right before reshuffling the cards?,I sit with the lady.,"A hand holding a smartphone appears, possibly to take a photo or record the event.",What event order,no,0,"{
  ""correct"": ""no"",
  ""score"": 0
}"
1135,2bb31b69-fcda-4f54-8338-f590944df999,What is done just before spreading the cards on the floor?,Cards are picked.,"Just before spreading the cards on the floor, a hand holding a smartphone appears and starts to spread them out.",What event order,no,1,"{
  ""correct"": ""no"",
  ""score"": 1
}"
1136,2bb31b69-fcda-4f54-8338-f590944df999,"In the video, did I play cards before shuffling them?",No.,"Yes, you played cards before shuffling them.",Order Judging(Y/N),no,0,"{""correct"": ""no"", ""score"": 0}"
1137,2bb31b69-fcda-4f54-8338-f590944df999,"In the video, did I shuffle the cards before picking them?",Yes.,"Yes, the person in the video picks up a card and then shuffles it before continuing to shuffle the remaining cards.",Order Judging(Y/N),no,1,"{
  ""correct"": ""no"",
  ""score"": 1
}"
1138,2bb31b69-fcda-4f54-8338-f590944df999,What is the action before reshuffling the cards in the video?,Separating the cards.,"Before reshuffling, the person is holding a deck of cards and appears to be counting or organizing them.",What event order,no,2,"{
  ""correct"": ""no"",
  ""score"": 2
}"
1139,2bb31b69-fcda-4f54-8338-f590944df999,What is the setting of the video?,A room with two people playing poker.,"The setting of the video is a cozy living room with wooden flooring, featuring a couch and various items scattered around.",Scene Summary,no,1,"{
  ""correct"": ""no"",
  ""score"": 1
}"
1140,2bb31b69-fcda-4f54-8338-f590944df999,What objects are present in the scene?,"Cards, a tablecloth, and personal items on the floor.","The objects present in the scene include a deck of playing cards, a smartphone, and some papers.",Scene Summary,no,2,"{""correct"": ""no"", ""score"": 2}"
1141,2bb31b69-fcda-4f54-8338-f590944df999,What is the main focus of the camera?,The poker game and the players' actions.,"The main focus of the camera is on a person playing cards, with their hands moving around and adjusting the cards.",Scene Summary,no,2,"{
  ""correct"": ""no"",
  ""score"": 2
}"
1142,2bb31b69-fcda-4f54-8338-f590944df999,What stage of the game is shown?,"The preparation phase, shuffling and dealing cards.","The video shows the game in progress, with cards being dealt and players making hand gestures.",Action Caption,no,2,"{
  ""correct"": ""no"",
  ""score"": 2
}"
1143,2bb31b69-fcda-4f54-8338-f590944df999,Capture the essence of the action in a short phrase.,An intense poker game in progress.,A person is seen holding a card and then places it back on the table.,Action Caption,no,1,"{
  ""correct"": ""no"",
  ""score"": 1
}"
1144,2bb31b69-fcda-4f54-8338-f590944df999,Did the person shuffle the cards more than once?,Yes.,"Yes, the person shuffled the cards multiple times.",Whether Something Happened(Y/N),yes,5,"{
  ""correct"": ""yes"",
  ""score"": 5
}"
1145,2bb31b69-fcda-4f54-8338-f590944df999,Is there another activity besides poker being portrayed?,No.,"Yes, there is another activity portrayed in the video where a person is seen holding and examining a smartphone.",Whether Something Happened(Y/N),no,0,"{
  ""correct"": ""no"",
  ""score"": 0
}"
1146,2bb31b69-fcda-4f54-8338-f590944df999,Are both players sitting on chairs?,"No, they are sitting on the floor.","No, only one player is sitting on a chair.",Whether Something Happened(Y/N),no,2,"{
  ""correct"": ""no"",
  ""score"": 2
}"
1147,2bb31b69-fcda-4f54-8338-f590944df999,"In the video, is the card reshuffling performed before picking the cards?",No,"Yes, the card reshuffling is performed before picking the cards.",Order Judging(Y/N),no,0,"{""correct"": ""no"", ""score"": 0}"
1148,2bb31b69-fcda-4f54-8338-f590944df999,Is the lady X present in the room before I reshuffle the cards?,Yes,Yes.,Order Judging(Y/N),yes,5,"{""correct"": ""yes"", ""score"": 5}"
1149,2bb31b69-fcda-4f54-8338-f590944df999,Do I play the cards before lady X picks her phone?,No,"No, the video does not show any action of playing the cards before lady X picks her phone.",Order Judging(Y/N),yes,5,"{
  ""correct"": ""yes"",
  ""score"": 5
}"
1150,2bb31b69-fcda-4f54-8338-f590944df999,Are the cards picked before they are played?,Yes,"Yes, the cards are picked up before they are played.",Order Judging(Y/N),yes,5,"{
  ""correct"": ""yes"",
  ""score"": 5
}"
1151,2bb31b69-fcda-4f54-8338-f590944df999,What happens just before the cards are played in the video?,The cards are reshuffled.,"Just before the cards are played, a hand holding a white cup appears and places it on the table.",What event order,no,0,"{
  ""correct"": ""no"",
  ""score"": 0
}"
1152,2bb31b69-fcda-4f54-8338-f590944df999,What do we see happening just before the cards are picked?,The cards are reshuffled.,"Just before the cards are picked, we see a person holding a smartphone and another hand reaching towards them.",What event order,no,0,"{
  ""correct"": ""no"",
  ""score"": 0
}"
1153,2bb31b69-fcda-4f54-8338-f590944df999,What action takes place before reshuffling the cards?,The cards are picked.,"Before reshuffling, the person in the striped sweater is seen holding a white cup and appears to be preparing to shuffle the cards.",What event order,no,1,"{
  ""correct"": ""no"",
  ""score"": 1
}"
1154,2bb31b69-fcda-4f54-8338-f590944df999,"Before the poker game begins, what is the last action performed?",The cards are reshuffled.,"The last action performed is the person in the striped sweater holding a white cup, possibly to take a sip.",What event order,no,0,"{""correct"": ""no"", ""score"": 0}"
1155,2bb31b69-fcda-4f54-8338-f590944df999,Did the card reshuffling happen before picking the cards?,No,"Yes, the card reshuffling happened before picking the cards.",Order Judging(Y/N),no,0,"{""correct"": ""no"", ""score"": 0}"
1156,2bb31b69-fcda-4f54-8338-f590944df999,Was playing cards done after picking the cards?,Yes,"Yes, after picking the cards, both hands were seen holding the playing cards.",Order Judging(Y/N),yes,5,"{
  ""correct"": ""yes"",
  ""score"": 5
}"
1157,2bb31b69-fcda-4f54-8338-f590944df999,What happened just before playing poker cards?,Reshuffled the cards,"Just before playing poker cards, the person in the striped sweater was seen holding a white cup and gesturing with their hands.",What event order,no,0,"{
  ""correct"": ""no"",
  ""score"": 0
}"
1158,2bb31b69-fcda-4f54-8338-f590944df999,What occurs right before reshuffling the cards?,Picked the cards,"A person in a pink and white striped, holding a smartphone, appears to be interacting with the cards.",What event order,no,1,"{
  ""correct"": ""no"",
  ""score"": 1
}"
1159,2bb31b69-fcda-4f54-8338-f590944df999,What action took place just before picking the cards?,Reshuffled the cards,"Just before picking the cards, a hand holding a smartphone was seen.",What event order,no,0,"{
  ""correct"": ""no"",
  ""score"": 0
}"
1160,2bb31b69-fcda-4f54-8338-f590944df999,What environment is presented in the video?,A casual indoor space with a card game being played.,"The video is set in a cozy, indoor environment with wooden flooring and various items scattered around the room.",Scene Summary,no,2,"{
  ""correct"": ""no"",
  ""score"": 2
}"
1161,2bb31b69-fcda-4f54-8338-f590944df999,What sequence of actions is depicted here?,"Selecting, organizing, and using cards in a game is depicted.","The sequence of events depicted in the video is as follows: a person holding a white cup, another person pouring liquid into it, and then both individuals playing cards.",Action Caption,no,1,"{
  ""correct"": ""no"",
  ""score"": 1
}"
1162,2bb31b69-fcda-4f54-8338-f590944df999,How are the participants utilizing the items?,They are using cards for a recreational activity.,"The participants are using the items in a playful and interactive manner, with one person holding a card or small object while another holds a drink.",Action Caption,no,2,"{
  ""correct"": ""no"",
  ""score"": 2
}"
1163,2bb31b69-fcda-4f54-8338-f590944df999,Is there a competitive game being played in this scene?,Yes.,"No, there is no visible competitive game being played/INFO",Whether Something Happened(Y/N),no,0,"{""correct"": ""no"", ""score"": 0}"
1164,2bb31b69-fcda-4f54-8338-f590944df999,Has any card been placed face-up on the carpet?,Yes.,"Yes, a card has been placed face-up on the carpet.",Whether Something Happened(Y/N),yes,5,"{
  ""correct"": ""yes"",
  ""score"": 5
}"
1165,2bb31b69-fcda-4f54-8338-f590944df999,Are there drinks present on the floor beside the players?,Yes.,Yes.,Whether Something Happened(Y/N),yes,5,"{""correct"": ""yes"", ""score"": 5}"
1166,2bb31b69-fcda-4f54-8338-f590944df999,Is there a document visible on the floor?,Yes.,Yes.,Whether Something Happened(Y/N),yes,5,"{
  ""correct"": ""yes"",
  ""score"": 5
}"
1167,2bb31b69-fcda-4f54-8338-f590944df999,Are both participants actively selecting cards?,Yes.,"Yes, both participants are actively selecting cards from the deck.",Whether Something Happened(Y/N),yes,5,"{
  ""correct"": ""yes"",
  ""score"": 5
}"
1168,2bb31b69-fcda-4f54-8338-f590944df999,Is the poker game played before reshuffling the cards?,No,"Yes, the video shows a hand of cards being shuffled on the table before reshuffling.",Order Judging(Y/N),no,0,"{
  ""correct"": ""no"",
  ""score"": 0
}"
1169,2bb31b69-fcda-4f54-8338-f590944df999,What action is performed immediately before reshuffling?,Picking the cards,"Before reshuffling, the person holding a white cup is seen drinking from it.",What event order,no,0,"{
  ""correct"": ""no"",
  ""score"": 0
}"
1170,2bb31b69-fcda-4f54-8338-f590944df999,Was the poker card played after the cards were picked?,Yes.,"Yes, the video shows a hand of poker cards being dealt and then picked up by another person.",Order Judging(Y/N),yes,4,"{
  ""correct"": ""yes"",
  ""score"": 4
}"
1171,2bb31b69-fcda-4f54-8338-f590944df999,What action occurs before playing the card game?,Separating cards.,"Before playing the card game, a person is seen holding a white cup and drinking/INFO",What event order,no,0,"{
  ""correct"": ""no"",
  ""score"": 0
}"
1172,2bb31b69-fcda-4f54-8338-f590944df999,What is done just before reshuffling the cards?,Picking the cards.,"Just before reshuffling the cards, one of the players holds a white cup and drinks from it.",What event order,no,0,"{
""correct"": ""no"",
""score"": 0
}"
1173,2bb31b69-fcda-4f54-8338-f590944df999,What is the main setting of this scene?,The setting is a room where a poker card game is being played.,The main setting of this scene is a cozy living room where two individuals are engaged in playing cards.,Scene Summary,no,2,"{
  ""correct"": ""no"",
  ""score"": 2
}"
1174,2bb31b69-fcda-4f54-8338-f590944df999,How many participants are involved in the card game?,There are two participants in the card game.,Two participants are involved in the card game.,Scene Summary,yes,5,"{
  ""correct"": ""yes"",
  ""score"": 5
}"
1175,2bb31b69-fcda-4f54-8338-f590944df999,What objects are primarily visible on the table?,Visible objects include poker cards and scattered items.,The objects primarily visible on the table are a white cup and some scattered papers.,Scene Summary,no,1,"{
  ""correct"": ""no"",
  ""score"": 1
}"
1176,2bb31b69-fcda-4f54-8338-f590944df999,Describe the sequence of actions with the poker cards.,"The poker cards are picked up, shuffled, then played in turns.","The sequence of actions begins with the person holding a deck of cards, then they shuffle them and deal one card to each player. The game continues as the players take turns dealing cards from their respective hands.",Action Caption,no,2,"{
  ""correct"": ""no"",
  ""score"": 2
}"
1177,2bb31b69-fcda-4f54-8338-f590944df999,Did I carry out a reshuffle of the poker cards?,Yes.,"Yes, the person in the striped socks was seen holding a card and making a reshuffle of the poker cards.",Whether Something Happened(Y/N),yes,5,"{""correct"": ""yes"", ""score"": 5}"
1178,2bb31b69-fcda-4f54-8338-f590944df999,Was a complete poker game played in this clip?,Yes.,"Yes, the video shows a complete poker game being played by two individuals.",Whether Something Happened(Y/N),yes,5,"{
  ""correct"": ""yes"",
  ""score"": 5
}"
1179,2bb31b69-fcda-4f54-8338-f590944df999,Did the game involve more than two players?,No.,"Yes, the game involved more than two players as indicated by the presence of multiple hands and cards on the table.",Whether Something Happened(Y/N),no,0,"{""correct"": ""no"", ""score"": 0}"
1180,2bb31b69-fcda-4f54-8338-f590944df999,Did I participate in dealing the cards?,Yes.,"Yes, you were the one who dealt the cards.",Whether Something Happened(Y/N),yes,5,"{
  ""correct"": ""yes"",
  ""score"": 5
}"
1181,2bb31b69-fcda-4f54-8338-f590944df999,"In the video, did the card shuffling happen before playing the game?",Yes.,"Yes, the card shuffling happened before playing the game.",Order Judging(Y/N),yes,5,"{
  ""correct"": ""yes"",
  ""score"": 5
}"
1182,2bb31b69-fcda-4f54-8338-f590944df999,Did the playing of poker cards occur before reshuffling the cards?,No.,"Yes, the playing of poker cards occurred before reshuffling the cards.",Order Judging(Y/N),no,0,"{""correct"": ""no"", ""score"": 0}"
1183,2bb31b69-fcda-4f54-8338-f590944df999,Did picking the cards happen after playing the card game?,No.,"Yes, the person in the striped socks is seen picking up a card from the deck of cards.",Order Judging(Y/N),no,0,"{
  ""correct"": ""no"",
  ""score"": 0
}"
1184,2bb31b69-fcda-4f54-8338-f590944df999,What happens just before playing the poker card game in the video?,Reshuffling the cards.,"Just before playing the poker card game, one of the players takes a sip from a white cup.",What event order,no,0,"{
  ""correct"": ""no"",
  ""score"": 0
}"
1185,2bb31b69-fcda-4f54-8338-f590944df999,What occurs directly before playing the card game?,Separating the cards.,"A person is seen holding a cup, possibly containing a beverage.",What event order,no,0,"{
  ""correct"": ""no"",
  ""score"": 0
}"
1186,2bb31b69-fcda-4f54-8338-f590944df999,"In the video, was the poker card played before they were reshuffled?",No,"Yes, the poker card was played before they were reshuffled.",Order Judging(Y/N),no,0,"{""correct"": ""no"", ""score"": 0}"
1187,2bb31b69-fcda-4f54-8338-f590944df999,"In the clip, was the poker card reshuffled after card separation?",Yes,"Yes, the poker card was reshuffled after card separation.",Order Judging(Y/N),yes,5,"{
  ""correct"": ""yes"",
  ""score"": 5
}"
1188,2bb31b69-fcda-4f54-8338-f590944df999,What occurs just before playing the poker card in the video?,Reshuffling the cards,"Just before playing the poker card, a person is seen holding a cup and drinking from it.",What event order,no,0,"{
  ""correct"": ""no"",
  ""score"": 0
}"
1189,2bb31b69-fcda-4f54-8338-f590944df999,"In the video, what event precedes playing the card game?",Separating cards,"The event that precedes playing the card game is a person holding a cup and a drink, possibly indicating they are taking a break or enjoying some refreshments.",What event order,no,0,"{
  ""correct"": ""no"",
  ""score"": 0
}"
1190,2bb31b69-fcda-4f54-8338-f590944df999,What does this video clip depict in the room scene?,The video shows a card game session in a room.,"The video clip depicts a person playing a card game, likely a variation of the 'Clue' or 'Poker' card game, with several cards spread out on the floor.",Scene Summary,yes,4,"{
  ""correct"": ""yes"",
  ""score"": 4
}"
1191,2bb31b69-fcda-4f54-8338-f590944df999,What can you infer about the location in the video?,"It is a casual, home-like space with a seated person.","The location appears to be a casual indoor setting, possibly a living room or a similar space.",Scene Summary,yes,4,"{
  ""correct"": ""yes"",
  ""score"": 4
}"
1192,2bb31b69-fcda-4f54-8338-f590944df999,Do these frames show any specific action with the cards?,"Yes, the cards are being reshuffled by the person.","No, the frames do not show any specific action with the cards; they are simply laid out on the table.",Action Caption,no,0,"{
  ""correct"": ""no"",
  ""score"": 0
}"
1193,2bb31b69-fcda-4f54-8338-f590944df999,Did the scene show a game in progress?,Yes.,"Yes, the scene showed a game in progress as indicated by the cards being dealt and the player's focused demeanor.",Whether Something Happened(Y/N),yes,5,"{
  ""correct"": ""yes"",
  ""score"": 5
}"
1194,2bb31b69-fcda-4f54-8338-f590944df999,Was there a card shuffle taking place?,Yes.,"Yes, there was a card shuffle taking place.",Whether Something Happened(Y/N),yes,5,"{
  ""correct"": ""yes"",
  ""score"": 5
}"
1195,2bb31b69-fcda-4f54-8338-f590944df999,Did they play the cards on a traditional table?,No.,"No, they played the cards on a patterned rug.",Whether Something Happened(Y/N),yes,5,"{
  ""correct"": ""yes"",
  ""score"": 5
}"
1196,2bb31b69-fcda-4f54-8338-f590944df999,Was the person alone in this activity?,No.,"Yes, the person was alone in this activity.",Whether Something Happened(Y/N),no,0,"{""correct"": ""no"", ""score"": 0}"
1197,2bb31b69-fcda-4f54-8338-f590944df999,Did the video capture an outdoor event?,No.,No.,Whether Something Happened(Y/N),yes,5,"{
  ""correct"": ""yes"",
  ""score"": 5
}"
1198,2bb31b69-fcda-4f54-8338-f590944df999,What action takes place immediately before the carpet is covered?,Sitting down.,"Before the carpet is covered, a hand holding a card appears and places it on top of the cards.",What event order,no,0,"{
  ""correct"": ""no"",
  ""score"": 0
}"
1199,2bb31b69-fcda-4f54-8338-f590944df999,Is the card game played before reshuffling the cards?,No,Yes.,Order Judging(Y/N),no,0,"{""correct"": ""no"", ""score"": 0}"
1200,2bb31b69-fcda-4f54-8338-f590944df999,Is picking the cards shown before separating them?,Yes,"Yes, the video shows a close-up of hands holding cards before separating them.",Order Judging(Y/N),yes,5,"{
  ""correct"": ""yes"",
  ""score"": 5
}"
1201,2bb31b69-fcda-4f54-8338-f590944df999,Does separating cards happen before reshuffling?,Yes,"Yes, before reshuffling, the cards are separated and placed on a table.",Order Judging(Y/N),yes,5,"{
  ""correct"": ""yes"",
  ""score"": 5
}"
1202,2bb31b69-fcda-4f54-8338-f590944df999,Is reshuffling the cards shown before playing poker?,Yes,"Yes, the video shows a hand of cards being shuffled before starting to play poker.",Order Judging(Y/N),yes,5,"{
  ""correct"": ""yes"",
  ""score"": 5
}"
1203,2bb31b69-fcda-4f54-8338-f590944df999,Does picking cards occur before playing the card game?,Yes,"Yes, picking cards occurs before playing the card game.",Order Judging(Y/N),yes,5,"{
  ""correct"": ""yes"",
  ""score"": 5
}"
1204,2bb31b69-fcda-4f54-8338-f590944df999,What is the current setting in the video clip?,A room where a card game is being played.,The current setting in the video clip is a cozy living room where two people are engaged in playing cards.,Scene Summary,yes,4,"{
  ""correct"": ""yes"",
  ""score"": 4
}"
1205,2bb31b69-fcda-4f54-8338-f590944df999,What objects are central to the scene in the video?,A deck of poker cards.,"The central objects in the scene are a deck of cards, a smartphone, and a small white cup.",Scene Summary,no,2,"{
  ""correct"": ""no"",
  ""score"": 2
}"
1206,2bb31b69-fcda-4f54-8338-f590944df999,What is the main focus of the scene?,The act of playing a poker game.,The main focus of the scene is a card game being played by two individuals.,Scene Summary,yes,4,"{
  ""correct"": ""yes"",
  ""score"": 4
}"
1207,2bb31b69-fcda-4f54-8338-f590944df999,Detail the sequence of actions with the cards.,"Cards are being selected, shuffled, and dealt for poker.","The sequence of actions includes the person holding a card, examining it closely, and then placing it back on the table. The other person is seen reaching out to pick up another card from the table.",Action Caption,no,1,"{
  ""correct"": ""no"",
  ""score"": 1
}"
1208,2bb31b69-fcda-4f54-8338-f590944df999,Does the scene show a poker game in action?,Yes.,Yes.,Whether Something Happened(Y/N),yes,5,"{
  ""correct"": ""yes"",
  ""score"": 5
}"
1209,2bb31b69-fcda-4f54-8338-f590944df999,Does the video include a moment of card shuffling?,Yes.,"Yes, the video includes a moment of card shuffling where one hand is holding cards and another is reaching for them.",Whether Something Happened(Y/N),yes,5,"{
  ""correct"": ""yes"",
  ""score"": 5
}"
1210,2bb31b69-fcda-4f54-8338-f590944df999,Is a card game being organized on a carpet?,Yes.,Yes.,Whether Something Happened(Y/N),yes,5,"{
  ""correct"": ""yes"",
  ""score"": 5
}"
1211,2bb31b69-fcda-4f54-8338-f590944df999,Does the clip show someone dealing cards?,Yes.,Yes,Whether Something Happened(Y/N),yes,5,"{
  ""correct"": ""yes"",
  ""score"": 5
}"
1212,2bb31b69-fcda-4f54-8338-f590944df999,Is the lady sitting on the floor while playing cards?,Yes.,Yes.,Whether Something Happened(Y/N),yes,5,"{
  ""correct"": ""yes"",
  ""score"": 5
}"
1213,2bb31b69-fcda-4f54-8338-f590944df999,Did the card shuffling happen before playing cards?,Yes,"Yes, the card shuffling happened before playing cards.",Order Judging(Y/N),yes,5,"{
  ""correct"": ""yes"",
  ""score"": 5
}"
1214,2bb31b69-fcda-4f54-8338-f590944df999,Was the room entered before the cards were reshuffled?,Yes,"Yes, the room was entered before the cards were reshuffled.",Order Judging(Y/N),yes,5,"{
  ""correct"": ""yes"",
  ""score"": 5
}"
1215,2bb31b69-fcda-4f54-8338-f590944df999,Did card shuffling occur before the cards were picked?,No,"Yes, the card shuffling occurred before the cards were picked.",Order Judging(Y/N),no,0,"{""correct"": ""no"", ""score"": 0}"
1216,2bb31b69-fcda-4f54-8338-f590944df999,What action is performed right before playing cards?,Reshuffling the cards,"A hand is shown holding a card, likely preparing to shuffle or deal cards.",What event order,no,1,"{
  ""correct"": ""no"",
  ""score"": 1
}"
1217,2bb31b69-fcda-4f54-8338-f590944df999,What happens just before reshuffling the cards?,Picking up the cards,"Just before reshuffling, the person in the colorful shirt reaches out to pick up a card from the deck.",What event order,yes,5,"{
  ""correct"": ""yes"",
  ""score"": 5
}"
1218,2bb31b69-fcda-4f54-8338-f590944df999,What is done immediately before picking up cards?,Entering the room,"Before picking up cards, the person is seen holding a card in their hand.",What event order,no,1,"{""correct"": ""no"", ""score"": 1}"
1219,2bb31b69-fcda-4f54-8338-f590944df999,What takes place immediately after reshuffling cards?,Playing cards,"After reshuffling cards, the person in the colorful shirt and blue sweater is seen holding a card with a red heart symbol.",What event order,no,1,"{
  ""correct"": ""no"",
  ""score"": 1
}"
1220,2bb31b69-fcda-4f54-8338-f590944df999,"In the video, is the poker game started before reshuffling the cards?",No,"Yes, the poker game is started before reshuffling the cards.",Order Judging(Y/N),no,0,"{""correct"": ""no"", ""score"": 0}"
1221,2bb31b69-fcda-4f54-8338-f590944df999,"In the video, is the poker game initiated before the cards are spread out on the floor?",Yes,"Yes, the poker game is initiated before the cards are spread out on the floor.",Order Judging(Y/N),yes,5,"{
  ""correct"": ""yes"",
  ""score"": 5
}"
1222,2bb31b69-fcda-4f54-8338-f590944df999,What happens just before the cards are reshuffled in the video?,The cards are picked up,"Just before the cards are reshuffled, a hand holding a card appears and starts to shuffle the deck.",What event order,no,1,"{
  ""correct"": ""no"",
  ""score"": 1
}"
1223,2bb31b69-fcda-4f54-8338-f590944df999,What happens immediately before the cards are spread out on the floor?,Poker game is played,"A hand holding a card appears, and the person in the colorful shirt starts to spread out the cards.",What event order,no,1,"{
  ""correct"": ""no"",
  ""score"": 1
}"
1224,2bb31b69-fcda-4f54-8338-f590944df999,What activity is being depicted in this room?,A card game is being played in the room.,"The activity depicted in the room is a card game, specifically playing cards.",Scene Summary,yes,5,"{
  ""correct"": ""yes"",
  ""score"": 5
}"
1225,2bb31b69-fcda-4f54-8338-f590944df999,What can you deduce about the space shown?,"It's a lived-in room with a casual, cozy setting.","The space shown is a cozy room with wooden flooring, a television mounted on the wall, and various items scattered around, including a plant in the corner.",Scene Summary,yes,4,"{
  ""correct"": ""yes"",
  ""score"": 4
}"
1226,2bb31b69-fcda-4f54-8338-f590944df999,Where are the players sitting in the scenario?,The players are seated on the floor.,The players are sitting on the floor in a cozy living room setting.,Scene Summary,yes,5,"{
  ""correct"": ""yes"",
  ""score"": 5
}"
1227,2bb31b69-fcda-4f54-8338-f590944df999,What are the visible objects associated with the activity?,Playing cards and casual footwear are visible.,"The visible objects associated with the activity include a smartphone, playing cards, and a small black object.",Scene Summary,no,2,"{""correct"": ""no"", ""score"": 2}"
1228,2bb31b69-fcda-4f54-8338-f590944df999,Does playing poker occur after picking cards?,Yes,"Yes, after picking cards, the person picks up a card and places it on the table.",Order Judging(Y/N),yes,4,"{
  ""correct"": ""yes"",
  ""score"": 4
}"
1229,2bb31b69-fcda-4f54-8338-f590944df999,Are cards picked before reshuffling?,Yes,"Yes, cards are picked before reshuffling.",Order Judging(Y/N),yes,5,"{
  ""correct"": ""yes"",
  ""score"": 5
}"
1230,2bb31b69-fcda-4f54-8338-f590944df999,Is the poker card played after reshuffling?,Yes,"Yes, the poker card is played after reshuffling.",Order Judging(Y/N),yes,5,"{
  ""correct"": ""yes"",
  ""score"": 5
}"
1231,2bb31b69-fcda-4f54-8338-f590944df999,What happens just before reshuffling the cards?,Picking the cards,"Just before reshuffling, the person places a card back on the table.",What event order,no,1,"{
""correct"": ""no"",
""score"": 1
}"
1232,2bb31b69-fcda-4f54-8338-f590944df999,"In the video, is a card picked up before reshuffling the deck?",No,"Yes, a card is picked up before reshuffling the deck.",Order Judging(Y/N),no,0,"{""correct"": ""no"", ""score"": 0}"
1233,2bb31b69-fcda-4f54-8338-f590944df999,"In the video, does playing cards occur before picking any card from the deck?",No,"Yes, before picking any card from the deck, a hand is seen holding a card and placing it on the table.",Order Judging(Y/N),no,0,"{
  ""correct"": ""no"",
  ""score"": 0
}"
1234,2bb31b69-fcda-4f54-8338-f590944df999,"In the video, what happens before reshuffling the cards?",Picking up the cards,"Before reshuffling, the person in the striped socks is seen holding a card and looking at it.",What event order,no,1,"{
  ""correct"": ""no"",
  ""score"": 1
}"
1235,2bb31b69-fcda-4f54-8338-f590944df999,What takes place just after the cards are picked up?,Reshuffling the cards,"After the cards are picked up, a hand reaches out to pick up one of the playing cards.",What event order,no,1,"{
  ""correct"": ""no"",
  ""score"": 1
}"
1236,2bb31b69-fcda-4f54-8338-f590944df999,What is done right after reshuffling the deck?,Playing poker cards,"After reshuffling the deck, one of the players places a card on the table.",What event order,no,2,"{
  ""correct"": ""no"",
  ""score"": 2
}"
1237,2bb31b69-fcda-4f54-8338-f590944df999,What is the setting of the scene depicted?,The setting is inside a room with two individuals playing poker.,"The scene is set in a cozy living room with wooden flooring, featuring a television on the left side and various items scattered around.",Scene Summary,no,1,"{
  ""correct"": ""no"",
  ""score"": 1
}"
1238,2bb31b69-fcda-4f54-8338-f590944df999,What objects are prominent in this scene?,Poker cards and hands are prominent in the scene.,"Prominent objects in the scene include a deck of cards, a smartphone, and various other items scattered on the floor.",Scene Summary,no,2,"{""correct"": ""no"", ""score"": 2}"
1239,2bb31b69-fcda-4f54-8338-f590944df999,Is there a card game being played in this video?,Yes.,Yes.,Whether Something Happened(Y/N),yes,5,"{
  ""correct"": ""yes"",
  ""score"": 5
}"
1240,2bb31b69-fcda-4f54-8338-f590944df999,Does this video show a person dealing cards?,Yes.,"Yes, the video shows a person dealing cards.",Whether Something Happened(Y/N),yes,5,"{
  ""correct"": ""yes"",
  ""score"": 5
}"
1241,2bb31b69-fcda-4f54-8338-f590944df999,Are the poker cards being reshuffled in this scene?,Yes.,"Yes, the poker cards are being reshuffled in this scene.",Whether Something Happened(Y/N),yes,5,"{
  ""correct"": ""yes"",
  ""score"": 5
}"
1242,2bb31b69-fcda-4f54-8338-f590944df999,Did the card reshuffling occur before playing poker?,Yes.,"Yes, the card reshuffling occurred before playing poker.",Order Judging(Y/N),yes,5,"{
  ""correct"": ""yes"",
  ""score"": 5
}"
1243,2bb31b69-fcda-4f54-8338-f590944df999,Do I wear blue sleeves before the lady reads a card?,Yes.,"Yes, the lady is wearing blue sleeves before she reads a card.",Order Judging(Y/N),yes,5,"{
  ""correct"": ""yes"",
  ""score"": 5
}"
1244,2bb31b69-fcda-4f54-8338-f590944df999,Are poker cards spread on the carpet before organizing them into rows?,Yes.,"Yes, poker cards are spread out on the carpet before organizing them into rows.",Order Judging(Y/N),yes,5,"{
  ""correct"": ""yes"",
  ""score"": 5
}"
1245,2bb31b69-fcda-4f54-8338-f590944df999,Is the picking of cards done before reshuffling?,No,"Yes, the picking of cards is done before reshuffling.",Order Judging(Y/N),no,0,"{""correct"": ""no"", ""score"": 0}"
1246,2bb31b69-fcda-4f54-8338-f590944df999,Is playing poker done after reshuffling cards?,Yes,"Yes, after reshuffling cards, the game is completed.",Order Judging(Y/N),yes,5,"{""correct"": ""yes"", ""score"": 5}"
1247,2bb31b69-fcda-4f54-8338-f590944df999,Does the reshuffling occur before arranging cards on the floor?,Yes,"Yes, the reshuffling occurs before arranging cards on the floor.",Order Judging(Y/N),yes,5,"{
  ""correct"": ""yes"",
  ""score"": 5
}"
1248,2bb31b69-fcda-4f54-8338-f590944df999,What takes place right before picking cards?,Sitting in the room,A hand reaches out to pick up a card from the deck.,What event order,no,0,"{
  ""correct"": ""no"",
  ""score"": 0
}"
1249,2bb31b69-fcda-4f54-8338-f590944df999,What activity is taking place in this clip?,Playing cards with a woman.,"The activity taking place in this clip is a card game, specifically playing cards.",Scene Summary,no,3,"{""correct"": ""no"", ""score"": 3}"
1250,2bb31b69-fcda-4f54-8338-f590944df999,What is the setting of this scene?,Inside a house.,"The setting of this scene is a cozy living room with wooden flooring, where two people are engaged in playing cards.",Scene Summary,yes,4,"{
  ""correct"": ""yes"",
  ""score"": 4
}"
1251,2bb31b69-fcda-4f54-8338-f590944df999,What objects are prominently featured in this clip?,Cards and a carpet.,"Prominently featured objects include a deck of cards, a small white cup with a straw, and a pair of shoes.",Scene Summary,no,2,"{
  ""correct"": ""no"",
  ""score"": 2
}"
1252,2bb31b69-fcda-4f54-8338-f590944df999,What is the atmosphere in this scene?,Casual indoor leisure.,"The atmosphere in this scene is casual and relaxed, with the participants enjoying a card game.",Scene Summary,yes,4,"{
  ""correct"": ""yes"",
  ""score"": 4
}"
1253,2bb31b69-fcda-4f54-8338-f590944df999,Is there any interaction between the players?,"Yes, they are playing a game together.","Yes, the players are seen making hand gestures and pointing at cards, indicating a discussion or exchange of information.",Action Caption,yes,4,"{
  ""correct"": ""yes"",
  ""score"": 4
}"
1254,2bb31b69-fcda-4f54-8338-f590944df999,Can you describe the table setup for the game?,Cards are spread out haphazardly on the carpet.,"The table setup includes a white mug, a pink cup, and some scattered papers.",Action Caption,no,0,"{
  ""correct"": ""no"",
  ""score"": 0
}"
1255,2bb31b69-fcda-4f54-8338-f590944df999,How are the players seated during the game?,They are sitting cross-legged on the floor.,"The players are seated on the floor, with one player sitting cross-legged and holding a card in their hand.",Action Caption,yes,4,"{
  ""correct"": ""yes"",
  ""score"": 4
}"
1256,2bb31b69-fcda-4f54-8338-f590944df999,Did the game just start?,"No, it is in progress as cards are already spread out.","Yes, the game started as indicated by the person's hand gesture and the cards being laid out on the table.",Whether Something Happened(Y/N),no,1,"{
  ""correct"": ""no"",
  ""score"": 1
}"
1257,2bb31b69-fcda-4f54-8338-f590944df999,Did reshuffling the cards happen before playing the poker cards?,Yes.,"Yes, the cards were reshuffled before playing the poker cards.",Order Judging(Y/N),yes,5,"{
  ""correct"": ""yes"",
  ""score"": 5
}"
1258,2bb31b69-fcda-4f54-8338-f590944df999,Did laying out the cards on the floor occur after sitting down?,Yes.,"Yes, the cards were laid out on the floor after sitting down.",Order Judging(Y/N),yes,5,"{
  ""correct"": ""yes"",
  ""score"": 5
}"
1259,2bb31b69-fcda-4f54-8338-f590944df999,Did the game of cards start after the cards were laid out?,Yes.,"Yes, the game of cards started after the cards were laid out.",Order Judging(Y/N),yes,5,"{
  ""correct"": ""yes"",
  ""score"": 5
}"
1260,2bb31b69-fcda-4f54-8338-f590944df999,Did I play cards before reshuffling them?,No,"Yes, you played cards before reshuffling them.",Order Judging(Y/N),no,0,"{""correct"": ""no"", ""score"": 0}"
1261,2bb31b69-fcda-4f54-8338-f590944df999,Was the rug visible before I dealt the cards?,Yes,"Yes, the rug was visible before I dealt the cards.",Order Judging(Y/N),yes,5,"{
  ""correct"": ""yes"",
  ""score"": 5
}"
1262,2bb31b69-fcda-4f54-8338-f590944df999,Did I spread cards on the floor before sitting down?,Yes,"Yes, the person sitting down spread cards on the floor before sitting down.",Order Judging(Y/N),yes,5,"{""correct"": ""yes"", ""score"": 5}"
1263,2bb31b69-fcda-4f54-8338-f590944df999,Were cards in my hand before reshuffling?,No,"Yes, cards were in their original positions before reshuffling.",Order Judging(Y/N),no,0,"{""correct"": ""no"", ""score"": 0}"
1264,2bb31b69-fcda-4f54-8338-f590944df999,Was I seated before the cards were displayed face-up?,Yes,"Yes, you were seated before the cards were displayed face-up.",Order Judging(Y/N),yes,5,"{
  ""correct"": ""yes"",
  ""score"": 5
}"
1265,2bb31b69-fcda-4f54-8338-f590944df999,What happened just before playing cards?,Reshuffled the cards,"Just before playing cards, the person in the purple shirt was seen holding a card and gesturing with their hand.",What event order,no,1,"{
  ""correct"": ""no"",
  ""score"": 1
}"
1266,2bb31b69-fcda-4f54-8338-f590944df999,What happened before reshuffling the cards?,Sat in the room,"Before reshuffling, the person was seen holding a card and gesturing with their hand.",What event order,no,1,"{
  ""correct"": ""no"",
  ""score"": 1
}"
1267,2bb31b69-fcda-4f54-8338-f590944df999,What did I do before spreading cards on the floor?,Reshuffled them,"Before spreading cards on the floor, you were playing a card game.",What event order,no,1,"{
  ""correct"": ""no"",
  ""score"": 1
}"
1268,2bb31b69-fcda-4f54-8338-f590944df999,What action took place before sitting down?,Entered the room,"Before sitting down, the person was seen holding a card and gesturing with their hand.",What event order,no,0,"{
  ""correct"": ""no"",
  ""score"": 0
}"
1269,2bb31b69-fcda-4f54-8338-f590944df999,What activity is being performed in the scene?,Playing cards is the activity.,"The activity being performed in the scene is playing cards, with one person holding a deck of cards and another person receiving them.",Scene Summary,yes,5,"{
  ""correct"": ""yes"",
  ""score"": 5
}"
1270,2bb31b69-fcda-4f54-8338-f590944df999,How many individuals are participating in the activity?,Two individuals are participating.,Two individuals are participating in the activity.,Scene Summary,yes,5,"{
  ""correct"": ""yes"",
  ""score"": 5
}"
1271,2bb31b69-fcda-4f54-8338-f590944df999,Can you describe the setting of the video clip?,"The setting is indoors, on the floor with a rug.","The video clip takes place in a cozy living room setting, with a person sitting on the floor and another person standing nearby. The background includes a couch, a potted plant, and some scattered items like a cup and a bottle.",Scene Summary,no,2,"{
  ""correct"": ""no"",
  ""score"": 2
}"
1272,2bb31b69-fcda-4f54-8338-f590944df999,What is the gender composition of the participants?,One male and one female are participating.,The participants are a woman and a man.,Scene Summary,yes,5,"{
  ""correct"": ""yes"",
  ""score"": 5
}"
1273,2bb31b69-fcda-4f54-8338-f590944df999,How are the participants positioned in the clip?,They are sitting on the floor.,"The participants are positioned on the floor, with one person sitting and holding a deck of cards.",Action Caption,yes,5,"{
  ""correct"": ""yes"",
  ""score"": 5
}"
1274,2bb31b69-fcda-4f54-8338-f590944df999,Describe the interaction between the individuals.,They are engaged in a card game.,"The interaction between the individuals is focused and engaging, with one person holding a deck of cards and another person actively playing cards. The atmosphere appears to be casual and friendly, as indicated by their relaxed postures and the presence of a potted plant in the background.",Action Caption,yes,4,"{
  ""correct"": ""yes"",
  ""score"": 4
}"
1275,2bb31b69-fcda-4f54-8338-f590944df999,Are there any other objects involved in the action?,"Yes, a deck of cards is involved.","Yes, there is a small black object on the floor near the person's feet.",Action Caption,no,1,"{
  ""correct"": ""no"",
  ""score"": 1
}"
1276,2bb31b69-fcda-4f54-8338-f590944df999,Is there a competitive activity occurring in the video?,Yes.,Yes.,Whether Something Happened(Y/N),yes,5,"{""correct"": ""yes"", ""score"": 5}"
1277,2bb31b69-fcda-4f54-8338-f590944df999,Is there a visible winner in the card game?,No.,"Yes, the person in the striped shirt is seen holding up a card with a red heart symbol, indicating they have won.",Whether Something Happened(Y/N),no,0,"{
  ""correct"": ""no"",
  ""score"": 0
}"
1278,2bb31b69-fcda-4f54-8338-f590944df999,Did I pick up a card before shuffling the deck?,No,"Yes, the person on the right is holding a card before shuffling.",Order Judging(Y/N),no,0,"{""correct"": ""no"", ""score"": 0}"
1279,2bb31b69-fcda-4f54-8338-f590944df999,Was the woman seen holding cards before I laid mine on the floor?,Yes,"Yes, the woman was seen holding cards before I laid mine on the floor.",Order Judging(Y/N),yes,5,"{
  ""correct"": ""yes"",
  ""score"": 5
}"
1280,2bb31b69-fcda-4f54-8338-f590944df999,Did I deal cards to the woman before sitting down?,No,"Yes, the woman was seen holding a deck of cards before sitting down.",Order Judging(Y/N),no,0,"{
  ""correct"": ""no"",
  ""score"": 0
}"
1281,2bb31b69-fcda-4f54-8338-f590944df999,Did the woman adjust her glasses before smiling at me?,Yes,"Yes, she adjusted her glasses before smiling at me.",Order Judging(Y/N),yes,5,"{
  ""correct"": ""yes"",
  ""score"": 5
}"
1282,2bb31b69-fcda-4f54-8338-f590944df999,Was the woman's sock visible before she crossed her legs?,Yes,"Yes, the woman's sock was visible before she crossed her legs.",Order Judging(Y/N),yes,5,"{
  ""correct"": ""yes"",
  ""score"": 5
}"
1283,2bb31b69-fcda-4f54-8338-f590944df999,What did the woman do before looking at her hand of cards?,She crossed her legs,"She was seen holding a small object, possibly a phone or a remote control.",What event order,no,0,"{""correct"": ""no"", ""score"": 0}"
1284,2bb31b69-fcda-4f54-8338-f590944df999,What occurred before the woman adjusted her glasses?,She held her cards,"Before adjusting her glasses, the woman was seen holding a deck of cards and looking at them intently.",What event order,yes,5,"{
  ""correct"": ""yes"",
  ""score"": 5
}"
1285,2bb31b69-fcda-4f54-8338-f590944df999,What action took place before I dealt the cards?,I picked up the deck,"Before I dealt the cards, a hand of black and red playing cards was shown to me.",What event order,no,1,"{
  ""correct"": ""no"",
  ""score"": 1
}"
1286,2bb31b69-fcda-4f54-8338-f590944df999,"In the video, is the poker game started before reshuffling the cards?",No,"Yes, the poker game is started before reshuffling the cards.",Order Judging(Y/N),no,0,"{""correct"": ""no"", ""score"": 0}"
1287,2bb31b69-fcda-4f54-8338-f590944df999,"In the sequence, does the lady pick up her cards before the cards are laid out on the floor?",Yes,"Yes, the lady picks up her cards before the cards are laid out on the floor.",Order Judging(Y/N),yes,5,"{
  ""correct"": ""yes"",
  ""score"": 5
}"
1288,2bb31b69-fcda-4f54-8338-f590944df999,"In the clip, do the cards get scattered on the table before being picked up?",Yes,"Yes, the cards get scattered on the table before being picked up.",Order Judging(Y/N),yes,5,"{
  ""correct"": ""yes"",
  ""score"": 5
}"
1289,2bb31b69-fcda-4f54-8338-f590944df999,Does the video show the lady with cards in hand before the cards are shuffled?,No,"Yes, the video shows the lady with cards in hand before the cards are shuffled.",Order Judging(Y/N),no,0,"{""correct"": ""no"", ""score"": 0}"
1290,2bb31b69-fcda-4f54-8338-f590944df999,What occurs just before the lady picks up her cards?,Cards are laid out on the floor,"Just before picking up her cards, the lady is seen holding a small object in her hand.",What event order,no,1,"{""correct"": ""no"", ""score"": 1}"
1291,2bb31b69-fcda-4f54-8338-f590944df999,"In the video, what happens before the cards are reshuffled?",A round of poker is played,"Before the cards are reshuffled, a hand holding a black object appears and starts to shuffle the deck of playing cards.",What event order,no,1,"{
  ""correct"": ""no"",
  ""score"": 1
}"
1292,2bb31b69-fcda-4f54-8338-f590944df999,What event happens before the cards get scattered on the table?,The lady picks up her cards,"Before the cards get scattered, a hand holding a card with a red heart is shown.",What event order,no,1,"{
  ""correct"": ""no"",
  ""score"": 1
}"
1293,2bb31b69-fcda-4f54-8338-f590944df999,What do we see happening before the cards are laid out on the floor?,Reshuffling of cards,"Before the cards are laid out on the floor, we see a person holding a deck of playing cards and another hand reaching towards them.",What event order,no,1,"{
  ""correct"": ""no"",
  ""score"": 1
}"
1294,2bb31b69-fcda-4f54-8338-f590944df999,What action takes place before the poker game starts?,Cards are reshuffled,"Before the poker game starts, a hand of cards is dealt from the deck.",What event order,no,1,"{
  ""correct"": ""no"",
  ""score"": 1
}"
1295,2bb31b69-fcda-4f54-8338-f590944df999,What is the setting of this video clip?,I played cards with a woman inside a house.,"The setting of the video clip is a cozy indoor environment, likely a living room or a similar space.",Scene Summary,yes,4,"{
  ""correct"": ""yes"",
  ""score"": 4
}"
1296,2bb31b69-fcda-4f54-8338-f590944df999,How many people are involved in the scene?,Two people are involved in the scene.,Two people are involved in the scene.,Scene Summary,yes,5,"{
  ""correct"": ""yes"",
  ""score"": 5
}"
1297,2bb31b69-fcda-4f54-8338-f590944df999,Is there a competitive element visible here?,"Yes, the card game implies a competitive interaction.","Yes, there is a competitive element visible in the scene as one of the players appears to be making a move or decision while holding cards.",Action Caption,yes,5,"{
  ""correct"": ""yes"",
  ""score"": 5
}"
1298,2bb31b69-fcda-4f54-8338-f590944df999,Did the individuals rearrange the furniture for playing?,No.,"Yes, the individuals rearranged the furniture-Methods",Whether Something Happened(Y/N),no,0,"{""correct"": ""no"", ""score"": 0}"
1299,2bb31b69-fcda-4f54-8338-f590944df999,Did someone draw a card in the clip?,Yes.,"Yes, someone was seen drawing a card from the deck.",Whether Something Happened(Y/N),yes,5,"{
  ""correct"": ""yes"",
  ""score"": 5
}"
1300,2bb31b69-fcda-4f54-8338-f590944df999,Did the scene involve any form of digital technology?,No.,"Yes, the scene involved a smartphone being held by one of the players.",Whether Something Happened(Y/N),no,0,"{
  ""correct"": ""no"",
  ""score"": 0
}"
1301,2bb31b69-fcda-4f54-8338-f590944df999,Did the people appear to be outdoors?,No.,"No, the setting appears to be indoors.",Whether Something Happened(Y/N),yes,5,"{
  ""correct"": ""yes"",
  ""score"": 5
}"
1302,2bb31b69-fcda-4f54-8338-f590944df999,"In the video, did the shoe appear before the card deck on the carpet?",Yes,"No, the shoe was not visible before the card deck on the carpet.",Order Judging(Y/N),no,0,"{""correct"": ""no"", ""score"": 0}"
1303,2bb31b69-fcda-4f54-8338-f590944df999,Was the hand holding cards before the bottle was seen?,Yes,"Yes, the hand holding cards was seen/INFO",Order Judging(Y/N),yes,4,"{""correct"": ""yes"", ""score"": 4}"
1304,2bb31b69-fcda-4f54-8338-f590944df999,"In the clip, did the playing of cards happen before the plant was visible?",No,"Yes, the playing of cards happened before the plant was visible.",Order Judging(Y/N),no,0,"{""correct"": ""no"", ""score"": 0}"
1305,2bb31b69-fcda-4f54-8338-f590944df999,What is shown before the bottle on the left side of the frame?,Cards on the floor,A bottle of wine is shown before the bottle on the left side of the frame.,What event order,no,0,"{
  ""correct"": ""no"",
  ""score"": 0
}"
1306,2bb31b69-fcda-4f54-8338-f590944df999,What do you see before the plant in the video's background?,A sofa,"Before the plant, there is a wooden floor and part of a white wall.",What event order,no,0,"{
  ""correct"": ""no"",
  ""score"": 0
}"
1307,2bb31b69-fcda-4f54-8338-f590944df999,Was the rug straightened before I sat down to play?,No.,"Yes, the rug was straightened before I sat down to play/INFO",Order Judging(Y/N),no,0,"{""correct"": ""no"", ""score"": 0}"
1308,2bb31b69-fcda-4f54-8338-f590944df999,Did I touch my foot before picking more cards from the pile?,No.,"Yes, the person picked up a card from the pile and placed it on their foot before picking more cards.",Order Judging(Y/N),no,0,"{""correct"": ""no"", ""score"": 0}"
1309,2bb31b69-fcda-4f54-8338-f590944df999,Were the cards spread out on the rug before the game started?,No.,"Yes, the cards were spread out on the rug before the game started.",Order Judging(Y/N),no,0,"{
  ""correct"": ""no"",
  ""score"": 0
}"
1310,2bb31b69-fcda-4f54-8338-f590944df999,Did I pick a card from my hand before the woman looked at hers?,Yes.,"Yes, the woman picked a card from her hand before looking at hers.",Order Judging(Y/N),no,2,"{""correct"": ""no"", ""score"": 2}"
1311,2bb31b69-fcda-4f54-8338-f590944df999,What occurs just before I look at my cards?,I pick them up.,"Just before looking at the cards, the person is seen holding a card in their hand.",What event order,no,1,"{
  ""correct"": ""no"",
  ""score"": 1
}"
1312,2bb31b69-fcda-4f54-8338-f590944df999,What action takes place before the game begins?,Sitting down on the rug.,"Before the game begins, a hand is shown holding a deck of cards.",What event order,no,1,"{
  ""correct"": ""no"",
  ""score"": 1
}"
1313,2bb31b69-fcda-4f54-8338-f590944df999,What happens before more cards are picked from the pile?,Playing a round of cards.,"Before more cards are picked from the pile, a black object is placed on the floor.",What event order,no,0,"{
  ""correct"": ""no"",
  ""score"": 0
}"
1314,2bb31b69-fcda-4f54-8338-f590944df999,What activity takes place in this scene?,Playing cards in the house.,A card game involving playing cards and money is taking place.,Scene Summary,yes,4,"{
  ""correct"": ""yes"",
  ""score"": 4
}"
1315,2bb31b69-fcda-4f54-8338-f590944df999,Where are the individuals in this scene?,Inside a house.,The individuals are sitting on the floor in a room.,Scene Summary,yes,4,"{
  ""correct"": ""yes"",
  ""score"": 4
}"
1316,2bb31b69-fcda-4f54-8338-f590944df999,What objects are central in this scenario?,Cards on the floor.,"The central objects in this scenario are the playing cards, money, and a smartphone.",Scene Summary,no,2,"{
  ""correct"": ""no"",
  ""score"": 2
}"
1317,2bb31b69-fcda-4f54-8338-f590944df999,How is the room in the clip furnished?,There's a bookshelf and a couch.,"The room is furnished with a wooden floor, a white wall, and various items scattered around.",Scene Summary,no,1,"{
  ""correct"": ""no"",
  ""score"": 1
}"
1318,2bb31b69-fcda-4f54-8338-f590944df999,What action is the person opposite performing?,Holding and presumably playing cards.,"The person opposite is holding a smartphone and appears to be interacting with it, possibly reading or typing something.",Action Caption,no,0,"{
  ""correct"": ""no"",
  ""score"": 0
}"
1319,2bb31b69-fcda-4f54-8338-f590944df999,What seems to be the immediate action captured in the frame?,Dealing or picking up cards.,"The immediate action captured in the frame includes a person holding money, another person holding cards, and an individual pointing at something on the table.",Action Caption,no,1,"{
  ""correct"": ""no"",
  ""score"": 1
}"
1320,2bb31b69-fcda-4f54-8338-f590944df999,What can be said about the card game's progression?,It looks mid-game with several cards played.,"The card game progresses with the person in the colorful shirt making hand gestures and pointing at cards, while the other player is holding a deck of cards. The scene suggests an ongoing game where both players are actively participating and interacting with each other.",Action Caption,no,1,"{
  ""correct"": ""no"",
  ""score"": 1
}"
1321,2bb31b69-fcda-4f54-8338-f590944df999,Is there a card game occurring?,Yes.,Yes.,Whether Something Happened(Y/N),yes,5,"{
  ""correct"": ""yes"",
  ""score"": 5
}"
1322,2bb31b69-fcda-4f54-8338-f590944df999,Is there more than one participant in the game?,Yes.,Yes.,Whether Something Happened(Y/N),yes,5,"{
  ""correct"": ""yes"",
  ""score"": 5
}"
1323,2bb31b69-fcda-4f54-8338-f590944df999,Have any cards been laid out on the floor?,Yes.,"Yes, several cards have been laid out on the floor.",Whether Something Happened(Y/N),yes,5,"{
  ""correct"": ""yes"",
  ""score"": 5
}"
1324,2bb31b69-fcda-4f54-8338-f590944df999,Is the activity taking place indoors?,Yes.,Yes.,Whether Something Happened(Y/N),yes,5,"{
  ""correct"": ""yes"",
  ""score"": 5
}"
1325,2bb31b69-fcda-4f54-8338-f590944df999,Does it appear to be a formal card-playing setting?,No.,"No, the setting appears informal and relaxed.",Whether Something Happened(Y/N),yes,5,"{
  ""correct"": ""yes"",
  ""score"": 5
}"
1326,2bb31b69-fcda-4f54-8338-f590944df999,Was the rug visible before I started playing cards?,Yes.,"Yes, the rug was visible before I started playing cards.",Order Judging(Y/N),yes,5,"{
  ""correct"": ""yes"",
  ""score"": 5
}"
1327,2bb31b69-fcda-4f54-8338-f590944df999,Did the plant appear in the frame before the game began?,Yes.,"Yes, the plant appears in the frame near the person holding a smartphone.",Order Judging(Y/N),yes,5,"{
  ""correct"": ""yes"",
  ""score"": 5
}"
1328,2bb31b69-fcda-4f54-8338-f590944df999,What happens before I sit on the floor?,The setting of the room is displayed.,"Before sitting on the floor, a person is seen holding money and a smartphone.",What event order,no,0,"{
  ""correct"": ""no"",
  ""score"": 0
}"
1329,2bb31b69-fcda-4f54-8338-f590944df999,"In the video, does the arrangement of cards on the floor change before a new card is drawn?",No,"Yes, the arrangement of cards on the floor changes before a new card is drawn.",Order Judging(Y/N),no,0,"{""correct"": ""no"", ""score"": 0}"
1330,2bb31b69-fcda-4f54-8338-f590944df999,"In the video, is the heart card shown before a player picks more cards?",Yes,"Yes, the heart card is shown before a player picks more cards.",Order Judging(Y/N),yes,5,"{
  ""correct"": ""yes"",
  ""score"": 5
}"
1331,2bb31b69-fcda-4f54-8338-f590944df999,Does the woman put down a card before all cards are laid out?,Yes,"Yes, the woman puts down a card before all cards are laid out.",Order Judging(Y/N),yes,5,"{
  ""correct"": ""yes"",
  ""score"": 5
}"
1332,2bb31b69-fcda-4f54-8338-f590944df999,What occurs just before a new card is drawn from the deck?,Players examine their cards,"Just before a new card is drawn, the person in the colorful shirt places their hand on their knee and gestures with their other hand.",What event order,no,1,"{
  ""correct"": ""no"",
  ""score"": 1
}"
1333,2bb31b69-fcda-4f54-8338-f590944df999,"In the video sequence, what do we see happening before the cards are spread out?",A card is being placed down,"Before the cards are spread out, we see a person holding a smartphone and another person pointing at something on the floor.",What event order,no,0,"{
  ""correct"": ""no"",
  ""score"": 0
}"
1334,2bb31b69-fcda-4f54-8338-f590944df999,What takes place right before more cards are picked from the deck?,The woman sorts her cards,"A hand holding a card is shown, indicating the start of another round in the game.",What event order,no,1,"{
  ""correct"": ""no"",
  ""score"": 1
}"
1335,af400f98-3c57-46ad-acac-eaca6f940180,What location is shown in the video frame?,It shows a road.,The video frame shows a paved road with a white line marking the edge.,Scene Summary,yes,5,"{
  ""correct"": ""yes"",
  ""score"": 5
}"
1336,af400f98-3c57-46ad-acac-eaca6f940180,Are there other people present in this scene?,"Yes, people are present.","Yes, there are other people present in the background.",Scene Summary,yes,5,"{
  ""correct"": ""yes"",
  ""score"": 5
}"
1337,af400f98-3c57-46ad-acac-eaca6f940180,Is the environment urban or rural?,The environment appears to be urban.,"The environment is urban, as indicated by the presence of a vehicle and other pedestrians.",Scene Summary,yes,5,"{
  ""correct"": ""yes"",
  ""score"": 5
}"
1338,af400f98-3c57-46ad-acac-eaca6f940180,Is the road busy or empty?,The road is busy with movement.,"The road is empty, with only a few people and a motorcycle visible.",Scene Summary,no,1,"{
  ""correct"": ""no"",
  ""score"": 1
}"
1339,af400f98-3c57-46ad-acac-eaca6f940180,What is the weather like in the scene?,The weather information is not provided.,The weather appears to be overcast.,Scene Summary,no,0,"{
  ""correct"": ""no"",
  ""score"": 0
}"
1340,af400f98-3c57-46ad-acac-eaca6f940180,Who is walking in this clip?,I am walking along the road.,A person wearing a patterned dress and red shoes is walking in this clip.,Action Caption,no,1,"{
  ""correct"": ""no"",
  ""score"": 1
}"
1341,af400f98-3c57-46ad-acac-eaca6f940180,What is the camera angle capturing?,The camera angle captures from the walker's perspective.,The camera angle is capturing the movement of two individuals walking on a paved road.,Action Caption,no,1,"{
  ""correct"": ""no"",
  ""score"": 1
}"
1342,af400f98-3c57-46ad-acac-eaca6f940180,Is there interaction with the passerby?,No interaction is mentioned or shown.,Yes.,Action Caption,no,0,"{""correct"": ""no"", ""score"": 0}"
1343,af400f98-3c57-46ad-acac-eaca6f940180,Do any vehicles pass by closely?,"The summary indicates vehicles move past, but closeness isn't specified.","Yes, a motorcycle passes by closely.",Action Caption,no,1,"{
  ""correct"": ""no"",
  ""score"": 1
}"
1344,af400f98-3c57-46ad-acac-eaca6f940180,Is there an accident occurring in the video?,"No, no accident is mentioned.",Yes.,Whether Something Happened(Y/N),no,0,"{""correct"": ""no"", ""score"": 0}"
1345,af400f98-3c57-46ad-acac-eaca6f940180,Is there any construction work shown in the video?,"No, no construction is mentioned.",No.,Whether Something Happened(Y/N),yes,5,"{
  ""correct"": ""yes"",
  ""score"": 5
}"
1346,af400f98-3c57-46ad-acac-eaca6f940180,Does the video frame show clear skies?,The video frame does not provide this information.,No.,Whether Something Happened(Y/N),no,1,"{
  ""correct"": ""no"",
  ""score"": 1
}"
1347,af400f98-3c57-46ad-acac-eaca6f940180,What is the main event depicted in this video clip?,A walk on the road with a woman and interactions with passersby.,"The main event depicted in the video clip is a person holding a cigarette and smoking it, with another individual walking beside them.",Scene Summary,no,1,"{
  ""correct"": ""no"",
  ""score"": 1
}"
1348,af400f98-3c57-46ad-acac-eaca6f940180,Which location is primarily featured in this video clip?,The video clip features a road.,The primary location featured in this video clip is a dirt road.,Scene Summary,yes,5,"{
  ""correct"": ""yes"",
  ""score"": 5
}"
1349,af400f98-3c57-46ad-acac-eaca6f940180,How many main subjects are involved in this video scenario?,"Two main subjects, a man and a woman.","Three main subjects are involved: the person in the blue and white patterned dress, the person with red shoes, and another individual wearing a dark outfit.",Scene Summary,no,1,"{
  ""correct"": ""no"",
  ""score"": 1
}"
1350,af400f98-3c57-46ad-acac-eaca6f940180,Are there other individuals present in this video scene besides the subjects?,"Yes, there are passersby present.","Yes, there is another person in a blue and white patterned dress walking behind the subjects.",Scene Summary,yes,5,"{
  ""correct"": ""yes"",
  ""score"": 5
}"
1351,af400f98-3c57-46ad-acac-eaca6f940180,What actions are shown in these new frames?,A person is seen walking and reaching out to others.,"The new frames show the person in a white shirt and blue patterned pants holding a stick, walking towards the camera with their hand extended as if to throw something.",Action Caption,no,2,"{
  ""correct"": ""no"",
  ""score"": 2
}"
1352,af400f98-3c57-46ad-acac-eaca6f940180,Is there any communication depicted in the clip?,"Yes, there is interaction with passersby.","Yes, there is a hand gesture that appears to be part of the communication between the two individuals.",Action Caption,no,2,"{
  ""correct"": ""no"",
  ""score"": 2
}"
1353,af400f98-3c57-46ad-acac-eaca6f940180,Can you describe the physical posture in this frame?,The person's arm is extended forward as if reaching out.,"The person in the white shirt is holding a stick, and their posture suggests they are walking or standing still.",Action Caption,no,1,"{
  ""correct"": ""no"",
  ""score"": 1
}"
1354,af400f98-3c57-46ad-acac-eaca6f940180,Are the movements in the video leisurely or hurried?,They appear leisurely.,The movements in the video are leisurely.,Action Caption,yes,5,"{
  ""correct"": ""yes"",
  ""score"": 5
}"
1355,af400f98-3c57-46ad-acac-eaca6f940180,Does the person in the video come into physical contact with others?,It is implied but not visible.,"No, the person in the video does not come into physical contact with others.",Whether Something Happened(Y/N),no,2,"{
  ""correct"": ""no"",
  ""score"": 2
}"
1356,af400f98-3c57-46ad-acac-eaca6f940180,Is the person in the video engaging in a conversation?,Yes.,Yes.,Whether Something Happened(Y/N),yes,5,"{
  ""correct"": ""yes"",
  ""score"": 5
}"
1357,af400f98-3c57-46ad-acac-eaca6f940180,Does the person walk on a grassy path in the video?,No.,Yes.,Whether Something Happened(Y/N),no,0,"{""correct"": ""no"", ""score"": 0}"
1358,af400f98-3c57-46ad-acac-eaca6f940180,Does the person in the video interact with more than one passerby?,Yes.,"Yes, the person in the video interacts with at least one other passerby.",Whether Something Happened(Y/N),no,2,"{
  ""correct"": ""no"",
  ""score"": 2
}"
1359,af400f98-3c57-46ad-acac-eaca6f940180,What is the setting of this video clip?,It's on a road with a person walking and interacting with a woman.,"The setting of the video clip is a narrow, wet road with patches of water and mud.",Scene Summary,no,2,"{
  ""correct"": ""no"",
  ""score"": 2
}"
1360,af400f98-3c57-46ad-acac-eaca6f940180,Is there any physical contact between the two individuals?,No.,"Yes, the person in the blue and white patterned dress is holding onto the other individual's hand as they walk.",Whether Something Happened(Y/N),no,0,"{
  ""correct"": ""no"",
  ""score"": 0
}"
1361,af400f98-3c57-46ad-acac-eaca6f940180,Did the person in the video stop walking while interacting?,No.,"Yes, the person in the video stopped walking while interacting with another individual.",Whether Something Happened(Y/N),no,0,"{
  ""correct"": ""no"",
  ""score"": 0
}"
1362,af400f98-3c57-46ad-acac-eaca6f940180,Is the communication friendly and non-threatening?,Yes.,"Yes, the communication is friendly and non-threatening.",Whether Something Happened(Y/N),yes,5,"{
  ""correct"": ""yes"",
  ""score"": 5
}"
1363,af400f98-3c57-46ad-acac-eaca6f940180,"In the video, do I interact with some passersby before walking with the woman on the road?",No,"Yes, I interact with some passersby before walking with the woman on the road.",Order Judging(Y/N),no,0,"{""correct"": ""no"", ""score"": 0}"
1364,af400f98-3c57-46ad-acac-eaca6f940180,"In the video, do I walk alone on the road before interacting with a woman?",Yes,"Yes, you walk alone on the road before interacting with a woman.",Order Judging(Y/N),yes,5,"{
  ""correct"": ""yes"",
  ""score"": 5
}"
1365,af400f98-3c57-46ad-acac-eaca6f940180,What do I do just before interacting with the woman on the road in the video?,Walk alone,You should hold the woman's hand and then turn to face her.,What event order,no,0,"{""correct"": ""no"", ""score"": 0}"
1366,20bc995f-c3de-4789-bd7a-34cf1a313b0c,Who is involved in the scene?,A man and some girls.,"The scene involves a person preparing food, likely in a street food setting.",Scene Summary,no,0,"{
  ""correct"": ""no"",
  ""score"": 0
}"
1367,20bc995f-c3de-4789-bd7a-34cf1a313b0c,What activity is taking place?,Food preparation.,"The activity taking place is the preparation of a dish, likely for serving or consumption.",Scene Summary,yes,5,"{
  ""correct"": ""yes"",
  ""score"": 5
}"
1368,20bc995f-c3de-4789-bd7a-34cf1a313b0c,What can be seen on the table in the scene?,Ingredients and cooking utensils.,"The table is cluttered with various food items, including a large metal bowl filled with a yellowish mixture and a small metal bowl containing white rice.",Scene Summary,no,2,"{
  ""correct"": ""no"",
  ""score"": 2
}"
1369,20bc995f-c3de-4789-bd7a-34cf1a313b0c,What is the camera wearer doing with the spoon?,Cooking food.,"The camera wearer is using the spoon to scoop and mix the contents of a bowl, which contains a mixture of ingredients.",Action Caption,yes,4,"{
  ""correct"": ""yes"",
  ""score"": 4
}"
1370,20bc995f-c3de-4789-bd7a-34cf1a313b0c,What can be assumed about the pace of the activity?,It is fast-paced.,"The activity appears to be fast-paced, as indicated by the close-up shots of hands working with various ingredients and utensils.",Action Caption,yes,5,"{
  ""correct"": ""yes"",
  ""score"": 5
}"
1371,20bc995f-c3de-4789-bd7a-34cf1a313b0c,Does the video show any monetary transaction?,No.,"Yes, the video shows a transaction of money being exchanged between the person and another individual.",Whether Something Happened(Y/N),no,0,"{
  ""correct"": ""no"",
  ""score"": 0
}"
1372,20bc995f-c3de-4789-bd7a-34cf1a313b0c,Is the food prepared for a large group?,Yes.,Yes.,Whether Something Happened(Y/N),yes,5,"{
  ""correct"": ""yes"",
  ""score"": 5
}"
1373,20bc995f-c3de-4789-bd7a-34cf1a313b0c,Does the camera wearer handle more than one dish?,Yes.,"Yes, the camera wearer handles two dishes.",Whether Something Happened(Y/N),yes,5,"{
  ""correct"": ""yes"",
  ""score"": 5
}"
1374,20bc995f-c3de-4789-bd7a-34cf1a313b0c,What is the setting in this video clip?,A food tent with servings of food.,"The setting is a bustling street food stall at night, with various dishes and ingredients on display.",Scene Summary,no,2,"{
  ""correct"": ""no"",
  ""score"": 2
}"
1375,20bc995f-c3de-4789-bd7a-34cf1a313b0c,Is the person serving food to more than one person?,Yes.,"Yes, the person is serving food to more than one person.",Whether Something Happened(Y/N),yes,5,"{
  ""correct"": ""yes"",
  ""score"": 5
}"
1376,20bc995f-c3de-4789-bd7a-34cf1a313b0c,Is there a pot included in the food items being served?,Yes.,"Yes, there is a pot included in the food items being served.",Whether Something Happened(Y/N),yes,5,"{
  ""correct"": ""yes"",
  ""score"": 5
}"
1377,20bc995f-c3de-4789-bd7a-34cf1a313b0c,Is the setting of this video during a nighttime event?,Yes.,Yes.,Whether Something Happened(Y/N),yes,5,"{
  ""correct"": ""yes"",
  ""score"": 5
}"
1378,20bc995f-c3de-4789-bd7a-34cf1a313b0c,Is the food made for a man and some girls before serving food under the tent?,Yes,"Yes, the food is made for a man and some girls before serving food under the tent.",Order Judging(Y/N),yes,5,"{""correct"": ""yes"", ""score"": 5}"
1379,20bc995f-c3de-4789-bd7a-34cf1a313b0c,What is the setting of the video clip?,At a roadside food stall.,"The setting of the video clip is a bustling street food stall with various dishes and ingredients on display, including fried snacks, pickled vegetables, and other food items.",Scene Summary,yes,5,"{
  ""correct"": ""yes"",
  ""score"": 5
}"
1380,20bc995f-c3de-4789-bd7a-34cf1a313b0c,Who is the main person interacting with others in the scene?,A food stall vendor.,The main person interacting with others is a child.,Scene Summary,no,0,"{
  ""correct"": ""no"",
  ""score"": 0
}"
1381,20bc995f-c3de-4789-bd7a-34cf1a313b0c,What type of interaction occurs between the vendor and customers?,Serving food and conversing.,The vendor interacts with customers by offering them food and engaging in a conversation.,Scene Summary,yes,5,"{
  ""correct"": ""yes"",
  ""score"": 5
}"
1382,20bc995f-c3de-4789-bd7a-34cf1a313b0c,How is the stall vendor engaging with the customers besides serving food?,Talking with them.,"The stall vendor is engaging with the customers by interacting with them through a mobile phone, possibly checking on their orders or sharing updates.",Action Caption,no,1,"{
  ""correct"": ""no"",
  ""score"": 1
}"
1383,20bc995f-c3de-4789-bd7a-34cf1a313b0c,Is the vendor wearing gloves while handling food?,No.,"Yes, the vendor is wearing gloves while handling food.",Whether Something Happened(Y/N),no,0,"{""correct"": ""no"", ""score"": 0}"
1384,20bc995f-c3de-4789-bd7a-34cf1a313b0c,Does the video show a customer receiving change after payment?,No.,"Yes, the video shows a customer receiving change after payment.",Whether Something Happened(Y/N),no,0,"{
  ""correct"": ""no"",
  ""score"": 0
}"
1385,20bc995f-c3de-4789-bd7a-34cf1a313b0c,Is there any interaction between the customers in the frame?,No.,"Yes, a customer is seen holding an item and interacting with the person at the counter.",Whether Something Happened(Y/N),no,0,"{
  ""correct"": ""no"",
  ""score"": 0
}"
1386,20bc995f-c3de-4789-bd7a-34cf1a313b0c,Does the stall have a digital payment option displayed?,Yes.,"Yes, the stall has a QR code displayed on its wall.",Whether Something Happened(Y/N),yes,5,"{
  ""correct"": ""yes"",
  ""score"": 5
}"
1387,20bc995f-c3de-4789-bd7a-34cf1a313b0c,Does the interaction with woman B happen before serving to woman C?,Yes,"Yes, the interaction with woman B happens before serving to woman C.",Order Judging(Y/N),yes,5,"{""correct"": ""yes"", ""score"": 5}"
1388,20bc995f-c3de-4789-bd7a-34cf1a313b0c,Do I serve food to a group of people before the roadside food stall scene?,No,"Yes, the person in a black shirt is seen serving food to a group of people before the roadside food stall scene.",Order Judging(Y/N),no,0,"{""correct"": ""no"", ""score"": 0}"
1389,20bc995f-c3de-4789-bd7a-34cf1a313b0c,"In the video, did I serve food under the tent before talking to man A at the stand?",No,"Yes, the man A at the stand was seen talking to someone before serving food under the tent.",Order Judging(Y/N),no,0,"{
  ""correct"": ""no"",
  ""score"": 0
}"
1390,20bc995f-c3de-4789-bd7a-34cf1a313b0c,"In the video, does serving pani puri occur before making food for the man and girls?",Yes,"Yes, the video shows a person serving pani puri to another individual before making food for them.",Order Judging(Y/N),yes,5,"{
  ""correct"": ""yes"",
  ""score"": 5
}"
1391,20bc995f-c3de-4789-bd7a-34cf1a313b0c,"What happens before interacting with woman A, B, and C at the roadside stall?",I serve food to a group of people.,"Before interacting with woman A, B, and C at the roadside stall, a person wearing a black shirt is seen holding a smartphone.",What event order,no,0,"{
  ""correct"": ""no"",
  ""score"": 0
}"
1392,20bc995f-c3de-4789-bd7a-34cf1a313b0c,Describe the setting of this video clip.,A roadside food stall at night.,"The video takes place in a bustling street food stall, characterized by vibrant colors and an array of colorful dishes. The scene is illuminated by artificial lighting, creating a lively atmosphere. A person wearing a blue shirt is seen interacting with the food items on display, including scooping up some of the curry paste from a large bowl.",Scene Summary,no,2,"{
  ""correct"": ""no"",
  ""score"": 2
}"
1393,20bc995f-c3de-4789-bd7a-34cf1a313b0c,Could you summarize the depicted scenario?,A person serving and conversing at a food stall.,"The image captures a bustling street food stall at night, with various dishes and ingredients on display. A person is seen holding a smartphone, possibly checking the menu or navigating through an app. The scene includes multiple bowls filled with different types of food, including what appears to be dosas and other fried items. The background features more food items and containers, contributing to the vibrant atmosphere of the market.",Scene Summary,no,2,"{
  ""correct"": ""no"",
  ""score"": 2
}"
1394,20bc995f-c3de-4789-bd7a-34cf1a313b0c,Did the vendor converse with two individuals?,Yes.,"Yes, the vendor engaged in a conversation with two individuals.",Whether Something Happened(Y/N),yes,5,"{
  ""correct"": ""yes"",
  ""score"": 5
}"
1395,20bc995f-c3de-4789-bd7a-34cf1a313b0c,"In the sequence, is food served at the roadside stall before the food tent?",No,Yes.,Order Judging(Y/N),no,0,"{""correct"": ""no"", ""score"": 0}"
1396,20bc995f-c3de-4789-bd7a-34cf1a313b0c,What scene is captured in the video clip?,A food stand with cooking in progress.,"The video captures a bustling street food stall at night, filled with vibrant colors and various dishes being prepared. The scene is illuminated by bright lights that highlight the colorful array of food items on display.",Scene Summary,yes,4,"{
  ""correct"": ""yes"",
  ""score"": 4
}"
1397,20bc995f-c3de-4789-bd7a-34cf1a313b0c,What's the brief of the depicted scenario?,Food preparation at a stand with a customer waiting.,"The brief of the depicted scenario is a person preparing food at an outdoor street food stall, with various dishes and ingredients on display.",Scene Summary,yes,4,"{
  ""correct"": ""yes"",
  ""score"": 4
}"
1398,20bc995f-c3de-4789-bd7a-34cf1a313b0c,Does the scene capture a customer receiving their order?,No.,Yes,Whether Something Happened(Y/N),no,0,"{""correct"": ""no"", ""score"": 0}"
1399,20bc995f-c3de-4789-bd7a-34cf1a313b0c,Is there any indication of a payment transaction in the video?,No.,"Yes, there is a person holding a small object in the foreground of the video, which could be a phone or a wallet.",Whether Something Happened(Y/N),no,0,"{
  ""correct"": ""no"",
  ""score"": 0
}"
1400,20bc995f-c3de-4789-bd7a-34cf1a313b0c,Does the video show the cook finishing the dish?,No.,"Yes, the cook is seen holding a small container and placing it into one of the bowls on the table.",Whether Something Happened(Y/N),no,0,"{
  ""correct"": ""no"",
  ""score"": 0
}"
1401,20bc995f-c3de-4789-bd7a-34cf1a313b0c,Is the cook multitasking between cooking and another activity?,Yes.,"Yes, the cook is seen handling a small container and another object in their hands while cooking.",Whether Something Happened(Y/N),yes,5,"{
  ""correct"": ""yes"",
  ""score"": 5
}"
1402,20bc995f-c3de-4789-bd7a-34cf1a313b0c,Does the cook appear to be preparing food for more than one person?,Yes.,"Yes, the cook appears to be preparing food for more than one person.",Whether Something Happened(Y/N),yes,5,"{
  ""correct"": ""yes"",
  ""score"": 5
}"
1403,20bc995f-c3de-4789-bd7a-34cf1a313b0c,Did the discussion with man X and man Y happen before serving woman Z?,No,"Yes, the discussion with man X and man Y happened before serving woman Z.",Order Judging(Y/N),no,0,"{""correct"": ""no"", ""score"": 0}"
1404,20bc995f-c3de-4789-bd7a-34cf1a313b0c,What event happened before the phone conversation?,Serving a different customer,"Before the phone conversation, a person was seen preparing food at an outdoor stall.",What event order,no,0,"{
  ""correct"": ""no"",
  ""score"": 0
}"
1405,20bc995f-c3de-4789-bd7a-34cf1a313b0c,Was food made for woman A after the interaction with woman B?,Yes,"Yes, food was made for woman A after the interaction with woman B.",Order Judging(Y/N),yes,5,"{
  ""correct"": ""yes"",
  ""score"": 5
}"
1406,20bc995f-c3de-4789-bd7a-34cf1a313b0c,Did the phone conversation occur before discussing with man Y?,Yes,"Yes, the phone conversation occurred before discussing with man Y.",Order Judging(Y/N),yes,5,"{
  ""correct"": ""yes"",
  ""score"": 5
}"
1407,20bc995f-c3de-4789-bd7a-34cf1a313b0c,What is seen happening before making food for man B?,Talked on the phone,"Before making food for man B, the scene shows a person preparing and serving food on a table.",What event order,no,0,"{
  ""correct"": ""no"",
  ""score"": 0
}"
1408,20bc995f-c3de-4789-bd7a-34cf1a313b0c,What took place just before making food for woman A?,Talked on the phone,"Just before making food for woman A, a person was seen holding a small container and preparing to pour some liquid into the bowl.",What event order,no,0,"{
  ""correct"": ""no"",
  ""score"": 0
}"
1409,20bc995f-c3de-4789-bd7a-34cf1a313b0c,What is the location of the scene in the video?,The location is at a food stand.,The scene is set in a bustling street food stall.,Scene Summary,yes,5,"{
  ""correct"": ""yes"",
  ""score"": 5
}"
1410,20bc995f-c3de-4789-bd7a-34cf1a313b0c,How many customers are being interacted with?,Three customers are being interacted with.,Two customers are being interacted with.,Scene Summary,no,1,"{""correct"": ""no"", ""score"": 1}"
1411,20bc995f-c3de-4789-bd7a-34cf1a313b0c,Does the frame show the server handing pani puris to a customer?,Yes.,Yes,Whether Something Happened(Y/N),yes,5,"{""correct"": ""yes"", ""score"": 5}"
1412,20bc995f-c3de-4789-bd7a-34cf1a313b0c,Is the shown frame depicting an indoor activity?,No.,No.,Whether Something Happened(Y/N),yes,5,"{
  ""correct"": ""yes"",
  ""score"": 5
}"
1413,20bc995f-c3de-4789-bd7a-34cf1a313b0c,Does the video involve interaction between the server and customers?,Yes.,"Yes, the server interacts with customers by offering them food and engaging in a phone call.",Whether Something Happened(Y/N),yes,5,"{
  ""correct"": ""yes"",
  ""score"": 5
}"
1414,20bc995f-c3de-4789-bd7a-34cf1a313b0c,Is the phone conversation happening before making food for woman A?,Yes,Yes.,Order Judging(Y/N),yes,5,"{
  ""correct"": ""yes"",
  ""score"": 5
}"
1415,20bc995f-c3de-4789-bd7a-34cf1a313b0c,Does man Z get served before the phone conversation starts?,No,"Yes, man Z gets served before the phone conversation starts.",Order Judging(Y/N),no,0,"{""correct"": ""no"", ""score"": 0}"
1416,20bc995f-c3de-4789-bd7a-34cf1a313b0c,"In the video, is the interaction with man X and Y before the food preparation for woman A and man B?",No,"Yes, the interaction with man X and Y before the food preparation for woman A and man B is not shown in the video.",Order Judging(Y/N),no,0,"{""correct"": ""no"", ""score"": 0}"
1417,20bc995f-c3de-4789-bd7a-34cf1a313b0c,Do I talk to man Z before making food for woman A and man B?,No.,"Yes, you are talking to the man Z before making food for woman A and man B.",Order Judging(Y/N),no,0,"{""correct"": ""no"", ""score"": 0}"
1418,20bc995f-c3de-4789-bd7a-34cf1a313b0c,Is the food prepared for woman Z before the interaction with man Z?,Yes.,"Yes, the food is prepared for woman Z before the interaction with man Z.",Order Judging(Y/N),yes,5,"{
  ""correct"": ""yes"",
  ""score"": 5
}"
1419,20bc995f-c3de-4789-bd7a-34cf1a313b0c,What do I do before making food for woman A and man B?,Talking on the phone.,"Before making food for woman A and man B, you should prepare the dish by adding ingredients to a pot or pan.",What event order,no,0,"{""correct"": ""no"", ""score"": 0}"
1420,20bc995f-c3de-4789-bd7a-34cf1a313b0c,How many individuals does the camera wearer interact with?,Three individuals.,The camera wearer interacts with two individuals.,Scene Summary,no,1,"{""correct"": ""no"", ""score"": 1}"
1421,20bc995f-c3de-4789-bd7a-34cf1a313b0c,Are there any objects visible in the scene?,"Yes, food and serving utensils.","Yes, there are various objects visible in the scene, including a large yellow container with a spoon inside, a red and white container, a black bottle, and other containers.",Scene Summary,yes,4,"{
  ""correct"": ""yes"",
  ""score"": 4
}"
1422,20bc995f-c3de-4789-bd7a-34cf1a313b0c,Is the environment depicted busy or calm?,"Busy, with serving and conversation happening.",The environment depicted is calm.,Scene Summary,no,0,"{""correct"": ""no"", ""score"": 0}"
1423,20bc995f-c3de-4789-bd7a-34cf1a313b0c,Did the camera wearer carry out more than one task?,"Yes, serving and conversing.","Yes, the camera wearer was seen holding a phone and interacting with it while standing near the food stall.",Action Caption,no,1,"{
  ""correct"": ""no"",
  ""score"": 1
}"
1424,20bc995f-c3de-4789-bd7a-34cf1a313b0c,Did the serving of food appear organized or haphazard?,"Organized, with food laid out.","The serving of food appeared organized, with the ingredients and containers neatly arranged on the table.",Action Caption,yes,5,"{
  ""correct"": ""yes"",
  ""score"": 5
}"
1425,20bc995f-c3de-4789-bd7a-34cf1a313b0c,Are all men engaged in eating or just conversing?,"Only one is shown eating, others converse.","The video shows a man eating from a bowl, but there is also a hand reaching towards the food on the table.",Action Caption,no,1,"{
""correct"": ""no"",
""score"": 1
}"
1426,20bc995f-c3de-4789-bd7a-34cf1a313b0c,Was there verbal exchange under the tent?,Yes.,"Yes, there was verbal exchange under the tent.",Whether Something Happened(Y/N),yes,5,"{
  ""correct"": ""yes"",
  ""score"": 5
}"
1427,20bc995f-c3de-4789-bd7a-34cf1a313b0c,Is there visible evidence of food being consumed in the frame?,Yes.,"Yes, there is a hand holding a small container of food in the frame.",Whether Something Happened(Y/N),yes,5,"{
  ""correct"": ""yes"",
  ""score"": 5
}"
1428,20bc995f-c3de-4789-bd7a-34cf1a313b0c,Does the scene suggest any sign of a rush or urgency?,"No, it appears orderly.","Yes, the scene suggests a rush or urgency due to the blurred background and the person's hand reaching out towards the food.",Whether Something Happened(Y/N),no,0,"{
  ""correct"": ""no"",
  ""score"": 0
}"
1429,20bc995f-c3de-4789-bd7a-34cf1a313b0c,Is the preparation of pani puris shown before serving them to man X and Y?,Yes,"Yes, the preparation of pani puris is shown before serving them to man X and Y.",Order Judging(Y/N),yes,5,"{
  ""correct"": ""yes"",
  ""score"": 5
}"
1430,20bc995f-c3de-4789-bd7a-34cf1a313b0c,Do I talk on the phone prior to serving food under the food tent?,Yes,"Yes, the person is seen holding a phone in their hand before serving food under the food tent.",Order Judging(Y/N),yes,5,"{
  ""correct"": ""yes"",
  ""score"": 5
}"
1431,20bc995f-c3de-4789-bd7a-34cf1a313b0c,What occurs just before serving food to man A under the food tent?,Preparing food,"Just before serving food to man A, the food tent is filled with various dishes and containers.",What event order,no,1,"{
  ""correct"": ""no"",
  ""score"": 1
}"
1432,20bc995f-c3de-4789-bd7a-34cf1a313b0c,What activity is taking place at the stall?,A person is serving potato balls and gruel.,"The activity taking place at the stall is preparing and serving food, with a person pouring a dark liquid into a bowl of chickpeas.",Scene Summary,no,2,"{
  ""correct"": ""no"",
  ""score"": 2
}"
1433,20bc995f-c3de-4789-bd7a-34cf1a313b0c,Who is interacting at the food stall?,"A server, a woman, and a girl.",A person wearing a blue shirt is interacting at the food stall.,Scene Summary,no,1,"{
  ""correct"": ""no"",
  ""score"": 1
}"
1434,20bc995f-c3de-4789-bd7a-34cf1a313b0c,What type of service is depicted at the stall?,Food service involving potato balls and gruel.,"The service depicted at the stall is a mobile food service, as indicated by the various containers and utensils visible on the table.",Scene Summary,no,2,"{
  ""correct"": ""no"",
  ""score"": 2
}"
1435,20bc995f-c3de-4789-bd7a-34cf1a313b0c,Who is preparing the food in the video clip?,The server at the stall.,The person preparing the food is wearing a blue shirt and holding a smartphone.,Action Caption,no,1,"{
  ""correct"": ""no"",
  ""score"": 1
}"
1436,20bc995f-c3de-4789-bd7a-34cf1a313b0c,What actions can be seen in the frame provided?,Preparing and serving food at the stall.,"The actions include the preparation of a dish, pouring liquid into it, scooping and adding ingredients to it, and handling food items.",Action Caption,yes,4,"{
  ""correct"": ""yes"",
  ""score"": 4
}"
1437,20bc995f-c3de-4789-bd7a-34cf1a313b0c,Is the food being freshly prepared or pre-packaged?,"Freshly prepared, as seen in the video.","The food is being freshly prepared, as indicated by the hand holding a small container and the ongoing process of adding ingredients to the dish.",Action Caption,yes,5,"{
  ""correct"": ""yes"",
  ""score"": 5
}"
1438,20bc995f-c3de-4789-bd7a-34cf1a313b0c,Does the server use any special tools for serving?,Not evident in the provided frame.,"Yes, the server uses a small spoon to scoop up the food and then uses a spatula to transfer it onto plates.",Action Caption,no,0,"{
""correct"": ""no"",
""score"": 0
}"
1439,20bc995f-c3de-4789-bd7a-34cf1a313b0c,Does the video show the server using a foam plate for serving?,Yes.,"Yes, the server is seen using a foam plate to scoop and serve the food.",Whether Something Happened(Y/N),yes,5,"{
  ""correct"": ""yes"",
  ""score"": 5
}"
1440,20bc995f-c3de-4789-bd7a-34cf1a313b0c,Can we see any cooking equipment in the video?,"Yes, in the provided frame.","Yes, there are various cooking equipment visible in the video.",Whether Something Happened(Y/N),yes,5,"{
  ""correct"": ""yes"",
  ""score"": 5
}"
1441,20bc995f-c3de-4789-bd7a-34cf1a313b0c,Did the serving of potato balls occur before serving gruel?,Yes,"Yes, the serving of potato balls occurred before serving gruel.",Order Judging(Y/N),yes,5,"{
  ""correct"": ""yes"",
  ""score"": 5
}"
1442,20bc995f-c3de-4789-bd7a-34cf1a313b0c,Was the conversation with man E before serving food to the woman Z?,No,"Yes, the conversation with man E was before serving food to the woman Z.",Order Judging(Y/N),no,0,"{""correct"": ""no"", ""score"": 0}"
1443,20bc995f-c3de-4789-bd7a-34cf1a313b0c,What event occurs just before serving food to man A?,Being under a food tent,"Just before serving food to man A, the scene transitions from a busy street-side food stall to an indoor setting where a person is seen holding a smartphone.",What event order,no,0,"{
  ""correct"": ""no"",
  ""score"": 0
}"
1444,20bc995f-c3de-4789-bd7a-34cf1a313b0c,What happens right before serving potato balls?,Interacting with a group of people,A person picks up a potato ball and places it into the bowl of chickpeas.,What event order,no,1,"{
  ""correct"": ""no"",
  ""score"": 1
}"
1445,20bc995f-c3de-4789-bd7a-34cf1a313b0c,What event happens before interacting with a group of people?,Being at a stall,"Before interacting with a group of people, the person is seen preparing food at an outdoor street food stall.",What event order,yes,5,"{""correct"": ""yes"", ""score"": 5}"
1446,20bc995f-c3de-4789-bd7a-34cf1a313b0c,Did the serving of potato balls happen before the gruel in foam plates?,No,"Yes, the serving of potato balls happened before the gruel in foam plates.",Order Judging(Y/N),no,0,"{""correct"": ""no"", ""score"": 0}"
1447,20bc995f-c3de-4789-bd7a-34cf1a313b0c,"In the video, is the food tent scene before the interaction with the group of people?",No,"Yes, the food tent scene is before the interaction with the group of people.",Order Judging(Y/N),no,0,"{""correct"": ""no"", ""score"": 0}"
1448,20bc995f-c3de-4789-bd7a-34cf1a313b0c,What do we see happening just before the food stand scene?,Serving at a stall,"Just before the food stand scene, we see a person holding a small container and interacting with the food on the table.",What event order,no,1,"{
  ""correct"": ""no"",
  ""score"": 1
}"
1449,20bc995f-c3de-4789-bd7a-34cf1a313b0c,What's the setting of the video clip?,Inside a food kiosk.,"The setting of the video clip is a bustling street food stall in India, characterized by vibrant colors and colorful decorations.",Scene Summary,no,2,"{
  ""correct"": ""no"",
  ""score"": 2
}"
1450,20bc995f-c3de-4789-bd7a-34cf1a313b0c,What is the primary activity occurring?,Food preparation and sales.,The primary activity is the preparation and serving of food at a street food stall.,Scene Summary,yes,4,"{
  ""correct"": ""yes"",
  ""score"": 4
}"
1451,20bc995f-c3de-4789-bd7a-34cf1a313b0c,Are there any customers present in the video?,"Yes, a group of people.","No, there are no customers present in the video.",Scene Summary,no,0,"{
  ""correct"": ""no"",
  ""score"": 0
}"
1452,20bc995f-c3de-4789-bd7a-34cf1a313b0c,What can be seen in the kiosk besides the food?,Food ingredients and cooking utensils.,"The kiosk is adorned with colorful decorations and has a variety of foodNECTA snacks, including chips and other fried items.",Scene Summary,no,1,"{
  ""correct"": ""no"",
  ""score"": 1
}"
1453,20bc995f-c3de-4789-bd7a-34cf1a313b0c,What type of food is being sold?,It is not specified.,The video does not provide information about the specific type of food being sold.,Action Caption,yes,5,"{
  ""correct"": ""yes"",
  ""score"": 5
}"
1454,20bc995f-c3de-4789-bd7a-34cf1a313b0c,Is the food seller working alone?,It's not clear from the clip.,"Yes, the food seller is working alone in a busy street food stall.",Action Caption,no,0,"{
  ""correct"": ""no"",
  ""score"": 0
}"
1455,20bc995f-c3de-4789-bd7a-34cf1a313b0c,Does the video show the exchange of goods for payment?,It is not confirmed.,"Yes, the video shows a person in the foreground holding a small container and placing it into the pot on the stove.",Action Caption,no,0,"{
  ""correct"": ""no"",
  ""score"": 0
}"
1456,20bc995f-c3de-4789-bd7a-34cf1a313b0c,Does the video show the food being cooked?,No.,"Yes, the video shows the food being cooked on a large metal plate.",Whether Something Happened(Y/N),no,0,"{
  ""correct"": ""no"",
  ""score"": 0
}"
1457,20bc995f-c3de-4789-bd7a-34cf1a313b0c,Does the video show the food being packaged?,"No, it shows it being prepared.","Yes, the video shows the food being packaged in a container.",Whether Something Happened(Y/N),no,0,"{
  ""correct"": ""no"",
  ""score"": 0
}"
1458,20bc995f-c3de-4789-bd7a-34cf1a313b0c,Is there any indication of the kiosk's location being outdoors?,No.,"Yes, the background of the image shows a street scene with buildings and other establishments, suggesting an outdoor setting.",Whether Something Happened(Y/N),no,0,"{
  ""correct"": ""no"",
  ""score"": 0
}"
1459,20bc995f-c3de-4789-bd7a-34cf1a313b0c,"In the video, is the gruel served after the interaction with the group of people?",Yes,"Yes, the gruel is served after the interaction with the group of people.",Order Judging(Y/N),yes,5,"{
  ""correct"": ""yes"",
  ""score"": 5
}"
1460,20bc995f-c3de-4789-bd7a-34cf1a313b0c,Was I at the kiosk before serving potato balls and gruel?,No,"Yes, you were at the kiosk before serving potato balls and gruel.",Order Judging(Y/N),no,0,"{""correct"": ""no"", ""score"": 0}"
1461,20bc995f-c3de-4789-bd7a-34cf1a313b0c,Did I sell food before I prepared it in the kiosk?,No,"Yes, the video shows a person preparing food in front of a kiosk with various dishes on display.",Order Judging(Y/N),no,0,"{""correct"": ""no"", ""score"": 0}"
1462,20bc995f-c3de-4789-bd7a-34cf1a313b0c,Is the food sold to the group of people after I prepared it?,Yes,"Yes, the food is served to the group of people after I prepared it.",Order Judging(Y/N),yes,5,"{
  ""correct"": ""yes"",
  ""score"": 5
}"
1463,20bc995f-c3de-4789-bd7a-34cf1a313b0c,What event took place before serving food to a group of people?,Prepared food in the kiosk,"Yes, the video shows a person preparing food in front of a group of people.",What event order,no,2,"{
  ""correct"": ""no"",
  ""score"": 2
}"
1464,20bc995f-c3de-4789-bd7a-34cf1a313b0c,Did I serve gruel before serving potato balls?,No,"Yes, the person in the video is seen serving a bowl of gruel before serving potato balls.",Order Judging(Y/N),no,0,"{
  ""correct"": ""no"",
  ""score"": 0
}"
