"video_id","question","answer","pred_answer","task"
"9198b9a4-8d8f-4ba6-9924-4c86982d890a","What task is being performed with vegetables?","Chopping vegetables.","The task being performed with vegetables is chopping and preparing them for the next step in the cooking process.","Scene Summary"
"9198b9a4-8d8f-4ba6-9924-4c86982d890a","What step is being taken with flatbread?","Wrapping sauce in flatbread.","The person is preparing to place flatbread on the cutting board.","Scene Summary"
"9198b9a4-8d8f-4ba6-9924-4c86982d890a","What kitchen fixture is being utilized?","Opening a cabinet.","A stove is being utilized in the kitchen.","Scene Summary"
"9198b9a4-8d8f-4ba6-9924-4c86982d890a","What's the overview of the action in the clip?","Preparing ingredients for a meal.","The clip shows a person preparing food in a kitchen, specifically focusing on cooking tacos. The scene includes the preparation of tacos by placing them into a large bowl and then adding ingredients to create a filling mixture.","Action Caption"
"9198b9a4-8d8f-4ba6-9924-4c86982d890a","Does the video show someone chopping vegetables?","Yes.","Yes","Whether Something Happened(Y/N)"
"9198b9a4-8d8f-4ba6-9924-4c86982d890a","Did the individual successfully open a kitchen cabinet?","Yes.","Yes, the individual successfully opened a kitchen cabinet to retrieve an ingredient.","Whether Something Happened(Y/N)"
"9198b9a4-8d8f-4ba6-9924-4c86982d890a","Is the flatbread being seasoned with sauce?","Yes.","Yes.","Whether Something Happened(Y/N)"
"9198b9a4-8d8f-4ba6-9924-4c86982d890a","Is there an occurrence of food being wrapped?","Yes.","Yes.","Whether Something Happened(Y/N)"
"9198b9a4-8d8f-4ba6-9924-4c86982d890a","Is the person using a knife for cooking tasks?","Yes.","Yes.","Whether Something Happened(Y/N)"
"9198b9a4-8d8f-4ba6-9924-4c86982d890a","What is the location in the video clip?","A kitchen.","The location is a kitchen.","Scene Summary"
"9198b9a4-8d8f-4ba6-9924-4c86982d890a","What kitchen activity is underway in the clip?","Cutting vegetables.","The kitchen activity underway in the clip is preparing food, specifically making tortillas.","Scene Summary"
"9198b9a4-8d8f-4ba6-9924-4c86982d890a","What tool does the person in the video use?","Knives.","The person uses a large knife to cut the tomatoes.","Scene Summary"
"9198b9a4-8d8f-4ba6-9924-4c86982d890a","What appliance does the person in the video handle?","The heat regulator of the cooker.","The person handles a dishwasher.","Scene Summary"
"9198b9a4-8d8f-4ba6-9924-4c86982d890a","What part of the kitchen furniture does the person interact with?","Drawers.","The person interacts with the kitchen cabinets and drawers.","Scene Summary"
"9198b9a4-8d8f-4ba6-9924-4c86982d890a","How is the person controlling the cooking temperature?","Operating the heat regulator.","The person is using a stove burner control knob to adjust the heat.","Action Caption"
"9198b9a4-8d8f-4ba6-9924-4c86982d890a","What can be inferred from the person's actions with the drawers?","Searching or organizing.","The person is organizing the kitchen drawers, possibly to make space for utensils or other items.","Action Caption"
"9198b9a4-8d8f-4ba6-9924-4c86982d890a","Does the clip show any cooking taking place?","No direct cooking, only preparation.","Yes, the clip shows a close-up of hands chopping tomatoes on a wooden cutting board in preparation for cooking.","Action Caption"
"9198b9a4-8d8f-4ba6-9924-4c86982d890a","Did the person successfully cut the vegetables?","Yes.","Yes, the person successfully cut the tomatoes into smaller pieces.","Whether Something Happened(Y/N)"
"9198b9a4-8d8f-4ba6-9924-4c86982d890a","Was the heat regulator adjusted to a specific level?","Yes, it was operated.","Yes, the heat regulator was adjusted to a medium level.","Whether Something Happened(Y/N)"
"9198b9a4-8d8f-4ba6-9924-4c86982d890a","Did the person use any other kitchen tools besides knives?","Heat regulator only mentioned.","Yes, the person used a spatula and a fork to mix the ingredients on the cutting board.","Whether Something Happened(Y/N)"
"9198b9a4-8d8f-4ba6-9924-4c86982d890a","Is the cabinet opened before wrapping the sauce in flat bread?","No","Yes.","Order Judging(Y/N)"
"9198b9a4-8d8f-4ba6-9924-4c86982d890a","Do I cut vegetables before operating the heat regulator on the cooker?","Yes","Yes, the person is seen holding a knife and slicing vegetables on the cutting board before operating the heat regulator.","Order Judging(Y/N)"
"9198b9a4-8d8f-4ba6-9924-4c86982d890a","Is the drawer opened before the vegetables are chopped?","No","Yes.","Order Judging(Y/N)"
"9198b9a4-8d8f-4ba6-9924-4c86982d890a","Does wrapping sauce in flat bread happen after cutting vegetables?","Yes","Yes, after cutting the tomatoes and garlic, they are placed on a wooden cutting board along with other ingredients like onions and herbs.","Order Judging(Y/N)"
"9198b9a4-8d8f-4ba6-9924-4c86982d890a","Do I open the cabinet before chopping the vegetables?","No","No, the video does not show any action of opening a cabinet.","Order Judging(Y/N)"
"9198b9a4-8d8f-4ba6-9924-4c86982d890a","What occurs just before wrapping the sauce in flat bread?","Chopping vegetables","Just before wrapping the sauce in flat bread, a hand is seen holding a knife and placing a tomato on a cutting board.","What event order"
"9198b9a4-8d8f-4ba6-9924-4c86982d890a","What takes place right before operating the heat regulator of the cooker?","Cutting vegetables with knives","A hand is seen adjusting the heat regulator on the stove.","What event order"
"9198b9a4-8d8f-4ba6-9924-4c86982d890a","What setting is shown in this video clip?","A kitchen.","The setting shown in this video clip is a kitchen where a person is preparing food on an electric stove.","Scene Summary"
"9198b9a4-8d8f-4ba6-9924-4c86982d890a","What task is being performed with tomatoes?","Cutting tomatoes.","The task being performed with tomatoes/INFO","Scene Summary"
"9198b9a4-8d8f-4ba6-9924-4c86982d890a","Is there an electronic device being used in this scene?","Yes, a mobile phone.","Yes.","Scene Summary"
"9198b9a4-8d8f-4ba6-9924-4c86982d890a","How is the sauce being utilized in the cooking process?","By spreading it on flatbreads.","The sauce is being poured over the tortillas, which are then placed into a fryingNECTO pan on the stove.","Action Caption"
"9198b9a4-8d8f-4ba6-9924-4c86982d890a","What activity is occurring aside from food preparation?","Operating a mobile phone.","Aside from food preparation, the activity involves cooking and serving.","Action Caption"
"9198b9a4-8d8f-4ba6-9924-4c86982d890a","What manual task is depicted involving food items?","Cutting vegetables, specifically tomatoes.","The manual task depicted involves rolling tortillas, which are then filled with a mixture of meat and vegetables.","Action Caption"
"9198b9a4-8d8f-4ba6-9924-4c86982d890a","Is someone chopping vegetables in the video?","Yes.","Yes, someone is chopping vegetables on the counter in the kitchen.","Whether Something Happened(Y/N)"
"9198b9a4-8d8f-4ba6-9924-4c86982d890a","Is the sauce being poured into a bowl?","No, it's being rolled in flatbreads.","No.","Whether Something Happened(Y/N)"
"9198b9a4-8d8f-4ba6-9924-4c86982d890a","Is a cooking activity happening in a bedroom?","No, it's happening in a kitchen.","No.","Whether Something Happened(Y/N)"
"9198b9a4-8d8f-4ba6-9924-4c86982d890a","Does the frame capture the act of grilling or frying?","No.","Yes, the frame captures the act of grilling in the final stages of the cooking process.","Whether Something Happened(Y/N)"
"9198b9a4-8d8f-4ba6-9924-4c86982d890a","In the video, are vegetables cut before the heat regulator is operated?","Yes","Yes, the vegetables are cut before the heat regulator is operated.","Order Judging(Y/N)"
"9198b9a4-8d8f-4ba6-9924-4c86982d890a","Does rolling sauce in flatbreads occur after cutting tomatoes?","Yes","Yes, after cutting tomatoes, the rolling sauce is added to the flatbreads.","Order Judging(Y/N)"
"9198b9a4-8d8f-4ba6-9924-4c86982d890a","Does the opening of the drawers happen before using the mobile phone?","No","Yes, the opening of the drawers happens before using the mobile phone.","Order Judging(Y/N)"
"9198b9a4-8d8f-4ba6-9924-4c86982d890a","Is the heat regulator operated before rolling sauce in flatbreads?","No","Yes, the heat regulator is turned on before rolling sauce in flatbreads.","Order Judging(Y/N)"
"9198b9a4-8d8f-4ba6-9924-4c86982d890a","What occurs just before rolling sauce in flatbreads?","Cutting tomatoes with a knife.","Just before rolling sauce in flatbreads, the person uses a spatula to spread the sauce evenly over the rolled dough.","What event order"
"9198b9a4-8d8f-4ba6-9924-4c86982d890a","What happens just before operating the heat regulator?","Cutting vegetables with knives.","Just before operating the heat regulator, the person is seen holding a smartphone and adjusting it to control the stove's temperature.","What event order"
"9198b9a4-8d8f-4ba6-9924-4c86982d890a","What is done just before opening drawers in the kitchen?","Operating the heat regulator of the cooker.","Just before opening drawers, the person uses a spatula to scrape out the contents of one drawerNECTO box into a bowl.","What event order"
"9198b9a4-8d8f-4ba6-9924-4c86982d890a","What activity occurs just before operating a mobile phone?","Rolling sauce in flatbreads.","Just before operating a mobile phone, the person is seen preparing to place a tortilla on a tray.","What event order"
"9198b9a4-8d8f-4ba6-9924-4c86982d890a","Is the cabinet opened before the vegetables are chopped?","No","Yes.","Order Judging(Y/N)"
"9198b9a4-8d8f-4ba6-9924-4c86982d890a","Does operating the heat regulator happen after chopping vegetables?","Yes","Yes, the person is seen adjusting the heat regulator on the stove to control the cooking process.","Order Judging(Y/N)"
"9198b9a4-8d8f-4ba6-9924-4c86982d890a","Is wrapping sauce in flat bread before cutting vegetables?","No","Yes","Order Judging(Y/N)"
"9198b9a4-8d8f-4ba6-9924-4c86982d890a","Do I use the mobile phone before opening drawers?","Yes","Yes, the mobile phone is placed on a drawer in the kitchen.","Order Judging(Y/N)"
"9198b9a4-8d8f-4ba6-9924-4c86982d890a","What happens just before the cabinet is opened in the video?","Chopping vegetables","Just before the cabinet is opened, a hand reaches into it to grab something inside.","What event order"
"9198b9a4-8d8f-4ba6-9924-4c86982d890a","What occurs immediately before operating the heat regulator?","Cutting vegetables with knives","The person is seen holding a smartphone, possibly to adjust the heat or view an app.","What event order"
"9198b9a4-8d8f-4ba6-9924-4c86982d890a","What do I do right before rolling sauce in flat breads?","Cutting tomatoes","You should roll the sauce in a small bowl to ensure it is evenly distributed.","What event order"
"9198b9a4-8d8f-4ba6-9924-4c86982d890a","What action takes place just before using the mobile phone?","Rolling sauce in flat breads","Just before using the mobile phone, a hand is seen holding a red spatula and placing it on the countertop.","What event order"
"9198b9a4-8d8f-4ba6-9924-4c86982d890a","What is done directly before opening drawers in the kitchen?","Operating the heat regulator.","The person is seen placing tortillas on a tray lined with parchment paper, which are then placed into the frying/INFO's tortilla wrap maker.","What event order"
"9198b9a4-8d8f-4ba6-9924-4c86982d890a","What is the setting of the latest video frame?","A kitchen.","The setting of the latest video frame is a kitchen with a countertop where the person is preparing food.","Scene Summary"
"9198b9a4-8d8f-4ba6-9924-4c86982d890a","What can be seen on the stove in the video clip?","A pan with shawarma filling and bread.","The stove in the video clip has two tortillas, a pot of chili, and a bowl of chopped green onions.","Scene Summary"
"9198b9a4-8d8f-4ba6-9924-4c86982d890a","How many pans are on the stove in the video?","Two pans.","There are two pans on the stove in the video.","Scene Summary"
"9198b9a4-8d8f-4ba6-9924-4c86982d890a","What objects are visible on the kitchen counter in the video?","Ingredients and utensils.","On the kitchen counter, there are various ingredients and utensils such as a cutting board with chopped green herbs, a bowl of diced tomatoes, a knife, a spoon, a bottle of oil, a container of grated cheese, and a blender.","Scene Summary"
"9198b9a4-8d8f-4ba6-9924-4c86982d890a","What cooking process is happening in the new frames?","Shawarma filling is being prepared.","The new frames show the person in the kitchen preparing a dish that involves rolling tortillas filled with a mixture of vegetables and possibly meat, as well as adding ingredients to them on the stovetop.","Action Caption"
"9198b9a4-8d8f-4ba6-9924-4c86982d890a","What action was the cook performing?","Adding bread to the shawarma filling.","The cook was preparing a dish by rolling tortillas, adding ingredients to the pan, and stirring them.","Action Caption"
"9198b9a4-8d8f-4ba6-9924-4c86982d890a","How is the cook interacting with the food?","By stirring and combining ingredients.","The cook is actively engaged in the cooking process, using a spatula to stir and mix ingredients on the pan.","Action Caption"
"9198b9a4-8d8f-4ba6-9924-4c86982d890a","Describe the cook's technique in the video clip.","Carefully scooping and spreading filling onto bread.","The cook is seen using a spatula to spread the filling evenly over each tortilla, ensuring it covers all sides. The person then uses a fork to lift and transfer the filled tortillas onto a plate, showcasing their readiness for cooking.","Action Caption"
"9198b9a4-8d8f-4ba6-9924-4c86982d890a","Is there more than one dish being cooked simultaneously?","Yes.","Yes, there are two dishes being cooked simultaneously on the stove.","Whether Something Happened(Y/N)"
"9198b9a4-8d8f-4ba6-9924-4c86982d890a","Is the cook wearing any protective gloves in the video?","No.","No, the cook is not wearing any protective gloves in the video.","Whether Something Happened(Y/N)"
"9198b9a4-8d8f-4ba6-9924-4c86982d890a","Does the video capture the addition of toppings to the shawarma?","No.","Yes, the video captures the addition of toppings to the shawarma by placing a dollop of shredded cheese on top and then adding chopped/INFO, which is a type of vegetable.","Whether Something Happened(Y/N)"
"9198b9a4-8d8f-4ba6-9924-4c86982d890a","Is the mobile phone operated before rolling sauce in flat breads?","No","No, the mobile phone is not operated before rolling sauce in flat breads.","Order Judging(Y/N)"
"9198b9a4-8d8f-4ba6-9924-4c86982d890a","Do I cut the tomatoes before preparing the shawarma?","Yes","Yes, the person in the video is seen cutting the tomatoes before preparing the shawarma.","Order Judging(Y/N)"
"9198b9a4-8d8f-4ba6-9924-4c86982d890a","Is the shawarma prepared before cutting tomatoes?","No","Yes, the shawarma is prepared by placing sliced tomatoes on top of the wrap before cutting them.","Order Judging(Y/N)"
"9198b9a4-8d8f-4ba6-9924-4c86982d890a","Do I roll sauce in flat breads after cutting tomatoes?","Yes","Yes, the person rolls sauce in flat breads after cutting tomatoes.","Order Judging(Y/N)"
"9198b9a4-8d8f-4ba6-9924-4c86982d890a","Is the mobile phone operated after preparing the shawarma?","Yes","Yes, the mobile phone is placed on the countertop after preparing the shawarma.","Order Judging(Y/N)"
"9198b9a4-8d8f-4ba6-9924-4c86982d890a","What action occurs just before I operated the mobile phone?","Rolling sauce in flat breads","Just before I operated the mobile phone, a hand is seen holding a white bowl filled with chopped and sprinkling grated cheese over the tortilla.","What event order"
"9198b9a4-8d8f-4ba6-9924-4c86982d890a","What do I do before cutting the tomatoes?","Nothing, it is the first action.","Before cutting the tomatoes, you should chop them into small pieces.","What event order"
"9198b9a4-8d8f-4ba6-9924-4c86982d890a","What occurs just before preparing the shawarma?","Operating the mobile phone","Just before preparing the shawarma, the person is seen holding a bowl of chopped green herbs and garlic, ready to add them to the pan.","What event order"
"9198b9a4-8d8f-4ba6-9924-4c86982d890a","In the video, did I open the kitchen drawers before cutting vegetables?","No","Yes, the person in the video opens a drawer to reveal some vegetables before cutting them.","Order Judging(Y/N)"
"9198b9a4-8d8f-4ba6-9924-4c86982d890a","Does the cooking of shawarma happen before regulating the cooker's heat?","Yes","Yes, the cooking of shawarma happens before regulating the cooker's heat.","Order Judging(Y/N)"
"9198b9a4-8d8f-4ba6-9924-4c86982d890a","In the video, is the mobile phone operated after the sauce is rolled in flatbreads?","Yes","Yes, the mobile phone is used to roll a flatbread in sauce after the sauce is rolled in flatbreads.","Order Judging(Y/N)"
"9198b9a4-8d8f-4ba6-9924-4c86982d890a","Is heat regulation done before cutting tomatoes with a knife?","No","Yes, the person is seen holding a knife and cutting tomatoes with a spatula before placing them into a bowl.","Order Judging(Y/N)"
"9198b9a4-8d8f-4ba6-9924-4c86982d890a","In the video sequence, what do I do before cooking shawarma?","Cut vegetables","Before cooking shawarma, I open the microwave and place a bowl of chopped green onions on the countertop.","What event order"
"9198b9a4-8d8f-4ba6-9924-4c86982d890a","Describe the setting shown in the video clip.","A kitchen where shawarma is being prepared.","The video takes place in a kitchen with a Christmas tree visible in the background, indicating that it might be during the holiday season. The scene is set on a countertop where various ingredients and food/INFO are being prepared for making tortillas filled with meat and vegetables.","Scene Summary"
"9198b9a4-8d8f-4ba6-9924-4c86982d890a","What is happening in these new frames?","Shawarma is being filled with ingredients.","In these new frames, a person is seen holding a smartphone with their right hand while their left hand is on the counter. The person appears to be taking a photo or recording something using the phone's camera.","Action Caption"
"9198b9a4-8d8f-4ba6-9924-4c86982d890a","Is the person in the video making a meal?","Yes.","Yes","Whether Something Happened(Y/N)"
"9198b9a4-8d8f-4ba6-9924-4c86982d890a","Is the kitchen the main location in these frames?","Yes.","Yes, the kitchen is the main location in these frames.","Whether Something Happened(Y/N)"
"9198b9a4-8d8f-4ba6-9924-4c86982d890a","Does the video capture the moment of grilling meat for the shawarma?","No.","Yes, the video captures the moment of grilling meat for the shawarma.","Whether Something Happened(Y/N)"
"9198b9a4-8d8f-4ba6-9924-4c86982d890a","Are spices being added to the food in this clip?","No.","Yes, spices are being added to the food in this clip.","Whether Something Happened(Y/N)"
"9198b9a4-8d8f-4ba6-9924-4c86982d890a","In the video, is the shawarma filling added to the bread before wrapping it?","Yes","Yes","Order Judging(Y/N)"
"9198b9a4-8d8f-4ba6-9924-4c86982d890a","Does the chopping of vegetables occur before heating the pan?","No","Yes, the chopping of vegetables occurs before heating the pan.","Order Judging(Y/N)"
"9198b9a4-8d8f-4ba6-9924-4c86982d890a","Is the stove turned off before removing the pan from heat?","Yes","Yes.","Order Judging(Y/N)"
"9198b9a4-8d8f-4ba6-9924-4c86982d890a","In the video, is the bread placed on the pan before adding fillings?","Yes","Yes","Order Judging(Y/N)"
"9198b9a4-8d8f-4ba6-9924-4c86982d890a","Is the shawarma served before adding sauce?","No","Yes, the shawarma is served with a side of sauce before adding it to the pan.","Order Judging(Y/N)"
"9198b9a4-8d8f-4ba6-9924-4c86982d890a","What do I do before adding the shawarma filling to the bread?","Chop vegetables","Before adding the shawarma filling to the bread, I open a plastic container and place a piece of dough on top.","What event order"
"9198b9a4-8d8f-4ba6-9924-4c86982d890a","What is done before turning off the stove?","Cook shawarma","Before turning off the stove, the person is seen holding a red spatula and stirring the mixture in the pan.","What event order"
"9198b9a4-8d8f-4ba6-9924-4c86982d890a","What is the immediate step before serving the shawarma?","Add sauce","The immediate step before serving the shawarma is spreading a mixture of shredded cheese and vegetables in a bowl.","What event order"
"9198b9a4-8d8f-4ba6-9924-4c86982d890a","In the video, is the sauce added to the flat bread before cutting the tomatoes?","No","Yes","Order Judging(Y/N)"
"9198b9a4-8d8f-4ba6-9924-4c86982d890a","Does the person operate the mobile phone after rolling the sauce in the flat breads?","Yes","Yes, the person operates the mobile phone after rolling the sauce in the flat breads.","Order Judging(Y/N)"
"9198b9a4-8d8f-4ba6-9924-4c86982d890a","Is the shawarma prepared before the tomatoes are cut with a knife?","Yes","Yes, the shawarma is prepared before the tomatoes are cut with a knife.","Order Judging(Y/N)"
"9198b9a4-8d8f-4ba6-9924-4c86982d890a","In the video, does rolling the sauce happen before the shawarma preparation?","No","No, the sauce is added to the shawarma before rolling it.","Order Judging(Y/N)"
"9198b9a4-8d8f-4ba6-9924-4c86982d890a","Is the flat bread used before operating the mobile phone?","Yes","Yes, the flat bread is used before operating the mobile phone.","Order Judging(Y/N)"
"9198b9a4-8d8f-4ba6-9924-4c86982d890a","What setting is portrayed in the latest clip?","A kitchen setting.","The latest clip portrays a festive setting, likely around Christmas time, with the kitchen decorated for the holiday season.","Scene Summary"
"9198b9a4-8d8f-4ba6-9924-4c86982d890a","What activity is featured in the frame?","Preparing shawarma.","The activity featured in the frame is cooking, specifically preparing a dish that involves rolling tortillas and adding toppings to them.","Scene Summary"
"9198b9a4-8d8f-4ba6-9924-4c86982d890a","Is the shawarma preparation process completed in the clip?","No.","Yes, the shawarma preparation process is completed in the clip. The person has finished preparing the shawarma by adding it to a bowl and placing it on top of the lettuce leaves.","Whether Something Happened(Y/N)"
"9198b9a4-8d8f-4ba6-9924-4c86982d890a","Is there more than one person visible in the kitchen?","No.","Yes, there is another person visible in the kitchen.","Whether Something Happened(Y/N)"
"9198b9a4-8d8f-4ba6-9924-4c86982d890a","Does the clip show any cooking appliances being used?","No.","No, the clip does not show any cooking appliances being used; it focuses on the preparation of ingredients and the hands of the person preparing them.","Whether Something Happened(Y/N)"
"9198b9a4-8d8f-4ba6-9924-4c86982d890a","Is there any sign of food already cooked in the scene?","No.","Yes, there is a bowl of cooked tortillas visible in the background.","Whether Something Happened(Y/N)"
"9198b9a4-8d8f-4ba6-9924-4c86982d890a","Is the person in the frame wearing gloves?","No.","No, the person is not wearing gloves.","Whether Something Happened(Y/N)"
"9198b9a4-8d8f-4ba6-9924-4c86982d890a","In the video, is the meat added to the shawarma wrap before chopping the herbs?","No","No, the meat is not added to the shawarma wrap before chopping the herbs.","Order Judging(Y/N)"
"9198b9a4-8d8f-4ba6-9924-4c86982d890a","In the video, is the shawarma wrap prepared before the vegetables are chopped?","Yes","Yes, the shawarma wrap is prepared before the vegetables are chopped.","Order Judging(Y/N)"
"9198b9a4-8d8f-4ba6-9924-4c86982d890a","Does chopping herbs happen after the vegetables are mixed in the bowl?","No","Yes, the person continues to chop herbs on the cutting board after mixing the vegetables in the bowl.","Order Judging(Y/N)"
"9198b9a4-8d8f-4ba6-9924-4c86982d890a","Is the shawarma meat cooked before the vegetables are cut?","Yes","Yes.","Order Judging(Y/N)"
"9198b9a4-8d8f-4ba6-9924-4c86982d890a","What happens just before the shawarma meat is added to the wrap in the video?","The vegetables are mixed in a bowl","Just before the shawarma meat is added to the wrap, a person's hand holding a knife appears and starts slicing the lettuce.","What event order"
"9198b9a4-8d8f-4ba6-9924-4c86982d890a","What action takes place before the wrap is rolled up in the video?","The meat and vegetables are added to it","Before the wrap is rolled up, a person's hands are seen holding and preparing to roll it.","What event order"
"9198b9a4-8d8f-4ba6-9924-4c86982d890a","In the video, is the meat placed on the bread before adding vegetables?","No","No, the meat is not placed on the bread before adding vegetables.","Order Judging(Y/N)"
"9198b9a4-8d8f-4ba6-9924-4c86982d890a","Is the bread toasted before spreading the meat on it?","No","No, the bread is not toasted before spreading the meat.","Order Judging(Y/N)"
"9198b9a4-8d8f-4ba6-9924-4c86982d890a","In the clip, is the chopping of vegetables shown before the frying of meat?","Yes","Yes","Order Judging(Y/N)"
"9198b9a4-8d8f-4ba6-9924-4c86982d890a","Does the video show adding condiments after the meat is placed on the bread?","Yes","No, the video does not show adding condiments after the meat is placed on the bread.","Order Judging(Y/N)"
"9198b9a4-8d8f-4ba6-9924-4c86982d890a","What occurs just before the meat is added to the bread in the video?","Vegetables are chopped","Just before the meat is added to the bread, a person's hand holding a knife appears and starts slicing the green vegetables on the cutting board.","What event order"
"9198b9a4-8d8f-4ba6-9924-4c86982d890a","In the video sequence, what do we see happening before the bread is picked up?","Vegetables being sautéed","Before the bread is picked up, we see a person holding a bowl of chopped green vegetables and placing it on the counter.","What event order"
"9198b9a4-8d8f-4ba6-9924-4c86982d890a","Before the chopping of vegetables, what event is shown in the clip?","Preparing other ingredients","The clip shows a festive Christmas tree decorated with lights and ornaments, indicating the event is likely during the holiday season.","What event order"
"9198b9a4-8d8f-4ba6-9924-4c86982d890a","What does the cook do before adding condiments to the shawarma?","Place meat on the bread","The cook adds a red spice, likely paprika or chili powder, to the shawarma.","What event order"
"9198b9a4-8d8f-4ba6-9924-4c86982d890a","What is the setting of this scene?","A kitchen.","The setting of this scene is a kitchen串烤玉米饼（Taco wrap）制作区，其中包含了多种食材和工具。","Scene Summary"
"9198b9a4-8d8f-4ba6-9924-4c86982d890a","What culinary activity is taking place?","Preparing shawarma.","The culinary activity taking place is the preparation of a dish involving tortillas, meat, and vegetables.","Scene Summary"
"9198b9a4-8d8f-4ba6-9924-4c86982d890a","Which type of cuisine is being worked on?","Middle Eastern, specifically shawarma.","The video shows the preparation of tacos, which is a popular Mexican/INFO cuisine.","Scene Summary"
"9198b9a4-8d8f-4ba6-9924-4c86982d890a","Are any other tasks being carried out besides cooking?","No, just cooking.","Yes, the person is also preparing a bowl of rice and pouring it over the tortillas.","Scene Summary"
"9198b9a4-8d8f-4ba6-9924-4c86982d890a","Is the kitchen residential or commercial?","It appears residential.","The kitchen appears to be a residential setting, as indicated by the presence of Christmas decorations and the festive atmosphere.","Scene Summary"
"9198b9a4-8d8f-4ba6-9924-4c86982d890a","Is any equipment being used in the action?","Yes, a knife for chopping.","Yes, a cutting board is visible on the left side of the frame.","Action Caption"
"9198b9a4-8d8f-4ba6-9924-4c86982d890a","Is the person cooking alone or with others?","The clip only shows one person cooking.","The person is cooking alone.","Action Caption"
"9198b9a4-8d8f-4ba6-9924-4c86982d890a","Is there more than one person in this scene?","No.","Yes, there is more than one person in the scene.","Whether Something Happened(Y/N)"
"9198b9a4-8d8f-4ba6-9924-4c86982d890a","Has the meal been completed in this frame?","No.","Yes, the meal appears to be complete with all ingredientsNECTAROOSA being prepared and ready for serving.","Whether Something Happened(Y/N)"
"9198b9a4-8d8f-4ba6-9924-4c86982d890a","Is the person in the video cleaning?","No.","No.","Whether Something Happened(Y/N)"
"9198b9a4-8d8f-4ba6-9924-4c86982d890a","Does this clip show the finished shawarma dish?","No.","Yes, the clip shows the finished sharma dish with a bowl of cooked meat (the filling) and a plate of rolled-up wraps/INFO tacos on the right side.","Whether Something Happened(Y/N)"
"9198b9a4-8d8f-4ba6-9924-4c86982d890a","Are there any children present in this video?","No.","No, there are no children present in the video.","Whether Something Happened(Y/N)"
"9198b9a4-8d8f-4ba6-9924-4c86982d890a","In the video, is the shawarma prepared after I washed the vegetables?","No","No, the sharma is not prepared after I washed the vegetables.","Order Judging(Y/N)"
"9198b9a4-8d8f-4ba6-9924-4c86982d890a","In the video, do I chop the parsley before assembling the shawarma?","Yes","No, the video does not show you chopping the parsley.","Order Judging(Y/N)"
"9198b9a4-8d8f-4ba6-9924-4c86982d890a","Does cutting tomatoes occur before the marinating of meat?","Yes","Yes, the video shows a close-up of hands slicing tomatoes on a cutting board before marinating.","Order Judging(Y/N)"
"9198b9a4-8d8f-4ba6-9924-4c86982d890a","In the clip, is the garlic crushed before the tzatziki sauce is mixed?","Yes","No, the garlic is not before the tzatziki sauce is mixed.","Order Judging(Y/N)"
"9198b9a4-8d8f-4ba6-9924-4c86982d890a","Is the lettuce shredded after the hummus is spread on the bread?","Yes","No, the lettuce is not shredded/INFO","Order Judging(Y/N)"
"9198b9a4-8d8f-4ba6-9924-4c86982d890a","What happens before I season the shawarma meat?","Chopping onions","Before seasoning the sharma meat, the person in the video is seen holding a tortilla wrap and placing it into a pan filled with a mixture of ground meat/INFO, which appears to be a spicy sauce or marinade.","What event order"
"9198b9a4-8d8f-4ba6-9924-4c86982d890a","What do I do just before wrapping the shawarma?","Adding sauces","You can see the shawarma wrapped in a tortilla on the tray, and you can also see the ingredientsNECT/INFO wrap being prepared.","What event order"
"9198b9a4-8d8f-4ba6-9924-4c86982d890a","What occurs before I put the shawarma on the grill?","Skewing meat","Before placing the shaved meat on the grill, the person in the video is seen holding a tortilla wrap and preparing to add it to the pan.","What event order"
"9198b9a4-8d8f-4ba6-9924-4c86982d890a","In the video, what action precedes slicing the cooked shawarma?","Removing from heat","The action that precedes slicing the cooked shawarma is spreading a mixture of meat and vegetables onto the tortilla wrap.","What event order"
"9198b9a4-8d8f-4ba6-9924-4c86982d890a","What task is completed before garnishing the dish with parsley?","Placing the shawarma on the plate.","The task completed before garnishing the dish with parsley (or at least a portion of it) is spreading the filling onto the tortilla, which appears to be a mixture of meat/INFO and other ingredients.","What event order"
"9198b9a4-8d8f-4ba6-9924-4c86982d890a","In the kitchen, is shawarma added to the pita before chopping the herbs?","No","Yes","Order Judging(Y/N)"
"9198b9a4-8d8f-4ba6-9924-4c86982d890a","Are the herbs chopped before the shawarma is cooked?","Yes","Yes, the herbs are chopped before the sharma is cooked.","Order Judging(Y/N)"
"9198b9a4-8d8f-4ba6-9924-4c86982d890a","Is the pita prepared before any cooking starts?","No","Yes, the pita is prepared by being folded and then placed into a pan of chili.","Order Judging(Y/N)"
"9198b9a4-8d8f-4ba6-9924-4c86982d890a","Is the pan on the stove before chopping the herbs?","Yes","No, the pan is not on the stove before chopping the herbs.","Order Judging(Y/N)"
"9198b9a4-8d8f-4ba6-9924-4c86982d890a","What happens before the pita is filled with shawarma?","Shawarma is cooked.","Before the pita is filled with shaw/INFO, a mixture of ground meat and vegetables is poured into it.","What event order"
"9198b9a4-8d8f-4ba6-9924-4c86982d890a","What is the action performed after placing the pan on the stove?","Cooking shawarma.","The action performed after placing the pan on the stove is stirring the contents of the pan with a spatula.","What event order"
"9198b9a4-8d8f-4ba6-9924-4c86982d890a","What is the setting shown in the video clip?","A kitchen.","The setting shown in the video clip is a kitchen with various ingredients and cooking utensils scattered around, indicating an active cooking process.","Scene Summary"
"9198b9a4-8d8f-4ba6-9924-4c86982d890a","Which dish is being prepared in this video?","Shawarma.","The dish being prepared in this video is tortillas.","Scene Summary"
"9198b9a4-8d8f-4ba6-9924-4c86982d890a","Are there any decorations visible in the video scene?","Yes, a Christmas tree.","Yes, there are Christmas decorations visible in the background of the video scene.","Scene Summary"
"9198b9a4-8d8f-4ba6-9924-4c86982d890a","What appliances are present in the video scene?","A stove and fridge are visible.","The video shows a stove, an oven, and a blender.","Scene Summary"
"9198b9a4-8d8f-4ba6-9924-4c86982d890a","Is the kitchen depicted as clean or messy?","It appears clean.","The kitchen is described as being messy, with various items scattered around and a Christmas tree in the background.","Scene Summary"
"9198b9a4-8d8f-4ba6-9924-4c86982d890a","Is any cooking appliance being used in the frames?","The stove is being used.","Yes, a blender is being used in the frames.","Action Caption"
"9198b9a4-8d8f-4ba6-9924-4c86982d890a","Is there any evidence of recent cooking in the video?","Yes, a pan is on the stovetop.","Yes, there is evidence of recent cooking in the video. The person is seen holding a bowl with eggs and stirring them, indicating that they have just prepared or are about to prepare some food.","Action Caption"
"9198b9a4-8d8f-4ba6-9924-4c86982d890a","Is food being cooked or assembled?","Assembled, as shawarma is being prepared.","Yes, food is being cooked or assembled.","Action Caption"
"9198b9a4-8d8f-4ba6-9924-4c86982d890a","Does the clip show any ingredient being chopped or sliced?","No, not depicted in the clip.","Yes, the clip shows a person chopping vegetables on a cutting board.","Action Caption"
"9198b9a4-8d8f-4ba6-9924-4c86982d890a","Is there a person visible in the video clip?","No.","Yes.","Whether Something Happened(Y/N)"
"9198b9a4-8d8f-4ba6-9924-4c86982d890a","Does the clip include any festive decorations?","Yes.","Yes, the clip includes a Christmas tree in the background.","Whether Something Happened(Y/N)"
"9198b9a4-8d8f-4ba6-9924-4c86982d890a","Can you see any finished dish in the clip?","No.","Yes, the finished dish appears to be a tortilla wrap filled with meat and vegetables.","Whether Something Happened(Y/N)"
"9198b9a4-8d8f-4ba6-9924-4c86982d890a","Does the clip show someone doing the dishes?","No.","Yes, the clip shows someone washing dishes in a kitchen.","Whether Something Happened(Y/N)"
"9198b9a4-8d8f-4ba6-9924-4c86982d890a","Is there any visible flame or food being cooked directly?","No.","No, there is no visible flame or food being cooked directly in the video.","Whether Something Happened(Y/N)"
"9198b9a4-8d8f-4ba6-9924-4c86982d890a","What is the setting of the latest video clip?","The setting is a kitchen.","The setting of the latest video clip is a kitchen with Christmas decorations in the background.","Scene Summary"
"9198b9a4-8d8f-4ba6-9924-4c86982d890a","Describe the activity being carried out.","Cooking or food preparation is being performed.","The activity being carried out is the preparation of a dish involving shredded cheese, including grating it and mixing it with other ingredients. The person is using a food processor to blend the cheese into a uniform consistency.","Scene Summary"
"9198b9a4-8d8f-4ba6-9924-4c86982d890a","Does the person open the refrigerator in the video?","Yes.","Yes.","Whether Something Happened(Y/N)"
"9198b9a4-8d8f-4ba6-9924-4c86982d890a","In the video, is the refrigerator opened before the cheese is retrieved?","Yes","Yes.","Order Judging(Y/N)"
"9198b9a4-8d8f-4ba6-9924-4c86982d890a","Is the kitchen light turned on after I enter the room?","No","Yes.","Order Judging(Y/N)"
"9198b9a4-8d8f-4ba6-9924-4c86982d890a","Do I start preparing shawarma before setting the ingredients on the counter?","No","Yes, you start preparing shawarma before setting the ingredients on the counter.","Order Judging(Y/N)"
"9198b9a4-8d8f-4ba6-9924-4c86982d890a","In the video, is the tree decorated before I begin cooking?","Yes","Yes, the tree is decorated with lights and ornaments before I begin cooking.","Order Judging(Y/N)"
"9198b9a4-8d8f-4ba6-9924-4c86982d890a","What's the setting of the video clip?","In a kitchen.","The setting of the video clip is a kitchen with a Christmas tree decorated with lights and ornaments in the background.","Scene Summary"
"9198b9a4-8d8f-4ba6-9924-4c86982d890a","What objects are present in this scene?","Glass cup, glass bowls, steel bowls, whipping cream, flour, eggs, whisker.","The scene features a kitchen with Christmas decorations in the background, a refrigerator filled with various items including bottles and jars, and a countertop cluttered with food preparation ingredients.","Scene Summary"
"9198b9a4-8d8f-4ba6-9924-4c86982d890a","What is the main activity taking place?","Baking preparation.","The main activity is the preparation of a dish involving cooking, specifically making tortillas.","Scene Summary"
"9198b9a4-8d8f-4ba6-9924-4c86982d890a","Are there any kitchen appliances visible?","Yes, a stove and a sink.","Yes, a refrigerator is visible in the background.","Scene Summary"
"9198b9a4-8d8f-4ba6-9924-4c86982d890a","Can you identify the ingredients used?","Heavy whipping cream, flour, and eggs.","Yes, the ingredients used include a mixture of cheese and flour in the bowl, along with other ingredients like eggs and spices.","Scene Summary"
"9198b9a4-8d8f-4ba6-9924-4c86982d890a","What is being prepared in the kitchen?","A baking recipe.","The kitchen is preparing a dish that includes tortillas, cheese, and eggs.","Action Caption"
"9198b9a4-8d8f-4ba6-9924-4c86982d890a","What action does the person perform with the eggs?","Cracking and whipping them.","The person pours the eggs from a container into the mixing bowl.","Action Caption"
"9198b9a4-8d8f-4ba6-9924-4c86982d890a","What tool is used for whipping the eggs?","A whisker.","A whisk is used for whipping the eggs.","Action Caption"
"9198b9a4-8d8f-4ba6-9924-4c86982d890a","Where are the ingredients placed after being prepared?","In glass and steel bowls.","The ingredients are placed on the counter.","Action Caption"
"9198b9a4-8d8f-4ba6-9924-4c86982d890a","How are the ingredients combined?","Poured into bowls and whipped.","The ingredients are combined by hand, with the person mixing the yellow mixture in a bowl and then adding shredded cheese to it.","Action Caption"
"9198b9a4-8d8f-4ba6-9924-4c86982d890a","Is there an egg crate visible in the scene?","Yes.","Yes.","Whether Something Happened(Y/N)"
"9198b9a4-8d8f-4ba6-9924-4c86982d890a","Did the person crack eggs from both a slab and the fridge?","Yes.","Yes, the person cracked eggs from both a slab and the fridge.","Whether Something Happened(Y/N)"
"9198b9a4-8d8f-4ba6-9924-4c86982d890a","Were the flour and whipping cream poured into separate containers?","Yes.","Yes, the flour and whipping cream were poured into separate containers.","Whether Something Happened(Y/N)"
"9198b9a4-8d8f-4ba6-9924-4c86982d890a","Is the heavy whipping cream poured before cracking the eggs?","Yes","Yes","Order Judging(Y/N)"
"9198b9a4-8d8f-4ba6-9924-4c86982d890a","Is the flour added to the bowl before the eggs are cracked?","Yes","No, the flour is added to the bowl after the eggs are cracked.","Order Judging(Y/N)"
"9198b9a4-8d8f-4ba6-9924-4c86982d890a","What did I do just before whipping the eggs in the video?","Crack the eggs into steel bowls","Before whipping the eggs, you added a yellow mixture from a container to the bowl and mixed it with your hands.","What event order"
"9198b9a4-8d8f-4ba6-9924-4c86982d890a","What takes place just before flour is poured into a bowl?","Pouring cream into a glass cup","Before flour is poured into a bowl, the person in the video adds more ingredients to it.","What event order"
"9198b9a4-8d8f-4ba6-9924-4c86982d890a","What do we see happening before the egg crate is put in the fridge?","Cracking eggs on the slab","Before the egg crate is put in the fridge, we see a person holding an egg crate filled with shredded cheese.","What event order"
"9198b9a4-8d8f-4ba6-9924-4c86982d890a","What occurs just before the shawarma preparation in the video?","Taking the egg crate out of the fridge","Just before the shawarma preparation, a person is seen opening an oven door to reveal a tray of freshly cooked shawarma.","What event order"
"9198b9a4-8d8f-4ba6-9924-4c86982d890a","In the video, is the egg cracked into the bowl before the cream is poured?","No","Yes.","Order Judging(Y/N)"
"9198b9a4-8d8f-4ba6-9924-4c86982d890a","Does the egg crate go back into the fridge after the eggs are cracked?","Yes","No, the egg crate is left on the counter after the eggs are cracked.","Order Judging(Y/N)"
"9198b9a4-8d8f-4ba6-9924-4c86982d890a","In the video, is the flour poured into the bowl after the egg is cracked?","Yes","No, the flour is poured into the bowl after the egg is cracked.","Order Judging(Y/N)"
"9198b9a4-8d8f-4ba6-9924-4c86982d890a","Does the preparation of shawarma occur before the cream is poured into the cup?","Yes","Yes, the preparation of shawarma occurs before the cream is poured into the cup.","Order Judging(Y/N)"
"9198b9a4-8d8f-4ba6-9924-4c86982d890a","What happens just before the egg crate is put back in the fridge?","The eggs are cracked.","Just before the egg crate is put back in the fridge, a person's hand reaches into the kitchen to grab an item from the counter.","What event order"
"9198b9a4-8d8f-4ba6-9924-4c86982d890a","What occurs just before the whipping of the egg?","The egg is cracked into the bowl.","Just before the egg is whipped, a person holds up a smartphone to take a photo of the scene.","What event order"
"9198b9a4-8d8f-4ba6-9924-4c86982d890a","In the video, what do we see happening before the flour is poured into the bowl?","The cream is poured into a cup.","Before the flour is poured into the bowl, we see a person holding a large metal mixing bowl filled with yellow batter. The kitchen counter in the background is cluttered with various ingredients and utensils, including a bottle of oil, a container of eggs, and some vegetables.","What event order"
"9198b9a4-8d8f-4ba6-9924-4c86982d890a","What happens just before the cream is poured into the cup?","Shawarma is prepared.","Just before the cream is poured into the cup, a hand holding a spoon appears and starts to mix the ingredients in the bowl.","What event order"
"9198b9a4-8d8f-4ba6-9924-4c86982d890a","What is the setting of the video clip?","In a kitchen.","The setting of the video clip is a kitchen with various ingredients and utensils scattered around, including a Christmas tree in the background.","Scene Summary"
"9198b9a4-8d8f-4ba6-9924-4c86982d890a","What ingredients are combined in the mixture?","Egg, cheese, baking soda, cream, sugar, vegetables.","The mixture includes shredded cheese, a yellowish liquid (possibly beaten eggs), and chopped vegetables.","Scene Summary"
"9198b9a4-8d8f-4ba6-9924-4c86982d890a","What utensil is used to stir the mixture?","A spatula.","A blue spatula is used to stir the mixture.","Scene Summary"
"9198b9a4-8d8f-4ba6-9924-4c86982d890a","Where is the dough placed after removal from the fridge?","On a board on a slab in the kitchen.","The dough is placed on the wooden cutting board.","Scene Summary"
"9198b9a4-8d8f-4ba6-9924-4c86982d890a","What does the person do with the dough and mixture?","Stir the mixture; place dough on board.","The person holds the dough and a bowl of mixture, then places it on the cutting board.","Scene Summary"
"9198b9a4-8d8f-4ba6-9924-4c86982d890a","What preparation is shown in the video clip?","Making some food involving a mixed batter.","The video clip shows the preparation of a dish involving tortillas, including rolling them out and shaping them into dough.","Action Caption"
"9198b9a4-8d8f-4ba6-9924-4c86982d890a","What sequence of actions is depicted in the clip?","Stirring mixture, retrieving, placing dough.","The sequence of actions depicted in the clip includes preparing ingredients, mixing dough with a spatula, pouring it into a bowl, and then placing it on a cutting board. The scene also shows the person holding a peeled onion and a white cloth, indicating that they are about to prepare a dish involving these items.","Action Caption"
"9198b9a4-8d8f-4ba6-9924-4c86982d890a","Does the person whip cream into the mixture?","Yes.","Yes","Whether Something Happened(Y/N)"
"9198b9a4-8d8f-4ba6-9924-4c86982d890a","Does the person transfer the mixture to another container?","No.","Yes","Whether Something Happened(Y/N)"
"9198b9a4-8d8f-4ba6-9924-4c86982d890a","Is the dough placed in an oven?","No.","No, the dough is not placed in an oven; it is being kneaded on a wooden cutting board.","Whether Something Happened(Y/N)"
"9198b9a4-8d8f-4ba6-9924-4c86982d890a","Does the person knead the dough in the clip?","No.","Yes, the person kneads the dough in a bowl.","Whether Something Happened(Y/N)"
"9198b9a4-8d8f-4ba6-9924-4c86982d890a","Is there a moment when sugar is added to the mixture?","No (sugar was already added before).","Yes, there is a moment when sugar is added to the mixture in the final scene.","Whether Something Happened(Y/N)"
"9198b9a4-8d8f-4ba6-9924-4c86982d890a","Was the cream poured into a cup before the eggs were cracked?","Yes","Yes, the cream was poured into a cup before the eggs were cracked.","Order Judging(Y/N)"
"9198b9a4-8d8f-4ba6-9924-4c86982d890a","Was the mixture stirred before the dough was brought out?","Yes","Yes, the mixture was stirred with a spatula before being transferred to a bowl.","Order Judging(Y/N)"
"9198b9a4-8d8f-4ba6-9924-4c86982d890a","Did the whipping of eggs happen after the flour was poured?","Yes","Yes, the flour was poured over the eggs after they were mixed together.","Order Judging(Y/N)"
"9198b9a4-8d8f-4ba6-9924-4c86982d890a","Is sugar added to the mixture after the egg is whipped?","Yes","Yes, sugar is added to the mixture after the egg is whipped.","Order Judging(Y/N)"
"9198b9a4-8d8f-4ba6-9924-4c86982d890a","What happened before the dough was placed on the board?","Stirring the mixture","Before the dough was placed on the board, it was mixed with other ingredients and kneaded.","What event order"
"9198b9a4-8d8f-4ba6-9924-4c86982d890a","What occurs just before the eggs are whipped?","Cracking eggs into bowls","Just before the eggs are whipped, a person holds a bowl of shredded cheese over a wooden cutting board.","What event order"
"9198b9a4-8d8f-4ba6-9924-4c86982d890a","What is done just before cracking eggs from the fridge?","Pouring cream into a cup","Just before cracking eggs, the person holds a white cloth and a peeled onion on a wooden cutting board.","What event order"
"9198b9a4-8d8f-4ba6-9924-4c86982d890a","What is done right before adding grated cheese to the mixture?","Stirring the mixture","Right before adding grated cheese to the mixture, a person holds a bowl of shredded cheese over a wooden cutting board.","What event order"
"9198b9a4-8d8f-4ba6-9924-4c86982d890a","In the video, does the cheese get grated before the eggs are cracked?","No","Yes, the cheese is grated before the eggs are cracked.","Order Judging(Y/N)"
"9198b9a4-8d8f-4ba6-9924-4c86982d890a","Is the heavy whipping cream poured into a cup after the flour?","Yes","No, the heavy whipping cream is poured into a bowl after the flour.","Order Judging(Y/N)"
"9198b9a4-8d8f-4ba6-9924-4c86982d890a","Does the dough come out of the fridge before the eggs are whipped?","No","Yes, the dough comes out of the fridge before the eggs are whipped.","Order Judging(Y/N)"
"9198b9a4-8d8f-4ba6-9924-4c86982d890a","In the video, is the sugar added to the mixture before the vegetables?","Yes","Yes, the sugar is added to the mixture before the vegetables are mixed.","Order Judging(Y/N)"
"9198b9a4-8d8f-4ba6-9924-4c86982d890a","Does the mixture get stirred before the eggs are cracked?","No","Yes, the mixture is stirred with a spatula before the eggs are cracked.","Order Judging(Y/N)"
"9198b9a4-8d8f-4ba6-9924-4c86982d890a","What happens just before the dough is placed on the board?","The mixture is stirred","Just before the dough is placed on the board, a hand holding a white cloth appears and starts to spread it over the surface of the wooden cutting board.","What event order"
"9198b9a4-8d8f-4ba6-9924-4c86982d890a","In the video sequence, what action is taken before pouring flour into a glass bowl?","Preparing shawarma","Before pouring flour into a glass bowl, the person in the video is seen holding a large piece of dough and placing it on a wooden cutting board.","What event order"
"9198b9a4-8d8f-4ba6-9924-4c86982d890a","What occurs just before grating the cheese?","Stirring the mixture","Just before grating the cheese, a person holds a bowl of grated cheese over a cutting board.","What event order"
"9198b9a4-8d8f-4ba6-9924-4c86982d890a","In the video, what happens right before whipping the egg?","Cracking the eggs","Right before whipping the egg, a person holds a bowl of shredded cheese and a white cloth.","What event order"
"9198b9a4-8d8f-4ba6-9924-4c86982d890a","What do we see happening before the heavy whipping cream is poured?","Preparing shawarma","Before the heavy whipping cream is poured, we see a person holding a bowl of shredded cheese and a white cloth. The scene transitions to a close-up view of the kitchen counter where the cheese is being prepared.","What event order"
"9198b9a4-8d8f-4ba6-9924-4c86982d890a","What is the setting of the video clip?","The setting is a kitchen.","The setting of the video clip is a kitchen with various ingredients and utensils scattered around, including a Christmas tree in the background.","Scene Summary"
"9198b9a4-8d8f-4ba6-9924-4c86982d890a","What ingredients are being used?","Dough and mixtures in bowls.","The ingredients being used include shredded cheese, a yellow mixture串烧.","Scene Summary"
"9198b9a4-8d8f-4ba6-9924-4c86982d890a","What equipment is being utilized?","Rolling pin and spatulas.","The equipment being utilized includes a large knife, a cutting board, and various kitchen/INFO tools.","Scene Summary"
"9198b9a4-8d8f-4ba6-9924-4c86982d890a","What is the main activity occurring?","Preparing dough and mixtures for baking.","The main activity is the preparation of a dish involving dough, including rolling it out and spreading it with a spatula.","Scene Summary"
"9198b9a4-8d8f-4ba6-9924-4c86982d890a","What task is being performed with the dough?","Rolling the dough with a rolling pin.","The task being performed with the dough is rolling it out into a flat, round shape.","Action Caption"
"9198b9a4-8d8f-4ba6-9924-4c86982d890a","What is being done to the mixtures?","The mixtures are being stirred in steel bowls.","The mixture is being stirred with a spatula.","Action Caption"
"9198b9a4-8d8f-4ba6-9924-4c86982d890a","Is the dough being prepared for baking?","Yes.","Yes","Whether Something Happened(Y/N)"
"9198b9a4-8d8f-4ba6-9924-4c86982d890a","Is only one type of spatula being used?","No, two different spatulas are being used.","No, both a large knife and a smaller spatula are being used.","Whether Something Happened(Y/N)"
"9198b9a4-8d8f-4ba6-9924-4c86982d890a","Did the same person handle all tasks shown in the summary?","Yes.","Yes, the same person is seen handling all tasks shown in the summary.","Whether Something Happened(Y/N)"
"9198b9a4-8d8f-4ba6-9924-4c86982d890a","Is anything being cooked in the clip?","No, only preparation steps are shown.","Yes, there is a pot of yellow liquid being stirred on the stove.","Whether Something Happened(Y/N)"
"9198b9a4-8d8f-4ba6-9924-4c86982d890a","Is the dough placed on the board before the mixture is stirred?","No","Yes","Order Judging(Y/N)"
"9198b9a4-8d8f-4ba6-9924-4c86982d890a","Is the doe taken out of the fridge before the rolling pin is used?","Yes","No, the doe is not taken out of the fridge before the rolling pin is used.","Order Judging(Y/N)"
"9198b9a4-8d8f-4ba6-9924-4c86982d890a","What do we see happening before the spatula stirs the mixture in the steel bowls?","The rolling pin rolls on the dough","Before the spatula stirs the mixture in the steel bowls, we see a person holding a glass bowl with a yellow liquid and a spoon.","What event order"
"9198b9a4-8d8f-4ba6-9924-4c86982d890a","Did I pour heavy whipping cream before cracking eggs?","Yes","Yes, you poured heavy whipping cream before cracking eggs.","Order Judging(Y/N)"
"9198b9a4-8d8f-4ba6-9924-4c86982d890a","Is the dough rolled before stirring mixtures in bowls?","Yes","Yes","Order Judging(Y/N)"
"9198b9a4-8d8f-4ba6-9924-4c86982d890a","Do I place the dough on the board after pouring flour?","Yes","Yes, you place the dough on the board after pouring flour.","Order Judging(Y/N)"
"9198b9a4-8d8f-4ba6-9924-4c86982d890a","What happens just before I place the dough on the board?","I bring out the dough from the fridge.","Just before placing the dough on the board, a person uses their hand to press down and shape it into a round form.","What event order"
"9198b9a4-8d8f-4ba6-9924-4c86982d890a","What is the setting of the video clip?","A kitchen with a board and cooking items.","The setting of the video clip is a kitchen with various ingredients and utensils scattered around, creating an active cooking environment.","Scene Summary"
"9198b9a4-8d8f-4ba6-9924-4c86982d890a","What object is primarily shown in the scene?","A doe laid out on a mat on a kitchen board.","The primary object shown in the scene is a large, round dough.","Scene Summary"
"9198b9a4-8d8f-4ba6-9924-4c86982d890a","Which item is used in the scene?","A knife to trim edges of the doe.","A large, round, white dough is used in the scene.","Scene Summary"
"9198b9a4-8d8f-4ba6-9924-4c86982d890a","What stage of the process is shown?","Trimming and folding the prepared doe.","The video shows the preparation stage of making tortillas, where the dough is being rolled out and shaped.","Scene Summary"
"9198b9a4-8d8f-4ba6-9924-4c86982d890a","Can you describe the main task at hand?","Trimming rough edges of the doe.","The main task at hand is preparing a tortilla dough for cooking, involving rolling it out and spreading cheese on it.","Action Caption"
"9198b9a4-8d8f-4ba6-9924-4c86982d890a","What preparation step is shown in the clip?","Folding the trimmed doe together.","The preparation step shown in the clip is rolling out a dough on a floured surface.","Action Caption"
"9198b9a4-8d8f-4ba6-9924-4c86982d890a","Did the person use a knife in the video?","Yes.","Yes, the person used a knife to cut and shape the dough.","Whether Something Happened(Y/N)"
"9198b9a4-8d8f-4ba6-9924-4c86982d890a","Is there any folding action happening?","Yes.","Yes, the person is folding the dough into a circular shape.","Whether Something Happened(Y/N)"
"9198b9a4-8d8f-4ba6-9924-4c86982d890a","Did the person complete the trimming action?","Yes.","Yes, the person completed the trimming action by smoothing out any excess dough on the cutting board.","Whether Something Happened(Y/N)"
"9198b9a4-8d8f-4ba6-9924-4c86982d890a","Is the dough folded before trimming the rough edges?","No","Yes","Order Judging(Y/N)"
"9198b9a4-8d8f-4ba6-9924-4c86982d890a","Does stirring in the steel bowls happen after folding the dough?","No","Yes, the steel bowls are filled with a mixture of ingredients being stirred in after folding the dough.","Order Judging(Y/N)"
"9198b9a4-8d8f-4ba6-9924-4c86982d890a","What occurs just before folding the dough?","Trimming the rough edges with a knife","Just before folding the dough, a person holds a small bowl of shredded cheese and begins to fold it over the dough.","What event order"
"9198b9a4-8d8f-4ba6-9924-4c86982d890a","What happens before stirring mixtures in steel bowls?","Rolling the pin on the dough","Before stirring mixtures in steel bowls, the person adds a yellow liquid ingredient to the dough.","What event order"
"9198b9a4-8d8f-4ba6-9924-4c86982d890a","Does rolling the dough with a rolling pin happen before trimming its edges?","Yes","Yes, the rolling pin is used to roll out the dough before trimming its edges.","Order Judging(Y/N)"
"9198b9a4-8d8f-4ba6-9924-4c86982d890a","Is the trimmed dough folded before stirring the mixture?","No","Yes","Order Judging(Y/N)"
"9198b9a4-8d8f-4ba6-9924-4c86982d890a","Do I take out the dough from the fridge before preparing mixtures?","Yes","No, you should not take out the dough from the fridge before preparing mixtures.","Order Judging(Y/N)"
"9198b9a4-8d8f-4ba6-9924-4c86982d890a","What occurs before folding the trimmed dough?","Trimming the rough edges with a knife","Before folding the dough, it is rolled out on a floured surface.","What event order"
"9198b9a4-8d8f-4ba6-9924-4c86982d890a","What is the first thing I do with the dough after taking it out from the fridge?","Placing it on a board","The first thing you do with the dough after taking it out from the fridge is to place it on a cutting board.","What event order"
"0fa75cb3-c4a0-4232-bdc4-15116ed39d88","What is the setting of the video clip?","It is in an outdoor field.","The setting of the video clip is a serene and empty courtyard with a clear sky, surrounded by a few trees.","Scene Summary"
"0fa75cb3-c4a0-4232-bdc4-15116ed39d88","Is the scene occurring in an urban or rural environment?","Rural environment.","The scene is occurring in a rural environment, as indicated by the presence of trees and buildings.","Scene Summary"
"0fa75cb3-c4a0-4232-bdc4-15116ed39d88","What time of day does the scene appear to be set in?","It appears to be set in the evening.","The scene appears to be set during the early evening or late afternoon, as indicated by the soft lighting and long shadows.","Scene Summary"
"0fa75cb3-c4a0-4232-bdc4-15116ed39d88","How is the subject navigating the outdoor space?","The subject is walking on the field and then heads home.","The subject is walking towards the camera, moving slightly to the right.","Action Caption"
"0fa75cb3-c4a0-4232-bdc4-15116ed39d88","Can you provide an overview of the action in this clip?","Subject walks outdoors, across a field, and returns home.","The video begins with a view of an empty room, then transitions to a person walking through the same space. The scene continues with a close-up of the person's face and upper body as they walk away from the camera towards the right side of the frame.","Action Caption"
"0fa75cb3-c4a0-4232-bdc4-15116ed39d88","Does the video show the subject entering a building?","No.","Yes","Whether Something Happened(Y/N)"
"0fa75cb3-c4a0-4232-bdc4-15116ed39d88","Is the subject interacting with other people in the video?","No.","Yes, the person in the foreground is seen walking towards the camera.","Whether Something Happened(Y/N)"
"0fa75cb3-c4a0-4232-bdc4-15116ed39d88","Does the video capture the subject engaging in a sport?","No.","Yes, the video captures a person in motion, suggesting that they are engaging in a sport.","Whether Something Happened(Y/N)"
"0fa75cb3-c4a0-4232-bdc4-15116ed39d88","Is the subject seen leaving the field in the video?","Yes.","Yes.","Whether Something Happened(Y/N)"
"0fa75cb3-c4a0-4232-bdc4-15116ed39d88","Does the video show the subject at home?","No, just heading home.","No.","Whether Something Happened(Y/N)"
"0fa75cb3-c4a0-4232-bdc4-15116ed39d88","What is the location of the video clip?","The video clip is in a field with a walkway.","The video clip is set in a coastal area with a road and a bridge leading to the sea.","Scene Summary"
"0fa75cb3-c4a0-4232-bdc4-15116ed39d88","What activity is shown in the video?","Walking on a walkway and looking around.","The video shows a person walking along the road, moving away from the camera.","Scene Summary"
"0fa75cb3-c4a0-4232-bdc4-15116ed39d88","What time of day does the video depict?","The video depicts evening or dusk.","The video depicts either sunrise or sunset, as indicated by the soft lighting and long shadows.","Scene Summary"
"0fa75cb3-c4a0-4232-bdc4-15116ed39d88","What natural features can be seen in the video?","There is a body of water visible.","The video shows a serene coastal scene with calm waters, a clear sky, and a road leading towards the horizon.","Scene Summary"
"0fa75cb3-c4a0-4232-bdc4-15116ed39d88","Does the person stop to observe a specific scene?","Yes.","Yes, the person stops to look at a specific scene on the bridge.","Whether Something Happened(Y/N)"
"0fa75cb3-c4a0-4232-bdc4-15116ed39d88","In the video, did I look at the scenes before walking on the field?","No","Yes, the person in the video looked at the scenes before walking on the field.","Order Judging(Y/N)"
"0fa75cb3-c4a0-4232-bdc4-15116ed39d88","In the video, was I indoors before going to the field?","No","No, I was outdoors before going to the field.","Order Judging(Y/N)"
"0fa75cb3-c4a0-4232-bdc4-15116ed39d88","What happened before I walked on the walkway in the video?","I was in the field","Before I walked on the walkway, a person was seen walking away from the camera towards the water.","What event order"
"0fa75cb3-c4a0-4232-bdc4-15116ed39d88","What is depicted in the current frame?","It shows a sidewalk lined with palm trees and buildings.","The current frame depicts a serene suburban street scene with palm trees, white buildings, and a clear sky.","Scene Summary"
"0fa75cb3-c4a0-4232-bdc4-15116ed39d88","What activity is taking place in these frames?","Walking along a residential sidewalk.","A person is walking on the sidewalk, and a car is driving down the street.","Action Caption"
"0fa75cb3-c4a0-4232-bdc4-15116ed39d88","Does this video show a busy city street?","No.","No, the video does not show a busy city street; it focuses on the quiet and serene environment of the residential area.","Whether Something Happened(Y/N)"
"0fa75cb3-c4a0-4232-bdc4-15116ed39d88","Does the clip capture any interaction with people?","No.","No, the clip does not capture any interaction with people.","Whether Something Happened(Y/N)"
"0fa75cb3-c4a0-4232-bdc4-15116ed39d88","Is the person entering a building in this scene?","No.","Yes.","Whether Something Happened(Y/N)"
"0fa75cb3-c4a0-4232-bdc4-15116ed39d88","Was I in the field after walking on the walkway?","No.","Yes, I was in the field after walking on the walkway.","Order Judging(Y/N)"
"0fa75cb3-c4a0-4232-bdc4-15116ed39d88","Did I go home before looking at the scenes?","No.","Yes, the person in the video appears to be walking away from the camera towards a white building with palm trees and red flowers on the right side of the frame.","Order Judging(Y/N)"
"0fa75cb3-c4a0-4232-bdc4-15116ed39d88","What occurs just before I look at the scenes?","I walk on the walkway.","A person appears in the frame, walking towards the camera.","What event order"
"0fa75cb3-c4a0-4232-bdc4-15116ed39d88","What do I do before walking on the walkway?","I am in the field.","I turn left and walk towards the palm tree.","What event order"
"0fa75cb3-c4a0-4232-bdc4-15116ed39d88","Did I walk on the field before looking at the scenes?","Yes","Yes, the person in the video is seen walking on a field before looking at the scenes.","Order Judging(Y/N)"
"0fa75cb3-c4a0-4232-bdc4-15116ed39d88","Is the walk on the walkway shown before going home in the video?","Yes","Yes.","Order Judging(Y/N)"
"0fa75cb3-c4a0-4232-bdc4-15116ed39d88","In the video, do we see walking through the walkways before walking on the field?","No","No, we do not see walking through the walkways before walking on the field.","Order Judging(Y/N)"
"0fa75cb3-c4a0-4232-bdc4-15116ed39d88","Do I walk along the water before walking under the trees as shown in the clip?","Yes","Yes, you walk along the water before walking under the trees.","Order Judging(Y/N)"
"0fa75cb3-c4a0-4232-bdc4-15116ed39d88","In the video sequence, what occurs before walking on the field?","Being outdoors","Before walking on the field, a person is seen standing near the palm trees and looking towards the camera.","What event order"
"0fa75cb3-c4a0-4232-bdc4-15116ed39d88","What event takes place before walking under the trees in the clip?","Walking along the water","A car is seen driving down the street, indicating that a vehicle is passing by.","What event order"
"0fa75cb3-c4a0-4232-bdc4-15116ed39d88","What is the setting of the scenario seen in the video?","A residential area with palm trees and walkways.","The setting of the scenario is a serene and well-maintained outdoor area, possibly part of a resort or park.","Scene Summary"
"0fa75cb3-c4a0-4232-bdc4-15116ed39d88","What can be seen in the background of the video frame?","Houses, streetlights, and a clear sky.","In the background, there is a road with a car driving away and a person walking towards it.","Scene Summary"
"0fa75cb3-c4a0-4232-bdc4-15116ed39d88","What are the dominant features of the environment in this clip?","Landscaped pathways, streetlamps, and tropical foliage.","The dominant features of the environment in this clip are a road, palm trees, and a gazebo.","Scene Summary"
"0fa75cb3-c4a0-4232-bdc4-15116ed39d88","Can you characterize the location shown in the video?","A well-maintained suburban neighborhood.","The location shown in the video is a serene and well-maintained public space, likely part of a resort or park. It features palm trees, a gazebo, benches, pathways, and a scenic view that suggests it's designed for relaxation and enjoyment of nature.","Scene Summary"
"0fa75cb3-c4a0-4232-bdc4-15116ed39d88","What action is being undertaken in the new frames?","Walking along a residential street.","In the new frames, a person is walking towards the camera.","Action Caption"
"0fa75cb3-c4a0-4232-bdc4-15116ed39d88","Is there any sign of wildlife in the frames provided?","No.","No, there are no signs of wildlife in the frames provided.","Whether Something Happened(Y/N)"
"0fa75cb3-c4a0-4232-bdc4-15116ed39d88","Did the person in the video use any transportation other than walking?","No.","Yes, the person in the video used a bicycle to ride around the park.","Whether Something Happened(Y/N)"
"0fa75cb3-c4a0-4232-bdc4-15116ed39d88","Does the footage include any sporting activities?","No.","Yes, the footage includes a person walking on the sidewalk.","Whether Something Happened(Y/N)"
"0fa75cb3-c4a0-4232-bdc4-15116ed39d88","Is the person in the video engaging with the environment, like sitting or touching?","No.","Yes, the person in the video is seen sitting on a bench and touching their hair.","Whether Something Happened(Y/N)"
"0fa75cb3-c4a0-4232-bdc4-15116ed39d88","Did I tour the park before walking on the walkways?","Yes","Yes, the person walking on the walkways was seen taking a photo of the park before they walked.","Order Judging(Y/N)"
"0fa75cb3-c4a0-4232-bdc4-15116ed39d88","What do I do before touring the park?","Nothing, it is the first activity","I walk towards the camera, take a few steps, and then turn left to approach the park.","What event order"
"0fa75cb3-c4a0-4232-bdc4-15116ed39d88","Did I walk through the park before going home?","Yes","Yes, the person in the video is seen walking through the park before heading home.","Order Judging(Y/N)"
"0fa75cb3-c4a0-4232-bdc4-15116ed39d88","What environment is depicted in this video clip?","An outdoor, paved area with street lamps.","The video clip depicts a serene suburban environment with a well-maintained road, palm trees lining the sides, and a clear sky.","Scene Summary"
"0fa75cb3-c4a0-4232-bdc4-15116ed39d88","What action am I performing in this clip?","Walking on a pavement outdoors.","I am riding a bicycle and passing by the person in yellow.","Action Caption"
"0fa75cb3-c4a0-4232-bdc4-15116ed39d88","Do I interact with anyone in this video clip?","No.","No, there is no interaction with anyone in this video clip.","Whether Something Happened(Y/N)"
"0fa75cb3-c4a0-4232-bdc4-15116ed39d88","What is the setting of this video clip?","The setting is an outdoor pavement in a residential area.","The setting of the video clip is a quiet residential area during dusk or early evening, characterized by a calm street with minimal traffic and a few pedestrians.","Scene Summary"
"0fa75cb3-c4a0-4232-bdc4-15116ed39d88","What time of day is depicted in this frame?","It appears to be twilight or early evening.","The time of day depicted in this frame is dusk or early evening, as indicated by the low light and long shadows.","Scene Summary"
"0fa75cb3-c4a0-4232-bdc4-15116ed39d88","What elements indicate that this is a residential area?","The presence of housing structures and lack of commercial signs.","The presence of palm trees, the architecture of the houses, and the overall setting suggest that this is a residential area.","Scene Summary"
"0fa75cb3-c4a0-4232-bdc4-15116ed39d88","What type of path is the person on in the video?","The person is on a paved walkway.","The person is walking on a sidewalk.","Scene Summary"
"0fa75cb3-c4a0-4232-bdc4-15116ed39d88","Does the scene suggest a leisurely or rushed pace?","The scene suggests a leisurely pace.","The scene suggests a leisurely pace, as there are no people visible in the frame and the person is seen walking away from the camera.","Action Caption"
"0fa75cb3-c4a0-4232-bdc4-15116ed39d88","Does the person interact with any objects in the scene?","No.","Yes, the person is seen holding a smartphone in one of their hands.","Whether Something Happened(Y/N)"
"0fa75cb3-c4a0-4232-bdc4-15116ed39d88","Is the person traveling with someone else?","No.","Yes","Whether Something Happened(Y/N)"
"0fa75cb3-c4a0-4232-bdc4-15116ed39d88","Does the video capture any animals in the scene?","No.","No, the video does not capture any animals.","Whether Something Happened(Y/N)"
"0fa75cb3-c4a0-4232-bdc4-15116ed39d88","Does the individual seem to be lost or searching for directions?","No.","Yes, the individual appears to be lost or searching for directions.","Whether Something Happened(Y/N)"
"879dd163-7588-45d1-9466-a5deabc59167","What is depicted in the scene of the video clip?","A person relaxing on a couch holding an e-reader.","The scene depicts a person sitting on a couch in a cozy living room, engrossed in reading a book.","Scene Summary"
"879dd163-7588-45d1-9466-a5deabc59167","What location is shown in the video clip?","Inside a house.","The video clip shows a cozy living room with a comfortable couch, a chair, and a small table.","Scene Summary"
"879dd163-7588-45d1-9466-a5deabc59167","Describe the setting where the action takes place.","A living room with a dining area in the background.","The setting is a cozy living room with beige walls, a ceiling light fixture, and a comfortable couch. The background features a well-lit area with a table and chairs, creating a warm and inviting atmosphere.","Scene Summary"
"879dd163-7588-45d1-9466-a5deabc59167","How is the environment arranged in the video clip?","A cozy arrangement with a couch, curtain, and dining set.","The environment is arranged with a cozy living room setting, featuring a comfortable couch and a well-lit area.","Scene Summary"
"879dd163-7588-45d1-9466-a5deabc59167","What is the subject doing in the video?","Resting and perhaps beginning to read an e-book.","The subject is engrossed in reading a book.","Action Caption"
"879dd163-7588-45d1-9466-a5deabc59167","Can you provide an overview of the action in this clip?","Leisurely activities involving electronic devices at home.","The clip features a person sitting on a couch in a cozy living room, holding an open book and reading it. The background includes a well-lit room with a ceiling fan, a lamp, and various decorative items such as vases and books. The person appears relaxed and focused on the content of the book.","Action Caption"
"879dd163-7588-45d1-9466-a5deabc59167","Does the video capture the person sitting on the couch?","Yes.","Yes, the video captures the person sitting on the couch as they continue to read.","Whether Something Happened(Y/N)"
"879dd163-7588-45d1-9466-a5deabc59167","Is the person in the video engaged in a strenuous activity?","No.","No.","Whether Something Happened(Y/N)"
"879dd163-7588-45d1-9466-a5deabc59167","What is the setting of the scene in the clip?","The setting is inside a house.","The setting of the scene is a cozy living room with a comfortable couch, a coffee table, and a bookshelf filled with various items.","Scene Summary"
"879dd163-7588-45d1-9466-a5deabc59167","Where was the reading activity taking place?","The reading took place on a couch.","The reading activity was taking place in a cozy living room.","Scene Summary"
"879dd163-7588-45d1-9466-a5deabc59167","What object is prominently featured in the scene?","A tablet is prominently featured.","A white e-reader is prominently featured in the scene.","Scene Summary"
"879dd163-7588-45d1-9466-a5deabc59167","What is the room's appearance in the video clip?","The room appears to be a living area.","The room appears to be a living area with a couch, a chair, and a table.","Scene Summary"
"879dd163-7588-45d1-9466-a5deabc59167","What activity is the subject engaged in?","The subject is engaged in reading a book.","The subject is engaged in reading a book.","Scene Summary"
"879dd163-7588-45d1-9466-a5deabc59167","Describe the posture of the person in the action.","The person is sitting with legs up on the couch.","The person is lying on their side with one leg extended and the other bent at the knee, resting comfortably.","Action Caption"
"879dd163-7588-45d1-9466-a5deabc59167","Does the clip show a person reading a physical book?","No.","No, the clip does not show a person reading a physical book; it only shows an individual holding and looking at a white e-reader displaying text.","Whether Something Happened(Y/N)"
"879dd163-7588-45d1-9466-a5deabc59167","Is the subject standing while reading?","No.","No, the subject is sitting on the couch while reading.","Whether Something Happened(Y/N)"
"879dd163-7588-45d1-9466-a5deabc59167","Does the video capture multiple people in the room?","No.","No, the video only captures a single person in the room.","Whether Something Happened(Y/N)"
"879dd163-7588-45d1-9466-a5deabc59167","Does the video show a daytime setting?","No.","No.","Whether Something Happened(Y/N)"
"879dd163-7588-45d1-9466-a5deabc59167","What setting is shown in the video?","A house interior is shown in the video.","The video shows a cozy indoor setting with a person lounging on a couch, holding an e-reader.","Scene Summary"
"879dd163-7588-45d1-9466-a5deabc59167","Explain the immediate scene in the video?","The video captures a moment of domestic relaxation.","The video features a person lying on a couch, engrossed in reading an e-reader. The room is dimly lit with soft lighting, creating a cozy atmosphere. The background shows a living area with a dining table and chairs, suggesting that the setting might be a home or a comfortable indoor space.","Scene Summary"
"879dd163-7588-45d1-9466-a5deabc59167","Can you describe the motion occurring in the clip?","There is minimal motion, mainly of holding a tablet.","The motion is a person sitting on the couch, holding an e-reader and reading from it.","Action Caption"
"879dd163-7588-45d1-9466-a5deabc59167","How would you caption the video's current activity?","Leisure time: Engrossed in digital reading.","The current activity is a person comfortably seated on a couch, engrossed in reading an e-reader.","Action Caption"
"879dd163-7588-45d1-9466-a5deabc59167","Does the video show a person standing up?","No.","No.","Whether Something Happened(Y/N)"
"879dd163-7588-45d1-9466-a5deabc59167","Is the video capturing outdoor activities?","No.","No.","Whether Something Happened(Y/N)"
"879dd163-7588-45d1-9466-a5deabc59167","Does the video depict a social gathering?","No.","No, the video does not depict a social gathering; it focuses on the individual's leisurely activity of reading.","Whether Something Happened(Y/N)"
"879dd163-7588-45d1-9466-a5deabc59167","Is the individual in the video interacting with others?","No.","No, the individual is not interacting with others; they are focused on their reading device.","Whether Something Happened(Y/N)"
"879dd163-7588-45d1-9466-a5deabc59167","Is the scene taking place in a work environment?","No.","No.","Whether Something Happened(Y/N)"
"879dd163-7588-45d1-9466-a5deabc59167","What is the main activity depicted in this video scene?","Reading a book on a tablet.","The main activity depicted in this video scene is a person reading an e-reader book.","Scene Summary"
"879dd163-7588-45d1-9466-a5deabc59167","Where is this scene taking place?","Inside a house.","This scene is taking place in a cozy living room.","Scene Summary"
"879dd163-7588-45d1-9466-a5deabc59167","How is the reader positioned in this scenario?","Relaxed on a couch with feet up.","The reader is comfortably seated on the couch, with their legs crossed and feet resting on a cushion.","Scene Summary"
"879dd163-7588-45d1-9466-a5deabc59167","Can you describe the posture of the reader in this clip?","The reader is lying back with feet propped up.","The reader is comfortably reclined with their legs crossed, holding the e-reader in both hands.","Action Caption"
"879dd163-7588-45d1-9466-a5deabc59167","What is the focal point of this particular frame?","The tablet displaying text.","The focal point of this particular frame is the person's hands and the white e-reader device they are holding.","Action Caption"
"879dd163-7588-45d1-9466-a5deabc59167","What does the stillness of the frame indicate about the action?","It indicates a calm and stationary activity.","The stillness of the frame indicates that the person is engaged in a quiet and focused activity, likely reading or browsing on their e-reader.","Action Caption"
"879dd163-7588-45d1-9466-a5deabc59167","Does the video show any social interaction?","No.","No, the video does not show any social interaction as it focuses solely on the individual's engagement with the e-reader.","Whether Something Happened(Y/N)"
"879dd163-7588-45d1-9466-a5deabc59167","Is the reader changing positions frequently in this clip?","No.","Yes, the reader occasionally shifts their position on the couch.","Whether Something Happened(Y/N)"
"879dd163-7588-45d1-9466-a5deabc59167","Does the environment indicate a public or private space?","A private space.","The environment appears to be a private space, as indicated by the presence of other furniture and decor in the background.","Whether Something Happened(Y/N)"
"879dd163-7588-45d1-9466-a5deabc59167","Does the reader make use of any physical book in the scene?","No.","No, the reader does not make use of any physical book in the scene.","Whether Something Happened(Y/N)"
"879dd163-7588-45d1-9466-a5deabc59167","Is there any indication of the reader being disturbed or interrupted?","No.","Yes, the reader's hand is raised to their face, suggesting they might be reading or interacting with something off-screen.","Whether Something Happened(Y/N)"
"879dd163-7588-45d1-9466-a5deabc59167","What does the video show in the indoor setting?","Someone sitting on a couch using a tablet.","The video shows a person lying on the couch, engrossed in reading a book.","Scene Summary"
"879dd163-7588-45d1-9466-a5deabc59167","Where is the person located in the video?","The person is on the couch inside a house.","The person is located in a cozy living room.","Scene Summary"
"879dd163-7588-45d1-9466-a5deabc59167","How is the person positioned in this section of the video?","They are sitting with legs on the couch.","The person is lying on their side with one leg bent and the other extended, holding a white e-reader device.","Scene Summary"
"879dd163-7588-45d1-9466-a5deabc59167","What is the person doing with their legs in the video?","They are moving their legs on the couch.","The person is sitting cross-legged on the couch with their legs extended.","Action Caption"
"879dd163-7588-45d1-9466-a5deabc59167","How is the tablet being utilized in the video?","The tablet is being held and read from.","The tablet is being used to read a book, as the person is holding it with both hands and appears to be reading from it.","Action Caption"
"879dd163-7588-45d1-9466-a5deabc59167","Is the individual in the video eating?","No.","No, the individual is not eating; they are focused on reading a book.","Whether Something Happened(Y/N)"
"879dd163-7588-45d1-9466-a5deabc59167","Does the video show the person lying down on the couch?","No.","No, the video does not show the person lying down on the couch; it only shows them sitting and reading a book.","Whether Something Happened(Y/N)"
"879dd163-7588-45d1-9466-a5deabc59167","Is there a pet visible in the video clip?","No.","No, there is no pet visible in the video clip.","Whether Something Happened(Y/N)"
"879dd163-7588-45d1-9466-a5deabc59167","Does the video depict any outdoor scenes?","No.","No, the video does not depict any outdoor scenes.","Whether Something Happened(Y/N)"
"879dd163-7588-45d1-9466-a5deabc59167","Is the person in the video talking on the phone?","No.","No.","Whether Something Happened(Y/N)"
"879dd163-7588-45d1-9466-a5deabc59167","Did I sit on the couch before reading the book on the tablet?","Yes","No, the person did not sit on the couch before reading the book on the tablet.","Order Judging(Y/N)"
"879dd163-7588-45d1-9466-a5deabc59167","Did I move my legs on the couch before using the tablet?","Yes","No, you did not move your legs on the couch before using the tablet.","Order Judging(Y/N)"
"879dd163-7588-45d1-9466-a5deabc59167","Was I in the house before I sat on the couch?","Yes","Yes, you were in the house before I sat on the couch.","Order Judging(Y/N)"
"879dd163-7588-45d1-9466-a5deabc59167","Did I use the tablet before moving my legs on the couch?","No","Yes, you used the tablet before moving your legs on the couch.","Order Judging(Y/N)"
"879dd163-7588-45d1-9466-a5deabc59167","Was the tablet in my hands before I sat on the couch?","No","Yes, the tablet was in my hands before I sat on the couch.","Order Judging(Y/N)"
"879dd163-7588-45d1-9466-a5deabc59167","What happens just before I read the book on the tablet?","Sitting on the couch.","Just before I read the book on the tablet, a person walks into the frame from the right side.","What event order"
"879dd163-7588-45d1-9466-a5deabc59167","What setting is depicted in the provided video clip?","A person sitting on a couch in a house.","The video clip depicts a cozy indoor setting, likely in a living room or reading area.","Scene Summary"
"879dd163-7588-45d1-9466-a5deabc59167","What furnishings are visible in the video?","A couch, chair, and a dining area in the background.","The furnishings visible in the video include a brown sofa, a white table with a laptop on it, and a chair.","Scene Summary"
"879dd163-7588-45d1-9466-a5deabc59167","Describe the atmosphere of the room shown in the video?","The room appears to be tidy and comfortably lit.","The room has a cozy and comfortable atmosphere, with dim lighting that creates a warm ambiance. The presence of a table with various items on it suggests a lived-in space, while the open door indicates an inviting entrance or exit to another part of the house.","Scene Summary"
"879dd163-7588-45d1-9466-a5deabc59167","Describe the posture of the individual in the video?","They are seated with their legs up on the couch.","The individual is lying on their back with their legs extended and feet resting on the couch.","Action Caption"
"879dd163-7588-45d1-9466-a5deabc59167","Can you summarize the person's behavior in the video?","They are relaxing and using an electronic device.","The person is consistently lying on the couch, holding a white e-reader with text displayed on it, and appears to be reading or looking at the content.","Action Caption"
"879dd163-7588-45d1-9466-a5deabc59167","Is there any noticeable movement or gesture in the video?","The person raised their hands at some point.","No, there is no noticeable movement or gesture in the video.","Action Caption"
"879dd163-7588-45d1-9466-a5deabc59167","Did the person in the video adjust their position on the couch?","Not shown in the given frame.","Yes, the person adjusted their position on the couch by shifting their legs and sitting up slightly.","Whether Something Happened(Y/N)"
"879dd163-7588-45d1-9466-a5deabc59167","Is the individual in the video communicating with someone else?","No, not visibly.","Yes, the individual is holding a white tablet with text on it and appears to be communicating or reading something aloud.","Whether Something Happened(Y/N)"
"879dd163-7588-45d1-9466-a5deabc59167","Does the video indicate that the person is multitasking?","No, they appear focused on the tablet.","Yes, the video shows the person holding a white e-reader with text on it while also resting their hands on their lap and occasionally glancing at the screen.","Whether Something Happened(Y/N)"
"879dd163-7588-45d1-9466-a5deabc59167","Is the person standing up at any point in the video?","No, they are seated throughout.","No.","Whether Something Happened(Y/N)"
"879dd163-7588-45d1-9466-a5deabc59167","Did I move my legs on the couch before using the tablet?","Yes","No, you did not move your legs on the couch before using the tablet.","Order Judging(Y/N)"
"879dd163-7588-45d1-9466-a5deabc59167","Did I raise my hands before sitting on the couch?","No","No, you did not raise your hands before sitting on the couch.","Order Judging(Y/N)"
"879dd163-7588-45d1-9466-a5deabc59167","Was I sitting on the couch before raising my hands?","Yes","Yes, you were sitting on the couch before raising your hands.","Order Judging(Y/N)"
"879dd163-7588-45d1-9466-a5deabc59167","Did I use the tablet after sitting on the couch?","Yes","Yes, you used the tablet after sitting on the couch.","Order Judging(Y/N)"
"879dd163-7588-45d1-9466-a5deabc59167","What did I do just before using the tablet in the house?","Sat on the couch","I sat on the couch and read a book.","What event order"
"879dd163-7588-45d1-9466-a5deabc59167","What did I do just before raising my hands?","Used the tablet","I raised my hands to adjust the position of the e-reader.","What event order"
"879dd163-7588-45d1-9466-a5deabc59167","Is the tablet used after sitting on the couch as shown in the clip?","Yes","Yes, the tablet is shown being used after sitting on the couch.","Order Judging(Y/N)"
"879dd163-7588-45d1-9466-a5deabc59167","In the video, is the tablet picked up before legs are placed on the couch?","Yes","Yes","Order Judging(Y/N)"
"879dd163-7588-45d1-9466-a5deabc59167","Does sitting on the couch happen after raising hands in the sequence?","No","Yes, the person raises their hands to sit on the couch after raising their hands in the sequence.","Order Judging(Y/N)"
"879dd163-7588-45d1-9466-a5deabc59167","What is the setting of the video clip?","The setting is inside a house.","The setting of the video clip is a cozy living room with a beige couch, blue cushions, and a table in the background.","Scene Summary"
"879dd163-7588-45d1-9466-a5deabc59167","Where is the person situated in this scene?","The person is sitting on the couch.","The person is situated on a couch in the living room.","Scene Summary"
"879dd163-7588-45d1-9466-a5deabc59167","What object is the person interacting with?","The person is holding and using a tablet.","The person is interacting with an e-reader device.","Scene Summary"
"879dd163-7588-45d1-9466-a5deabc59167","Describe the person's posture in the video.","The person is reclined with feet up on the couch.","The person is lying on their back with their legs crossed, holding a white e-reader device in both hands.","Scene Summary"
"879dd163-7588-45d1-9466-a5deabc59167","Is the person reading a book on the tablet?","Yes.","Yes","Whether Something Happened(Y/N)"
"879dd163-7588-45d1-9466-a5deabc59167","Does the scene show an interaction with digital technology?","Yes.","Yes, the scene shows an interaction with digital technology as the person is holding a white e-reader and reading from it.","Whether Something Happened(Y/N)"
"879dd163-7588-45d1-9466-a5deabc59167","Is the individual standing while using the tablet?","No.","No, the individual is sitting on the couch while using the tablet.","Whether Something Happened(Y/N)"
"879dd163-7588-45d1-9466-a5deabc59167","Has the person positioned themselves comfortably for tablet use?","Yes.","Yes, the person is lying on their back with their legs crossed and feet resting on a cushioned surface.","Whether Something Happened(Y/N)"
"879dd163-7588-45d1-9466-a5deabc59167","Does the video show the person watching TV?","No.","No, the video does not show the person watching TV; it focuses on their reading activity.","Whether Something Happened(Y/N)"
"879dd163-7588-45d1-9466-a5deabc59167","In the video, did I use the tablet before sitting on the couch?","No","Yes, the person was seen holding and reading a white tablet before sitting on the couch.","Order Judging(Y/N)"
"879dd163-7588-45d1-9466-a5deabc59167","Did I raise my hands before holding the tablet?","No","No, you did not raise your hands before holding the tablet.","Order Judging(Y/N)"
"879dd163-7588-45d1-9466-a5deabc59167","In the video, was I already seated on the couch before using the tablet?","Yes","Yes, I was already seated on the couch before using the tablet.","Order Judging(Y/N)"
"879dd163-7588-45d1-9466-a5deabc59167","Was the tablet in my hand before I used it?","Yes","Yes, the tablet was in my hand before I used it.","Order Judging(Y/N)"
"879dd163-7588-45d1-9466-a5deabc59167","What occurs just before I hold the tablet in the video?","I sit on the couch","Just before I hold the tablet, a person's hand appears on the screen of the tablet.","What event order"
"879dd163-7588-45d1-9466-a5deabc59167","What action takes place before using the tablet?","I hold the tablet","Before using the tablet, the person lies on their back with their legs crossed and feet resting on a cushion.","What event order"
"879dd163-7588-45d1-9466-a5deabc59167","In the video, did I move my legs on the couch before using the tablet?","Yes","No, the person did not move their legs on the couch before using the tablet.","Order Judging(Y/N)"
"879dd163-7588-45d1-9466-a5deabc59167","In the video, is the tablet held before raising hands?","Yes","Yes","Order Judging(Y/N)"
"879dd163-7588-45d1-9466-a5deabc59167","In the video, does sitting on the couch happen before moving legs on the couch?","Yes","Yes, sitting on the couch happens before moving legs on it.","Order Judging(Y/N)"
"879dd163-7588-45d1-9466-a5deabc59167","What happens before I use the tablet in the video?","I sit on the couch and move my legs","Before using the tablet, the person is lying on a couch with their feet propped up and appears to be reading or looking at something on the tablet.","What event order"
"879dd163-7588-45d1-9466-a5deabc59167","What action is performed just before raising hands in the video?","Using the tablet","Just before raising hands, the person is seen holding a white e-reader with text on it.","What event order"
"879dd163-7588-45d1-9466-a5deabc59167","What do I do right before moving my legs on the couch?","I sit on the couch","I adjust the position of my legs on the couch.","What event order"
"879dd163-7588-45d1-9466-a5deabc59167","In the video, what takes place prior to holding the tablet?","I sit on the couch","Prior to holding the tablet, the person is lying on a couch with their feet propped up and appears relaxed.","What event order"
"879dd163-7588-45d1-9466-a5deabc59167","What is the depicted scenario in this video frame?","A person sitting on a couch using a tablet.","The video frame depicts a person lying on their side on a couch, holding an e-reader with text displayed on the screen. The background shows a cozy living room setting with a brown sofa and blue cushions, creating a comfortable reading environment.","Scene Summary"
"879dd163-7588-45d1-9466-a5deabc59167","Can you summarize the environment in the video clip?","The environment is a cozy living room with a person on the couch.","The video shows a cozy living room with a beige couch, blue pillows, and a small table in the background. The person is comfortably seated on the couch while holding an e-reader displaying text.","Scene Summary"
"879dd163-7588-45d1-9466-a5deabc59167","Offer a caption for the ongoing activity in the video?","Enjoying digital content from the comfort of the couch.","'Enjoying a peaceful moment with an e-reader, immersed in the world of words.'","Action Caption"
"879dd163-7588-45d1-9466-a5deabc59167","Is the person in the video standing up?","No.","No.","Whether Something Happened(Y/N)"
"879dd163-7588-45d1-9466-a5deabc59167","Does the video capture the individual walking around?","No.","No, the video does not capture the individual walking around; it focuses on the person sitting and reading a book.","Whether Something Happened(Y/N)"
"879dd163-7588-45d1-9466-a5deabc59167","Is there a group of people in the video clip?","No.","No.","Whether Something Happened(Y/N)"
"879dd163-7588-45d1-9466-a5deabc59167","Does the frame show the person cooking in the kitchen?","No.","No.","Whether Something Happened(Y/N)"
"879dd163-7588-45d1-9466-a5deabc59167","Is the person in the video engaging in a conversation?","No.","No.","Whether Something Happened(Y/N)"
"879dd163-7588-45d1-9466-a5deabc59167","Did I sit on the couch before using the tablet?","Yes.","Yes, the person was sitting on the couch before using the tablet.","Order Judging(Y/N)"
"879dd163-7588-45d1-9466-a5deabc59167","Did I hold the tablet before sitting on the couch?","No.","Yes, you held the tablet before sitting on the couch.","Order Judging(Y/N)"
"879dd163-7588-45d1-9466-a5deabc59167","Did I sit down after picking up the tablet?","Yes.","Yes, the person picked up the tablet and sat down on the couch.","Order Judging(Y/N)"
"879dd163-7588-45d1-9466-a5deabc59167","In the video, what do I do just before sitting on the couch?","There is no information on actions prior.","I adjust the position of my feet on the couch.","What event order"
"879dd163-7588-45d1-9466-a5deabc59167","In the sequence, what happens before I use the tablet?","I hold the tablet.","Before using the tablet, I first lie down on the couch with my legs crossed and feet resting on the armrest.","What event order"
"879dd163-7588-45d1-9466-a5deabc59167","Does the action of sitting on the couch happen before using the tablet?","Yes","No, the action of sitting on the couch happens after using the tablet.","Order Judging(Y/N)"
"879dd163-7588-45d1-9466-a5deabc59167","Does raising hands occur before sitting on the couch?","No","Yes, raising hands occur before sitting on the couch.","Order Judging(Y/N)"
"879dd163-7588-45d1-9466-a5deabc59167","Is using the tablet done after sitting on the couch?","Yes","Yes.","Order Judging(Y/N)"
"879dd163-7588-45d1-9466-a5deabc59167","What happens before using the tablet?","Sitting on the couch and holding the tablet","Before using the tablet, the person lies on their side with their legs crossed and feet resting on a pillow.","What event order"
"879dd163-7588-45d1-9466-a5deabc59167","What occurs just before raising hands?","Using the tablet","Just before raising hands, the person's legs are crossed and they appear to be in a relaxed position.","What event order"
"cbfeb6c8-ec1f-4884-bcbf-14d7764c4a36","What environment surrounds the individual in the video?","An apartment setting.","The individual is surrounded by a warm, well-lit environment with wooden flooring and a chair visible in the background.","Scene Summary"
"cbfeb6c8-ec1f-4884-bcbf-14d7764c4a36","What activity is taking place in this particular setting?","Writing in a book with a pen.","The activity taking place is studying or working on a task, as indicated by the person's focused demeanor and the presence of study materials.","Scene Summary"
"cbfeb6c8-ec1f-4884-bcbf-14d7764c4a36","Was the person depicted cooking in the kitchen?","No.","No, the person was not cooking in the kitchen; they were simply enjoying a meal.","Whether Something Happened(Y/N)"
"cbfeb6c8-ec1f-4884-bcbf-14d7764c4a36","Did any outdoor activity occur in this video?","No.","No, there were no outdoor activities observed in this video.","Whether Something Happened(Y/N)"
"cbfeb6c8-ec1f-4884-bcbf-14d7764c4a36","Was the individual standing while performing the task?","No.","No.","Whether Something Happened(Y/N)"
"cbfeb6c8-ec1f-4884-bcbf-14d7764c4a36","Is there any verbal communication happening in this scene?","No.","No, there is no verbal communication happening in this scene.","Whether Something Happened(Y/N)"
"cbfeb6c8-ec1f-4884-bcbf-14d7764c4a36","Does the video show someone reading a book?","No.","No.","Whether Something Happened(Y/N)"
"cbfeb6c8-ec1f-4884-bcbf-14d7764c4a36","What location is shown in the video?","A room with a table.","The video shows a person sitting at a desk with two open notebooks, one of which is being used by the individual.","Scene Summary"
"cbfeb6c8-ec1f-4884-bcbf-14d7764c4a36","What activity is being done in the clip?","Writing in a notebook.","The activity being done in the clip is studying or working on a study material.","Scene Summary"
"cbfeb6c8-ec1f-4884-bcbf-14d7764c4a36","What object is being used to write?","A pen.","A spiral-bound notebook.","Scene Summary"
"cbfeb6c8-ec1f-4884-bcbf-14d7764c4a36","What item is on the table besides the notebook?","Opened books.","A blue pen is on the table.","Scene Summary"
"cbfeb6c8-ec1f-4884-bcbf-14d7764c4a36","Is the notebook on a flat surface?","Yes, on a table.","Yes.","Scene Summary"
"cbfeb6c8-ec1f-4884-bcbf-14d7764c4a36","What color is the pen being used?","Blue.","The pen being used is blue.","Action Caption"
"cbfeb6c8-ec1f-4884-bcbf-14d7764c4a36","Is the person using both hands to write?","Yes, one to hold and one to write.","Yes.","Action Caption"
"cbfeb6c8-ec1f-4884-bcbf-14d7764c4a36","Has the pen made contact with the paper?","Yes.","Yes","Whether Something Happened(Y/N)"
"cbfeb6c8-ec1f-4884-bcbf-14d7764c4a36","Is there a book on the table?","Yes.","Yes.","Whether Something Happened(Y/N)"
"cbfeb6c8-ec1f-4884-bcbf-14d7764c4a36","In the video, do I flip the book page before writing on it?","No","No, the person does not flip the book page before writing on it.","Order Judging(Y/N)"
"cbfeb6c8-ec1f-4884-bcbf-14d7764c4a36","In the video, do I write with a pen after sitting at the table?","Yes","Yes, the person writes with a pen after sitting at the table.","Order Judging(Y/N)"
"cbfeb6c8-ec1f-4884-bcbf-14d7764c4a36","Does the writing occur before closing the notebook?","Yes","No, the writing does not occur before closing the notebook; it continues as the person writes in the open notebook.","Order Judging(Y/N)"
"cbfeb6c8-ec1f-4884-bcbf-14d7764c4a36","Do I start writing before opening the book?","No","Yes, the person is seen opening a spiral notebook and begins writing on it before continuing to write in the book.","Order Judging(Y/N)"
"cbfeb6c8-ec1f-4884-bcbf-14d7764c4a36","Before closing the notebook, what event occurs in the video?","Writing on it","Before closing the notebook, the person points to a specific section of text on the right page and then closes it.","What event order"
"cbfeb6c8-ec1f-4884-bcbf-14d7764c4a36","What is done prior to sitting at the table in the video?","Entering the room","Prior to sitting at the table, the person is seen writing in a spiral notebook.","What event order"
"cbfeb6c8-ec1f-4884-bcbf-14d7764c4a36","What is the setting of the scene in the video clip?","In an apartment.","The setting of the scene is a wooden desk with an open notebook and spiral-bound book, suggesting a study or work environment.","Scene Summary"
"cbfeb6c8-ec1f-4884-bcbf-14d7764c4a36","Who is present in this clip?","A woman writing and another woman interacting with her.","Two individuals are present in the clip, one sitting at a desk and another standing behind them.","Scene Summary"
"cbfeb6c8-ec1f-4884-bcbf-14d7764c4a36","What objects are noticeable in the video?","A book and a pen.","Objects noticeable in the video include a wooden desk, an open spiral notebook with handwritten notes and calculations, a blue pen, and a black marker.","Scene Summary"
"cbfeb6c8-ec1f-4884-bcbf-14d7764c4a36","What activities are being performed?","Writing in a book and interacting.","The person is writing in a spiral notebook, taking notes on an open book, and appears to be engaged in studying or working.","Scene Summary"
"cbfeb6c8-ec1f-4884-bcbf-14d7764c4a36","How can we describe the movement in the clip?","Gentle and focused on writing.","The movement in the clip is a continuous and focused action of writing, with the person's hands moving back and forth across the pages.","Action Caption"
"cbfeb6c8-ec1f-4884-bcbf-14d7764c4a36","Does the individual write with her right hand?","Yes.","Yes, the individual writes with her right hand.","Whether Something Happened(Y/N)"
"cbfeb6c8-ec1f-4884-bcbf-14d7764c4a36","Is there another person besides the one writing?","Yes.","Yes, another person is partially visible on the left side of the frame.","Whether Something Happened(Y/N)"
"cbfeb6c8-ec1f-4884-bcbf-14d7764c4a36","Is the setting a public place?","No.","No.","Whether Something Happened(Y/N)"
"cbfeb6c8-ec1f-4884-bcbf-14d7764c4a36","Do we see any electronic devices being used?","No.","No, no electronic devices are visible in the image.","Whether Something Happened(Y/N)"
"cbfeb6c8-ec1f-4884-bcbf-14d7764c4a36","What happens before picking up the pen in the video?","Sitting at the table","Before picking up the pen, the person is seen writing in a spiral notebook.","What event order"
"cbfeb6c8-ec1f-4884-bcbf-14d7764c4a36","In the video, does the interaction with woman A happen before writing in the notebook?","No","No, the interaction with woman A does not happen before writing in the notebook. The video shows a person writing in a spiral-bound notebook while sitting at a table next to another notebook filled with handwritten notes and diagrams.","Order Judging(Y/N)"
"cbfeb6c8-ec1f-4884-bcbf-14d7764c4a36","Is the book opened before picking up the pen?","Yes","Yes.","Order Judging(Y/N)"
"cbfeb6c8-ec1f-4884-bcbf-14d7764c4a36","What is the main activity depicted in the video clip?","Writing in a book with a pen.","The main activity depicted in the video clip is a person writing or drawing on a spiral notebook.","Scene Summary"
"cbfeb6c8-ec1f-4884-bcbf-14d7764c4a36","Where is the individual situated in the video clip?","In a room.","The individual is seated at a table.","Scene Summary"
"cbfeb6c8-ec1f-4884-bcbf-14d7764c4a36","What object is being utilized in the video clip?","A pen.","A spiral-bound notebook.","Scene Summary"
"cbfeb6c8-ec1f-4884-bcbf-14d7764c4a36","Does the video show someone studying?","Yes.","Yes","Whether Something Happened(Y/N)"
"cbfeb6c8-ec1f-4884-bcbf-14d7764c4a36","Is the person in the video writing with their left hand?","No.","Yes, the person in the video is writing with their left hand.","Whether Something Happened(Y/N)"
"cbfeb6c8-ec1f-4884-bcbf-14d7764c4a36","Does the video show a person writing on multiple pages?","Yes.","Yes, the video shows a person writing on multiple pages of a spiral notebook.","Whether Something Happened(Y/N)"
"cbfeb6c8-ec1f-4884-bcbf-14d7764c4a36","Is pen picked up before writing on the book as shown in the clip?","Yes","Yes, the pen is picked up before writing on the book.","Order Judging(Y/N)"
"cbfeb6c8-ec1f-4884-bcbf-14d7764c4a36","Does writing in the book happen after entering the apartment?","Yes","No, writing in the book happens before entering it.","Order Judging(Y/N)"
"cbfeb6c8-ec1f-4884-bcbf-14d7764c4a36","Is the person at the table before writing in the notebook?","Yes","Yes.","Order Judging(Y/N)"
"cbfeb6c8-ec1f-4884-bcbf-14d7764c4a36","Does the person use a pen after sitting at the table?","Yes","Yes, the person uses a pen to write in the notebook.","Order Judging(Y/N)"
"cbfeb6c8-ec1f-4884-bcbf-14d7764c4a36","Is the person in the apartment before using the pen?","Yes","No, the person is not before using the pen.","Order Judging(Y/N)"
"cbfeb6c8-ec1f-4884-bcbf-14d7764c4a36","What happens just before writing in the notebook in the video?","Sitting at the table","Just before writing in the notebook, the person is seen adjusting their position slightly to ensure they are comfortable with the pen and the notebook.","What event order"
"cbfeb6c8-ec1f-4884-bcbf-14d7764c4a36","In the video sequence, what do we see occurring before sitting at the table?","Being in a room","Before sitting at the table, we see a person writing in a spiral notebook with blue ink.","What event order"
"cbfeb6c8-ec1f-4884-bcbf-14d7764c4a36","What location is shown in the video clip?","An indoor location.","The video clip shows a person sitting at a wooden desk with two open notebooks in front of them.","Scene Summary"
"cbfeb6c8-ec1f-4884-bcbf-14d7764c4a36","What activity is depicted in this scene?","Writing in a book.","The scene depicts a person engaged in writing or studying, as indicated by the presence of notebooks and pens on a wooden desk.","Scene Summary"
"cbfeb6c8-ec1f-4884-bcbf-14d7764c4a36","Can you caption the person's activity in this clip?","Writing diligently in a notebook.","Absolutely! The person is deeply engrossed in writing on a spiral notebook, meticulously filling out the pages with notes and calculations.","Action Caption"
"cbfeb6c8-ec1f-4884-bcbf-14d7764c4a36","Is there a pen being used for writing in the video?","Yes.","Yes.","Whether Something Happened(Y/N)"
"cbfeb6c8-ec1f-4884-bcbf-14d7764c4a36","Does the clip show a person wearing a watch?","Yes.","Yes, the clip shows a person wearing a watch.","Whether Something Happened(Y/N)"
"cbfeb6c8-ec1f-4884-bcbf-14d7764c4a36","Does the video include any dialogue or conversation?","No, it only depicts writing activity.","No, the video does not include any dialogue or conversation.","Whether Something Happened(Y/N)"
"cbfeb6c8-ec1f-4884-bcbf-14d7764c4a36","In the video, does opening the book happen before writing with a pen?","Yes","No, the video does not show opening the book before writing with a pen. The focus is on the person's hands and the notebook as they write.","Order Judging(Y/N)"
"cbfeb6c8-ec1f-4884-bcbf-14d7764c4a36","Is the pen picked up after turning the page as shown in the clip?","No","Yes, the pen is picked up after turning the page.","Order Judging(Y/N)"
"cbfeb6c8-ec1f-4884-bcbf-14d7764c4a36","What occurs just before starting to write in the book?","Opening the book","Just before starting to write in the book, the person is seen adjusting their position and positioning of their hands on the table.","What event order"
"cbfeb6c8-ec1f-4884-bcbf-14d7764c4a36","Is the writing in the book shown after being indoor in the clip?","Yes","Yes.","Order Judging(Y/N)"
"cbfeb6c8-ec1f-4884-bcbf-14d7764c4a36","Which room is the person located in while writing?","The person is in a room.","The person is located in a room with a bookshelf visible in the background.","Scene Summary"
"cbfeb6c8-ec1f-4884-bcbf-14d7764c4a36","Is the person using any tools for writing?","Yes, the person is using a pen.","Yes, the person is using a blue pen to write in the notebook.","Scene Summary"
"cbfeb6c8-ec1f-4884-bcbf-14d7764c4a36","Can you describe the setting of the action in the clip?","The action occurs in a room at a desk.","The setting appears to be a well-lit room with natural light, possibly during the daytime. The person is seated at a wooden desk or table, surrounded by various study materials and books.","Action Caption"
"cbfeb6c8-ec1f-4884-bcbf-14d7764c4a36","What is the writing tool visible in the frame?","A pen is visible in the frame.","The writing tool visible in the frame is a blue pen.","Action Caption"
"cbfeb6c8-ec1f-4884-bcbf-14d7764c4a36","Is the person sitting at a desk in the video?","Yes.","Yes.","Whether Something Happened(Y/N)"
"cbfeb6c8-ec1f-4884-bcbf-14d7764c4a36","Does the person sit down after opening the book?","Yes","Yes, the person sits down after opening the book.","Order Judging(Y/N)"
"cbfeb6c8-ec1f-4884-bcbf-14d7764c4a36","Is the book closed before the person starts writing?","No","Yes.","Order Judging(Y/N)"
"cbfeb6c8-ec1f-4884-bcbf-14d7764c4a36","What action is taken before the person caps the pen?","The person finishes writing.","Before the person caps the pen, they make a final check of their notebook.","What event order"
"cbfeb6c8-ec1f-4884-bcbf-14d7764c4a36","Is the pen placed in the book before writing?","No","Yes.","Order Judging(Y/N)"
"cbfeb6c8-ec1f-4884-bcbf-14d7764c4a36","Does the book close before the pen is picked up?","No","Yes, the book closes before the pen is picked up.","Order Judging(Y/N)"
"cbfeb6c8-ec1f-4884-bcbf-14d7764c4a36","Is the cap of the pen removed after starting to write?","No","Yes.","Order Judging(Y/N)"
"cbfeb6c8-ec1f-4884-bcbf-14d7764c4a36","Does the hand turn the page before picking up the pen?","No","Yes, the hand turns the page before picking up the pen.","Order Judging(Y/N)"
"cbfeb6c8-ec1f-4884-bcbf-14d7764c4a36","Is the pen visible in the scene before writing begins?","Yes","Yes, the pen is visible in the scene before writing begins.","Order Judging(Y/N)"
"cbfeb6c8-ec1f-4884-bcbf-14d7764c4a36","What do we see happening before the hand appears in the frame?","The book is open","We see a person sitting at a table, writing in a notebook with a blue pen.","What event order"
"cbfeb6c8-ec1f-4884-bcbf-14d7764c4a36","What happens just before the pen touches the paper?","The hand moves towards the paper","Just before the pen touches the paper, the person points to a specific section of the notebook.","What event order"
"cbfeb6c8-ec1f-4884-bcbf-14d7764c4a36","In the video sequence, what action is performed before turning the page?","Writing on the current page","Before turning the page, the person points to a specific section of the notebook and then begins writing.","What event order"
"cbfeb6c8-ec1f-4884-bcbf-14d7764c4a36","In the video, what is done just before the hand finished writing?","Moving the pen across the paper","Just before the hand finished writing, a book titled 'BROOKS' is opened and placed on top of the notebook.","What event order"
"cbfeb6c8-ec1f-4884-bcbf-14d7764c4a36","What does the brief of the depicted scenario show?","The scenario shows a person writing in a book in an apartment.","The brief of the depicted scenario shows a person sitting at a table with two open notebooks, one containing handwritten notes and another featuring an image of a tire.","Scene Summary"
"cbfeb6c8-ec1f-4884-bcbf-14d7764c4a36","What is the setting of this video clip?","The setting is indoors, in a well-lit apartment.","The setting of the video clip is a study or work area with a wooden desk and various notebooks, suggesting an environment conducive to studying or working.","Scene Summary"
"cbfeb6c8-ec1f-4884-bcbf-14d7764c4a36","Does the video capture the person stopping their writing at any point?","No.","Yes, the video captures the person stopping their writing at a specific point to take a photo.","Whether Something Happened(Y/N)"
"cbfeb6c8-ec1f-4884-bcbf-14d7764c4a36","Is the individual in the video using their left hand to write?","No, they are using their right hand.","Yes","Whether Something Happened(Y/N)"
"cbfeb6c8-ec1f-4884-bcbf-14d7764c4a36","Is there another person present in the scene assisting the writer?","No, the person is writing alone.","No, there is no other person present in the scene.","Whether Something Happened(Y/N)"
"cbfeb6c8-ec1f-4884-bcbf-14d7764c4a36","In the video, do I write in the book before holding the pen?","No","Yes, you write in the book before holding the pen.","Order Judging(Y/N)"
"cbfeb6c8-ec1f-4884-bcbf-14d7764c4a36","Is the pen in my right hand before I start writing in the book?","Yes","No, the pen is in my left hand before I start writing in the book.","Order Judging(Y/N)"
"cbfeb6c8-ec1f-4884-bcbf-14d7764c4a36","In the sequence, do I open the book before writing on it?","Yes","No, you do not open the book before writing on it.","Order Judging(Y/N)"
"cbfeb6c8-ec1f-4884-bcbf-14d7764c4a36","In the clip, do I wear a green shirt before writing in the book?","Yes","Yes, the person is wearing a green shirt before writing in the book.","Order Judging(Y/N)"
"cbfeb6c8-ec1f-4884-bcbf-14d7764c4a36","What occurs just before holding the pen in my right hand?","I am wearing a green shirt","Just before holding the pen in my right hand, I see a white cup on the table.","What event order"
"cbfeb6c8-ec1f-4884-bcbf-14d7764c4a36","Is the book opened before the pen is held in the right hand?","Yes","Yes.","Order Judging(Y/N)"
"cbfeb6c8-ec1f-4884-bcbf-14d7764c4a36","Is the hand placed on the book after the pen is picked up?","Yes","Yes, the hand is placed on the book after the pen is picked up.","Order Judging(Y/N)"
"cbfeb6c8-ec1f-4884-bcbf-14d7764c4a36","What happens just before the pen starts writing?","The pen is held in the right hand","Just before the pen starts writing, the person's hand is seen adjusting their position slightly.","What event order"
"cbfeb6c8-ec1f-4884-bcbf-14d7764c4a36","What is visible before the wrist with a bracelet appears?","The hand holding the pen","A white cup is visible before the wrist with a bracelet appears.","What event order"
"cbfeb6c8-ec1f-4884-bcbf-14d7764c4a36","What do we see happening before the hand touches the book?","The book and pen are visible","A person is seated at a table, writing in a notebook with a blue pen.","What event order"
"cbfeb6c8-ec1f-4884-bcbf-14d7764c4a36","What takes place before the pen is seen in the video?","The apartment and the book are seen","The pen is seen in the video before it is used to write on a spiral notebook.","What event order"
"cbfeb6c8-ec1f-4884-bcbf-14d7764c4a36","What is the setting of the video?","In an apartment.","The setting of the video is a study or work environment, with a wooden desk and an open notebook in front of the person.","Scene Summary"
"cbfeb6c8-ec1f-4884-bcbf-14d7764c4a36","What activity does the video show?","Writing in a book.","The video shows a person engaged in writing or taking notes on a spiral notebook.","Scene Summary"
"cbfeb6c8-ec1f-4884-bcbf-14d7764c4a36","Which hand is used for writing in the video?","The right hand.","The right hand is used for writing in the video.","Scene Summary"
"cbfeb6c8-ec1f-4884-bcbf-14d7764c4a36","What type of pen is being used?","A ballpoint pen.","The pen being used is blue.","Scene Summary"
"cbfeb6c8-ec1f-4884-bcbf-14d7764c4a36","What object is being used in the action?","A pen.","A blue pen is being used in the action.","Action Caption"
"cbfeb6c8-ec1f-4884-bcbf-14d7764c4a36","Is the writing action fluent or hesitant?","Fluent.","The writing action is fluent, as indicated by the consistent and deliberate movement of the pen across the pages.","Action Caption"
"cbfeb6c8-ec1f-4884-bcbf-14d7764c4a36","Which direction is the pen moving?","Left to right.","The pen is moving from the right side of the notebook to the left.","Action Caption"
"cbfeb6c8-ec1f-4884-bcbf-14d7764c4a36","Is the person sitting on a cushion?","Yes.","No.","Whether Something Happened(Y/N)"
"cbfeb6c8-ec1f-4884-bcbf-14d7764c4a36","Does the video show page-turning?","No.","Yes, the video shows page-turning as the person continues to write in the notebook.","Whether Something Happened(Y/N)"
"cbfeb6c8-ec1f-4884-bcbf-14d7764c4a36","Is the person wearing any wrist accessories?","Yes.","Yes, the person is wearing a bracelet on their left wrist.","Whether Something Happened(Y/N)"
"cbfeb6c8-ec1f-4884-bcbf-14d7764c4a36","Did the writing happen in a different location than the apartment?","No","Yes, the writing happened in a different location than the apartment.","Order Judging(Y/N)"
"cbfeb6c8-ec1f-4884-bcbf-14d7764c4a36","Did the use of right hand occur before writing in the book?","No","Yes, the use of right hand occurred before writing in the book.","Order Judging(Y/N)"
"cbfeb6c8-ec1f-4884-bcbf-14d7764c4a36","Was there a pen used after the book was opened?","Yes","Yes, a blue pen was used after the book was opened.","Order Judging(Y/N)"
"cbfeb6c8-ec1f-4884-bcbf-14d7764c4a36","Did any writing in the book occur without the use of a pen?","No","Yes, the person's hand moved to write on the book without using a pen.","Order Judging(Y/N)"
"cbfeb6c8-ec1f-4884-bcbf-14d7764c4a36","Was the book closed before writing commenced?","Yes","Yes, the book was closed before writing commenced.","Order Judging(Y/N)"
"cbfeb6c8-ec1f-4884-bcbf-14d7764c4a36","What happened before the writing started?","The book was opened","Before the writing started, the person was seen sitting at a table with two open notebooks in front of them.","What event order"
"cbfeb6c8-ec1f-4884-bcbf-14d7764c4a36","Does the writing in the book occur before changing the page?","Yes","Yes, the writing in the book occurs before changing the page.","Order Judging(Y/N)"
"cbfeb6c8-ec1f-4884-bcbf-14d7764c4a36","Does the page turn happen before writing with the pen?","No","No, the page turns before writing with the pen.","Order Judging(Y/N)"
"cbfeb6c8-ec1f-4884-bcbf-14d7764c4a36","What occurs just before changing to a new page in the video?","I finish writing","Just before changing to a new page, the person is seen holding the notebook with both hands and writing on it.","What event order"
"cbfeb6c8-ec1f-4884-bcbf-14d7764c4a36","What do I do before sitting down to write in the video?","I enter the room","Before sitting down to write, the person is seen holding a notebook and writing in it.","What event order"
"cbfeb6c8-ec1f-4884-bcbf-14d7764c4a36","What is the setting of the scene in the video clip?","The setting is inside a room.","The setting of the scene is a study or work environment, with the person sitting at a desk and working on an open book.","Scene Summary"
"cbfeb6c8-ec1f-4884-bcbf-14d7764c4a36","What objects are present in the video clip?","A book and a pen are present.","The objects present in the video clip are a spiral notebook, a pen, and a pencil.","Scene Summary"
"cbfeb6c8-ec1f-4884-bcbf-14d7764c4a36","Can you describe the action the person is performing?","The person is flipping through pages and writing.","The person is meticulously writing notes on a spiral notebook, which they hold in their lap while seated at the table.","Action Caption"
"cbfeb6c8-ec1f-4884-bcbf-14d7764c4a36","Does the video show the person closing the book?","No.","No, the video does not show the person closing the book; it only shows them holding and writing on the open book.","Whether Something Happened(Y/N)"
"cbfeb6c8-ec1f-4884-bcbf-14d7764c4a36","Is the person using a pencil to write?","No.","Yes.","Whether Something Happened(Y/N)"
"cbfeb6c8-ec1f-4884-bcbf-14d7764c4a36","Does the video capture the person turning off the light?","No.","Yes, the video captures the person turning off the light.","Whether Something Happened(Y/N)"
"cbfeb6c8-ec1f-4884-bcbf-14d7764c4a36","Does the video show the person taking notes from another text?","No.","Yes, the video shows the person taking notes from another text.","Whether Something Happened(Y/N)"
"cbfeb6c8-ec1f-4884-bcbf-14d7764c4a36","In the video, is the book closed before writing begins?","Yes","Yes, the book is closed before writing begins.","Order Judging(Y/N)"
"cbfeb6c8-ec1f-4884-bcbf-14d7764c4a36","Does turning the page happen after writing with the pen?","Yes","No, turning the page happens after writing with the pen.","Order Judging(Y/N)"
"cbfeb6c8-ec1f-4884-bcbf-14d7764c4a36","In the video, is the pen picked up before the book is opened?","No","Yes, the pen is picked up before the book is opened.","Order Judging(Y/N)"
"cbfeb6c8-ec1f-4884-bcbf-14d7764c4a36","Does the writing occur before sitting down in the chair?","No","No, the writing does not occur before sitting down in the chair.","Order Judging(Y/N)"
"cbfeb6c8-ec1f-4884-bcbf-14d7764c4a36","In the video sequence, what occurs before the person starts writing?","The book is opened","Before the person starts writing, they are seen holding a notebook and a pen.","What event order"
"cbfeb6c8-ec1f-4884-bcbf-14d7764c4a36","What action takes place before the book is closed?","The person stops writing","The action that takes place before the book is closed is writing or marking on it with a pen.","What event order"
"cbfeb6c8-ec1f-4884-bcbf-14d7764c4a36","In the video, is the book closed after the writing is done?","Yes","Yes, the book is closed after the writing is done.","Order Judging(Y/N)"
"cbfeb6c8-ec1f-4884-bcbf-14d7764c4a36","In the video, is there writing on the book's cover before the person writes inside?","Yes","Yes, there is writing on the book's cover before the person writes inside.","Order Judging(Y/N)"
"cbfeb6c8-ec1f-4884-bcbf-14d7764c4a36","What is done before the pen cap is removed?","The person prepares to write","The pen cap is removed before the person starts writing on the notebook.","What event order"
"cbfeb6c8-ec1f-4884-bcbf-14d7764c4a36","What activity is displayed in the provided image?","Writing in a book.","The image displays a person engaged in writing or taking notes on a spiral-bound notebook.","Scene Summary"
"cbfeb6c8-ec1f-4884-bcbf-14d7764c4a36","Describe the setting where the depicted activity takes place.","In a room.","The activity takes place in a well-lit room with natural light, possibly during the daytime. The person is seated at a wooden desk, surrounded by two open notebooks filled with handwritten notes and diagrams.","Scene Summary"
"cbfeb6c8-ec1f-4884-bcbf-14d7764c4a36","What object is being used in conjunction with the book?","A pen.","A blue pen is being used in conjunction with the book.","Scene Summary"
"cbfeb6c8-ec1f-4884-bcbf-14d7764c4a36","How is the person holding the pen in the frame?","With their right hand.","The person is holding the pen with their right hand, pointing it towards the notebook.","Action Caption"
"cbfeb6c8-ec1f-4884-bcbf-14d7764c4a36","What part of the room is visible in the clip?","Only the table area, specifics of the room are not visible.","The room is visible in the clip, with a wooden floor and some items on the table.","Action Caption"
"cbfeb6c8-ec1f-4884-bcbf-14d7764c4a36","Is the person writing with their left hand?","No.","Yes.","Whether Something Happened(Y/N)"
"cbfeb6c8-ec1f-4884-bcbf-14d7764c4a36","Is the person writing on the last page of the book?","No, there are more pages visible.","Yes.","Whether Something Happened(Y/N)"
"cbfeb6c8-ec1f-4884-bcbf-14d7764c4a36","Can we assume the writer is in a public space?","No, it appears to be a private space.","No, the setting is not a public space; it appears to be an indoor environment focused on writing.","Whether Something Happened(Y/N)"
"cbfeb6c8-ec1f-4884-bcbf-14d7764c4a36","In the video, does turning the page happen before writing begins?","No","No, turning the page happens after writing begins.","Order Judging(Y/N)"
"cbfeb6c8-ec1f-4884-bcbf-14d7764c4a36","Is the book opened after the pen is held in the hand?","Yes","Yes.","Order Judging(Y/N)"
"cbfeb6c8-ec1f-4884-bcbf-14d7764c4a36","In the video, does writing in the book happen before closing the book?","Yes","Yes, writing in the book happens before closing the book.","Order Judging(Y/N)"
"cbfeb6c8-ec1f-4884-bcbf-14d7764c4a36","In the video sequence, what do we see occurring just before turning the page?","Writing on the previous page","We see a person holding another notebook, which is open to the same page as the one being written on.","What event order"
"cbfeb6c8-ec1f-4884-bcbf-14d7764c4a36","What action takes place immediately before the pen touches the paper?","Holding the pen above the book","A hand holding a pen appears, and the person begins writing in the spiral notebook.","What event order"
"cbfeb6c8-ec1f-4884-bcbf-14d7764c4a36","In the video, what happens right before the book is opened?","Sitting down","The person is seen holding a pen and writing on the book, indicating they are actively engaged in studying or taking notes.","What event order"
"cbfeb6c8-ec1f-4884-bcbf-14d7764c4a36","Did I write in the book before turning the page?","Yes","Yes, the person wrote in the book before turning the page.","Order Judging(Y/N)"
"cbfeb6c8-ec1f-4884-bcbf-14d7764c4a36","Is the book already opened before I start writing?","Yes","Yes, the book is already opened before I start writing.","Order Judging(Y/N)"
"cbfeb6c8-ec1f-4884-bcbf-14d7764c4a36","Did I place my left hand on the page before writing with the pen?","Yes","Yes, the person placed their left hand on the page before writing with the pen.","Order Judging(Y/N)"
"cbfeb6c8-ec1f-4884-bcbf-14d7764c4a36","What happens before I use the pen to write?","Opening the book","Before writing, the person points to a page with a pen in hand.","What event order"
"cbfeb6c8-ec1f-4884-bcbf-14d7764c4a36","Before closing the book, what action is performed?","Turning the page","Before closing the book, a hand points to something on the page.","What event order"
"cbfeb6c8-ec1f-4884-bcbf-14d7764c4a36","What is the setting of this video clip?","The setting is indoors, at a desk.","The setting of the video clip is a study or work environment, as indicated by the presence of an open notebook and a spiral-bound book.","Scene Summary"
"cbfeb6c8-ec1f-4884-bcbf-14d7764c4a36","What objects are present in this scene?","A book, a pen, and a desk.","The objects present in this scene include a spiral-bound notebook, a pen, and an open book with handwritten notes.","Scene Summary"
"cbfeb6c8-ec1f-4884-bcbf-14d7764c4a36","Is the person writing with their right hand?","Yes.","Yes, the person is holding a pen in their right hand while writing with it.","Whether Something Happened(Y/N)"
"cbfeb6c8-ec1f-4884-bcbf-14d7764c4a36","Is the notebook placed on the person's lap?","No.","Yes.","Whether Something Happened(Y/N)"
"cbfeb6c8-ec1f-4884-bcbf-14d7764c4a36","Does this video show any electronic devices being used?","No.","No, the video does not show any electronic devices being used.","Whether Something Happened(Y/N)"
"cbfeb6c8-ec1f-4884-bcbf-14d7764c4a36","Is the person seated while writing in the book?","Yes.","Yes.","Whether Something Happened(Y/N)"
"cbfeb6c8-ec1f-4884-bcbf-14d7764c4a36","Do I sit down before beginning to write?","Yes","Yes, the person sits down before beginning to write.","Order Judging(Y/N)"
"cbfeb6c8-ec1f-4884-bcbf-14d7764c4a36","What happens before the book is opened?","I sit down at the desk.","Before the book is opened, the person's hands are resting on the table.","What event order"
"cbfeb6c8-ec1f-4884-bcbf-14d7764c4a36","Did I close the book before starting to write?","No","Yes, the person closed the book before starting to write.","Order Judging(Y/N)"
"cbfeb6c8-ec1f-4884-bcbf-14d7764c4a36","Was I seated while writing in the book?","Yes","Yes, the person was seated while writing in the book.","Order Judging(Y/N)"
"cbfeb6c8-ec1f-4884-bcbf-14d7764c4a36","Did I turn the page after finishing writing?","No","Yes, the person turned the page after finishing writing.","Order Judging(Y/N)"
"cbfeb6c8-ec1f-4884-bcbf-14d7764c4a36","Was the pen put down before closing the book?","No","Yes, the pen was put down before closing the book.","Order Judging(Y/N)"
"cbfeb6c8-ec1f-4884-bcbf-14d7764c4a36","Did I write on the left page before the right one?","No","Yes, the left page was written before the right one.","Order Judging(Y/N)"
"cbfeb6c8-ec1f-4884-bcbf-14d7764c4a36","What is the setting of the scene in this video clip?","The setting is indoors, with a person writing in a notebook.","The setting of the scene is a well-lit room with natural light, likely during daytime. The person is seated at a wooden desk or table, surrounded by multiple open notebooks and books, suggesting an academic or study environment.","Scene Summary"
"cbfeb6c8-ec1f-4884-bcbf-14d7764c4a36","What activity is being performed in the scene?","Writing on a notebook with a pen.","The activity being performed in the scene is studying or working on a notebook.","Scene Summary"
"cbfeb6c8-ec1f-4884-bcbf-14d7764c4a36","What can we deduce about the person's task in the video?","The person is engaged in a writing activity.","The person appears to be engaged in a study or homework session, as indicated by their focused and methodical approach to writing.","Action Caption"
"cbfeb6c8-ec1f-4884-bcbf-14d7764c4a36","Describe the motion taking place in these frames?","The movement of the hand while writing.","The motion in the frames is a person sitting at a table, writing on a spiral-bound notebook with a blue pen. The individual's hands are actively engaged in writing, suggesting they are deeply focused and possibly working on an academic or study-related task.","Action Caption"
"cbfeb6c8-ec1f-4884-bcbf-14d7764c4a36","Does the person stop writing at any point in the video?","No.","No, the person does not stop writing at any point in the video.","Whether Something Happened(Y/N)"
"cbfeb6c8-ec1f-4884-bcbf-14d7764c4a36","Is there any use of electronic devices in these frames?","No.","No, there are no electronic devices visible in the frames.","Whether Something Happened(Y/N)"
"cbfeb6c8-ec1f-4884-bcbf-14d7764c4a36","In the video sequence, what do we see happening before writing with the pen?","Sitting at the desk","Before writing with the pen, we see a person sitting at a wooden desk, wearing a green and pink outfit. The desk is cluttered with several open notebooks or books, some of which have visible text on them.","What event order"
"cbfeb6c8-ec1f-4884-bcbf-14d7764c4a36","What occurs just before opening the notebook in the video?","Sitting at the desk","Just before opening the notebook, a hand appears to be holding it open.","What event order"
"cbfeb6c8-ec1f-4884-bcbf-14d7764c4a36","In the video, does using the pen happen after sitting at the desk?","Yes","Yes, the pen is used to write on the notebook after sitting at the desk.","Order Judging(Y/N)"
"cbfeb6c8-ec1f-4884-bcbf-14d7764c4a36","What action precedes putting down the pen on the desk?","Writing in the book","The action that precedes putting down the pen on the desk is writing in a notebook.","What event order"
"cbfeb6c8-ec1f-4884-bcbf-14d7764c4a36","What is done just before the writing starts in the video?","Picking up the pen","Just before the writing starts, the person is seen holding a pen in their right hand and adjusting their nails.","What event order"
"cbfeb6c8-ec1f-4884-bcbf-14d7764c4a36","Which action is depicted in this frame?","Writing in a book with a pen.","The action depicted in this frame is the person writing on a spiral notebook.","Scene Summary"
"cbfeb6c8-ec1f-4884-bcbf-14d7764c4a36","Describe the surroundings visible in this frame.","Indoors, likely a desk or table.","The surroundings include a wooden desk with an open spiral notebook and a pen, suggesting a study or work environment.","Scene Summary"
"cbfeb6c8-ec1f-4884-bcbf-14d7764c4a36","Can you specify the object being used by the person?","A pen.","The person is using a blue pen to write in the spiral notebook.","Action Caption"
"cbfeb6c8-ec1f-4884-bcbf-14d7764c4a36","Did the interaction occur in an outdoor location?","No.","No, the interaction occurred indoors.","Whether Something Happened(Y/N)"
"cbfeb6c8-ec1f-4884-bcbf-14d7764c4a36","Is the person predominantly engaged in a physical activity?","No.","No, the person is not actively engaged in a physical activity; they are focused on writing and reading.","Whether Something Happened(Y/N)"
"cbfeb6c8-ec1f-4884-bcbf-14d7764c4a36","In the video, does writing in the notebook occur before conversing with a woman?","Yes.","Yes, writing in the notebook occurs before conversing with a woman.","Order Judging(Y/N)"
"cbfeb6c8-ec1f-4884-bcbf-14d7764c4a36","In the video, does the conversation with a woman happen before being in an apartment?","No.","Yes, the conversation with a woman happens before being in an apartment.","Order Judging(Y/N)"
"cbfeb6c8-ec1f-4884-bcbf-14d7764c4a36","Is the pen used before entering the apartment as shown in the clip?","No.","Yes, the pen is used before entering the apartment in the clip.","Order Judging(Y/N)"
"cbfeb6c8-ec1f-4884-bcbf-14d7764c4a36","In the video sequence, what do we see happening before conversing with woman X?","Being in an apartment.","Before conversing with woman X, the scene shows a person sitting at a table with an open notebook and a spiral-bound book. The focus is on the person's hands as they write or draw in the spiral-bound book.","What event order"
"cbfeb6c8-ec1f-4884-bcbf-14d7764c4a36","What happens right before using a pen on the book?","Being indoors.","The person points to the camera, indicating they are about to write something on the book.","What event order"
"cbfeb6c8-ec1f-4884-bcbf-14d7764c4a36","In the video, what occurs directly before the pen is picked up?","Being indoors.","The person is seen writing on a spiral notebook, which is open in front of them.","What event order"
"cbfeb6c8-ec1f-4884-bcbf-14d7764c4a36","What happens before the conversation with woman X in the video?","Writing on a book","Before the conversation with woman X, a person is seen holding a notebook and pen, possibly preparing to write or take notes.","What event order"
"6baa36c1-e4d0-4dbd-97b2-dff48ecf796e","What environments surround the individual scrapping the wall?","An outdoor setting with a ladder near a wooden fence.","The individual is surrounded by a natural environment with trees and foliage, indicating an outdoor setting.","Scene Summary"
"6baa36c1-e4d0-4dbd-97b2-dff48ecf796e","What tool is utilized for scrapping in the scene?","A scraper is used.","A metal scraper is utilized for scrapping in the scene.","Scene Summary"
"6baa36c1-e4d0-4dbd-97b2-dff48ecf796e","Is the individual standing on the ground or elevated while scrapping?","The individual is elevated on a ladder.","The individual is standing on the ground while scrapping.","Scene Summary"
"6baa36c1-e4d0-4dbd-97b2-dff48ecf796e","What is the purpose of using a ladder in this scenario?","To reach higher areas of the wall for scrapping.","The purpose of using a ladder is to reach higher areas and access the roof, which is not visible in the image.","Scene Summary"
"6baa36c1-e4d0-4dbd-97b2-dff48ecf796e","How does the individual prepare to scrape the wall?","The individual prepares by stretching out a ladder.","The individual prepares to scrape the wall by holding a scraper and using it to remove small pieces of debris from the wall.","Action Caption"
"6baa36c1-e4d0-4dbd-97b2-dff48ecf796e","Does the video show a person using a ladder?","Yes.","Yes.","Whether Something Happened(Y/N)"
"6baa36c1-e4d0-4dbd-97b2-dff48ecf796e","Is the wall being scraped in the video?","Yes.","Yes.","Whether Something Happened(Y/N)"
"6baa36c1-e4d0-4dbd-97b2-dff48ecf796e","Does the scene involve stretching a ladder before scrapping?","Yes.","Yes","Whether Something Happened(Y/N)"
"6baa36c1-e4d0-4dbd-97b2-dff48ecf796e","Does the individual scrap the wall without any tools?","No.","No, the individual scrapes the wall with a tool.","Whether Something Happened(Y/N)"
"6baa36c1-e4d0-4dbd-97b2-dff48ecf796e","What location is depicted in this video clip?","The video clip depicts an outdoor scene with a wall.","The location depicted in the video is a residential area with a house and trees visible through the window.","Scene Summary"
"6baa36c1-e4d0-4dbd-97b2-dff48ecf796e","How does the environment appear in the video clip?","The environment appears to be a porch or exterior of a building.","The environment appears to be a residential area with trees and other buildings visible in the background.","Scene Summary"
"6baa36c1-e4d0-4dbd-97b2-dff48ecf796e","What structure can be observed in this video clip?","A wall with white paint is observed in this video clip.","The structure is a white wooden ceiling with visible beams and a window.","Scene Summary"
"6baa36c1-e4d0-4dbd-97b2-dff48ecf796e","How is the exterior space utilized in the video action?","The exterior space provides a background for removal of an object.","The exterior space is utilized by the person using a ladder to reach up and work on the window, which has been partially stripped back.","Action Caption"
"6baa36c1-e4d0-4dbd-97b2-dff48ecf796e","Is the object completely removed from the wall in the video?","Yes","No, the object is partially removed from the wall.","Whether Something Happened(Y/N)"
"6baa36c1-e4d0-4dbd-97b2-dff48ecf796e","Does the video clip show a wall being painted?","No","Yes","Whether Something Happened(Y/N)"
"6baa36c1-e4d0-4dbd-97b2-dff48ecf796e","In the video, is the wall outdoors?","Yes","No, the wall is indoors.","Whether Something Happened(Y/N)"
"6baa36c1-e4d0-4dbd-97b2-dff48ecf796e","In the video, is the ladder stretched before scraping the wall?","Yes","Yes, the ladder is stretched before scraping the wall.","Order Judging(Y/N)"
"6baa36c1-e4d0-4dbd-97b2-dff48ecf796e","What happens just before the wall is scraped in the video?","The ladder is stretched","Before the wall is scraped, a person wearing a blue sleeve and a wristwatch is seen holding a tool near the wall.","What event order"
"6baa36c1-e4d0-4dbd-97b2-dff48ecf796e","What exterior work is being performed?","Scraping a wall and smoothing a surface.","The exterior work being performed involves painting the window and repairing or maintaining it.","Scene Summary"
"6baa36c1-e4d0-4dbd-97b2-dff48ecf796e","Where is the activity taking place?","Outside a house.","The activity is taking place in a garage or workshop.","Scene Summary"
"6baa36c1-e4d0-4dbd-97b2-dff48ecf796e","Which tools are being used for the exterior tasks?","A scraper and a planer.","A hammer and a red-handled tool, possibly a sander or chisel, are being used for the exterior tasks.","Scene Summary"
"6baa36c1-e4d0-4dbd-97b2-dff48ecf796e","Can you describe the sequence of work shown?","Scraping first, then planing.","The sequence of work begins with the person using a hammer to smooth out the paint on the window frame, followed by applying a red and yellow tool to the wall near the window.","Action Caption"
"6baa36c1-e4d0-4dbd-97b2-dff48ecf796e","Does the video show painting work being done?","No.","Yes","Whether Something Happened(Y/N)"
"6baa36c1-e4d0-4dbd-97b2-dff48ecf796e","Is there any smoothing of surfaces portrayed?","Yes.","Yes.","Whether Something Happened(Y/N)"
"6baa36c1-e4d0-4dbd-97b2-dff48ecf796e","Does the scene capture window installation?","No.","Yes","Whether Something Happened(Y/N)"
"6baa36c1-e4d0-4dbd-97b2-dff48ecf796e","Does the clip depict interior renovation?","No.","Yes.","Whether Something Happened(Y/N)"
"6baa36c1-e4d0-4dbd-97b2-dff48ecf796e","Does smoothing the surface occur before scraping the wall?","No","Yes, the person continues to smooth the surface with a red and black scraper before scraping it.","Order Judging(Y/N)"
"6baa36c1-e4d0-4dbd-97b2-dff48ecf796e","Is the removal of plaster seen before the scraping action?","Yes","Yes.","Order Judging(Y/N)"
"6baa36c1-e4d0-4dbd-97b2-dff48ecf796e","Does the planer touch the surface after the wall is scrapped?","Yes","Yes, the planer touches the surface after the wall is scrapped.","Order Judging(Y/N)"
"6baa36c1-e4d0-4dbd-97b2-dff48ecf796e","In the video, is the ladder stretched before scraping the wall?","Yes","Yes.","Order Judging(Y/N)"
"6baa36c1-e4d0-4dbd-97b2-dff48ecf796e","Does the smoothing of the surface occur after scraping the wall?","Yes","Yes, the person continues to smooth out the surface with a red and yellow tool after scraping the wall.","Order Judging(Y/N)"
"6baa36c1-e4d0-4dbd-97b2-dff48ecf796e","Is something removed from the wall before stretching the ladder?","No","Yes.","Order Judging(Y/N)"
"6baa36c1-e4d0-4dbd-97b2-dff48ecf796e","In the clip, is the ladder stretched after smoothing the surface?","No","Yes","Order Judging(Y/N)"
"6baa36c1-e4d0-4dbd-97b2-dff48ecf796e","What can be seen happening before smoothing the surface?","Scraping the wall","Before smoothing the surface, the person uses a red and yellow-handled tool to smooth out any rough edges or imperfections.","What event order"
"6baa36c1-e4d0-4dbd-97b2-dff48ecf796e","In the video, what happens before stretching the ladder?","Nothing, it is the first action","Before stretching the ladder, the person is seen standing on a ladder.","What event order"
"6baa36c1-e4d0-4dbd-97b2-dff48ecf796e","What is the setting of the video clip?","Outside a house.","The setting of the video clip is a workshop or garage, with various tools and equipment visible in the background.","Scene Summary"
"6baa36c1-e4d0-4dbd-97b2-dff48ecf796e","What task is being performed in the video clip?","Smoothing and scraping a surface.","The task being performed in the video clip is a window repair or maintenance.","Scene Summary"
"6baa36c1-e4d0-4dbd-97b2-dff48ecf796e","What tools are being used in the video clip?","A planer and a scraper.","The tools being used in the video clip include a hammer and a screwdriver.","Scene Summary"
"6baa36c1-e4d0-4dbd-97b2-dff48ecf796e","What is the condition of the surface being worked on?","It is a rough surface.","The surface being worked on appears to be weathered and has peeling paint, indicating it may have been exposed to the elements for some time.","Scene Summary"
"6baa36c1-e4d0-4dbd-97b2-dff48ecf796e","What is the first action taken on the surface in the clip?","Smoothing it with a planer.","The first action taken on the surface is applying a white substance, likely to protect or seal it.","Action Caption"
"6baa36c1-e4d0-4dbd-97b2-dff48ecf796e","What is the progression of work on the surface in the clip?","From smoothing to scraping.","The progression of work on the surface includes scraping off old material, applying a new layer, and smoothing out any remaining debris.","Action Caption"
"6baa36c1-e4d0-4dbd-97b2-dff48ecf796e","How is the condition of the surface changing in the clip?","Becoming smoother and cleaner.","The surface is becoming more worn and damaged, with peeling paint and exposed wood.","Action Caption"
"6baa36c1-e4d0-4dbd-97b2-dff48ecf796e","Does the person use a planer on the surface?","Yes.","Yes, the person uses a planer on the surface to smooth out any rough edges or imperfections.","Whether Something Happened(Y/N)"
"6baa36c1-e4d0-4dbd-97b2-dff48ecf796e","Is there an action of scraping visible in the new frames?","Yes.","Yes, there is an action of scraping visible in the new frames.","Whether Something Happened(Y/N)"
"6baa36c1-e4d0-4dbd-97b2-dff48ecf796e","Does the clip show the complete smoothing of the surface?","No.","No, the clip shows only a close-up of the person's hands and the surface being smoothed.","Whether Something Happened(Y/N)"
"6baa36c1-e4d0-4dbd-97b2-dff48ecf796e","In the video, is the surface scrapped before it is smoothened with a planer?","No","Yes","Order Judging(Y/N)"
"6baa36c1-e4d0-4dbd-97b2-dff48ecf796e","In the sequence, is the planer used before the scraper?","Yes","Yes, the planer is used before the scraper.","Order Judging(Y/N)"
"6baa36c1-e4d0-4dbd-97b2-dff48ecf796e","What occurs right before the planer is used on the surface?","Nothing, it's the first action","A person wearing a blue shirt and black shoes is seen standing on the left side of the frame, with their feet positioned near the window.","What event order"
"6baa36c1-e4d0-4dbd-97b2-dff48ecf796e","Did I remove something from the wall before scraping the wall?","Yes","Yes, the person removed a piece of wood from the wall before scraping it.","Order Judging(Y/N)"
"6baa36c1-e4d0-4dbd-97b2-dff48ecf796e","Is the surface smoothened with a planer before scraping with a scraper?","Yes","Yes.","Order Judging(Y/N)"
"6baa36c1-e4d0-4dbd-97b2-dff48ecf796e","Do I smoothen the surface with a planer before removing something from the wall?","No","Yes, the person smoothes the surface with a planer before removing something from the wall.","Order Judging(Y/N)"
"6baa36c1-e4d0-4dbd-97b2-dff48ecf796e","Is the wall scraped with a scraper before using a planer in one sequence?","No","Yes.","Order Judging(Y/N)"
"6baa36c1-e4d0-4dbd-97b2-dff48ecf796e","What setting is shown in the video clip?","An outdoor scene with window frame paint removal.","The setting shown in the video clip is a workshop or garage, with tools and equipment visible.","Scene Summary"
"6baa36c1-e4d0-4dbd-97b2-dff48ecf796e","Describe the environment shown in the clip.","An outside area, likely a building's exterior.","The environment is a garage or workshop with a window frame that has been partially painted. The person is using a hammer and a small tool to work on the paint, ensuring it is properly applied.","Scene Summary"
"6baa36c1-e4d0-4dbd-97b2-dff48ecf796e","What tool is being used in the current action?","A paint scraper is being used in the action.","A small, handheld tool is being used in the current action.","Action Caption"
"6baa36c1-e4d0-4dbd-97b2-dff48ecf796e","How is the paint being removed in this scene?","The paint is being manually scraped off.","The paint is being removed by scraping it away with a tool, which the person uses to carefully remove the remaining layer of paint.","Action Caption"
"6baa36c1-e4d0-4dbd-97b2-dff48ecf796e","Does the video show a paint removal process?","Yes.","Yes, the video shows a paint removal process where the person is using a tool to remove the old paint from the window frame.","Whether Something Happened(Y/N)"
"6baa36c1-e4d0-4dbd-97b2-dff48ecf796e","Is the person successfully removing paint from a window frame?","Yes.","Yes.","Whether Something Happened(Y/N)"
"6baa36c1-e4d0-4dbd-97b2-dff48ecf796e","Does the scene take place indoors?","No.","No.","Whether Something Happened(Y/N)"
"6baa36c1-e4d0-4dbd-97b2-dff48ecf796e","Is the surface smoothed with a planer before scraping with a scraper?","Yes","Yes.","Order Judging(Y/N)"
"6baa36c1-e4d0-4dbd-97b2-dff48ecf796e","Does the removal of paint on the window frame happen after smoothing a surface?","Yes","Yes, the removal of paint on the window frame happens after smoothing a surface.","Order Judging(Y/N)"
"6baa36c1-e4d0-4dbd-97b2-dff48ecf796e","Is the paint scraper used before the planer on any surface?","No","Yes, the paint scraper is used on a wooden surface before the planer.","Order Judging(Y/N)"
"6baa36c1-e4d0-4dbd-97b2-dff48ecf796e","Is the surface smoothed after removing paint from the window frame?","No","Yes.","Order Judging(Y/N)"
"6baa36c1-e4d0-4dbd-97b2-dff48ecf796e","What happens just before using the scraper on the surface?","Smoothing the surface with a planer","Just before using the scraper, the person points at something on the wall or door frame to indicate a specific area of interest.","What event order"
"6baa36c1-e4d0-4dbd-97b2-dff48ecf796e","What is done just prior to smoothing a surface?","Nothing, it's the first action.","Just prior to smoothing a surface, the person uses a hammer and a small tool to smooth out the paint on the window frame.","What event order"
"6baa36c1-e4d0-4dbd-97b2-dff48ecf796e","What action takes place before using the paint scraper?","Smoothing and scraping a surface","Before using the paint scraper, a person is seen holding a paint scraper and appears to be preparing for painting.","What event order"
"6baa36c1-e4d0-4dbd-97b2-dff48ecf796e","What is the first action performed outside the house?","Smoothing a surface with a planer","The first action performed outside the house is a person using a hammer to scrape off paint from the window frame.","What event order"
"6baa36c1-e4d0-4dbd-97b2-dff48ecf796e","Did I scrape the wall before smoothing the surface with a planer?","Yes.","Yes, the person used a planer to smooth out the surface of the wall before scraping it.","Order Judging(Y/N)"
"6baa36c1-e4d0-4dbd-97b2-dff48ecf796e","Did I smooth the surface with a planer before removing paint from the window frame?","Yes.","Yes, the person used a planer to smooth out the surface of the window frame before removing paint.","Order Judging(Y/N)"
"6baa36c1-e4d0-4dbd-97b2-dff48ecf796e","What do I do before removing paint from the window frame?","Scrape the wall and smooth a surface.","Before removing paint from the window frame, I use a hammer to remove loose paint and apply a layer of white primer.","What event order"
"6baa36c1-e4d0-4dbd-97b2-dff48ecf796e","What is the setting of the video clip?","The setting is outside near a window.","The setting of the video clip is a residential area with a window that has been partially painted.","Scene Summary"
"6baa36c1-e4d0-4dbd-97b2-dff48ecf796e","What tool is being used on the window?","A scraper is being used.","A red-handled tool, possibly a sander or sanding rod, is being used on the window.","Action Caption"
"6baa36c1-e4d0-4dbd-97b2-dff48ecf796e","Does the video show paint being scraped off?","Yes.","Yes","Whether Something Happened(Y/N)"
"6baa36c1-e4d0-4dbd-97b2-dff48ecf796e","Is the window frame being refinished?","Yes.","Yes.","Whether Something Happened(Y/N)"
"6baa36c1-e4d0-4dbd-97b2-dff48ecf796e","Is a tool being used for paint removal?","Yes.","Yes.","Whether Something Happened(Y/N)"
"6baa36c1-e4d0-4dbd-97b2-dff48ecf796e","Is the person working on interior maintenance?","No.","Yes.","Whether Something Happened(Y/N)"
"6baa36c1-e4d0-4dbd-97b2-dff48ecf796e","Is the window frame being replaced?","No.","Yes.","Whether Something Happened(Y/N)"
"6baa36c1-e4d0-4dbd-97b2-dff48ecf796e","Is the window opened before the paint is scraped?","Yes","Yes.","Order Judging(Y/N)"
"6baa36c1-e4d0-4dbd-97b2-dff48ecf796e","Does the hand touch the window frame before using the scraper?","Yes","Yes, the hand touches the window frame before using the scraper.","Order Judging(Y/N)"
"6baa36c1-e4d0-4dbd-97b2-dff48ecf796e","Is the paint on the window frame removed before the hand is visible?","No","Yes.","Order Judging(Y/N)"
"6baa36c1-e4d0-4dbd-97b2-dff48ecf796e","Does the window frame appear before the scraper is in motion?","Yes","Yes, the window frame appears before the scraper is in motion.","Order Judging(Y/N)"
"6baa36c1-e4d0-4dbd-97b2-dff48ecf796e","Is the paint removed from the window frame before using the planer?","No","Yes.","Order Judging(Y/N)"
"6baa36c1-e4d0-4dbd-97b2-dff48ecf796e","Does the surface smoothing with a planer occur before the scraping?","Yes","Yes, the surface smoothing with a planer occurs before the scraping.","Order Judging(Y/N)"
"6baa36c1-e4d0-4dbd-97b2-dff48ecf796e","Is the scraping of the surface completed before removing paint on the window frame?","No","Yes.","Order Judging(Y/N)"
"6baa36c1-e4d0-4dbd-97b2-dff48ecf796e","What occurs just before scraping the surface?","Smoothening with a planer","Just before scraping the surface, a person wearing dark clothing is seen reaching up to adjust or fix something on the window.","What event order"
"6baa36c1-e4d0-4dbd-97b2-dff48ecf796e","What is the main activity taking place outside the house?","Smoothing and scraping surfaces.","The main activity is the person working on a window, using a hammer and chisel to remove or adjust the paint.","Scene Summary"
"6baa36c1-e4d0-4dbd-97b2-dff48ecf796e","Where is the scene set?","Outside a house.","The scene is set in a garage or workshop.","Scene Summary"
"6baa36c1-e4d0-4dbd-97b2-dff48ecf796e","What tools are being used in this scene?","A planer and a scraper.","A hammer and a screwdriver are used in this scene.","Scene Summary"
"6baa36c1-e4d0-4dbd-97b2-dff48ecf796e","How can you describe the area in which the activity occurs?","It's a woodworking area outside the house.","The area is a cluttered outdoor space with various objects scattered around, including a ladder leaning against the wall and a window frame that has been partially removed.","Scene Summary"
"6baa36c1-e4d0-4dbd-97b2-dff48ecf796e","What actions are being performed in this video clip?","Smoothing with a planer and scraping with a scraper.","The actions performed in this video clip include scraping the window, removing paint from the window frame, and using a hammer to remove nails.","Action Caption"
"6baa36c1-e4d0-4dbd-97b2-dff48ecf796e","What is the focus of the activity in these frames?","Wood surface maintenance.","The focus of the activity is on a window with peeling paint, and the person is using a hammer to remove or adjust the paint.","Action Caption"
"6baa36c1-e4d0-4dbd-97b2-dff48ecf796e","What is the sequence of actions performed outside?","First smoothening, then scraping surfaces.","The sequence of actions performed outside includes the person using a hammer to smooth out the paint on the window, removing debris from around the window frame, and then climbing up a ladder to reach higher areas.","Action Caption"
"6baa36c1-e4d0-4dbd-97b2-dff48ecf796e","How does the person handle the tools in the video?","With precision and care for the task.","The person uses a hammer and a screwdriver to work on the window frame, demonstrating precision and skill in their task.","Action Caption"
"6baa36c1-e4d0-4dbd-97b2-dff48ecf796e","What are the visible results of the actions in this clip?","Smooth surfaces and wood shavings scattered.","The visible results include the window being repaired, with a partially completed frame and a ladder leaning against it.","Action Caption"
"6baa36c1-e4d0-4dbd-97b2-dff48ecf796e","Does the video show the use of a woodworking planer?","Yes","Yes, the video shows a close-up of the person's hands using a woodworking planer to smooth out the surface of the window frame.","Whether Something Happened(Y/N)"
"6baa36c1-e4d0-4dbd-97b2-dff48ecf796e","Is the person scraping a wooden surface?","Yes","Yes.","Whether Something Happened(Y/N)"
"6baa36c1-e4d0-4dbd-97b2-dff48ecf796e","Are the actions performed indoor?","No","Yes.","Whether Something Happened(Y/N)"
"6baa36c1-e4d0-4dbd-97b2-dff48ecf796e","Does the activity involve painting or staining?","No","Yes, the activity involves painting or staining.","Whether Something Happened(Y/N)"
"6baa36c1-e4d0-4dbd-97b2-dff48ecf796e","Is the person wearing any safety gear?","No","No, the person is not wearing any visible safety gear.","Whether Something Happened(Y/N)"
"6baa36c1-e4d0-4dbd-97b2-dff48ecf796e","Was the window frame scraped before it was planed?","No","Yes, the window frame was scraped before it was planed.","Order Judging(Y/N)"
"6baa36c1-e4d0-4dbd-97b2-dff48ecf796e","Did the scraping of a surface happen after smoothening it?","Yes","Yes, the scraping of a surface happened after smoothening it.","Order Judging(Y/N)"
"6baa36c1-e4d0-4dbd-97b2-dff48ecf796e","What happens just before the scraper is used on the window frame?","The surface is smoothened with a planer","Just before the scraper is used on the window frame, a person's hand appears in the bottom right corner of the frame.","What event order"
"6baa36c1-e4d0-4dbd-97b2-dff48ecf796e","What is the action taken just prior to the planer being used in the video?","There is no action shown before the planer is used","The action is the person using a planer to smooth out the window frame.","What event order"
"6baa36c1-e4d0-4dbd-97b2-dff48ecf796e","Was the surface planed before the scraping of paint on the window frame?","Yes","Yes, the surface planed was done before the scraping of paint on the window frame.","Order Judging(Y/N)"
"6baa36c1-e4d0-4dbd-97b2-dff48ecf796e","Was the window frame scraped before planing the surface?","No","Yes, the window frame was scraped before planing the surface.","Order Judging(Y/N)"
"6baa36c1-e4d0-4dbd-97b2-dff48ecf796e","Was the window frame scraped first before using any tools?","No","Yes, the window frame was scraped first before using any tools.","Order Judging(Y/N)"
"6baa36c1-e4d0-4dbd-97b2-dff48ecf796e","What's the brief of the depicted scenario?","A person scrapes a surface outside a house.","The brief of the depicted scenario is a person working on a window, using a hammer to remove debris from the window frame.","Scene Summary"
"6baa36c1-e4d0-4dbd-97b2-dff48ecf796e","What can be inferred about the location in the video clip?","It's a residential outdoor area by a window.","The location appears to be a residential setting, possibly a garage or an outdoor area adjacent to the window.","Scene Summary"
"6baa36c1-e4d0-4dbd-97b2-dff48ecf796e","How would you describe the environment surrounding the action?","It appears to be tranquil and domestic.","The environment is outdoors, with a ladder leaning against the wall and a ladder on the left side of the frame. The ground appears to be covered in gravel or dirt.","Scene Summary"
"6baa36c1-e4d0-4dbd-97b2-dff48ecf796e","Is the person in the video using a tool for scraping?","Yes.","Yes.","Whether Something Happened(Y/N)"
"6baa36c1-e4d0-4dbd-97b2-dff48ecf796e","Is the scraping happening indoors?","No.","Yes.","Whether Something Happened(Y/N)"
"6baa36c1-e4d0-4dbd-97b2-dff48ecf796e","Does the footage show the completion of the scraping task?","No.","Yes, the footage shows the completion of the scraping task as the person is seen holding a tool and moving it back and forth to smooth out the debris.","Whether Something Happened(Y/N)"
"6baa36c1-e4d0-4dbd-97b2-dff48ecf796e","Is the person wearing gloves while scraping?","No.","No, the person is not wearing gloves while scraping.","Whether Something Happened(Y/N)"
"6baa36c1-e4d0-4dbd-97b2-dff48ecf796e","Did I smoothen the surface with a planer before scraping it with a scraper?","Yes","Yes, the person used a planer to smooth out the surface before scraping it with a scraper.","Order Judging(Y/N)"
"6baa36c1-e4d0-4dbd-97b2-dff48ecf796e","What occurs just before I scrape the surface with the scraper?","Smoothening with a planer","A person wearing a blue sleeve appears, holding the scraper and pointing towards the window.","What event order"
"6baa36c1-e4d0-4dbd-97b2-dff48ecf796e","Is the scraping of the window frame after smoothing the surface?","Yes","Yes.","Order Judging(Y/N)"
"6baa36c1-e4d0-4dbd-97b2-dff48ecf796e","What happens just before the window frame is scraped?","The surface is smoothened with a planer","Just before the window frame is scraped, a person points at something outside the camera's view.","What event order"
"6baa36c1-e4d0-4dbd-97b2-dff48ecf796e","What occurs right before the surface is smoothened?","The paint is removed with a scraper","A person wearing a blue sleeve is seen holding the tool, preparing to apply pressure.","What event order"
"6baa36c1-e4d0-4dbd-97b2-dff48ecf796e","Can you describe the setting in the video?","The setting is outdoor by the side of a house.","The setting is a workshop or garage with a focus on a window frame that has been partially painted. The person is using a hammer to smooth out the paint, and there are tools visible in the background, indicating ongoing work.","Scene Summary"
"6baa36c1-e4d0-4dbd-97b2-dff48ecf796e","Does the person succeed in scraping off the material?","Yes.","Yes, the person successfully removes the material from the window frame.","Whether Something Happened(Y/N)"
"6baa36c1-e4d0-4dbd-97b2-dff48ecf796e","Is the scraping being done on an interior wall?","No.","Yes.","Whether Something Happened(Y/N)"
"6baa36c1-e4d0-4dbd-97b2-dff48ecf796e","Is the person using any tool other than a scraper?","No.","No, the person is using a scraper to scrape away the white paint from the wooden surface.","Whether Something Happened(Y/N)"
"6baa36c1-e4d0-4dbd-97b2-dff48ecf796e","Does the scrapping of the surface start before walking outside the house?","No","Yes, the scrapping of the surface starts before walking outside the house.","Order Judging(Y/N)"
"6baa36c1-e4d0-4dbd-97b2-dff48ecf796e","In the video, is the scraper used on the lower part of the wall before the upper part?","No","Yes, the scraper is used on the lower part of the wall before the upper part.","Order Judging(Y/N)"
"6baa36c1-e4d0-4dbd-97b2-dff48ecf796e","Is the paint removal near the window sill done after removing paint near the flower pot?","Yes","Yes, the person is seen removing paint near the window sill after they have finished removing it from the flower pot.","Order Judging(Y/N)"
"6baa36c1-e4d0-4dbd-97b2-dff48ecf796e","What action occurs just before the paint near the flower pot is scraped off?","Scraping near the window sill","A person's hand points towards the area where the paint is being scraped off.","What event order"
"6baa36c1-e4d0-4dbd-97b2-dff48ecf796e","Is the planer used before the scraper?","Yes","Yes, the planer is used before the scraper.","Order Judging(Y/N)"
"6baa36c1-e4d0-4dbd-97b2-dff48ecf796e","Is the scraping done before smoothing the surface?","No","Yes, the person is seen scraping the surface with a tool before smoothing it.","Order Judging(Y/N)"
"6baa36c1-e4d0-4dbd-97b2-dff48ecf796e","Does the planing occur after the scraping?","No","Yes, the planing continues after the scraping.","Order Judging(Y/N)"
"6baa36c1-e4d0-4dbd-97b2-dff48ecf796e","What happens before the scraping begins?","Smoothing with a planer","Before the scraping begins, a person is seen holding a tool and observing the work being done.","What event order"
"6baa36c1-e4d0-4dbd-97b2-dff48ecf796e","What task is being carried out outside the house?","Smoothening a surface with a planer and scraping.","The task being carried out outside the house is painting a wooden surface.","Scene Summary"
"6baa36c1-e4d0-4dbd-97b2-dff48ecf796e","What tools are used in the latest frames for the outdoor task?","A planer and a scraper.","A hammer and a red-handled tool, possibly a nail gun or similar fastener, are used in the latest frames for the outdoor task.","Scene Summary"
"6baa36c1-e4d0-4dbd-97b2-dff48ecf796e","Describe the surroundings where the task takes place.","Outside a house, likely a work area with debris.","The task takes place in a residential area with bare trees and houses visible through the window, indicating an outdoor setting.","Scene Summary"
"6baa36c1-e4d0-4dbd-97b2-dff48ecf796e","What process is demonstrated in the recent video footage?","Woodworking involving smoothing and scraping actions.","The video demonstrates the process of applying a substance to a wooden surface, likely for painting or staining purposes.","Scene Summary"
"6baa36c1-e4d0-4dbd-97b2-dff48ecf796e","What is the likely purpose of the actions shown in the clip?","Preparing a wooden surface, possibly for painting or finishing.","The likely purpose of the actions shown in the clip is to demonstrate a step-by-step process for painting or repairing a wooden surface.","Scene Summary"
"6baa36c1-e4d0-4dbd-97b2-dff48ecf796e","Describe the sequential actions taken by the individual.","First, using a planer for smoothing, then a scraper.","The individual is seen using a sander to smooth out the paint on the window frame. They first apply pressure and sweep the surface with the sander, then use their hand to guide it along the edges of the paint, ensuring even coverage. The person continues to work diligently, focusing on the area where the paint was applied.","Action Caption"
"6baa36c1-e4d0-4dbd-97b2-dff48ecf796e","Has the person completed the smoothening task?","Yes.","Yes, the person has finished smoothing out the paint on the window frame.","Whether Something Happened(Y/N)"
"6baa36c1-e4d0-4dbd-97b2-dff48ecf796e","Does the individual use more than one tool?","Yes.","Yes, the individual uses a hammer and a brush to apply paint.","Whether Something Happened(Y/N)"
"6baa36c1-e4d0-4dbd-97b2-dff48ecf796e","Is the work performed indoors in the latest frames?","No, it's outside.","No.","Whether Something Happened(Y/N)"
"6baa36c1-e4d0-4dbd-97b2-dff48ecf796e","Have any painting actions been depicted in the summary?","No, only smoothening and scraping are shown.","Yes, the video shows a person using a paint roller to apply and smooth out the paint on the window frame.","Whether Something Happened(Y/N)"
"6baa36c1-e4d0-4dbd-97b2-dff48ecf796e","In the video, is scraping done before smoothing with a planer?","No","Yes, the video shows the person scraping the wall with a black scraper before smoothing it with a planer.","Order Judging(Y/N)"
"6baa36c1-e4d0-4dbd-97b2-dff48ecf796e","Is the surface scraped after the house exterior is shown?","Yes","Yes.","Order Judging(Y/N)"
"6baa36c1-e4d0-4dbd-97b2-dff48ecf796e","What is seen happening before any tool is used on the surface?","Outside of the house shown","Before any tool is used, the person is seen holding a red-handled tool and using it to scrape or remove paint from the surface.","What event order"
"6baa36c1-e4d0-4dbd-97b2-dff48ecf796e","In the sequence, is the scraper used before the planer?","No","Yes, the scraper is used before the planer.","Order Judging(Y/N)"
"6baa36c1-e4d0-4dbd-97b2-dff48ecf796e","Does the scraping happen outdoors?","Yes","Yes, the scraping happens outdoors as indicated by the natural light and the presence of a car in the background.","Order Judging(Y/N)"
"6baa36c1-e4d0-4dbd-97b2-dff48ecf796e","Is the surface scraped after it is smoothened?","Yes","Yes","Order Judging(Y/N)"
"6baa36c1-e4d0-4dbd-97b2-dff48ecf796e","Is the scraping performed before standing up?","No","Yes, the scraping is performed before standing up.","Order Judging(Y/N)"
"6baa36c1-e4d0-4dbd-97b2-dff48ecf796e","What is done before using the scraper in the video?","Smoothening the surface with a planer","Before using the scraper, the person is seen holding a red-handled tool and adjusting it to fit properly on the window frame.","What event order"
"6baa36c1-e4d0-4dbd-97b2-dff48ecf796e","What happens just before the second scraping action?","The first scraping action","Just before the second scraping action, the person is seen holding a red-handled tool and pointing at something on the wall.","What event order"
"6baa36c1-e4d0-4dbd-97b2-dff48ecf796e","What occurs just before the surface is smoothened?","Going outside the house","A person wearing a blue sleeve and a wristwatch is seen holding the paint roller, preparing to apply it.","What event order"
"6baa36c1-e4d0-4dbd-97b2-dff48ecf796e","What is the setting of the video clip?","The setting is outdoors, with a person removing unwanted cover.","The setting of the video clip is a residential area with a person working on a window, surrounded by a ladder and various tools.","Scene Summary"
"6baa36c1-e4d0-4dbd-97b2-dff48ecf796e","What is the main focus of the video clip?","The main focus is on a person removing a cover from a surface.","The main focus of the video clip is a person's hands using a sander to smooth out paint on a window.","Scene Summary"
"6baa36c1-e4d0-4dbd-97b2-dff48ecf796e","What is the person doing with their hand?","They are rubbing waste off with their hand.","The person is holding a tool, possibly a hammer or chisel, and appears to be using it to smooth out the paint on the window frame.","Action Caption"
"6baa36c1-e4d0-4dbd-97b2-dff48ecf796e","What action follows rubbing the waste?","The person climbs a ladder.","The action follows the person removing the waste from the window frame.","Action Caption"
"6baa36c1-e4d0-4dbd-97b2-dff48ecf796e","What tool is the person using in the action?","The person is using a scraper or a similar tool.","The person is using a black-handled, flat tool to apply paint or adhesive.","Action Caption"
"6baa36c1-e4d0-4dbd-97b2-dff48ecf796e","Did the person climb a ladder in the video?","Yes.","No, the person did not climb a ladder; they were working on the window frame.","Whether Something Happened(Y/N)"
"6baa36c1-e4d0-4dbd-97b2-dff48ecf796e","Does the video show the person successfully removing the cover?","Yes.","Yes, the video shows the person successfully removing the cover and leaving a clean window frame.","Whether Something Happened(Y/N)"
"6baa36c1-e4d0-4dbd-97b2-dff48ecf796e","Was the task performed indoors?","No.","Yes, the task was performed indoors.","Whether Something Happened(Y/N)"
"6baa36c1-e4d0-4dbd-97b2-dff48ecf796e","Did I smoothen the surface with a planer before scraping it with a scraper?","Yes.","Yes, the person used a planer to smooth out the surface before scraping it with a scraper.","Order Judging(Y/N)"
"6baa36c1-e4d0-4dbd-97b2-dff48ecf796e","Did I climb the ladder before rubbing waste with my hand?","No.","No, the ladder was not used before rubbing waste with a hand.","Order Judging(Y/N)"
"6baa36c1-e4d0-4dbd-97b2-dff48ecf796e","Did the removal of unwanted cover happen before climbing the ladder?","No.","Yes, the removal of unwanted cover happened before climbing the ladder.","Order Judging(Y/N)"
"6baa36c1-e4d0-4dbd-97b2-dff48ecf796e","Did I scrape the surface before smoothening it with a planer?","No.","Yes, the person used a planer to smooth out the surface of the window before scraping it.","Order Judging(Y/N)"
"6baa36c1-e4d0-4dbd-97b2-dff48ecf796e","Did the drawing a planer happen after climbing the ladder?","No.","Yes, the drawing a planer happened after climbing the ladder.","Order Judging(Y/N)"
"6baa36c1-e4d0-4dbd-97b2-dff48ecf796e","What takes place immediately before drawing a planer across the surface?","Being outside the house.","A person wearing a blue long-sleeve shirt is seen holding the planer, preparing to start drawing.","What event order"
"6baa36c1-e4d0-4dbd-97b2-dff48ecf796e","What do I do before rubbing waste with my hand?","Being outside.","Before rubbing waste with your hand, you should first clean the area to remove any dirt or debris.","What event order"
"6baa36c1-e4d0-4dbd-97b2-dff48ecf796e","Did I scrape the surface before using a planer?","No","Yes, the person used a planer to remove any remaining debris from the surface before scraping it.","Order Judging(Y/N)"
"6baa36c1-e4d0-4dbd-97b2-dff48ecf796e","Did the planer use happen after the ladder climbing?","No","Yes, the planer used after the ladder climbing was not visible in the video.","Order Judging(Y/N)"
"6baa36c1-e4d0-4dbd-97b2-dff48ecf796e","Was the surface scraped after using the planer?","Yes","Yes, the surface was scraped after using the planer.","Order Judging(Y/N)"
"6baa36c1-e4d0-4dbd-97b2-dff48ecf796e","Was the waste rubbed off before I climbed the ladder?","Yes","Yes, the waste was rubbed off before I climbed the ladder.","Order Judging(Y/N)"
"6baa36c1-e4d0-4dbd-97b2-dff48ecf796e","What happens just before I scrape the surface?","Smoothening with a planer","Just before I scrape the surface, a person wearing a blue long-sleeve shirt and a wristwatch is seen holding a red-handled tool.","What event order"
"6baa36c1-e4d0-4dbd-97b2-dff48ecf796e","What event occurs before using the planer?","Climbing the ladder","Before using the planer, a person is seen holding a ladder and a hammer.","What event order"
"6baa36c1-e4d0-4dbd-97b2-dff48ecf796e","What is the focus of the video's depicted scenario?","Removing unwanted cover from wood surface.","The video's depicted scenario focuses on a person performing a task involving the wall, specifically focusing on peeling and smoothing paint.","Scene Summary"
"6baa36c1-e4d0-4dbd-97b2-dff48ecf796e","Describe the setting shown in the video clip.","Outside, near a window with a wood surface.","The video shows a person working on a window, using a hammer and a tool to smooth out the paint. The setting includes a ladder leaning against the wall, a small container near the window, and a handbag placed nearby.","Scene Summary"
"6baa36c1-e4d0-4dbd-97b2-dff48ecf796e","What can be observed about the environment in the clip?","It's outdoors, possibly at a residential location.","The environment includes a ladder, tools, and various objects scattered around the area.","Scene Summary"
"6baa36c1-e4d0-4dbd-97b2-dff48ecf796e","Narrate the activity captured in this clip.","Holding a scraper, staring at, and scraping a wood surface.","The video showcases a person diligently working on a window, using a hammer and a tool to smooth out the paint. The individual is seen carefully applying the paint, ensuring it adheres evenly to the surface of the window frame. Throughout the process, they are wearing a wristwatch, indicating their attention to detail and precision in their work. The background reveals an outdoor setting with trees and a cloudy sky, providing context for the location and time of day.","Action Caption"
"6baa36c1-e4d0-4dbd-97b2-dff48ecf796e","Can you provide a caption for the action taking place?","Scraping Away: Unveiling the Wood Beneath.","A person is meticulously applying a substance to the wall, ensuring it adheres properly.","Action Caption"
"6baa36c1-e4d0-4dbd-97b2-dff48ecf796e","Did the individual successfully remove some of the unwanted cover?","Yes.","Yes, the individual successfully removed some of the unwanted cover by using a tool to scrape off the remaining paint.","Whether Something Happened(Y/N)"
"6baa36c1-e4d0-4dbd-97b2-dff48ecf796e","Is the person using a tool to work on the surface?","Yes.","Yes.","Whether Something Happened(Y/N)"
"6baa36c1-e4d0-4dbd-97b2-dff48ecf796e","Has the person been carefully examining the wood surface?","Yes.","Yes, the person is carefully examining the wood surface to ensure it meets their standards.","Whether Something Happened(Y/N)"
"6baa36c1-e4d0-4dbd-97b2-dff48ecf796e","Is the work being performed close to a window?","Yes.","Yes.","Whether Something Happened(Y/N)"
"6baa36c1-e4d0-4dbd-97b2-dff48ecf796e","Did I rub waste with my hand before climbing the ladder?","Yes.","Yes, the person in the video is seen rubbing waste with their hand before climbing the ladder.","Order Judging(Y/N)"
"6baa36c1-e4d0-4dbd-97b2-dff48ecf796e","Is the unwanted cover removed after I stare at the wood surface?","No.","Yes","Order Judging(Y/N)"
"6baa36c1-e4d0-4dbd-97b2-dff48ecf796e","Do I hold the scraper before removing the unwanted cover?","No.","Yes, the person holds the scraper before removing the unwanted cover.","Order Judging(Y/N)"
"6baa36c1-e4d0-4dbd-97b2-dff48ecf796e","Am I outside when I stare at the wood surface?","Yes.","Yes, you can see the outside environment through the window in the video.","Order Judging(Y/N)"
"6baa36c1-e4d0-4dbd-97b2-dff48ecf796e","What happens just before I hold the scraper?","Staring at the wood surface.","Just before I hold the scraper, a hand appears and points towards the wall.","What event order"
"6baa36c1-e4d0-4dbd-97b2-dff48ecf796e","Did I smooth the surface with a planer before scraping it with a scraper?","Yes","Yes, the person used a planer to smooth out the surface before scraping it with a scraper.","Order Judging(Y/N)"
"6baa36c1-e4d0-4dbd-97b2-dff48ecf796e","Did I rub waste with my hand before climbing the ladder?","Yes","Yes, the person in the video is seen rubbing waste with their hand before climbing the ladder.","Order Judging(Y/N)"
"6baa36c1-e4d0-4dbd-97b2-dff48ecf796e","Did I climb the ladder before removing the unwanted cover from the surface?","Yes","No, the ladder was not used before removing the unwanted cover from the surface.","Order Judging(Y/N)"
"6baa36c1-e4d0-4dbd-97b2-dff48ecf796e","What is the setting depicted in the video clip?","It is an outdoor setting surrounding a window frame.","The setting depicted in the video clip is a residential area with a window that has been partially painted. The person is working on the window, using a tool to smooth out the paint and prepare it for painting.","Scene Summary"
"6baa36c1-e4d0-4dbd-97b2-dff48ecf796e","What is the state of the window frame in the scene?","The window frame is in the process of being scraped.","The window frame appears to be in a state of disrepair, with peeling paint and visible damage.","Scene Summary"
"6baa36c1-e4d0-4dbd-97b2-dff48ecf796e","Describe the immediate environment around the window frame.","There's discarded material on the ground near the window frame.","The immediate environment around the window frame includes a ladder leaning against it, some scattered debris on the ground, and a small section of the wall visible in the background.","Scene Summary"
"6baa36c1-e4d0-4dbd-97b2-dff48ecf796e","What can be inferred about the surface condition in the scene?","The surface likely needed maintenance, as it's being scraped.","The surface appears to be weathered and worn, with peeling paint or plaster.","Scene Summary"
"6baa36c1-e4d0-4dbd-97b2-dff48ecf796e","Are there any signs of ongoing construction or repair in the video?","Yes, the scraping indicates repair or renovation work.","Yes, there are several signs of ongoing construction or repair in the video. The person is using a hammer to smooth out the peeling paint on the window frame and the surrounding area, indicating that they are working on repairing or maintaining the structure.","Scene Summary"
"6baa36c1-e4d0-4dbd-97b2-dff48ecf796e","What action is the person performing in the new frames?","The person is scraping the surface of a window frame.","The person is using a tool to scrape or remove the old paint from the window frame.","Action Caption"
"6baa36c1-e4d0-4dbd-97b2-dff48ecf796e","How is the person preparing the window frame?","By removing unwanted cover and rubbing the surface.","The person is using a tool to smooth out the paint on the window frame, ensuring it is clean and free of debris.","Action Caption"
"6baa36c1-e4d0-4dbd-97b2-dff48ecf796e","What maintenance task can be seen happening around a window?","Scraping off old paint or material from the window frame.","The maintenance task involves scraping or smoothing the window surface, as indicated by the person using a tool to remove debris and smooth out the paint.","Action Caption"
"6baa36c1-e4d0-4dbd-97b2-dff48ecf796e","Has the protective cover been removed from the window surface?","Yes.","Yes, the protective cover has been removed from the window surface.","Whether Something Happened(Y/N)"
"6baa36c1-e4d0-4dbd-97b2-dff48ecf796e","Is there any sign of the person completing the scraping action?","No, the person is still holding the scraper.","Yes, the person is seen holding a tool in their right hand and appears to be finishing up the scraping action.","Whether Something Happened(Y/N)"
"6baa36c1-e4d0-4dbd-97b2-dff48ecf796e","Does the footage show a fully renovated window frame?","No, the window is still being worked on.","No, the footage does not show a fully renovated window frame; it shows an ongoing process of repairing or painting the window.","Whether Something Happened(Y/N)"
"6baa36c1-e4d0-4dbd-97b2-dff48ecf796e","Did the person in the video fully rub the surface?","No, only part of the surface has been rubbed.","Yes, the person in the video is seen using a tool to rub the surface of the window with their hand, indicating that they have fully rubbed it.","Whether Something Happened(Y/N)"
"6baa36c1-e4d0-4dbd-97b2-dff48ecf796e","Has all the discarded material been cleared from the ground?","No, the material is still on the ground.","Yes, the ground is now clear of all discarded material.","Whether Something Happened(Y/N)"
"6baa36c1-e4d0-4dbd-97b2-dff48ecf796e","In the video, does staring at the wood surface occur before removing the unwanted cover?","No","Yes, the video shows a close-up of the wood surface before removing the unwanted cover.","Order Judging(Y/N)"
"6baa36c1-e4d0-4dbd-97b2-dff48ecf796e","Is the wood surface rubbed after removing the unwanted cover?","Yes","Yes.","Order Judging(Y/N)"
"6baa36c1-e4d0-4dbd-97b2-dff48ecf796e","In the video, does holding the scraper happen before rubbing the surface?","Yes","Yes, the video shows a person holding the scraper before rubbing the surface.","Order Judging(Y/N)"
"6baa36c1-e4d0-4dbd-97b2-dff48ecf796e","What happens just before rubbing the wood surface in the video?","Removing unwanted cover","Just before rubbing the wood surface, the person is seen holding a tool and using it to smooth out the wood/INFO","What event order"
"6baa36c1-e4d0-4dbd-97b2-dff48ecf796e","What happens just before removing the unwanted cover in the video?","Staring at the wood surface.","Just before removing the unwanted cover, the person uses a tool to smooth out any remaining debris or marks on the window frame.","What event order"
"6baa36c1-e4d0-4dbd-97b2-dff48ecf796e","Did rubbing the surface happen before staring at the wood surface?","No","Yes, the person wiped their hands and face with a cloth before staring at the wood surface.","Order Judging(Y/N)"
"6baa36c1-e4d0-4dbd-97b2-dff48ecf796e","Was the ladder climbed before removing the unwanted cover?","Yes","Yes, the ladder was climbed before removing the unwanted cover.","Order Judging(Y/N)"
"6baa36c1-e4d0-4dbd-97b2-dff48ecf796e","Was the unwanted cover removed after rubbing waste with hand?","Yes","Yes, the unwanted cover was removed after rubbing waste with a hand.","Order Judging(Y/N)"
"6baa36c1-e4d0-4dbd-97b2-dff48ecf796e","Did staring at the wood surface happen before holding the scraper?","No","Yes, the video shows a close-up of the person's hands as they hold the scraper and work on the wood surface.","Order Judging(Y/N)"
"6baa36c1-e4d0-4dbd-97b2-dff48ecf796e","What is done after staring at the wood surface?","Holding the scraper","The person begins to work on the wood/INFO","What event order"
"6baa36c1-e4d0-4dbd-97b2-dff48ecf796e","What is the overall setting of the video clip?","Outside, near a building with unwanted cover being removed.","The overall setting of the video clip is a garage or workshop where a person is working on a window.","Scene Summary"
"6baa36c1-e4d0-4dbd-97b2-dff48ecf796e","What's the main focus of the scene?","A person cleaning an area by a building.","The main focus of the scene is a person working on a window, using a tool to smooth or fix it.","Scene Summary"
"6baa36c1-e4d0-4dbd-97b2-dff48ecf796e","What kind of location is shown in the video?","An outdoor location by a building.","The video shows a garage or workshop setting.","Scene Summary"
"6baa36c1-e4d0-4dbd-97b2-dff48ecf796e","What task is being performed in the frames?","Scraping off unwanted cover from a surface.","The task being performed is painting a window with a roller.","Action Caption"
"6baa36c1-e4d0-4dbd-97b2-dff48ecf796e","Can you detail the activity taking place?","A person removing a covering layer from a window.","The video shows a person working on a window, using a tool to smooth or fix the paint. The individual is seen adjusting and smoothing out the paint around the window frame, ensuring it is properly aligned and clean.","Action Caption"
"6baa36c1-e4d0-4dbd-97b2-dff48ecf796e","What is the immediate action captured?","A hand using a tool to clean a window.","The immediate action captured is the person using a hammer to smooth out the paint on the window frame.","Action Caption"
"6baa36c1-e4d0-4dbd-97b2-dff48ecf796e","What is the implication of the depicted movement?","Preparation or cleaning of a building's exterior.","The implied movement suggests that the person is working diligently to repair or maintain the window, indicating a focus on detail and precision in their work.","Action Caption"
"6baa36c1-e4d0-4dbd-97b2-dff48ecf796e","Did the camera wearer completely remove the unwanted cover?","No.","No, the camera wearer did not completely remove the unwanted cover; they only removed a small section of it.","Whether Something Happened(Y/N)"
"6baa36c1-e4d0-4dbd-97b2-dff48ecf796e","Did the video contain any interaction with another person?","No, it only shows a person working alone.","No, the video does not contain any interaction with another person.","Whether Something Happened(Y/N)"
"6baa36c1-e4d0-4dbd-97b2-dff48ecf796e","Does the frame convey the completion of the task?","No, the task appears to be in progress.","Yes, the frame shows that the person has successfully removed the old seal and is now working on a new coat of paint.","Whether Something Happened(Y/N)"
"6baa36c1-e4d0-4dbd-97b2-dff48ecf796e","Did the rubbing of the surface happen before walking outside?","No","Yes, the person was seen rubbing their hands against the surface before walking outside.","Order Judging(Y/N)"
"6baa36c1-e4d0-4dbd-97b2-dff48ecf796e","Is the scraper held after removing unwanted cover from the surface?","Yes","Yes.","Order Judging(Y/N)"
"6baa36c1-e4d0-4dbd-97b2-dff48ecf796e","Does the unwanted cover get removed before the surface is rubbed?","Yes","Yes, the unwanted cover is removed before the surface is rubbed.","Order Judging(Y/N)"
"6baa36c1-e4d0-4dbd-97b2-dff48ecf796e","Did walking outside occur before holding the scraper?","Yes","Yes, walking outside occurred before holding the scraper.","Order Judging(Y/N)"
"6baa36c1-e4d0-4dbd-97b2-dff48ecf796e","What happens before the surface is rubbed?","Unwanted cover is removed.","Before the surface is rubbed, a person points at something on the wall.","What event order"
"6baa36c1-e4d0-4dbd-97b2-dff48ecf796e","What occurs just before the scraper is held?","The surface is rubbed.","A person wearing a watch is seen pointing towards the camera, indicating that they are about to start working on the window.","What event order"
"6baa36c1-e4d0-4dbd-97b2-dff48ecf796e","What takes place just before removing unwanted cover?","Being outside.","Before removing unwanted cover, the person uses a hammer to smooth out any remaining debris on the window frame.","What event order"
"6baa36c1-e4d0-4dbd-97b2-dff48ecf796e","What action occurs before the unwanted cover is removed a second time?","Holding the scraper.","Before the unwanted cover is removed a second time, the person uses a hammer to smooth out any remaining debris on the window frame.","What event order"
"6baa36c1-e4d0-4dbd-97b2-dff48ecf796e","Did I stare at the wood surface before removing the unwanted cover?","No","No, you didn't stare at the wood surface before removing the unwanted cover.","Order Judging(Y/N)"
"6baa36c1-e4d0-4dbd-97b2-dff48ecf796e","Did I rub the surface after removing the unwanted cover?","Yes","Yes, the person in the video removed the unwanted cover and then rubbed it against the surface to ensure it was thoroughly cleaned.","Order Judging(Y/N)"
"6baa36c1-e4d0-4dbd-97b2-dff48ecf796e","Did I remove the unwanted cover before walking outside?","Yes","Yes, the person removed the unwanted cover before walking outside.","Order Judging(Y/N)"
"6baa36c1-e4d0-4dbd-97b2-dff48ecf796e","What happened before I held the scraper?","Removed unwanted cover and stared at the surface","Before I held the scraper, a person was working on peeling off paint from the window.","What event order"
"6baa36c1-e4d0-4dbd-97b2-dff48ecf796e","What occurred just before walking outside?","Removed the unwanted cover","Just before walking outside, the person was seen using a hammer to smooth out the paint on the window frame.","What event order"
"6baa36c1-e4d0-4dbd-97b2-dff48ecf796e","What takes place right before removing the unwanted cover?","Nothing, it's the initial action","A person is seen holding a tool, possibly a hammer or chisel, and appears to be preparing for the removal of an unwanted cover.","What event order"
"6baa36c1-e4d0-4dbd-97b2-dff48ecf796e","What action occurred immediately before rubbing the surface?","Removed unwanted cover","The person began to work on the window, using a tool to smooth out the paint.","What event order"
"e58207f1-84ec-424b-a997-ff64a57eb13b","What is the setting of the video clip?","The setting is inside a house.","The video clip is set in a modern, well-lit interior space with white walls and ceiling lights.","Scene Summary"
"e58207f1-84ec-424b-a997-ff64a57eb13b","What activity occurs in the scene?","Walking around and checking items.","A person wearing sunglasses and a black hoodie is seen sitting on the couch, holding something in their hands.","Scene Summary"
"e58207f1-84ec-424b-a997-ff64a57eb13b","Are there multiple people in the video?","Yes, two people are present.","Yes.","Scene Summary"
"e58207f1-84ec-424b-a997-ff64a57eb13b","Did I exit the house during the video?","No.","Yes, the person exited the house during the video.","Whether Something Happened(Y/N)"
"e58207f1-84ec-424b-a997-ff64a57eb13b","Did I ignore any rooms while checking?","No.","No, I did not ignore any rooms while checking.","Whether Something Happened(Y/N)"
"e58207f1-84ec-424b-a997-ff64a57eb13b","Did the interaction with the other person seem hostile?","No.","Yes, the interaction with the other person seemed hostile as they were seen holding a drink and engaging in conversation.","Whether Something Happened(Y/N)"
"e58207f1-84ec-424b-a997-ff64a57eb13b","Did I find anything unusual in the items?","The video does not indicate that.","Yes, there is a water bottle on the floor near the person.","Whether Something Happened(Y/N)"
"e58207f1-84ec-424b-a997-ff64a57eb13b","What setting is introduced in this video clip?","An interior of a house.","The video clip introduces a cozy living room setting with a person sitting on a couch, holding an open magazine.","Scene Summary"
"e58207f1-84ec-424b-a997-ff64a57eb13b","What objects are central to the scene in this video?","A magazine and a woman.","The central objects in the scene are a person sitting on a couch, an open magazine with images of hairstyles and beauty products, and a hand holding a small object.","Scene Summary"
"e58207f1-84ec-424b-a997-ff64a57eb13b","Describe the layout of the room shown.","Room with large windows and modern lighting.","The room is spacious with a modern design, featuring a large window that allows natural light to flood the space. The floor is polished concrete, and there are various items scattered around, including a television on a stand, a vacuum cleaner, and some boxes. A magazine titled 'upgrade your tools' is prominently displayed in front of the couch, indicating a focus on personal grooming or beauty tips.","Scene Summary"
"e58207f1-84ec-424b-a997-ff64a57eb13b","What activity dominates this scene?","Reading and interacting with another person.","The activity that dominates this scene is the person sitting on the couch, reading a magazine.","Scene Summary"
"e58207f1-84ec-424b-a997-ff64a57eb13b","What is the relationship between the primary elements in this scene?","They involve engagement with reading material and human interaction.","The relationship between the primary elements in this scene is that of a person relaxing on a couch, with another individual sitting next to them.","Scene Summary"
"e58207f1-84ec-424b-a997-ff64a57eb13b","What action am I performing in these frames?","Holding and looking at a magazine.","In these frames, you are performing the action of holding a magazine with an article about hair styling.","Action Caption"
"e58207f1-84ec-424b-a997-ff64a57eb13b","What activity follows holding the magazine?","Looking at the magazine.","Following holding the magazine, a hand appears and picks up the magazine from the floor.","Action Caption"
"e58207f1-84ec-424b-a997-ff64a57eb13b","Did I hold the magazine before walking around the house?","No","Yes, the person holding the magazine was walking around the house before they sat down on the couch.","Order Judging(Y/N)"
"e58207f1-84ec-424b-a997-ff64a57eb13b","Did I look at the magazine before walking around with another person?","Yes","Yes, you can see the magazine in your hand before walking around with another person.","Order Judging(Y/N)"
"e58207f1-84ec-424b-a997-ff64a57eb13b","Was the magazine held after checking on items in the house?","No","Yes, the magazine was held in someone's hand after checking on items in the house.","Order Judging(Y/N)"
"e58207f1-84ec-424b-a997-ff64a57eb13b","What do I do just before interacting with the woman?","Holding the magazine","I walk towards the couch, place my hand on it, and then turn to face her.","What event order"
"e58207f1-84ec-424b-a997-ff64a57eb13b","What action is performed just before I check on items?","Walking around the house","Just before I check on items, a hand appears holding an item and then the camera zooms in to reveal a magazine with text and images.","What event order"
"e58207f1-84ec-424b-a997-ff64a57eb13b","What happens right before I hold the magazine?","Walking with another person","A person wearing a black hoodie and shorts enters the room, holding the magazine.","What event order"
"e58207f1-84ec-424b-a997-ff64a57eb13b","What is done immediately before walking around the house?","Being inside the house","Immediately before walking around the house, a person is seen sitting on the couch with their legs crossed and holding a magazine.","What event order"
"e58207f1-84ec-424b-a997-ff64a57eb13b","What does the environment indicate about the video's setting?","The video is set in a modern, well-lit living space.","The environment indicates a calm and relaxed atmosphere, with the person sitting on a gray couch in a well-lit room that features a television, a coffee table, and various decorative items.","Scene Summary"
"e58207f1-84ec-424b-a997-ff64a57eb13b","What activity is being undertaken in the living area?","Reading and interacting with another person.","The person in the living area is holding a magazine and appears to be reading or flipping through it.","Scene Summary"
"e58207f1-84ec-424b-a997-ff64a57eb13b","Describe the indoor setting captured in the video.","A living room with a TV unit, books, and seating areas.","The video captures a serene and well-lit living room with a modern design, featuring a gray sofa, a white armchair, a black chair, a television on a stand, and various decorative items such as potted plants. The room is bathed in natural light streaming through large windows, creating a warm and inviting atmosphere.","Scene Summary"
"e58207f1-84ec-424b-a997-ff64a57eb13b","What items in the room indicate leisure activities?","A television and books suggest leisure or relaxation.","The presence of a magazine, a remote control, and a glass coffee table indicate leisure activities.","Scene Summary"
"e58207f1-84ec-424b-a997-ff64a57eb13b","What furnishings can be observed in the video scene?","A TV stand, shelves, and magazines can be seen.","In the video scene, there are a gray armchair and a white sofa with cushions. A television is also visible on the left side of the frame.","Scene Summary"
"e58207f1-84ec-424b-a997-ff64a57eb13b","What actions are performed by the individual regarding the books?","The individual is turning the pages and reading a book.","The individual is seen holding a book and flipping through its pages, appearing to read or examine it.","Action Caption"
"e58207f1-84ec-424b-a997-ff64a57eb13b","How does the person engage with the media in the room?","The person seems to ignore the TV and focuses on the book.","The person engages with the media by holding a magazine titled 'Stand-Up' and flipping through its pages.","Action Caption"
"e58207f1-84ec-424b-a997-ff64a57eb13b","Did the person read a book in the video?","Yes.","Yes, the person was seen holding a book and reading it while sitting on the couch.","Whether Something Happened(Y/N)"
"e58207f1-84ec-424b-a997-ff64a57eb13b","Did the individual change the page of the book at least once?","Yes.","Yes, the individual made a few changes to the page of the book.","Whether Something Happened(Y/N)"
"e58207f1-84ec-424b-a997-ff64a57eb13b","Did the person have an interaction with someone in the room?","Yes.","Yes, the person was seen holding a magazine and gesturing with their hands while sitting on the couch.","Whether Something Happened(Y/N)"
"e58207f1-84ec-424b-a997-ff64a57eb13b","In the video, is the magazine held before turning book pages?","Yes.","Yes","Order Judging(Y/N)"
"e58207f1-84ec-424b-a997-ff64a57eb13b","Is the book read after interacting with a woman?","No.","Yes.","Order Judging(Y/N)"
"e58207f1-84ec-424b-a997-ff64a57eb13b","In the video, does looking around occur before holding the magazine?","No.","Yes, looking around occurs before holding the magazine.","Order Judging(Y/N)"
"e58207f1-84ec-424b-a997-ff64a57eb13b","What is done just before interacting with a woman?","Looking at the magazine.","Just before interacting with a woman, the person is seen holding a magazine titled 'Stand-Up' and appears to be reading it.","What event order"
"e58207f1-84ec-424b-a997-ff64a57eb13b","What occurs just before turning book pages?","Looking around.","Just before turning book pages, the person is seen holding a magazine titled 'Stand-Up' and appears to be reading or flipping through it.","What event order"
"e58207f1-84ec-424b-a997-ff64a57eb13b","What is performed just before reading a book?","Turning book pages.","Just before reading a book, the person is seen sitting on the couch with their legs crossed and holding a drink.","What event order"
"e58207f1-84ec-424b-a997-ff64a57eb13b","In the video sequence, what is done before interacting with a different woman?","Reading a book.","Before interacting with a different woman, the person in the black jacket and sunglasses is seen sitting on a gray couch.","What event order"
"e58207f1-84ec-424b-a997-ff64a57eb13b","Did I walk around the house before holding the magazine?","Yes.","Yes, you walked around the house before holding the magazine.","Order Judging(Y/N)"
"e58207f1-84ec-424b-a997-ff64a57eb13b","Was the magazine held before reading a book?","Yes.","Yes, the magazine was held before reading a book.","Order Judging(Y/N)"
"e58207f1-84ec-424b-a997-ff64a57eb13b","Did reading a book happen before walking around the house?","No.","Yes, the person was seen holding a book and reading it before walking around the house.","Order Judging(Y/N)"
"e58207f1-84ec-424b-a997-ff64a57eb13b","What occurs just before reading a book?","Turn book pages.","Just before reading a book, the person sits up and reaches for something on the table.","What event order"
"e58207f1-84ec-424b-a997-ff64a57eb13b","What action takes place before walking around the house?","No preceding action mentioned.","Before walking around the house, a person is seen sitting on the couch with their legs crossed and holding a magazine.","What event order"
"e58207f1-84ec-424b-a997-ff64a57eb13b","What is the location setting in this video clip?","Inside a house.","The location setting in this video clip is a modern living room with gray sofas, a glass coffee table, and various decorative items.","Scene Summary"
"e58207f1-84ec-424b-a997-ff64a57eb13b","Describe the atmosphere of the scene.","A casual, indoor environment.","The atmosphere of the scene is calm and serene, with a person sitting on a gray armchair in a modern living room. The room has white walls, a large window allowing natural light to flood in, and a television mounted on one wall. A glass coffee table holds various items including magazines and a plant. The person appears relaxed and engaged in conversation or observation, holding a remote control.","Scene Summary"
"e58207f1-84ec-424b-a997-ff64a57eb13b","What is the relationship between the participants in the video?","They appear to be acquaintances.","The relationship between the participants in the video appears to be casual and relaxed, with one person sitting on a chair while the other is standing.","Scene Summary"
"e58207f1-84ec-424b-a997-ff64a57eb13b","Did the characters engage in any recreational activity?","Yes, they read magazines.","Yes, the characters engaged in a recreational activity by holding and examining a small object together.","Action Caption"
"e58207f1-84ec-424b-a997-ff64a57eb13b","Did the characters sit down for a formal meeting?","No.","No, the characters did not sit down for a formal meeting; they were engaged in casual conversation.","Whether Something Happened(Y/N)"
"e58207f1-84ec-424b-a997-ff64a57eb13b","Are the characters in the video clip outdoors?","No.","No.","Whether Something Happened(Y/N)"
"e58207f1-84ec-424b-a997-ff64a57eb13b","Is there any sign of an argument happening in the video?","No.","No, there is no sign of an argument happening in the video.","Whether Something Happened(Y/N)"
"e58207f1-84ec-424b-a997-ff64a57eb13b","Did the characters watch television in the clip?","No.","Yes, the characters watched television in the clip.","Whether Something Happened(Y/N)"
"e58207f1-84ec-424b-a997-ff64a57eb13b","Is there any physical activity performed by the characters?","No.","No, the characters are not engaged in any physical activity.","Whether Something Happened(Y/N)"
"e58207f1-84ec-424b-a997-ff64a57eb13b","Does reading a book happen before talking to the woman?","Yes.","Yes, the woman is seen holding a book before talking to her.","Order Judging(Y/N)"
"e58207f1-84ec-424b-a997-ff64a57eb13b","Is looking around done before turning book pages?","Yes.","Yes, the person is seen looking around before turning book pages.","Order Judging(Y/N)"
"e58207f1-84ec-424b-a997-ff64a57eb13b","What occurs just before reading the magazines?","Talking to each other.","Just before reading the magazines, a person wearing sunglasses and holding a magazine appears to be in conversation with someone off-camera.","What event order"
"e58207f1-84ec-424b-a997-ff64a57eb13b","What takes place immediately before looking around?","Turning book pages.","A person wearing a black hoodie and sunglasses sits on the gray couch, holding a drink in their right hand.","What event order"
"e58207f1-84ec-424b-a997-ff64a57eb13b","What action is performed just before talking to each other?","Looking around.","Just before talking to each other, the person in the black hoodie and white sneakers is seen holding a drink.","What event order"
"e58207f1-84ec-424b-a997-ff64a57eb13b","Did I look around before holding the magazine?","No.","Yes, you can see the magazine on the coffee table in your hands.","Order Judging(Y/N)"
"e58207f1-84ec-424b-a997-ff64a57eb13b","What activities were performed in the room?","Reading a magazine and making coffee.","The room was used for various activities, including a person sitting on the couch reading a book and another person holding a drink.","Scene Summary"
"e58207f1-84ec-424b-a997-ff64a57eb13b","Describe the environment where the actions occurred.","A room with a seated person, magazine, and phone.","The actions occurred in a modern, well-lit living room with white walls and a gray carpet. The room features a television on a stand, a sofa with cushions, a coffee table with various items, and a floor lamp providing soft lighting. A person is seated on the sofa, holding a drink and engaging in conversation or demonstration.","Scene Summary"
"e58207f1-84ec-424b-a997-ff64a57eb13b","What devices were used in the scenario?","A magazine and a phone.","A television, a coffee machine, and a remote control were used in the scenario.","Scene Summary"
"e58207f1-84ec-424b-a997-ff64a57eb13b","What was the person doing with the magazine?","The person was reading the magazine.","The person was holding the magazine and looking at it, possibly reading or flipping through its pages.","Action Caption"
"e58207f1-84ec-424b-a997-ff64a57eb13b","What activity followed reading the magazine?","The person operated the phone.","Following reading the magazine, a person sat down on a gray sofa and began to interact with someone off-camera.","Action Caption"
"e58207f1-84ec-424b-a997-ff64a57eb13b","Did the person remain seated throughout?","No, they got up to make coffee.","Yes, the person remained seated throughout the video.","Action Caption"
"e58207f1-84ec-424b-a997-ff64a57eb13b","Did the person leave the room?","No, the actions happened in the room.","Yes, the person was seen leaving the room through a door in the background.","Whether Something Happened(Y/N)"
"e58207f1-84ec-424b-a997-ff64a57eb13b","Did the person use a laptop?","No, the person used a phone.","Yes, the person used a laptop.","Whether Something Happened(Y/N)"
"e58207f1-84ec-424b-a997-ff64a57eb13b","Did I talk to the woman before reading the magazine?","Yes","Yes, the woman was seen sitting on a chair in front of the television and holding a magazine.","Order Judging(Y/N)"
"e58207f1-84ec-424b-a997-ff64a57eb13b","Did I read the magazine before making coffee?","Yes","Yes, the person in the black shirt was seen holding a magazine before making coffee.","Order Judging(Y/N)"
"e58207f1-84ec-424b-a997-ff64a57eb13b","Did I operate the phone before talking to the woman?","No","Yes, the woman was seen holding a phone before talking to her.","Order Judging(Y/N)"
"e58207f1-84ec-424b-a997-ff64a57eb13b","Did I make coffee before sitting in the room?","No","Yes, you made coffee before sitting in the room.","Order Judging(Y/N)"
"e58207f1-84ec-424b-a997-ff64a57eb13b","Did I make coffee before reading a magazine?","No","Yes, you made coffee before reading a magazine.","Order Judging(Y/N)"
"e58207f1-84ec-424b-a997-ff64a57eb13b","Did I interact with the woman before reading the book?","Yes","Yes, before reading the book, I interacted with the woman by holding a remote control and engaging in conversation.","Order Judging(Y/N)"
"e58207f1-84ec-424b-a997-ff64a57eb13b","Was the magazine read before interacting with the woman?","No","Yes, the magazine was read before interacting with the woman.","Order Judging(Y/N)"
"e58207f1-84ec-424b-a997-ff64a57eb13b","Was the phone operated before making coffee?","Yes","Yes, the phone was operated before making coffee.","Order Judging(Y/N)"
"e58207f1-84ec-424b-a997-ff64a57eb13b","What occurs just before I make coffee?","Operate the phone","Just before I make coffee, a person enters the room and sits on a chair.","What event order"
"e58207f1-84ec-424b-a997-ff64a57eb13b","What do I do before reading the magazine?","Talk to the woman","Before reading the magazine, I turn off the TV and place it on a coffee table.","What event order"
"e58207f1-84ec-424b-a997-ff64a57eb13b","What is done just before looking around?","Turn book pages","Just before looking around, the person is seen holding a drink and appears to be in conversation or making a gesture with their hands.","What event order"
"e58207f1-84ec-424b-a997-ff64a57eb13b","What action takes place before reading the book?","Look around","Before reading the book, a person sits on a gray sofa and holds a green object.","What event order"
"e58207f1-84ec-424b-a997-ff64a57eb13b","Describe the setting where the activity is taking place.","The activity is in an indoor room with modern furnishings.","The activity is taking place in a cozy living room with light-colored furniture, including a gray armchair and a white sofa. The room features a television screen displaying the 'Joker' board game, a potted plant on the coffee table, and various magazines scattered around.","Scene Summary"
"e58207f1-84ec-424b-a997-ff64a57eb13b","Identify the furniture used by the individuals in the clip.","Chairs are used for seating during the card game.","The individuals are seated on a gray couch and a white armchair.","Scene Summary"
"e58207f1-84ec-424b-a997-ff64a57eb13b","Did the individual participate in a recreational game?","Yes.","Yes, the individual is seen holding a box of Jenga blocks and appears to be engaged in playing with them.","Whether Something Happened(Y/N)"
"e58207f1-84ec-424b-a997-ff64a57eb13b","Was there any interaction with another person during the game?","Yes.","Yes, the person in the green lanyard was seen holding a phone and gesturing with their hand while playing the game.","Whether Something Happened(Y/N)"
"e58207f1-84ec-424b-a997-ff64a57eb13b","Does the setting include contemporary room decor?","Yes.","Yes, the setting includes contemporary room decor with a gray sofa adorned with cushions and a potted plant.","Whether Something Happened(Y/N)"
"e58207f1-84ec-424b-a997-ff64a57eb13b","Name one activity that is clearly not happening in this scene.","Cooking food is clearly not happening in this scene.","The activity that is clearly not happening in this scene is the person sitting on the couch, as they are not visible.","Scene Summary"
"e58207f1-84ec-424b-a997-ff64a57eb13b","What parallel activity accompanies the main action in this clip?","A discussion with another person accompanies the main action.","The parallel activity is a person holding and interacting with the stack of wooden blocks.","Action Caption"
"e58207f1-84ec-424b-a997-ff64a57eb13b","Is there a creative or construction-related task shown?","Yes, arranging wooden bricks can be considered a construction-related task.","Yes, there is a construction-related task shown in the video.","Action Caption"
"e58207f1-84ec-424b-a997-ff64a57eb13b","Does the video show any form of artistic painting?","No.","No, the video does not show any form of artistic painting.","Whether Something Happened(Y/N)"
"e58207f1-84ec-424b-a997-ff64a57eb13b","Is there a solo performance happening in the video?","No.","Yes.","Whether Something Happened(Y/N)"
"e58207f1-84ec-424b-a997-ff64a57eb13b","Did I interact with Lady A after I sat on the chair?","Yes.","Yes, Lady A was seen interacting with someone off-camera to her right.","Order Judging(Y/N)"
"e58207f1-84ec-424b-a997-ff64a57eb13b","What happens just before I sit on the chair?","Entering the room.","Just before I sit on the chair, a person wearing a green shirt and white pants enters the room.","What event order"
"e58207f1-84ec-424b-a997-ff64a57eb13b","What did I engage in right before sitting in a room?","I did not engage in anything; I was already seated.","Before sitting in a room, the person engaged in an activity involving a stack of wooden blocks.","What event order"
"e58207f1-84ec-424b-a997-ff64a57eb13b","Where is this scene set?","In a room with another person.","The scene is set in a modern, well-lit living room.","Scene Summary"
"e58207f1-84ec-424b-a997-ff64a57eb13b","What are the main elements present in this scenario?","A Jenga game and two individuals.","The main elements present in this scenario include a person wearing VR glasses, a stack of wooden blocks, and various furniture and decor items.","Scene Summary"
"e58207f1-84ec-424b-a997-ff64a57eb13b","What can be observed on the table in the video?","A Jenga tower and blocks.","The table in the video has a glass top and is adorned with various items, including a red book, a blue mug, and some magazines.","Scene Summary"
"e58207f1-84ec-424b-a997-ff64a57eb13b","Who is actively participating in the game shown in the video?","The person in the frame and another woman.","The person wearing a black shirt and glasses is actively participating in the game.","Action Caption"
"e58207f1-84ec-424b-a997-ff64a57eb13b","How is the game of Jenga progressing in the clip?","Blocks are being stacked atop the tower.","The game of Jenga is progressing with the person successfully stacking a tower, indicating that they are in the middle of their turn.","Action Caption"
"e58207f1-84ec-424b-a997-ff64a57eb13b","What is the consequence of the actions performed with the Jenga blocks?","The Jenga tower is becoming taller.","The consequence is that the person in the video becomes increasingly frustrated and disoriented, as indicated by their hand movements and facial expressions.","Action Caption"
"e58207f1-84ec-424b-a997-ff64a57eb13b","What action precedes placing a block atop the Jenga tower?","Removing a block from the Jenga tower.","The action that precedes placing a block atop the Jenga tower is holding and adjusting the Jenga blocks.","Action Caption"
"e58207f1-84ec-424b-a997-ff64a57eb13b","Does the video show a Jenga tower on a glass table?","Yes.","Yes.","Whether Something Happened(Y/N)"
"e58207f1-84ec-424b-a997-ff64a57eb13b","Are the Jenga blocks being carefully handled?","Yes.","Yes, the person is carefully handling the Jenga blocks.","Whether Something Happened(Y/N)"
"e58207f1-84ec-424b-a997-ff64a57eb13b","Is the Jenga tower intact at this moment in the video?","Yes.","Yes.","Whether Something Happened(Y/N)"
"e58207f1-84ec-424b-a997-ff64a57eb13b","What action occurred just before placing the blocks atop the Jenga tower?","Took Jenga blocks from the tower","Just before placing the blocks atop the Jenga tower, a hand with a black wristband appeared and placed one of the wooden blocks on top.","What event order"
"e58207f1-84ec-424b-a997-ff64a57eb13b","What happened just before taking Jenga blocks from the tower?","Played game of Jenga","Just before taking Jenga blocks from the tower, a hand appeared and picked up one of the blocks.","What event order"
"e58207f1-84ec-424b-a997-ff64a57eb13b","Did I arrange wooden bricks before playing a card game?","No","Yes, you arranged wooden bricks before playing a card game.","Order Judging(Y/N)"
"e58207f1-84ec-424b-a997-ff64a57eb13b","Did I sit on a chair before talking to a lady?","Yes","Yes, the person sitting on a gray armchair in front of the coffee table is holding their legs up and appears to be talking to someone.","Order Judging(Y/N)"
"e58207f1-84ec-424b-a997-ff64a57eb13b","What activities are occurring inside the house?","Two individuals are playing Jenga.","Inside the house, there are people sitting on a couch and standing around. A person is holding a box labeled 'SORRY' while another person is seen in the background.","Scene Summary"
"e58207f1-84ec-424b-a997-ff64a57eb13b","What is on the table between the participants?","A Jenga tower is on the table.","There is a green mug and some magazines on the table between them.","Scene Summary"
"e58207f1-84ec-424b-a997-ff64a57eb13b","How are the participants utilizing the wooden blocks?","They are carefully pulling blocks from the Jenga tower.","The participants are using the wooden blocks to build a tower, with one person holding up the stack and another placing blocks on top.","Action Caption"
"e58207f1-84ec-424b-a997-ff64a57eb13b","Is the Jenga tower still standing?","Yes.","Yes, the Jenga tower is still standing.","Whether Something Happened(Y/N)"
"e58207f1-84ec-424b-a997-ff64a57eb13b","Has a Jenga block just been successfully moved?","Yes.","Yes","Whether Something Happened(Y/N)"
"e58207f1-84ec-424b-a997-ff64a57eb13b","Are the participants seated during the game?","Yes.","Yes, the participants are seated during the game.","Whether Something Happened(Y/N)"
"e58207f1-84ec-424b-a997-ff64a57eb13b","Is there a game being played on the floor?","No.","Yes.","Whether Something Happened(Y/N)"
"e58207f1-84ec-424b-a997-ff64a57eb13b","Does the frame display a competitive match in progress?","Yes.","Yes, the frame displays a competitive match in progress as indicated by the person's hand gesture and the presence of another individual standing near the television.","Whether Something Happened(Y/N)"
"e58207f1-84ec-424b-a997-ff64a57eb13b","Did I sit on the chairs before playing Jenga?","Yes.","Yes, the person sitting on the gray couch in front of the coffee table was seen holding a green mug and a newspaper.","Order Judging(Y/N)"
"e58207f1-84ec-424b-a997-ff64a57eb13b","Did I take Jenga blocks from the tower before adding to its top?","Yes.","Yes, you took Jenga blocks from the tower before adding to its top.","Order Judging(Y/N)"
"e58207f1-84ec-424b-a997-ff64a57eb13b","Did the Jenga game happen before relaxing on the chairs?","No.","Yes, the Jenga game was already in progress before relaxing on the chairs.","Order Judging(Y/N)"
"e58207f1-84ec-424b-a997-ff64a57eb13b","Was placing blocks atop the Jenga tower before taking blocks from it?","No.","Yes, the person placed blocks atop the Jenga tower before taking them from it.","Order Judging(Y/N)"
"e58207f1-84ec-424b-a997-ff64a57eb13b","What occurs just before placing the blocks atop the Jenga tower?","Taking Jenga blocks from the tower.","Just before placing the blocks atop the Jenga tower, a hand appears holding up the Jenga pieces.","What event order"
"e58207f1-84ec-424b-a997-ff64a57eb13b","What happens just before sitting on the chairs to play?","Entering the room.","Just before sitting on the chairs, the person is seen holding a stack of wooden blocks and appears to be in the process of placing them on top of the stack.","What event order"
"e58207f1-84ec-424b-a997-ff64a57eb13b","Did the game start before arranging wooden bricks on a block?","No","Yes, the game started with arranging wooden bricks on a block before starting to build the tower.","Order Judging(Y/N)"
"e58207f1-84ec-424b-a997-ff64a57eb13b","What is the setting of the current video clip?","The setting is inside a house.","The setting of the current video clip is a cozy living room with a modern design, featuring a gray sofa adorned with cushions and a coffee table.","Scene Summary"
"e58207f1-84ec-424b-a997-ff64a57eb13b","Describe the occupants in the house in the video.","There are multiple individuals, both men and women.","The house is inhabited by a person wearing a black shirt and white pants, who enters the room from the left side of the frame.","Scene Summary"
"e58207f1-84ec-424b-a997-ff64a57eb13b","What were the individuals doing with wood in the video?","They were arranging pieces of wood.","The individuals were seen holding and interacting with wooden blocks, as well as placing them on the coffee table.","Scene Summary"
"e58207f1-84ec-424b-a997-ff64a57eb13b","What type of interaction occurred among the individuals?","They interacted with each other.","The individuals engaged in a casual and relaxed interaction, possibly discussing or planning something related to the game.","Scene Summary"
"e58207f1-84ec-424b-a997-ff64a57eb13b","Are the people stationary or moving about in the clip?","They are moving about the space.","The people are moving about in the clip.","Action Caption"
"e58207f1-84ec-424b-a997-ff64a57eb13b","Is the Jenga game played before arranging wood pieces?","Yes.","Yes, the Jenga game is played before arranging wood pieces.","Order Judging(Y/N)"
"e58207f1-84ec-424b-a997-ff64a57eb13b","Does sitting on chairs happen before interacting with each other?","Yes.","Yes, sitting on chairs happens before interacting with each other.","Order Judging(Y/N)"
"e58207f1-84ec-424b-a997-ff64a57eb13b","Is the wood arrangement completed before the Jenga tower is built?","No.","Yes, the wooden structure is completed before the Jenga tower is built.","Order Judging(Y/N)"
"e58207f1-84ec-424b-a997-ff64a57eb13b","What happens before arranging the wood pieces?","Playing Jenga.","Before arranging the wood pieces, a person is seen holding a smartphone and appears to be adjusting or inspecting something on it.","What event order"
"e58207f1-84ec-424b-a997-ff64a57eb13b","What takes place before the Jenga block is touched?","Sitting down.","Before the Jenga block is touched, a person wearing sunglasses and holding a smartphone appears in the foreground.","What event order"
"e58207f1-84ec-424b-a997-ff64a57eb13b","Did the Jenga game occur before sitting on the chairs?","No.","Yes, the Jenga game was set up before sitting on the chairs.","Order Judging(Y/N)"
"e58207f1-84ec-424b-a997-ff64a57eb13b","Was taking Jenga blocks from the tower after sitting on the chairs?","Yes.","Yes, Jenga blocks were being taken from the tower after sitting on the chairs.","Order Judging(Y/N)"
"e58207f1-84ec-424b-a997-ff64a57eb13b","What happened just before placing blocks atop the Jenga tower?","Taking Jenga blocks from the tower.","Just before placing blocks atop the Jenga tower, a person was seen holding a smartphone and gesturing with their hands.","What event order"
"e58207f1-84ec-424b-a997-ff64a57eb13b","What happens before arranging the pieces of wood?","Playing the Jenga wooden blocks game.","Before arranging the pieces of wood, a person picks up a smartphone and starts to interact with it.","What event order"
"e58207f1-84ec-424b-a997-ff64a57eb13b","What is the setting of the video clip?","An office.","The setting of the video clip is a cozy living room with a television, a bed, and various items on the floor.","Scene Summary"
"e58207f1-84ec-424b-a997-ff64a57eb13b","What activities are taking place in the clip?","Talking to a person and using a phone.","The clip shows a person sitting on the floor, holding two smartphones and interacting with them. One phone displays an image of another person's face, while the other phone is showing text that reads 'GUESS THEIR AGE.'","Scene Summary"
"e58207f1-84ec-424b-a997-ff64a57eb13b","What is the primary action in the recent frames?","Engaging in a discussion and using the phone.","The primary action in the recent frames is a person holding up two smartphones, one displaying a text message and the other showing an image of another person.","Action Caption"
"e58207f1-84ec-424b-a997-ff64a57eb13b","What technology is in use in the action?","A phone.","The action is being performed using a smartphone.","Action Caption"
"e58207f1-84ec-424b-a997-ff64a57eb13b","Is the person alone in the scene?","No.","Yes.","Whether Something Happened(Y/N)"
"e58207f1-84ec-424b-a997-ff64a57eb13b","Did I interact with others after being at the office?","Yes","Yes, after being at the office, the person in the VR headset interacted with others through a video call.","Order Judging(Y/N)"
"e58207f1-84ec-424b-a997-ff64a57eb13b","Did the office scene occur before the house activities?","Yes","Yes, the office scene occurred before the house activities.","Order Judging(Y/N)"
"e58207f1-84ec-424b-a997-ff64a57eb13b","What happened right before I was at the office?","I was in the house","Before I was at the office, a person wearing sunglasses and a black outfit appeared in front of me.","What event order"
"e58207f1-84ec-424b-a997-ff64a57eb13b","Did I play Jenga before arranging pieces of wood?","Yes.","Yes, you played Jenga before arranging pieces of wood.","Order Judging(Y/N)"
"e58207f1-84ec-424b-a997-ff64a57eb13b","Did I use the phone before playing Jenga?","No.","Yes, the person in the foreground is holding a phone and appears to be using it before playing Jenga.","Order Judging(Y/N)"
"e58207f1-84ec-424b-a997-ff64a57eb13b","Was I at the office before playing with the Jenga blocks?","Yes.","Yes, you were at the office before playing with the Jenga blocks.","Order Judging(Y/N)"
"89a95cd8-ca13-4edf-807e-d62138fd30e0","Describe the environment displayed in the video clip.","The video depicts a kitchen scenario.","The video displays a cluttered kitchen counter with various items, including utensils and containers. The background features a tiled wall with some stains or marks visible on it.","Scene Summary"
"89a95cd8-ca13-4edf-807e-d62138fd30e0","Identify the items being interacted with in the video clip.","Flour and onions are being used with water and a knife.","The items being interacted with include a hand holding an onion, a blue cutting board, and various kitchen utensils.","Scene Summary"
"89a95cd8-ca13-4edf-807e-d62138fd30e0","What's the main activity in the scene?","The main activity is preparing ingredients, mixing and chopping.","The main activity in the scene is a person preparing food, specifically chopping an onion.","Scene Summary"
"89a95cd8-ca13-4edf-807e-d62138fd30e0","What objects are present in the scene related to the activity?","Container of flour, a knife, and mixed dough are noticeable.","Objects present include a metal pot, a blue cutting board, an onion, and various kitchen utensils.","Scene Summary"
"89a95cd8-ca13-4edf-807e-d62138fd30e0","Did the person use a knife on the onions?","Yes.","Yes, the person used a knife to cut the onions.","Whether Something Happened(Y/N)"
"89a95cd8-ca13-4edf-807e-d62138fd30e0","Was water added to the flour in the video?","Yes.","Yes, water was added to the flour in the video.","Whether Something Happened(Y/N)"
"89a95cd8-ca13-4edf-807e-d62138fd30e0","Did the preparation seem to be for baking?","No, more likely for cooking.","Yes, the preparation seemed to be for baking as there were several ingredients and utensils visible on the countertop.","Whether Something Happened(Y/N)"
"89a95cd8-ca13-4edf-807e-d62138fd30e0","Describe the environment where the cooking is taking place.","The cooking is taking place in a kitchen.","The cooking is taking place in a small, cluttered kitchen with tiled walls and a sink. The countertop is filled with various utensils, pots, and containers, indicating an active cooking environment.","Scene Summary"
"89a95cd8-ca13-4edf-807e-d62138fd30e0","What step is being performed with the pan?","Oil is being poured into the pan.","The pan is being heated, likely for cooking or boiling.","Scene Summary"
"89a95cd8-ca13-4edf-807e-d62138fd30e0","Are there any other objects visible associated with cooking?","Yes, there are kitchen utensils and containers.","Yes, there are various kitchen utensils and containers visible on the countertop.","Scene Summary"
"89a95cd8-ca13-4edf-807e-d62138fd30e0","Are there any ingredients ready to be cooked?","Yes, there are chopped ingredients on the cutting board.","Yes, there are ingredients ready to be cooked on the stove.","Action Caption"
"89a95cd8-ca13-4edf-807e-d62138fd30e0","What is implied by the action of pouring oil in the pan?","The person is preparing to cook or fry food.","The action of pouring oil in the pan implies that it is being used to cook or prepare a dish.","Action Caption"
"89a95cd8-ca13-4edf-807e-d62138fd30e0","What will likely happen next in the cooking process?","The food will be added to the heated oil for cooking.","Next, the person will likely pour a liquid from the bottle into one of the pots to mix with the cooked chickpeas.","Action Caption"
"89a95cd8-ca13-4edf-807e-d62138fd30e0","Did the person start cooking as soon as the video began?","No.","Yes, the person began cooking as soon as the video began.","Whether Something Happened(Y/N)"
"89a95cd8-ca13-4edf-807e-d62138fd30e0","Has the person used any kitchen utensils yet?","Yes.","Yes, the person has used a spatula to stir the contents of one of the pots.","Whether Something Happened(Y/N)"
"89a95cd8-ca13-4edf-807e-d62138fd30e0","Is the person cooking unattended or seen in the frame?","The person is unattended, not seen in the frame.","The person is seen in the frame, actively engaged in cooking.","Whether Something Happened(Y/N)"
"89a95cd8-ca13-4edf-807e-d62138fd30e0","Has the heat been turned on under the pan yet?","No.","Yes, the heat has been turned on under the pan.","Whether Something Happened(Y/N)"
"89a95cd8-ca13-4edf-807e-d62138fd30e0","In the video, does mixing flour with water happen before cutting onions?","Yes.","Yes, the video shows a hand mixing flour with water in a pot before cutting onions.","Order Judging(Y/N)"
"89a95cd8-ca13-4edf-807e-d62138fd30e0","Is cooking the food shown before opening the door in the video?","Yes.","Yes.","Order Judging(Y/N)"
"89a95cd8-ca13-4edf-807e-d62138fd30e0","In the video, does pouring oil in the pan occur after cutting onions?","Yes.","Yes, the video shows a hand pouring oil into the pan after cutting onions.","Order Judging(Y/N)"
"89a95cd8-ca13-4edf-807e-d62138fd30e0","In the video, is oil poured into the pan before cooking the food?","No.","Yes","Order Judging(Y/N)"
"89a95cd8-ca13-4edf-807e-d62138fd30e0","What is the setting of the video clip?","The setting is a kitchen.","The setting of the video clip is a kitchen.","Scene Summary"
"89a95cd8-ca13-4edf-807e-d62138fd30e0","What tasks are being performed in the scene?","Cooking food, cleaning the counter, rolling dough.","The tasks being performed in the scene include cooking, cleaning, and preparing ingredients.","Scene Summary"
"89a95cd8-ca13-4edf-807e-d62138fd30e0","Can you caption the cleaning action in the clip?","Tidying up the kitchen counter.","Yes, the caption for the cleaning action in the clip would be: 'Cleaning action in a kitchen with a person washing dishes and placing them on the counter.'","Action Caption"
"89a95cd8-ca13-4edf-807e-d62138fd30e0","How is the dough being prepared?","The dough is being rolled.","The dough is being kneaded on a wooden board.","Action Caption"
"89a95cd8-ca13-4edf-807e-d62138fd30e0","Does the video show someone cooking?","Yes.","Yes","Whether Something Happened(Y/N)"
"89a95cd8-ca13-4edf-807e-d62138fd30e0","Is the counter being cleaned in the video?","Yes.","Yes.","Whether Something Happened(Y/N)"
"89a95cd8-ca13-4edf-807e-d62138fd30e0","Is there a scene of rolling dough in the video?","Yes.","Yes.","Whether Something Happened(Y/N)"
"89a95cd8-ca13-4edf-807e-d62138fd30e0","Does rolling the dough happen before cleaning the counter?","No","Yes, the person is seen rolling the dough on a wooden board before cleaning the counter.","Order Judging(Y/N)"
"89a95cd8-ca13-4edf-807e-d62138fd30e0","Is the food cooked after I clean the counter?","Yes","Yes","Order Judging(Y/N)"
"89a95cd8-ca13-4edf-807e-d62138fd30e0","Before the food is cooked, what do I do?","In the kitchen.","Before the food is cooked, you should wash and dry the vegetables.","What event order"
"89a95cd8-ca13-4edf-807e-d62138fd30e0","What occurs just before I clean the counter?","Cook food.","Just before I clean the counter, a hand holding a yellow sponge appears and starts scrubbing it.","What event order"
"89a95cd8-ca13-4edf-807e-d62138fd30e0","In the video, what takes place right before rolling the dough?","Clean the counter.","Right before rolling the dough, a hand is seen holding a yellow object over the dough on the countertop.","What event order"
"89a95cd8-ca13-4edf-807e-d62138fd30e0","In the video, does the mixing of flour with water happen before cutting the onions?","Yes","Yes, the mixing of flour with water happens before cutting the onions.","Order Judging(Y/N)"
"89a95cd8-ca13-4edf-807e-d62138fd30e0","What is the setting of the video clip?","Inside a house, in the kitchen.","The setting of the video clip is a kitchen with various cooking utensils and ingredients on the countertop.","Scene Summary"
"89a95cd8-ca13-4edf-807e-d62138fd30e0","What activity is depicted in the scene?","Making dough for cooking.","The scene depicts a person preparing food, specifically kneading dough.","Scene Summary"
"89a95cd8-ca13-4edf-807e-d62138fd30e0","What tools are being utilized in the scene?","Hands, rolling pin, flour container.","A person's hands are being used to knead the dough, and a hand holding a container is seen pouring liquid into it.","Scene Summary"
"89a95cd8-ca13-4edf-807e-d62138fd30e0","Where specifically is the dough preparation taking place?","On a newspaper-covered surface.","The dough preparation is taking place on a kitchen counter.","Scene Summary"
"89a95cd8-ca13-4edf-807e-d62138fd30e0","What is the immediate environment around the dough-making area?","Nearby kitchen appliances and utensils.","The immediate environment around the dough-making area includes a kitchen counter with various cooking utensils and ingredients, such as a metal grinder, a bowl of flour, and a plastic container.","Scene Summary"
"89a95cd8-ca13-4edf-807e-d62138fd30e0","What is the main action taking place in these frames?","The dough is being rolled out.","The main action is the preparation of a dish, specifically kneading dough.","Action Caption"
"89a95cd8-ca13-4edf-807e-d62138fd30e0","What action precedes the rolling of the dough?","Dipping the dough in flour.","The action that precedes the rolling of the dough is kneading it.","Action Caption"
"89a95cd8-ca13-4edf-807e-d62138fd30e0","How is the dough initially shaped?","It is shaped by hand.","The dough is initially shaped into a round ball.","Action Caption"
"89a95cd8-ca13-4edf-807e-d62138fd30e0","What is the purpose of the flour in the dough rolling process?","To prevent sticking to the rolling pin.","The flour is used to knead the dough, which helps in creating a smooth and elastic surface for cooking.","Action Caption"
"89a95cd8-ca13-4edf-807e-d62138fd30e0","What may likely be the next step after rolling the dough?","Cutting or shaping the dough for cooking.","The next step after rolling the dough is likely to transfer it into a bowl or container for further preparation.","Action Caption"
"89a95cd8-ca13-4edf-807e-d62138fd30e0","Did the person use a rolling pin in the video?","Yes.","Yes, the person used a rolling pin to press down on the dough.","Whether Something Happened(Y/N)"
"89a95cd8-ca13-4edf-807e-d62138fd30e0","Did the dough-making happen on a bare countertop?","No.","Yes, the dough-making happened on a bare countertop.","Whether Something Happened(Y/N)"
"89a95cd8-ca13-4edf-807e-d62138fd30e0","Was an electrical appliance used to roll the dough?","No.","Yes, an electrical appliance was used to roll the dough.","Whether Something Happened(Y/N)"
"89a95cd8-ca13-4edf-807e-d62138fd30e0","Did the person complete the dough rolling in one try?","Not specified, unclear.","Yes, the person completed the dough rolling in one try.","Whether Something Happened(Y/N)"
"89a95cd8-ca13-4edf-807e-d62138fd30e0","Is the flour container closed in the scene?","Yes.","Yes.","Whether Something Happened(Y/N)"
"89a95cd8-ca13-4edf-807e-d62138fd30e0","In the video, is the dough rolled with hands before it's dipped in flour?","Yes","Yes","Order Judging(Y/N)"
"89a95cd8-ca13-4edf-807e-d62138fd30e0","Is the food cooked before the counter is cleaned?","Yes","Yes.","Order Judging(Y/N)"
"89a95cd8-ca13-4edf-807e-d62138fd30e0","Does the dough rolling with a rolling pin happen after hand rolling?","Yes","Yes, the dough is rolled with a rolling pin after hand rolling.","Order Judging(Y/N)"
"89a95cd8-ca13-4edf-807e-d62138fd30e0","Is the counter cleaned before the dough is rolled with hands?","Yes","Yes.","Order Judging(Y/N)"
"89a95cd8-ca13-4edf-807e-d62138fd30e0","In the video, is the rolling pin used before the dough is dipped in flour?","Yes","Yes, the rolling pin is used to scoop out a portion of dough before dipping it in flour.","Order Judging(Y/N)"
"89a95cd8-ca13-4edf-807e-d62138fd30e0","What is done just before the dough is dipped in flour?","Roll dough with hands","Just before the dough is dipped in flour, a hand holds a small bowl and begins to mix it with the dough.","What event order"
"89a95cd8-ca13-4edf-807e-d62138fd30e0","What action is performed before cleaning the counter?","Cook food","Before cleaning the counter, a hand is seen kneading dough on it.","What event order"
"89a95cd8-ca13-4edf-807e-d62138fd30e0","What activity happens before the dough is rolled with hands?","Nothing is specified before hand rolling","Before the dough is rolled with hands, a person's hand reaches for a bowl of water and pours it over the dough.","What event order"
"89a95cd8-ca13-4edf-807e-d62138fd30e0","Was the counter cleaned after cooking food?","Yes","Yes, the counter was cleaned after cooking food.","Order Judging(Y/N)"
"89a95cd8-ca13-4edf-807e-d62138fd30e0","Did I roll the dough before dipping it in flour?","No","Yes, the person rolled out the dough and then dipped it into flour.","Order Judging(Y/N)"
"89a95cd8-ca13-4edf-807e-d62138fd30e0","Did I roll dough with hands before rolling it with a rolling pin?","Yes","Yes, the person rolled dough with their hands before rolling it with a rolling pin.","Order Judging(Y/N)"
"89a95cd8-ca13-4edf-807e-d62138fd30e0","What happens right before I dip the dough in flour?","Rolling the dough with hands","A hand places a piece of dough on the newspaper.","What event order"
"89a95cd8-ca13-4edf-807e-d62138fd30e0","What action occurs just before I roll the dough with a rolling pin?","Dipping dough in flour","A hand is seen holding a bowl of water, preparing to pour it over the dough.","What event order"
"89a95cd8-ca13-4edf-807e-d62138fd30e0","What do I do just before pouring oil in the pan?","Open the door","You should place the bowl with the oil in a suitable location, such as on the stove or countertop.","What event order"
"89a95cd8-ca13-4edf-807e-d62138fd30e0","What takes place immediately before I clean the counter?","Cook food","A hand holding a bowl of flour appears and starts kneading the dough.","What event order"
"89a95cd8-ca13-4edf-807e-d62138fd30e0","What location is shown in this video clip?","The kitchen.","The location shown in this video clip is a kitchen.","Scene Summary"
"89a95cd8-ca13-4edf-807e-d62138fd30e0","What task is being performed in this scene?","Making dough.","The task being performed in this scene is kneading dough.","Scene Summary"
"89a95cd8-ca13-4edf-807e-d62138fd30e0","What is the setting of this clip?","A kitchen counter.","The setting of this clip is a kitchen.","Scene Summary"
"89a95cd8-ca13-4edf-807e-d62138fd30e0","What cooking action is taking place?","Rolling dough with a roller.","The cooking action taking place is kneading dough.","Action Caption"
"89a95cd8-ca13-4edf-807e-d62138fd30e0","Does the frame capture using a rolling pin?","Yes.","Yes, the frame captures a hand using a rolling pin to mix ingredients in a bowl.","Whether Something Happened(Y/N)"
"89a95cd8-ca13-4edf-807e-d62138fd30e0","Is dough being prepared in this scene?","Yes.","Yes","Whether Something Happened(Y/N)"
"89a95cd8-ca13-4edf-807e-d62138fd30e0","Are there ingredients visible on the kitchen counter?","Yes.","Yes, there are ingredients visible on the kitchen counter.","Whether Something Happened(Y/N)"
"89a95cd8-ca13-4edf-807e-d62138fd30e0","In the video, is the dough cut before it's rolled with hands?","No","Yes","Order Judging(Y/N)"
"89a95cd8-ca13-4edf-807e-d62138fd30e0","Does the dipping of dough in flour happen after using the rolling pin?","No","Yes, the person continues to dip the dough in flour after using the rolling pin.","Order Judging(Y/N)"
"89a95cd8-ca13-4edf-807e-d62138fd30e0","Does rolling the dough with hands happen before cutting the dough?","Yes","Yes, the person is seen rolling the dough with their hands before cutting it.","Order Judging(Y/N)"
"89a95cd8-ca13-4edf-807e-d62138fd30e0","Is the dough rolled with a roller after being dipped in flour?","Yes","Yes","Order Judging(Y/N)"
"89a95cd8-ca13-4edf-807e-d62138fd30e0","What occurs just before rolling dough with a roller in the video?","The dough is cut","A hand is seen holding a yellow container, possibly containing oil or another liquid ingredient.","What event order"
"89a95cd8-ca13-4edf-807e-d62138fd30e0","In the video sequence, what happens before rolling dough with hands?","Nothing, it's the first action","Before rolling dough with hands, the person places a bowl of flour on the countertop and starts mixing it with their hands.","What event order"
"89a95cd8-ca13-4edf-807e-d62138fd30e0","What is done just before cutting the dough?","The dough is rolled with hands","Just before cutting the dough, a hand is seen holding a wooden rolling pin and pressing it against the dough.","What event order"
"89a95cd8-ca13-4edf-807e-d62138fd30e0","Did I clean the counter before rolling the dough?","Yes","Yes, the person in the video is seen cleaning the counter before rolling the dough.","Order Judging(Y/N)"
"89a95cd8-ca13-4edf-807e-d62138fd30e0","Was the dough cut before being rolled?","Yes","Yes","Order Judging(Y/N)"
"89a95cd8-ca13-4edf-807e-d62138fd30e0","Did I dip the dough in flour before using the rolling pin?","Yes","Yes, the person in the video is seen dipping the dough into a bowl of flour before using the rolling pin.","Order Judging(Y/N)"
"89a95cd8-ca13-4edf-807e-d62138fd30e0","Did I cook food after rolling the dough with my hands?","No","Yes, you can see the dough being rolled with your hands in the video.","Order Judging(Y/N)"
"89a95cd8-ca13-4edf-807e-d62138fd30e0","Was the counter cleaned after the dough was cut?","No","Yes, the counter was cleaned after the dough was cut.","Order Judging(Y/N)"
"89a95cd8-ca13-4edf-807e-d62138fd30e0","What do I do before rolling the dough with a roller?","Cut the dough","Before rolling the dough with a roller, you should first wash your hands and then use the hand sanitizer to clean your hands thoroughly.","What event order"
"89a95cd8-ca13-4edf-807e-d62138fd30e0","What occurs just before cutting the dough?","Rolling dough with hands","Just before cutting the dough, a hand is seen holding a wooden rolling pin and pressing it against the dough.","What event order"
"89a95cd8-ca13-4edf-807e-d62138fd30e0","What do I do before cleaning the counter?","Cook food","Before cleaning the counter, you should first wash your hands under running water.","What event order"
"89a95cd8-ca13-4edf-807e-d62138fd30e0","Describe the main activity occurring in this section of video.","Food preparation for a meal.","The main activity is the preparation of a dish involving cooking, specifically making a dough or batter. The person in the video is seen mixing ingredients in a frying pan on the stove, kneading and shaping the mixture into a ball, which then becomes a flatbread or dosa.","Action Caption"
"89a95cd8-ca13-4edf-807e-d62138fd30e0","What is the current culinary action captured here?","Ready to cook flatbread on the pan.","The current culinary action captured here is the person preparing a dish by rolling out and cooking dough.","Action Caption"
"89a95cd8-ca13-4edf-807e-d62138fd30e0","Did the person successfully slice the cucumber?","Yes.","Yes, the person successfully sliced the cucumber into thin pieces.","Whether Something Happened(Y/N)"
"89a95cd8-ca13-4edf-807e-d62138fd30e0","Has the lemon been placed on the cucumber slices?","Yes.","No, the lemon has not been placed on the cucumber slices.","Whether Something Happened(Y/N)"
"89a95cd8-ca13-4edf-807e-d62138fd30e0","Describe the setting in this video clip.","A kitchen with a person cooking roti on a stove.","The video takes place in a kitchen with a tiled wall and a person preparing food. The scene includes a hand holding a spatula, spreading batter on a flatbread or dough, and stirring it to ensure even distribution. A hand is also seen placing the cooked tortillas into a frying pan.","Scene Summary"
"89a95cd8-ca13-4edf-807e-d62138fd30e0","What is the visual focal point of this scene?","The pan with the roti being roasted.","The visual focal point of this scene is the hand holding a spatula, stirring the batter in the frying pan.","Scene Summary"
"89a95cd8-ca13-4edf-807e-d62138fd30e0","Where is the roti being placed after roasting?","In a pot next to the stove.","The roti is being placed on a newspaper in the kitchen.","Scene Summary"
"89a95cd8-ca13-4edf-807e-d62138fd30e0","What kitchen equipment is being utilized in this action?","A frying pan and a stove.","A frying pan, a hand holding a spatula, and a person's hands are being utilized in this action.","Action Caption"
"89a95cd8-ca13-4edf-807e-d62138fd30e0","Does the clip show a person flipping the roti?","No.","Yes, the clip shows a person flipping the roti in the frying pan.","Whether Something Happened(Y/N)"
"89a95cd8-ca13-4edf-807e-d62138fd30e0","Is the roti being taken out of the pan in this frame?","Yes.","Yes.","Whether Something Happened(Y/N)"
"89a95cd8-ca13-4edf-807e-d62138fd30e0","Does the clip involve any baking activity?","No.","Yes, the clip involves a person preparing to cook by rolling out dough and spreading it in a pan.","Whether Something Happened(Y/N)"
"89a95cd8-ca13-4edf-807e-d62138fd30e0","Is there another person assisting with the cooking?","No.","Yes, a hand is seen holding the spatula and stirring the batter in the frying pan.","Whether Something Happened(Y/N)"
"89a95cd8-ca13-4edf-807e-d62138fd30e0","Was the flat bread prepared before the roti was roasted?","Yes","Yes, the flat bread was prepared before the roti was roasted.","Order Judging(Y/N)"
"89a95cd8-ca13-4edf-807e-d62138fd30e0","Did I put the roasted roti in the pot before cutting the cucumber?","No","Yes, the person in the video is seen holding a knife and cutting the cucumber before placing it into the pot.","Order Judging(Y/N)"
"89a95cd8-ca13-4edf-807e-d62138fd30e0","Did I roast the roti after preparing the flat bread?","Yes","Yes, the roti was roasted after preparing the flat bread.","Order Judging(Y/N)"
"89a95cd8-ca13-4edf-807e-d62138fd30e0","What cooking method is used for tortillas?","They are placed in a hot pot.","The tortillas are being cooked in a deep-fried pan.","Scene Summary"
"89a95cd8-ca13-4edf-807e-d62138fd30e0","Is the person wearing oven mitts?","No.","No.","Whether Something Happened(Y/N)"
"89a95cd8-ca13-4edf-807e-d62138fd30e0","In the video, is the pot closed after the roti is put inside?","Yes","Yes.","Order Judging(Y/N)"
"89a95cd8-ca13-4edf-807e-d62138fd30e0","Did I use a spatula to roast the roti before placing it in the pot?","Yes","Yes, the person in the video is seen using a spatula to roast the roti before placing it in the pot.","Order Judging(Y/N)"
"89a95cd8-ca13-4edf-807e-d62138fd30e0","What activity is shown just before the roti comes in contact with the pan?","The roti is picked up","Just before the roti comes in contact with the pan, a hand is seen holding a pair of tongs and placing a piece of dough into the frying pan.","What event order"
"2bb31b69-fcda-4f54-8338-f590944df999","What activity is depicted in this snapshot?","A card game is being played.","The snapshot depicts a person playing a card game, possibly a game of cards or poker.","Scene Summary"
"2bb31b69-fcda-4f54-8338-f590944df999","Where is this scene likely taking place?","The scene is indoors, possibly in a living room.","This scene is likely taking place in a living room.","Scene Summary"
"2bb31b69-fcda-4f54-8338-f590944df999","What objects are present in this setting?","Cards, a piece of paper, and a plant.","Objects present in the setting include a person sitting on the floor, playing cards, a remote control, and various items scattered around.","Scene Summary"
"2bb31b69-fcda-4f54-8338-f590944df999","How is the room furnished?","With a couch, a rug, and various personal items.","The room is furnished with a white wall, a television mounted on it, and various items scattered around.","Scene Summary"
"2bb31b69-fcda-4f54-8338-f590944df999","What is the approximate time of day in this scene?","It's not discernible from this image.","The scene appears to be set during the day, as indicated by natural light and shadows.","Scene Summary"
"2bb31b69-fcda-4f54-8338-f590944df999","What action is being performed with the cards?","The cards are being reshuffled.","The action being performed with the cards is counting them, as indicated by the person's hand moving towards the cards.","Action Caption"
"2bb31b69-fcda-4f54-8338-f590944df999","What is the person across doing?","The person is holding and possibly organizing cards.","The person across is playing a card game, specifically a game of poker.","Action Caption"
"2bb31b69-fcda-4f54-8338-f590944df999","What follow-up activity to shuffling is likely?","Dealing the cards to players.","The follow-up activity to shuffling is likely the person in the blue jacket holding a card, possibly preparing for another round of cards.","Action Caption"
"2bb31b69-fcda-4f54-8338-f590944df999","Is there more than one participant in the card activity?","Yes.","Yes.","Whether Something Happened(Y/N)"
"2bb31b69-fcda-4f54-8338-f590944df999","Is any reading material involved in the activity?","Yes, there's a piece of paper being held.","Yes, there is a book visible on the floor to the left of the person.","Whether Something Happened(Y/N)"
"2bb31b69-fcda-4f54-8338-f590944df999","Are any electronic devices being used in the game?","No visible electronic devices are used.","Yes, a small electronic device is being used to manipulate the cards.","Whether Something Happened(Y/N)"
"2bb31b69-fcda-4f54-8338-f590944df999","Has any card been laid out on the floor?","No, they're being held or shuffled.","Yes, a card has been laid out on the floor.","Whether Something Happened(Y/N)"
"2bb31b69-fcda-4f54-8338-f590944df999","What activity is taking place in the room?","Playing poker.","The activity involves a person playing cards, possibly a card game or a similar interactive activity.","Scene Summary"
"2bb31b69-fcda-4f54-8338-f590944df999","What is the setting of this clip?","Indoors, in a room.","The setting of the clip is a cozy living room/INFO","Scene Summary"
"2bb31b69-fcda-4f54-8338-f590944df999","What objects are visible in the scene?","Cards, a carpet, and furniture.","In the scene, there are several objects visible on the floor and a patterned rug. The main object is a person sitting cross-legged on the rug, holding two playing cards in their hands. There's also a piece of paper with text on it placed near them.","Scene Summary"
"2bb31b69-fcda-4f54-8338-f590944df999","Describe the atmosphere of the room.","Casual and leisurely.","The room has a cozy and casual atmosphere, with a patterned rug on the floor, various items scattered around, including playing cards, papers, and some small objects. The lighting is warm and ambient, contributing to the relaxed setting.","Scene Summary"
"2bb31b69-fcda-4f54-8338-f590944df999","What precedes the dealing of cards in poker?","Reshuffling the cards.","The video begins with a person sitting on the floor, holding two cards in their hands.","Action Caption"
"2bb31b69-fcda-4f54-8338-f590944df999","Did someone shuffle cards in this video?","Yes.","Yes, someoneNECTED","Whether Something Happened(Y/N)"
"2bb31b69-fcda-4f54-8338-f590944df999","Is the room set up for a large gathering?","No.","Yes.","Whether Something Happened(Y/N)"
"2bb31b69-fcda-4f54-8338-f590944df999","Are the individuals standing in this video?","No.","No, the individuals are sitting on the floor in this video.","Whether Something Happened(Y/N)"
"2bb31b69-fcda-4f54-8338-f590944df999","Was the deck reshuffled before playing the cards?","Yes.","Yes, the deck was reshuffled before playing the cards.","Order Judging(Y/N)"
"2bb31b69-fcda-4f54-8338-f590944df999","What occurs just before picking up the cards?","The cards are spread on floor.","Just before picking up the cards, the person is seen holding a card in their hand and gesturing with it.","What event order"
"2bb31b69-fcda-4f54-8338-f590944df999","What action occurs before the deck is seen in a unified stack?","Separate the cards.","Before the deck is in a unified stack, the person is seen holding and examining cards from the deck.","What event order"
"2bb31b69-fcda-4f54-8338-f590944df999","What is visible before I separate cards?","Floor and unorganized cards.","Before I separate cards, there is a colorful patterned rug on the floor.","What event order"
"2bb31b69-fcda-4f54-8338-f590944df999","What is the setting of the current video clip?","A room with two people playing cards.","The setting of the current video clip is a cozy living room with wooden flooring, featuring a patterned rug on which the playing cards are spread out.","Scene Summary"
"2bb31b69-fcda-4f54-8338-f590944df999","What objects are prominent in the video scene?","Playing cards, a phone, and a paper.","The prominent objects in the video scene include a colorful patterned rug, playing cards spread out on it, and various items scattered around.","Scene Summary"
"2bb31b69-fcda-4f54-8338-f590944df999","How would you characterize the atmosphere in the video?","Casual and leisurely.","The atmosphere in the video is casual and relaxed, with a focus on leisurely activities such as playing cards.","Scene Summary"
"2bb31b69-fcda-4f54-8338-f590944df999","What actions are being performed in the video clip?","Shuffling, picking, and playing cards.","The actions performed in the video clip include a person holding and examining playing cards, another person reading from a card, and one person making hand gestures.","Action Caption"
"2bb31b69-fcda-4f54-8338-f590944df999","Did the individuals reshuffle the cards in the video?","Yes.","Yes, the individuals reshuffled the cards in the video.","Whether Something Happened(Y/N)"
"2bb31b69-fcda-4f54-8338-f590944df999","Was a phone used during the gameplay?","Yes.","Yes, a phone was used to take photos of the cards and other objects in the room.","Whether Something Happened(Y/N)"
"2bb31b69-fcda-4f54-8338-f590944df999","Was a new game started in the video clip?","Yes.","Yes, a new game was started in the video clip.","Whether Something Happened(Y/N)"
"2bb31b69-fcda-4f54-8338-f590944df999","Did the scene capture any form of disagreement?","No.","No, the scene does not capture any form of disagreement; it is a casual and relaxed interaction between two individuals.","Whether Something Happened(Y/N)"
"2bb31b69-fcda-4f54-8338-f590944df999","In the video, is the poker game started before the cards are reshuffled?","No.","Yes, the poker game is started before the cards are reshuffled.","Order Judging(Y/N)"
"2bb31b69-fcda-4f54-8338-f590944df999","Is the deck spread out on the floor after picking a card?","Yes.","Yes","Order Judging(Y/N)"
"2bb31b69-fcda-4f54-8338-f590944df999","Does the card shuffling happen before sitting on the floor?","No.","No, the card shuffling happens after sitting on the floor.","Order Judging(Y/N)"
"2bb31b69-fcda-4f54-8338-f590944df999","In the video, is the card game initiated before sitting with the lady?","No.","Yes, the card game is initiated before sitting with the lady.","Order Judging(Y/N)"
"2bb31b69-fcda-4f54-8338-f590944df999","What happens before the poker game is played in the video?","Cards are picked.","Before the poker game is played, a person wearing a pink and blue striped sock sits on the floor with their legs crossed.","What event order"
"2bb31b69-fcda-4f54-8338-f590944df999","What occurs right before reshuffling the cards?","I sit with the lady.","A hand holding a smartphone appears, possibly to take a photo or record the event.","What event order"
"2bb31b69-fcda-4f54-8338-f590944df999","What is done just before spreading the cards on the floor?","Cards are picked.","Just before spreading the cards on the floor, a hand holding a smartphone appears and starts to spread them out.","What event order"
"2bb31b69-fcda-4f54-8338-f590944df999","In the video, did I play cards before shuffling them?","No.","Yes, you played cards before shuffling them.","Order Judging(Y/N)"
"2bb31b69-fcda-4f54-8338-f590944df999","In the video, did I shuffle the cards before picking them?","Yes.","Yes, the person in the pink and blue sweater is seen picking up a card from the deck of cards before shuffling them.","Order Judging(Y/N)"
"2bb31b69-fcda-4f54-8338-f590944df999","What is the action before reshuffling the cards in the video?","Separating the cards.","Before reshuffling, the person is seen holding a smartphone and interacting with cards on the table.","What event order"
"2bb31b69-fcda-4f54-8338-f590944df999","What is the setting of the video?","A room with two people playing poker.","The setting of the video is a cozy living room, likely in a home environment.","Scene Summary"
"2bb31b69-fcda-4f54-8338-f590944df999","What objects are present in the scene?","Cards, a tablecloth, and personal items on the floor.","The objects present in the scene include playing cards, a smartphone, and some papers.","Scene Summary"
"2bb31b69-fcda-4f54-8338-f590944df999","What is the main focus of the camera?","The poker game and the players' actions.","The main focus of the camera is on a person playing cards, with their hands moving around and adjusting the cards.","Scene Summary"
"2bb31b69-fcda-4f54-8338-f590944df999","What stage of the game is shown?","The preparation phase, shuffling and dealing cards.","The video shows the game in progress, with cards being dealt and players making hand gestures.","Action Caption"
"2bb31b69-fcda-4f54-8338-f590944df999","Capture the essence of the action in a short phrase.","An intense poker game in progress.","A person is seen holding a card and examining it closely, while another person holds up a smartphone.","Action Caption"
"2bb31b69-fcda-4f54-8338-f590944df999","Did the person shuffle the cards more than once?","Yes.","Yes, the person shuffled the cards multiple times.","Whether Something Happened(Y/N)"
"2bb31b69-fcda-4f54-8338-f590944df999","Is there another activity besides poker being portrayed?","No.","Yes, there is another activity portrayed in the video where a person is holding a smartphone and appears to be taking a selfie or recording something.","Whether Something Happened(Y/N)"
"2bb31b69-fcda-4f54-8338-f590944df999","Are both players sitting on chairs?","No, they are sitting on the floor.","No, only one player is sitting on a chair.","Whether Something Happened(Y/N)"
"2bb31b69-fcda-4f54-8338-f590944df999","In the video, is the card reshuffling performed before picking the cards?","No","Yes, the card reshuffling is performed before picking the cards.","Order Judging(Y/N)"
"2bb31b69-fcda-4f54-8338-f590944df999","Is the lady X present in the room before I reshuffle the cards?","Yes","Yes.","Order Judging(Y/N)"
"2bb31b69-fcda-4f54-8338-f590944df999","Do I play the cards before lady X picks her phone?","No","No, the video does not show any action of playing the cards before lady X picks her phone.","Order Judging(Y/N)"
"2bb31b69-fcda-4f54-8338-f590944df999","Are the cards picked before they are played?","Yes","Yes, the cards are picked up before they are played.","Order Judging(Y/N)"
"2bb31b69-fcda-4f54-8338-f590944df999","What happens just before the cards are played in the video?","The cards are reshuffled.","Just before the cards are played, a hand holding a white cup appears and places it on the table.","What event order"
"2bb31b69-fcda-4f54-8338-f590944df999","What do we see happening just before the cards are picked?","The cards are reshuffled.","Just before the cards are picked, we see a person holding a smartphone and interacting with them.","What event order"
"2bb31b69-fcda-4f54-8338-f590944df999","What action takes place before reshuffling the cards?","The cards are picked.","Before reshuffling, the person in the striped shirt is seen holding a card and appears to be preparing to shuffle it.","What event order"
"2bb31b69-fcda-4f54-8338-f590944df999","Before the poker game begins, what is the last action performed?","The cards are reshuffled.","The last action performed is the person in the purple shirt holding a white object, possibly a card or a small item, and placing it on the table.","What event order"
"2bb31b69-fcda-4f54-8338-f590944df999","Did the card reshuffling happen before picking the cards?","No","Yes, the card reshuffling happened before picking the cards.","Order Judging(Y/N)"
"2bb31b69-fcda-4f54-8338-f590944df999","Was playing cards done after picking the cards?","Yes","Yes, after picking the cards, both hands were seen holding the playing cards.","Order Judging(Y/N)"
"2bb31b69-fcda-4f54-8338-f590944df999","What happened just before playing poker cards?","Reshuffled the cards","Just before playing poker cards, the person in the foreground was seen holding a smartphone and gesturing with their hands.","What event order"
"2bb31b69-fcda-4f54-8338-f590944df999","What occurs right before reshuffling the cards?","Picked the cards","A hand holding a smartphone appears, possibly to take a photo or record the event.","What event order"
"2bb31b69-fcda-4f54-8338-f590944df999","What action took place just before picking the cards?","Reshuffled the cards","Just before picking the cards, a hand holding a smartphone was seen reaching towards the cards.","What event order"
"2bb31b69-fcda-4f54-8338-f590944df999","What environment is presented in the video?","A casual indoor space with a card game being played.","The video is set in a cozy, indoor environment with a person sitting on the floor playing cards and a white cup.","Scene Summary"
"2bb31b69-fcda-4f54-8338-f590944df999","What sequence of actions is depicted here?","Selecting, organizing, and using cards in a game is depicted.","The sequence of actions depicted is a person playing cards, holding a card in their hand, and then taking out another card from the deck.","Action Caption"
"2bb31b69-fcda-4f54-8338-f590944df999","How are the participants utilizing the items?","They are using cards for a recreational activity.","The participants are using the items to engage in a card game, with one person holding cards and another holding a drink.","Action Caption"
"2bb31b69-fcda-4f54-8338-f590944df999","Is there a competitive game being played in this scene?","Yes.","Yes, there is a card game being played in this scene.","Whether Something Happened(Y/N)"
"2bb31b69-fcda-4f54-8338-f590944df999","Has any card been placed face-up on the carpet?","Yes.","Yes, a card has been placed face-up on the carpet.","Whether Something Happened(Y/N)"
"2bb31b69-fcda-4f54-8338-f590944df999","Are there drinks present on the floor beside the players?","Yes.","Yes, there are drinks present on the floor beside the players.","Whether Something Happened(Y/N)"
"2bb31b69-fcda-4f54-8338-f590944df999","Is there a document visible on the floor?","Yes.","Yes.","Whether Something Happened(Y/N)"
"2bb31b69-fcda-4f54-8338-f590944df999","Are both participants actively selecting cards?","Yes.","Yes, both participants are actively selecting cards.","Whether Something Happened(Y/N)"
"2bb31b69-fcda-4f54-8338-f590944df999","Is the poker game played before reshuffling the cards?","No","Yes, the poker game is played before reshuffling the cards.","Order Judging(Y/N)"
"2bb31b69-fcda-4f54-8338-f590944df999","What action is performed immediately before reshuffling?","Picking the cards","Before reshuffling, the person holding a white cup is seen drinking from it.","What event order"
"2bb31b69-fcda-4f54-8338-f590944df999","Was the poker card played after the cards were picked?","Yes.","Yes, the person in the purple shirt was seen holding a poker card and playing it after the cards were picked.","Order Judging(Y/N)"
"2bb31b69-fcda-4f54-8338-f590944df999","What action occurs before playing the card game?","Separating cards.","Before playing the card game, a person holds up a white cup and takes a sip.","What event order"
"2bb31b69-fcda-4f54-8338-f590944df999","What is done just before reshuffling the cards?","Picking the cards.","Just before reshuffling the cards, a hand holding a card is shown.","What event order"
"2bb31b69-fcda-4f54-8338-f590944df999","What is the main setting of this scene?","The setting is a room where a poker card game is being played.","The main setting of this scene is a cozy living room where two people are engaged in playing cards.","Scene Summary"
"2bb31b69-fcda-4f54-8338-f590944df999","How many participants are involved in the card game?","There are two participants in the card game.","Two participants are involved in the card game.","Scene Summary"
"2bb31b69-fcda-4f54-8338-f590944df999","What objects are primarily visible on the table?","Visible objects include poker cards and scattered items.","The objects primarily visible on the table are a white cup and some scattered papers.","Scene Summary"
"2bb31b69-fcda-4f54-8338-f590944df999","Describe the sequence of actions with the poker cards.","The poker cards are picked up, shuffled, then played in turns.","The sequence of actions begins with the person holding a deck of cards, then they shuffle them and deal one card to each player. The game continues as both players take turns dealing cards from their respective hands.","Action Caption"
"2bb31b69-fcda-4f54-8338-f590944df999","Did I carry out a reshuffle of the poker cards?","Yes.","Yes, the person in the foreground is seen holding a card and appears to be reshuffling it.","Whether Something Happened(Y/N)"
"2bb31b69-fcda-4f54-8338-f590944df999","Was a complete poker game played in this clip?","Yes.","Yes, the video shows a complete poker game being played by two individuals.","Whether Something Happened(Y/N)"
"2bb31b69-fcda-4f54-8338-f590944df999","Did the game involve more than two players?","No.","Yes, the game involved more than two players as indicated by the presence of multiple hands and cards being dealt.","Whether Something Happened(Y/N)"
"2bb31b69-fcda-4f54-8338-f590944df999","Did I participate in dealing the cards?","Yes.","Yes, you can see your hands in the foreground as you are seen holding and dealing cards.","Whether Something Happened(Y/N)"
"2bb31b69-fcda-4f54-8338-f590944df999","In the video, did the card shuffling happen before playing the game?","Yes.","Yes, the card shuffling happened before playing the game.","Order Judging(Y/N)"
"2bb31b69-fcda-4f54-8338-f590944df999","Did the playing of poker cards occur before reshuffling the cards?","No.","Yes, the playing of poker cards occurred before reshuffling.","Order Judging(Y/N)"
"2bb31b69-fcda-4f54-8338-f590944df999","Did picking the cards happen after playing the card game?","No.","Yes, the person in the foreground is seen holding a card and appears to be picking it up from the table.","Order Judging(Y/N)"
"2bb31b69-fcda-4f54-8338-f590944df999","What happens just before playing the poker card game in the video?","Reshuffling the cards.","Just before playing the poker card game, one of the players takes a sip from a glass.","What event order"
"2bb31b69-fcda-4f54-8338-f590944df999","What occurs directly before playing the card game?","Separating the cards.","A person is seen holding a cup, possibly containing a beverage.","What event order"
"2bb31b69-fcda-4f54-8338-f590944df999","In the video, was the poker card played before they were reshuffled?","No","Yes, the poker card was played before they were reshuffled.","Order Judging(Y/N)"
"2bb31b69-fcda-4f54-8338-f590944df999","In the clip, was the poker card reshuffled after card separation?","Yes","Yes, the poker card was reshuffled after card separation.","Order Judging(Y/N)"
"2bb31b69-fcda-4f54-8338-f590944df999","What occurs just before playing the poker card in the video?","Reshuffling the cards","Just before playing the poker card, a hand is seen holding a cup and a glass of water.","What event order"
"2bb31b69-fcda-4f54-8338-f590944df999","In the video, what event precedes playing the card game?","Separating cards","The event that precedes playing the card game is a person holding a cup and a glass, possibly enjoying a drink.","What event order"
"2bb31b69-fcda-4f54-8338-f590944df999","What does this video clip depict in the room scene?","The video shows a card game session in a room.","The video clip depicts a person sitting on the floor in a room, playing cards with another individual. The scene includes various items such as a cup, a glass, and some papers scattered around.","Scene Summary"
"2bb31b69-fcda-4f54-8338-f590944df999","What can you infer about the location in the video?","It is a casual, home-like space with a seated person.","The location appears to be a casual indoor setting, possibly a living room or a similar space.","Scene Summary"
"2bb31b69-fcda-4f54-8338-f590944df999","Do these frames show any specific action with the cards?","Yes, the cards are being reshuffled by the person.","Yes, the frames show a hand holding a card and another person's hand reaching towards it.","Action Caption"
"2bb31b69-fcda-4f54-8338-f590944df999","Did the scene show a game in progress?","Yes.","Yes, the scene showed a game in progress as indicated by the cards being dealt and the person's focused engagement with them.","Whether Something Happened(Y/N)"
"2bb31b69-fcda-4f54-8338-f590944df999","Was there a card shuffle taking place?","Yes.","Yes, there was a card shuffle taking place as the person in the foreground began to shuffle the cards.","Whether Something Happened(Y/N)"
"2bb31b69-fcda-4f54-8338-f590944df999","Did they play the cards on a traditional table?","No.","No, they played the cards on a small table.","Whether Something Happened(Y/N)"
"2bb31b69-fcda-4f54-8338-f590944df999","Was the person alone in this activity?","No.","Yes, the person was alone in this activity.","Whether Something Happened(Y/N)"
"2bb31b69-fcda-4f54-8338-f590944df999","Did the video capture an outdoor event?","No.","No, the video does not capture an outdoor event. It focuses on a cozy indoor setting where two people are engaged in playing cards and other activities.","Whether Something Happened(Y/N)"
"2bb31b69-fcda-4f54-8338-f590944df999","What action takes place immediately before the carpet is covered?","Sitting down.","Before the carpet is covered, a hand holding a card appears and starts to shuffle it.","What event order"
"2bb31b69-fcda-4f54-8338-f590944df999","Is the card game played before reshuffling the cards?","No","Yes, the card game is played before reshuffling the cards.","Order Judging(Y/N)"
"2bb31b69-fcda-4f54-8338-f590944df999","Is picking the cards shown before separating them?","Yes","Yes, the person is seen picking up a card from the deck and then placing it back into the deck.","Order Judging(Y/N)"
"2bb31b69-fcda-4f54-8338-f590944df999","Does separating cards happen before reshuffling?","Yes","Yes, before reshuffling, the cards are separated and placed on a table.","Order Judging(Y/N)"
"2bb31b69-fcda-4f54-8338-f590944df999","Is reshuffling the cards shown before playing poker?","Yes","Yes, the person is seen holding a deck of cards and preparing to shuffle them before starting the game.","Order Judging(Y/N)"
"2bb31b69-fcda-4f54-8338-f590944df999","Does picking cards occur before playing the card game?","Yes","Yes, picking cards occurs before playing the card game.","Order Judging(Y/N)"
"2bb31b69-fcda-4f54-8338-f590944df999","What is the current setting in the video clip?","A room where a card game is being played.","The setting is a cozy living room with a person sitting on the floor, playing cards.","Scene Summary"
"2bb31b69-fcda-4f54-8338-f590944df999","What objects are central to the scene in the video?","A deck of poker cards.","The central objects in the scene are a deck of playing cards, a smartphone, and two hands holding cards.","Scene Summary"
"2bb31b69-fcda-4f54-8338-f590944df999","What is the main focus of the scene?","The act of playing a poker game.","The main focus of the scene is a person playing a card game, with several cards spread out on the floor and two hands holding cards.","Scene Summary"
"2bb31b69-fcda-4f54-8338-f590944df999","Detail the sequence of actions with the cards.","Cards are being selected, shuffled, and dealt for poker.","The video begins with a person sitting on the floor in front of a deck of cards, holding one card and looking at it intently. The scene transitions to another individual standing next to them, also holding a card and examining it closely. Both individuals are focused on their respective cards, suggesting they might be playing a game or participating in an activity involving these cards.","Action Caption"
"2bb31b69-fcda-4f54-8338-f590944df999","Does the scene show a poker game in action?","Yes.","Yes, the scene shows a poker game in action with two hands playing cards and making hand decisions.","Whether Something Happened(Y/N)"
"2bb31b69-fcda-4f54-8338-f590944df999","Does the video include a moment of card shuffling?","Yes.","Yes, the video includes a moment of card shuffling where one hand is holding cards and another is reaching for them.","Whether Something Happened(Y/N)"
"2bb31b69-fcda-4f54-8338-f590944df999","Is a card game being organized on a carpet?","Yes.","Yes.","Whether Something Happened(Y/N)"
"2bb31b69-fcda-4f54-8338-f590944df999","Does the clip show someone dealing cards?","Yes.","Yes, the clip shows someone dealing cards.","Whether Something Happened(Y/N)"
"2bb31b69-fcda-4f54-8338-f590944df999","Is the lady sitting on the floor while playing cards?","Yes.","Yes.","Whether Something Happened(Y/N)"
"2bb31b69-fcda-4f54-8338-f590944df999","Did the card shuffling happen before playing cards?","Yes","Yes, the card shuffling happened before playing cards.","Order Judging(Y/N)"
"2bb31b69-fcda-4f54-8338-f590944df999","Was the room entered before the cards were reshuffled?","Yes","Yes, the room was entered before the cards were reshuffled.","Order Judging(Y/N)"
"2bb31b69-fcda-4f54-8338-f590944df999","Did card shuffling occur before the cards were picked?","No","Yes, the card shuffling occurred before the cards were picked.","Order Judging(Y/N)"
"2bb31b69-fcda-4f54-8338-f590944df999","What action is performed right before playing cards?","Reshuffling the cards","A hand is shown holding a card, likely preparing to shuffle or deal it.","What event order"
"2bb31b69-fcda-4f54-8338-f590944df999","What happens just before reshuffling the cards?","Picking up the cards","Just before reshuffling, the person in the foreground reaches out to pick up a card from the deck.","What event order"
"2bb31b69-fcda-4f54-8338-f590944df999","What is done immediately before picking up cards?","Entering the room","Before picking up cards, the person is seen holding a card in their hand.","What event order"
"2bb31b69-fcda-4f54-8338-f590944df999","What takes place immediately after reshuffling cards?","Playing cards","After reshuffling cards, the person in the foreground reaches out to pick up a card from the deck.","What event order"
"2bb31b69-fcda-4f54-8338-f590944df999","In the video, is the poker game started before reshuffling the cards?","No","Yes, the poker game is started before reshuffling the cards.","Order Judging(Y/N)"
"2bb31b69-fcda-4f54-8338-f590944df999","In the video, is the poker game initiated before the cards are spread out on the floor?","Yes","Yes, the poker game is initiated before the cards are spread out on the floor.","Order Judging(Y/N)"
"2bb31b69-fcda-4f54-8338-f590944df999","What happens just before the cards are reshuffled in the video?","The cards are picked up","Just before the cards are reshuffled, a hand reaches out to pick up one of the cards.","What event order"
"2bb31b69-fcda-4f54-8338-f590944df999","What happens immediately before the cards are spread out on the floor?","Poker game is played","A hand reaches out to pick up a card from the spread.","What event order"
"2bb31b69-fcda-4f54-8338-f590944df999","What activity is being depicted in this room?","A card game is being played in the room.","The activity depicted in the room is a card game, specifically playing cards.","Scene Summary"
"2bb31b69-fcda-4f54-8338-f590944df999","What can you deduce about the space shown?","It's a lived-in room with a casual, cozy setting.","The space shown is a cozy room with a patterned rug, a television on the wall, and some furniture in the background.","Scene Summary"
"2bb31b69-fcda-4f54-8338-f590944df999","Where are the players sitting in the scenario?","The players are seated on the floor.","The players are sitting on the floor in a cozy setting, surrounded by various items like a cup and a remote control.","Scene Summary"
"2bb31b69-fcda-4f54-8338-f590944df999","What are the visible objects associated with the activity?","Playing cards and casual footwear are visible.","The visible objects associated with the activity include playing cards, a smartphone, and a remote control.","Scene Summary"
"2bb31b69-fcda-4f54-8338-f590944df999","Does playing poker occur after picking cards?","Yes","Yes, after picking cards, the person picks up a card and starts to shuffle it.","Order Judging(Y/N)"
"2bb31b69-fcda-4f54-8338-f590944df999","Are cards picked before reshuffling?","Yes","Yes, cards are picked before reshuffling.","Order Judging(Y/N)"
"2bb31b69-fcda-4f54-8338-f590944df999","Is the poker card played after reshuffling?","Yes","Yes, the poker card is played after reshuffling.","Order Judging(Y/N)"
"2bb31b69-fcda-4f54-8338-f590944df999","What happens just before reshuffling the cards?","Picking the cards","Just before reshuffling, the person in the pink shirt reaches out to pick up a card from the deck.","What event order"
"2bb31b69-fcda-4f54-8338-f590944df999","In the video, is a card picked up before reshuffling the deck?","No","Yes, a card is picked up before reshuffling the deck.","Order Judging(Y/N)"
"2bb31b69-fcda-4f54-8338-f590944df999","In the video, does playing cards occur before picking any card from the deck?","No","Yes, the video shows a hand picking up one of the cards from the deck before starting to shuffle it.","Order Judging(Y/N)"
"2bb31b69-fcda-4f54-8338-f590944df999","In the video, what happens before reshuffling the cards?","Picking up the cards","Before reshuffling, the person is seen holding a card and looking at it intently.","What event order"
"2bb31b69-fcda-4f54-8338-f590944df999","What takes place just after the cards are picked up?","Reshuffling the cards","After the cards are picked up, a hand reaches out to pick up one of the cards.","What event order"
"2bb31b69-fcda-4f54-8338-f590944df999","What is done right after reshuffling the deck?","Playing poker cards","The person places the deck back on the table.","What event order"
"2bb31b69-fcda-4f54-8338-f590944df999","What is the setting of the scene depicted?","The setting is inside a room with two individuals playing poker.","The setting of the scene is a cozy living room with a patterned rug, surrounded by various items such as a remote control and a cup.","Scene Summary"
"2bb31b69-fcda-4f54-8338-f590944df999","What objects are prominent in this scene?","Poker cards and hands are prominent in the scene.","The prominent objects in this scene include a deck of playing cards, a smartphone, and a small white cup.","Scene Summary"
"2bb31b69-fcda-4f54-8338-f590944df999","Is there a card game being played in this video?","Yes.","Yes.","Whether Something Happened(Y/N)"
"2bb31b69-fcda-4f54-8338-f590944df999","Does this video show a person dealing cards?","Yes.","Yes, the video shows a person dealing cards.","Whether Something Happened(Y/N)"
"2bb31b69-fcda-4f54-8338-f590944df999","Are the poker cards being reshuffled in this scene?","Yes.","Yes, the poker cards are being reshuffled in this scene.","Whether Something Happened(Y/N)"
"2bb31b69-fcda-4f54-8338-f590944df999","Did the card reshuffling occur before playing poker?","Yes.","Yes, the card reshuffling occurred before playing poker.","Order Judging(Y/N)"
"2bb31b69-fcda-4f54-8338-f590944df999","Do I wear blue sleeves before the lady reads a card?","Yes.","No, the lady is wearing pink sleeves before she reads a card.","Order Judging(Y/N)"
"2bb31b69-fcda-4f54-8338-f590944df999","Are poker cards spread on the carpet before organizing them into rows?","Yes.","Yes, poker cards are spread out on the carpet before organizing them into rows.","Order Judging(Y/N)"
"2bb31b69-fcda-4f54-8338-f590944df999","Is the picking of cards done before reshuffling?","No","Yes, the picking of cards is done before reshuffling.","Order Judging(Y/N)"
"2bb31b69-fcda-4f54-8338-f590944df999","Is playing poker done after reshuffling cards?","Yes","Yes, after reshuffling the cards, the game is completed.","Order Judging(Y/N)"
"2bb31b69-fcda-4f54-8338-f590944df999","Does the reshuffling occur before arranging cards on the floor?","Yes","Yes, the reshuffling occurs before arranging cards on the floor.","Order Judging(Y/N)"
"2bb31b69-fcda-4f54-8338-f590944df999","What takes place right before picking cards?","Sitting in the room","Before picking cards, the person is seen holding a card and gesturing with their hand.","What event order"
"2bb31b69-fcda-4f54-8338-f590944df999","What activity is taking place in this clip?","Playing cards with a woman.","The activity taking place in this clip is a card game, specifically playing cards.","Scene Summary"
"2bb31b69-fcda-4f54-8338-f590944df999","What is the setting of this scene?","Inside a house.","The setting of this scene is a cozy indoor environment, likely a living room or a similar space.","Scene Summary"
"2bb31b69-fcda-4f54-8338-f590944df999","What objects are prominently featured in this clip?","Cards and a carpet.","The objects prominently featured in this clip are a deck of playing cards, a smartphone, and a small white cup.","Scene Summary"
"2bb31b69-fcda-4f54-8338-f590944df999","What is the atmosphere in this scene?","Casual indoor leisure.","The atmosphere in this scene is casual and relaxed, with the participants enjoying a card game.","Scene Summary"
"2bb31b69-fcda-4f54-8338-f590944df999","Is there any interaction between the players?","Yes, they are playing a game together.","Yes, the player on the right is seen making hand gestures and pointing at cards, indicating an active discussion or decision-making process.","Action Caption"
"2bb31b69-fcda-4f54-8338-f590944df999","Can you describe the table setup for the game?","Cards are spread out haphazardly on the carpet.","The table setup for the game includes a deck of cards, some chips, and a few other items scattered around.","Action Caption"
"2bb31b69-fcda-4f54-8338-f590944df999","How are the players seated during the game?","They are sitting cross-legged on the floor.","The players are seated on the floor, with one player sitting cross-legged and holding a card in their hand.","Action Caption"
"2bb31b69-fcda-4f54-8338-f590944df999","Did the game just start?","No, it is in progress as cards are already spread out.","Yes, the game appears to have just started as indicated by the cards being laid out on the table.","Whether Something Happened(Y/N)"
"2bb31b69-fcda-4f54-8338-f590944df999","Did reshuffling the cards happen before playing the poker cards?","Yes.","Yes, the person in the foreground is seen holding a card and making a hand gesture before reshuffling the cards.","Order Judging(Y/N)"
"2bb31b69-fcda-4f54-8338-f590944df999","Did laying out the cards on the floor occur after sitting down?","Yes.","Yes, the cards were laid out on the floor after sitting down.","Order Judging(Y/N)"
"2bb31b69-fcda-4f54-8338-f590944df999","Did the game of cards start after the cards were laid out?","Yes.","Yes, the game of cards began after the cards were laid out.","Order Judging(Y/N)"
"2bb31b69-fcda-4f54-8338-f590944df999","Did I play cards before reshuffling them?","No","Yes, you played cards were shuffled before reshuffling.","Order Judging(Y/N)"
"2bb31b69-fcda-4f54-8338-f590944df999","Was the rug visible before I dealt the cards?","Yes","Yes, the rug was visible before I dealt the cards.","Order Judging(Y/N)"
"2bb31b69-fcda-4f54-8338-f590944df999","Did I spread cards on the floor before sitting down?","Yes","Yes, the person sitting down spread cards on the floor before sitting down.","Order Judging(Y/N)"
"2bb31b69-fcda-4f54-8338-f590944df999","Were cards in my hand before reshuffling?","No","Yes, cards were in your hand before reshuffling.","Order Judging(Y/N)"
"2bb31b69-fcda-4f54-8338-f590944df999","Was I seated before the cards were displayed face-up?","Yes","Yes, you were seated before the cards were displayed face-up.","Order Judging(Y/N)"
"2bb31b69-fcda-4f54-8338-f590944df999","What happened just before playing cards?","Reshuffled the cards","Just before playing cards, the person in the foreground was seen holding a card and gesturing with their hand.","What event order"
"2bb31b69-fcda-4f54-8338-f590944df999","What happened before reshuffling the cards?","Sat in the room","Before reshuffling, the person was seen holding a card and gesturing with their hand.","What event order"
"2bb31b69-fcda-4f54-8338-f590944df999","What did I do before spreading cards on the floor?","Reshuffled them","Before spreading cards on the floor, you were playing a card game.","What event order"
"2bb31b69-fcda-4f54-8338-f590944df999","What action took place before sitting down?","Entered the room","Before sitting down, the person was seen holding a card and gesturing with their hand.","What event order"
"2bb31b69-fcda-4f54-8338-f590944df999","What activity is being performed in the scene?","Playing cards is the activity.","The activity being performed in the scene is playing cards, specifically a game of poker.","Scene Summary"
"2bb31b69-fcda-4f54-8338-f590944df999","How many individuals are participating in the activity?","Two individuals are participating.","Two individuals are participating in the activity.","Scene Summary"
"2bb31b69-fcda-4f54-8338-f590944df999","Can you describe the setting of the video clip?","The setting is indoors, on the floor with a rug.","The video clip takes place in a cozy living room setting, with a person sitting on the floor and another person holding cards. The background includes a television screen displaying a game show or similar content, a cup of coffee, and various items scattered around, creating a casual and relaxed atmosphere.","Scene Summary"
"2bb31b69-fcda-4f54-8338-f590944df999","What is the gender composition of the participants?","One male and one female are participating.","The participants are a woman and a man.","Scene Summary"
"2bb31b69-fcda-4f54-8338-f590944df999","How are the participants positioned in the clip?","They are sitting on the floor.","The participants are positioned on the floor, sitting cross-legged.","Action Caption"
"2bb31b69-fcda-4f54-8338-f590944df999","Describe the interaction between the individuals.","They are engaged in a card game.","The individuals are deeply engrossed in a card game, with one person holding the cards and another preparing to make a move. The atmosphere is lively and focused, indicative of an engaging and possibly competitive game.","Action Caption"
"2bb31b69-fcda-4f54-8338-f590944df999","Are there any other objects involved in the action?","Yes, a deck of cards is involved.","Yes, there is a black object on the floor near the person holding the cards.","Action Caption"
"2bb31b69-fcda-4f54-8338-f590944df999","Is there a competitive activity occurring in the video?","Yes.","Yes, there is a competitive activity occurring in the video. One person is holding up cards and making hand gestures, possibly indicating a card game or a similar activity.","Whether Something Happened(Y/N)"
"2bb31b69-fcda-4f54-8338-f590944df999","Is there a visible winner in the card game?","No.","Yes, the person in the foreground is holding up a card with a red heart symbol, indicating that they have won.","Whether Something Happened(Y/N)"
"2bb31b69-fcda-4f54-8338-f590944df999","Did I pick up a card before shuffling the deck?","No","Yes, you can see the card being picked up from your hand before shuffling.","Order Judging(Y/N)"
"2bb31b69-fcda-4f54-8338-f590944df999","Was the woman seen holding cards before I laid mine on the floor?","Yes","Yes, the woman was seen holding cards before I laid mine on the floor.","Order Judging(Y/N)"
"2bb31b69-fcda-4f54-8338-f590944df999","Did I deal cards to the woman before sitting down?","No","Yes, the woman was seen holding a deck of cards before sitting down.","Order Judging(Y/N)"
"2bb31b69-fcda-4f54-8338-f590944df999","Did the woman adjust her glasses before smiling at me?","Yes","Yes, she adjusted her glasses before smiling at me.","Order Judging(Y/N)"
"2bb31b69-fcda-4f54-8338-f590944df999","Was the woman's sock visible before she crossed her legs?","Yes","Yes, the woman's sock was visible before she crossed her legs.","Order Judging(Y/N)"
"2bb31b69-fcda-4f54-8338-f590944df999","What did the woman do before looking at her hand of cards?","She crossed her legs","She was seen holding a smartphone, possibly checking her messages or browsing the internet.","What event order"
"2bb31b69-fcda-4f54-8338-f590944df999","What occurred before the woman adjusted her glasses?","She held her cards","Before the woman adjusted her glasses, she was holding a deck of cards and gesturing with them.","What event order"
"2bb31b69-fcda-4f54-8338-f590944df999","What action took place before I dealt the cards?","I picked up the deck","Before I dealt the cards, a hand of cards was shown to me.","What event order"
"2bb31b69-fcda-4f54-8338-f590944df999","In the video, is the poker game started before reshuffling the cards?","No","Yes, the poker game is started before reshuffling the cards.","Order Judging(Y/N)"
"2bb31b69-fcda-4f54-8338-f590944df999","In the sequence, does the lady pick up her cards before the cards are laid out on the floor?","Yes","Yes, the lady picks up her cards before the cards are laid out on the floor.","Order Judging(Y/N)"
"2bb31b69-fcda-4f54-8338-f590944df999","In the clip, do the cards get scattered on the table before being picked up?","Yes","Yes, the cards get scattered on the table before being picked up.","Order Judging(Y/N)"
"2bb31b69-fcda-4f54-8338-f590944df999","Does the video show the lady with cards in hand before the cards are shuffled?","No","Yes, the video shows the lady with cards in hand before the cards are shuffled.","Order Judging(Y/N)"
"2bb31b69-fcda-4f54-8338-f590944df999","What occurs just before the lady picks up her cards?","Cards are laid out on the floor","Just before the lady picks up her cards, a hand reaches out from behind her, holding a small object.","What event order"
"2bb31b69-fcda-4f54-8338-f590944df999","In the video, what happens before the cards are reshuffled?","A round of poker is played","Before the cards are reshuffled, a hand is seen holding a card and pointing it at another person's hand.","What event order"
"2bb31b69-fcda-4f54-8338-f590944df999","What event happens before the cards get scattered on the table?","The lady picks up her cards","Before the cards get scattered, a hand is seen holding a card with a red heart symbol.","What event order"
"2bb31b69-fcda-4f54-8338-f590944df999","What do we see happening before the cards are laid out on the floor?","Reshuffling of cards","Before the cards are laid out on the floor, a person is seen holding a smartphone and interacting with it.","What event order"
"2bb31b69-fcda-4f54-8338-f590944df999","What action takes place before the poker game starts?","Cards are reshuffled","Before the poker game starts, a hand is dealt from the deck of cards.","What event order"
"2bb31b69-fcda-4f54-8338-f590944df999","What is the setting of this video clip?","I played cards with a woman inside a house.","The setting of the video clip is a cozy indoor environment, likely a living room or a similar space.","Scene Summary"
"2bb31b69-fcda-4f54-8338-f590944df999","How many people are involved in the scene?","Two people are involved in the scene.","There are two people involved in the scene.","Scene Summary"
"2bb31b69-fcda-4f54-8338-f590944df999","Is there a competitive element visible here?","Yes, the card game implies a competitive interaction.","Yes, there is a competitive element visible in the scene. The person holding the cards appears to be making a point or argument with another individual who is not fully/INFO","Action Caption"
"2bb31b69-fcda-4f54-8338-f590944df999","Did the individuals rearrange the furniture for playing?","No.","Yes, the individuals rearranged the furniture to create a more comfortable playing area for their game.","Whether Something Happened(Y/N)"
"2bb31b69-fcda-4f54-8338-f590944df999","Did someone draw a card in the clip?","Yes.","Yes, someone in the video is seen holding a card and drawing it from the deck.","Whether Something Happened(Y/N)"
"2bb31b69-fcda-4f54-8338-f590944df999","Did the scene involve any form of digital technology?","No.","Yes, the scene involved a smartphone being held by one of the players.","Whether Something Happened(Y/N)"
"2bb31b69-fcda-4f54-8338-f590944df999","Did the people appear to be outdoors?","No.","No, the setting appears to be indoors.","Whether Something Happened(Y/N)"
"2bb31b69-fcda-4f54-8338-f590944df999","In the video, did the shoe appear before the card deck on the carpet?","Yes","Yes, the shoe appears before the card deck on the carpet.","Order Judging(Y/N)"
"2bb31b69-fcda-4f54-8338-f590944df999","Was the hand holding cards before the bottle was seen?","Yes","Yes, the hand holding cards was seen before the bottle.","Order Judging(Y/N)"
"2bb31b69-fcda-4f54-8338-f590944df999","In the clip, did the playing of cards happen before the plant was visible?","No","Yes, the playing of cards happened before the plant was visible.","Order Judging(Y/N)"
"2bb31b69-fcda-4f54-8338-f590944df999","What is shown before the bottle on the left side of the frame?","Cards on the floor","The video shows a bottle placed on the left side of the frame.","What event order"
"2bb31b69-fcda-4f54-8338-f590944df999","What do you see before the plant in the video's background?","A sofa","Before the plant, there is a couch with a few items on it.","What event order"
"2bb31b69-fcda-4f54-8338-f590944df999","Was the rug straightened before I sat down to play?","No.","Yes, the rug was straightened before I sat down to play.","Order Judging(Y/N)"
"2bb31b69-fcda-4f54-8338-f590944df999","Did I touch my foot before picking more cards from the pile?","No.","No, you didn't touch your foot before picking more cards from the pile.","Order Judging(Y/N)"
"2bb31b69-fcda-4f54-8338-f590944df999","Were the cards spread out on the rug before the game started?","No.","Yes, the cards were spread out on the rug before the game started.","Order Judging(Y/N)"
"2bb31b69-fcda-4f54-8338-f590944df999","Did I pick a card from my hand before the woman looked at hers?","Yes.","Yes, the woman picked a card from her hand before looking at yours.","Order Judging(Y/N)"
"2bb31b69-fcda-4f54-8338-f590944df999","What occurs just before I look at my cards?","I pick them up.","Just before I look at my cards, the person in the video is seen holding a card and gest/INFO.","What event order"
"2bb31b69-fcda-4f54-8338-f590944df999","What action takes place before the game begins?","Sitting down on the rug.","Before the game begins, a hand is shown holding a deck of cards.","What event order"
"2bb31b69-fcda-4f54-8338-f590944df999","What happens before more cards are picked from the pile?","Playing a round of cards.","Before more cards are picked from the pile, a hand of 10 cards is shown.","What event order"
"2bb31b69-fcda-4f54-8338-f590944df999","What activity takes place in this scene?","Playing cards in the house.","The activity takes place in a card game session, with the person holding cards and another person interacting with them.","Scene Summary"
"2bb31b69-fcda-4f54-8338-f590944df999","Where are the individuals in this scene?","Inside a house.","The individuals are sitting on a rug in a room.","Scene Summary"
"2bb31b69-fcda-4f54-8338-f590944df999","What objects are central in this scenario?","Cards on the floor.","The central objects in this scenario are the playing cards and money.","Scene Summary"
"2bb31b69-fcda-4f54-8338-f590944df999","How is the room in the clip furnished?","There's a bookshelf and a couch.","The room is furnished with a carpeted floor, a small table, and a few scattered items on the floor.","Scene Summary"
"2bb31b69-fcda-4f54-8338-f590944df999","What action is the person opposite performing?","Holding and presumably playing cards.","The person opposite is holding a smartphone and appears to be interacting with it, possibly taking a photo or recording the game.","Action Caption"
"2bb31b69-fcda-4f54-8338-f590944df999","What seems to be the immediate action captured in the frame?","Dealing or picking up cards.","The immediate action captured in the frame is a person holding a smartphone, possibly taking a photo or recording the game.","Action Caption"
"2bb31b69-fcda-4f54-8338-f590944df999","What can be said about the card game's progression?","It looks mid-game with several cards played.","The card game progresses with the person in the foreground holding a deck of cards, while the other player is seen placing money into the pot. The scene suggests that they are engaged in a card game where one player has just made a bet and is counting their winnings.","Action Caption"
"2bb31b69-fcda-4f54-8338-f590944df999","Is there a card game occurring?","Yes.","Yes","Whether Something Happened(Y/N)"
"2bb31b69-fcda-4f54-8338-f590944df999","Is there more than one participant in the game?","Yes.","Yes, there are two participants in the game.","Whether Something Happened(Y/N)"
"2bb31b69-fcda-4f54-8338-f590944df999","Have any cards been laid out on the floor?","Yes.","Yes, several cards have been laid out on the floor.","Whether Something Happened(Y/N)"
"2bb31b69-fcda-4f54-8338-f590944df999","Is the activity taking place indoors?","Yes.","Yes.","Whether Something Happened(Y/N)"
"2bb31b69-fcda-4f54-8338-f590944df999","Does it appear to be a formal card-playing setting?","No.","No, the setting appears casual and informal.","Whether Something Happened(Y/N)"
"2bb31b69-fcda-4f54-8338-f590944df999","Was the rug visible before I started playing cards?","Yes.","Yes, the rug was visible before I started playing cards.","Order Judging(Y/N)"
"2bb31b69-fcda-4f54-8338-f590944df999","Did the plant appear in the frame before the game began?","Yes.","No, the plant was not visible in the frame before the game began.","Order Judging(Y/N)"
"2bb31b69-fcda-4f54-8338-f590944df999","What happens before I sit on the floor?","The setting of the room is displayed.","Before sitting on the floor, a person is seen holding a smartphone and interacting with it.","What event order"
"2bb31b69-fcda-4f54-8338-f590944df999","In the video, does the arrangement of cards on the floor change before a new card is drawn?","No","Yes, the arrangement of cards on the floor changes before a new card is drawn.","Order Judging(Y/N)"
"2bb31b69-fcda-4f54-8338-f590944df999","In the video, is the heart card shown before a player picks more cards?","Yes","Yes, the heart card is shown before a player picks more cards.","Order Judging(Y/N)"
"2bb31b69-fcda-4f54-8338-f590944df999","Does the woman put down a card before all cards are laid out?","Yes","Yes, the woman places a card on the table before all cards are laid out.","Order Judging(Y/N)"
"2bb31b69-fcda-4f54-8338-f590944df999","What occurs just before a new card is drawn from the deck?","Players examine their cards","Just before a new card is drawn, the person holding the phone places it on the table and then reaches for another card.","What event order"
"2bb31b69-fcda-4f54-8338-f590944df999","In the video sequence, what do we see happening before the cards are spread out?","A card is being placed down","Before the cards are spread out, we see a person holding a smartphone and interacting with it.","What event order"
"2bb31b69-fcda-4f54-8338-f590944df999","What takes place right before more cards are picked from the deck?","The woman sorts her cards","A hand holding a smartphone appears, possibly to take a photo or record the moment.","What event order"
"af400f98-3c57-46ad-acac-eaca6f940180","What location is shown in the video frame?","It shows a road.","The location shown in the video frame is a street with a person riding a skateboard.","Scene Summary"
"af400f98-3c57-46ad-acac-eaca6f940180","Are there other people present in this scene?","Yes, people are present.","Yes, there are other people present in the background.","Scene Summary"
"af400f98-3c57-46ad-acac-eaca6f940180","Is the environment urban or rural?","The environment appears to be urban.","The environment appears to be rural, as indicated by the presence of trees and a grassy area.","Scene Summary"
"af400f98-3c57-46ad-acac-eaca6f940180","Is the road busy or empty?","The road is busy with movement.","The road is empty, with only a few people and a dog visible.","Scene Summary"
"af400f98-3c57-46ad-acac-eaca6f940180","What is the weather like in the scene?","The weather information is not provided.","The weather appears to be overcast.","Scene Summary"
"af400f98-3c57-46ad-acac-eaca6f940180","Who is walking in this clip?","I am walking along the road.","A person wearing a patterned dress and jeans is walking in this clip.","Action Caption"
"af400f98-3c57-46ad-acac-eaca6f940180","What is the camera angle capturing?","The camera angle captures from the walker's perspective.","The camera angle is capturing the movement of two individuals walking on a road.","Action Caption"
"af400f98-3c57-46ad-acac-eaca6f940180","Is there interaction with the passerby?","No interaction is mentioned or shown.","Yes.","Action Caption"
"af400f98-3c57-46ad-acac-eaca6f940180","Do any vehicles pass by closely?","The summary indicates vehicles move past, but closeness isn't specified.","Yes, a motorcycle passes by closely.","Action Caption"
"af400f98-3c57-46ad-acac-eaca6f940180","Is there an accident occurring in the video?","No, no accident is mentioned.","Yes.","Whether Something Happened(Y/N)"
"af400f98-3c57-46ad-acac-eaca6f940180","Is there any construction work shown in the video?","No, no construction is mentioned.","No.","Whether Something Happened(Y/N)"
"af400f98-3c57-46ad-acac-eaca6f940180","Does the video frame show clear skies?","The video frame does not provide this information.","No, the video frame shows a dimly lit environment with shadows and low light conditions.","Whether Something Happened(Y/N)"
"af400f98-3c57-46ad-acac-eaca6f940180","What is the main event depicted in this video clip?","A walk on the road with a woman and interactions with passersby.","The main event depicted in this video clip is a person holding a cigarette, walking down the road with another individual.","Scene Summary"
"af400f98-3c57-46ad-acac-eaca6f940180","Which location is primarily featured in this video clip?","The video clip features a road.","The primary location featured in this video clip is a dirt road.","Scene Summary"
"af400f98-3c57-46ad-acac-eaca6f940180","How many main subjects are involved in this video scenario?","Two main subjects, a man and a woman.","Three main subjects are involved: the person in the white shirt, the person in the blue and yellow outfit, and the person in the pink shoes.","Scene Summary"
"af400f98-3c57-46ad-acac-eaca6f940180","Are there other individuals present in this video scene besides the subjects?","Yes, there are passersby present.","Yes, there is another person in the background wearing a blue and white patterned top.","Scene Summary"
"af400f98-3c57-46ad-acac-eaca6f940180","What actions are shown in these new frames?","A person is seen walking and reaching out to others.","The new frames show the person in a white shirt and blue pants holding a stick, walking towards the camera, and then turning around to face another person.","Action Caption"
"af400f98-3c57-46ad-acac-eaca6f940180","Is there any communication depicted in the clip?","Yes, there is interaction with passersby.","Yes, there is a hand gesture that appears to be a sign of peace or agreement between the two individuals.","Action Caption"
"af400f98-3c57-46ad-acac-eaca6f940180","Can you describe the physical posture in this frame?","The person's arm is extended forward as if reaching out.","The person is standing with their feet apart, holding the hand of another individual who is not visible in the frame.","Action Caption"
"af400f98-3c57-46ad-acac-eaca6f940180","Are the movements in the video leisurely or hurried?","They appear leisurely.","The movements in the video are leisurely and unhurried.","Action Caption"
"af400f98-3c57-46ad-acac-eaca6f940180","Does the person in the video come into physical contact with others?","It is implied but not visible.","No, the person in the video does not come into physical contact with others.","Whether Something Happened(Y/N)"
"af400f98-3c57-46ad-acac-eaca6f940180","Is the person in the video engaging in a conversation?","Yes.","Yes.","Whether Something Happened(Y/N)"
"af400f98-3c57-46ad-acac-eaca6f940180","Does the person walk on a grassy path in the video?","No.","Yes.","Whether Something Happened(Y/N)"
"af400f98-3c57-46ad-acac-eaca6f940180","Does the person in the video interact with more than one passerby?","Yes.","Yes, the person in the video interacts with at least one other individual who is walking behind them.","Whether Something Happened(Y/N)"
"af400f98-3c57-46ad-acac-eaca6f940180","What is the setting of this video clip?","It's on a road with a person walking and interacting with a woman.","The setting of the video clip is a narrow, unpaved road with some greenery on either side.","Scene Summary"
"af400f98-3c57-46ad-acac-eaca6f940180","Is there any physical contact between the two individuals?","No.","Yes, the person in the blue dress is holding onto the other individual's hand.","Whether Something Happened(Y/N)"
"af400f98-3c57-46ad-acac-eaca6f940180","Did the person in the video stop walking while interacting?","No.","Yes, the person in the video stopped walking while interacting with another individual.","Whether Something Happened(Y/N)"
"af400f98-3c57-46ad-acac-eaca6f940180","Is the communication friendly and non-threatening?","Yes.","Yes, the communication is friendly and non-threatening.","Whether Something Happened(Y/N)"
"af400f98-3c57-46ad-acac-eaca6f940180","In the video, do I interact with some passersby before walking with the woman on the road?","No","Yes, I interact with some passersby before walking with the woman on the road.","Order Judging(Y/N)"
"af400f98-3c57-46ad-acac-eaca6f940180","In the video, do I walk alone on the road before interacting with a woman?","Yes","Yes, you walk alone on the road before interacting with a woman.","Order Judging(Y/N)"
"af400f98-3c57-46ad-acac-eaca6f940180","What do I do just before interacting with the woman on the road in the video?","Walk alone","You should approach the woman on the road, possibly to give her a hug or a pat on the back.","What event order"
"20bc995f-c3de-4789-bd7a-34cf1a313b0c","Who is involved in the scene?","A man and some girls.","The scene involves a person who is involved in the preparation and serving of food.","Scene Summary"
"20bc995f-c3de-4789-bd7a-34cf1a313b0c","What activity is taking place?","Food preparation.","The activity taking place is the preparation of a dish, likely a type of curry or stew, with various ingredients and spices being added to it.","Scene Summary"
"20bc995f-c3de-4789-bd7a-34cf1a313b0c","What can be seen on the table in the scene?","Ingredients and cooking utensils.","The table is cluttered with various food items, including a bowl of rice and a plate filled with a mixture that appears to be a batter or dough.","Scene Summary"
"20bc995f-c3de-4789-bd7a-34cf1a313b0c","What is the camera wearer doing with the spoon?","Cooking food.","The camera wearer is using the spoon to scoop and mix ingredients, likely preparing a dish.","Action Caption"
"20bc995f-c3de-4789-bd7a-34cf1a313b0c","What can be assumed about the pace of the activity?","It is fast-paced.","The activity appears to be fast-paced, as indicated by the close-up shots of hands moving quickly and the dynamic movement captured in the video.","Action Caption"
"20bc995f-c3de-4789-bd7a-34cf1a313b0c","Does the video show any monetary transaction?","No.","Yes, the video shows a transaction of money being exchanged between the person and another individual.","Whether Something Happened(Y/N)"
"20bc995f-c3de-4789-bd7a-34cf1a313b0c","Is the food prepared for a large group?","Yes.","Yes","Whether Something Happened(Y/N)"
"20bc995f-c3de-4789-bd7a-34cf1a313b0c","Does the camera wearer handle more than one dish?","Yes.","Yes, the camera wearer is seen/INFO","Whether Something Happened(Y/N)"
"20bc995f-c3de-4789-bd7a-34cf1a313b0c","What is the setting in this video clip?","A food tent with servings of food.","The setting is a bustling street food stall at night, with various dishes and people visible in the background.","Scene Summary"
"20bc995f-c3de-4789-bd7a-34cf1a313b0c","Is the person serving food to more than one person?","Yes.","Yes, the person is seen serving food to more than one person.","Whether Something Happened(Y/N)"
"20bc995f-c3de-4789-bd7a-34cf1a313b0c","Is there a pot included in the food items being served?","Yes.","Yes, there is a pot included in the food items being served.","Whether Something Happened(Y/N)"
"20bc995f-c3de-4789-bd7a-34cf1a313b0c","Is the setting of this video during a nighttime event?","Yes.","Yes.","Whether Something Happened(Y/N)"
"20bc995f-c3de-4789-bd7a-34cf1a313b0c","Is the food made for a man and some girls before serving food under the tent?","Yes","Yes, the food is made for a man and some girls before serving food under the tent.","Order Judging(Y/N)"
"20bc995f-c3de-4789-bd7a-34cf1a313b0c","What is the setting of the video clip?","At a roadside food stall.","The setting of the video clip is a bustling street food stall in India, characterized by vibrant colors and a lively atmosphere.","Scene Summary"
"20bc995f-c3de-4789-bd7a-34cf1a313b0c","Who is the main person interacting with others in the scene?","A food stall vendor.","The main person interacting with others is a woman wearing a black shirt.","Scene Summary"
"20bc995f-c3de-4789-bd7a-34cf1a313b0c","What type of interaction occurs between the vendor and customers?","Serving food and conversing.","The vendor interacts with customers by serving food and interacting with them through a mobile phone.","Scene Summary"
"20bc995f-c3de-4789-bd7a-34cf1a313b0c","How is the stall vendor engaging with the customers besides serving food?","Talking with them.","The stall vendor is engaging with the customers by interacting with them through a mobile phone, possibly checking on their orders or sharing updates.","Action Caption"
"20bc995f-c3de-4789-bd7a-34cf1a313b0c","Is the vendor wearing gloves while handling food?","No.","Yes, the vendor is wearing gloves while handling food.","Whether Something Happened(Y/N)"
"20bc995f-c3de-4789-bd7a-34cf1a313b0c","Does the video show a customer receiving change after payment?","No.","Yes, the video shows a customer receiving change after payment.","Whether Something Happened(Y/N)"
"20bc995f-c3de-4789-bd7a-34cf1a313b0c","Is there any interaction between the customers in the frame?","No.","Yes, there is a customer in the foreground holding an item and interacting with the food preparation area.","Whether Something Happened(Y/N)"
"20bc995f-c3de-4789-bd7a-34cf1a313b0c","Does the stall have a digital payment option displayed?","Yes.","Yes, the stall has a QR code displayed on its digital display.","Whether Something Happened(Y/N)"
"20bc995f-c3de-4789-bd7a-34cf1a313b0c","Does the interaction with woman B happen before serving to woman C?","Yes","Yes, the interaction with woman B happens before serving to woman C.","Order Judging(Y/N)"
"20bc995f-c3de-4789-bd7a-34cf1a313b0c","Do I serve food to a group of people before the roadside food stall scene?","No","Yes, the person in a black shirt is seen serving food to a group of people before the roadside food stall scene.","Order Judging(Y/N)"
"20bc995f-c3de-4789-bd7a-34cf1a313b0c","In the video, did I serve food under the tent before talking to man A at the stand?","No","Yes, the video shows a person serving food under the tent before talking to man A at the stand.","Order Judging(Y/N)"
"20bc995f-c3de-4789-bd7a-34cf1a313b0c","In the video, does serving pani puri occur before making food for the man and girls?","Yes","Yes, the video shows a person serving pani puri to another individual before making food for them.","Order Judging(Y/N)"
"20bc995f-c3de-4789-bd7a-34cf1a313b0c","What happens before interacting with woman A, B, and C at the roadside stall?","I serve food to a group of people.","Before interacting with woman A, B, and C at the roadside stall, a person wearing a black shirt is seen holding a smartphone.","What event order"
"20bc995f-c3de-4789-bd7a-34cf1a313b0c","Describe the setting of this video clip.","A roadside food stall at night.","The video takes place in a bustling street food stall, characterized by vibrant colors and an array of colorful dishes. The scene is illuminated by artificial lighting, creating a lively atmosphere. A person wearing a blue checkered shirt is seen holding a smartphone with the 'Grab' app open on their screen, possibly checking for orders or messages. In the background, another individual can be seen interacting with the food stall, adding to the dynamic environment.","Scene Summary"
"20bc995f-c3de-4789-bd7a-34cf1a313b0c","Could you summarize the depicted scenario?","A person serving and conversing at a food stall.","The video showcases a bustling street food stall at night, where a person is preparing and serving food. The scene includes various dishes such as doskas (doughnuts), samosas, and other traditional Indian snacks. A smartphone is used to take photos of the food preparation process, capturing the vibrant colors and textures of the food items.","Scene Summary"
"20bc995f-c3de-4789-bd7a-34cf1a313b0c","Did the vendor converse with two individuals?","Yes.","Yes, the vendor engaged in a conversation with one of the individuals.","Whether Something Happened(Y/N)"
"20bc995f-c3de-4789-bd7a-34cf1a313b0c","In the sequence, is food served at the roadside stall before the food tent?","No","Yes","Order Judging(Y/N)"
"20bc995f-c3de-4789-bd7a-34cf1a313b0c","What scene is captured in the video clip?","A food stand with cooking in progress.","The video captures a bustling street food stall at night, filled with various dishes and people. The scene is illuminated by bright lights that highlight the vibrant colors of the food and the lively atmosphere.","Scene Summary"
"20bc995f-c3de-4789-bd7a-34cf1a313b0c","What's the brief of the depicted scenario?","Food preparation at a stand with a customer waiting.","The brief of the depicted scenario is a person preparing food at an outdoor food stall, with various dishes and utensils visible on the table.","Scene Summary"
"20bc995f-c3de-4789-bd7a-34cf1a313b0c","Does the scene capture a customer receiving their order?","No.","Yes","Whether Something Happened(Y/N)"
"20bc995f-c3de-4789-bd7a-34cf1a313b0c","Is there any indication of a payment transaction in the video?","No.","Yes, there is a hand holding a small object near the person at the counter, which could indicate a transaction or payment.","Whether Something Happened(Y/N)"
"20bc995f-c3de-4789-bd7a-34cf1a313b0c","Does the video show the cook finishing the dish?","No.","Yes, the cook is seen holding a small container and pouring its contents into the bowl on the right side of the frame.","Whether Something Happened(Y/N)"
"20bc995f-c3de-4789-bd7a-34cf1a313b0c","Is the cook multitasking between cooking and another activity?","Yes.","Yes, the cook is seen handling a small container and then picking up another item from the table.","Whether Something Happened(Y/N)"
"20bc995f-c3de-4789-bd7a-34cf1a313b0c","Does the cook appear to be preparing food for more than one person?","Yes.","Yes, the cook appears to be preparing food for more than one person.","Whether Something Happened(Y/N)"
"20bc995f-c3de-4789-bd7a-34cf1a313b0c","Did the discussion with man X and man Y happen before serving woman Z?","No","No, the discussion with man X and man Y happened after serving woman Z.","Order Judging(Y/N)"
"20bc995f-c3de-4789-bd7a-34cf1a313b0c","What event happened before the phone conversation?","Serving a different customer","Before the phone conversation, a person was seen preparing food at a street food stall.","What event order"
"20bc995f-c3de-4789-bd7a-34cf1a313b0c","Was food made for woman A after the interaction with woman B?","Yes","Yes, food was made for woman A after the interaction with woman B.","Order Judging(Y/N)"
"20bc995f-c3de-4789-bd7a-34cf1a313b0c","Did the phone conversation occur before discussing with man Y?","Yes","Yes, the phone conversation occurred before discussing with man Y.","Order Judging(Y/N)"
"20bc995f-c3de-4789-bd7a-34cf1a313b0c","What is seen happening before making food for man B?","Talked on the phone","Before making food for man B, the person is seen preparing a dish on a metal plate.","What event order"
"20bc995f-c3de-4789-bd7a-34cf1a313b0c","What took place just before making food for woman A?","Talked on the phone","Just before making food for woman A, a person was seen holding a small container and preparing to pour some liquid into the bowl.","What event order"
"20bc995f-c3de-4789-bd7a-34cf1a313b0c","What is the location of the scene in the video?","The location is at a food stand.","The scene is set in a bustling street food stall.","Scene Summary"
"20bc995f-c3de-4789-bd7a-34cf1a313b0c","How many customers are being interacted with?","Three customers are being interacted with.","Two customers are being interacted with.","Scene Summary"
"20bc995f-c3de-4789-bd7a-34cf1a313b0c","Does the frame show the server handing pani puris to a customer?","Yes.","Yes","Whether Something Happened(Y/N)"
"20bc995f-c3de-4789-bd7a-34cf1a313b0c","Is the shown frame depicting an indoor activity?","No.","No.","Whether Something Happened(Y/N)"
"20bc995f-c3de-4789-bd7a-34cf1a313b0c","Does the video involve interaction between the server and customers?","Yes.","Yes, the video shows a customer interacting with the server by holding a small container and asking for food.","Whether Something Happened(Y/N)"
"20bc995f-c3de-4789-bd7a-34cf1a313b0c","Is the phone conversation happening before making food for woman A?","Yes","Yes","Order Judging(Y/N)"
"20bc995f-c3de-4789-bd7a-34cf1a313b0c","Does man Z get served before the phone conversation starts?","No","Yes, man Z is seen holding a small container of food and eating it before the phone conversation starts.","Order Judging(Y/N)"
"20bc995f-c3de-4789-bd7a-34cf1a313b0c","In the video, is the interaction with man X and Y before the food preparation for woman A and man B?","No","Yes, the interaction with man X and Y before the food preparation for woman A and man B is not shown in the video.","Order Judging(Y/N)"
"20bc995f-c3de-4789-bd7a-34cf1a313b0c","Do I talk to man Z before making food for woman A and man B?","No.","No, you do not talk to the man Z before making food for woman A and man B.","Order Judging(Y/N)"
"20bc995f-c3de-4789-bd7a-34cf1a313b0c","Is the food prepared for woman Z before the interaction with man Z?","Yes.","Yes, the food is prepared for woman Z before the interaction with man Z.","Order Judging(Y/N)"
"20bc995f-c3de-4789-bd7a-34cf1a313b0c","What do I do before making food for woman A and man B?","Talking on the phone.","Before making food for woman A and man B, you should first check the cash register to ensure everything is accounted for.","What event order"
"20bc995f-c3de-4789-bd7a-34cf1a313b0c","How many individuals does the camera wearer interact with?","Three individuals.","The camera wearer interacts with two individuals.","Scene Summary"
"20bc995f-c3de-4789-bd7a-34cf1a313b0c","Are there any objects visible in the scene?","Yes, food and serving utensils.","Yes, there are various objects visible in the scene, including a large metal bowl filled with food, a small container of sauce, and a mobile phone.","Scene Summary"
"20bc995f-c3de-4789-bd7a-34cf1a313b0c","Is the environment depicted busy or calm?","Busy, with serving and conversation happening.","The environment depicted is calm.","Scene Summary"
"20bc995f-c3de-4789-bd7a-34cf1a313b0c","Did the camera wearer carry out more than one task?","Yes, serving and conversing.","Yes, the camera wearer was seen holding a smartphone and interacting with it while standing near the food stall.","Action Caption"
"20bc995f-c3de-4789-bd7a-34cf1a313b0c","Did the serving of food appear organized or haphazard?","Organized, with food laid out.","The serving of food appeared organized, with the ingredients and utensils neatly arranged on the table.","Action Caption"
"20bc995f-c3de-4789-bd7a-34cf1a313b0c","Are all men engaged in eating or just conversing?","Only one is shown eating, others converse.","No, only one man is seen eating or conversing.","Action Caption"
"20bc995f-c3de-4789-bd7a-34cf1a313b0c","Was there verbal exchange under the tent?","Yes.","Yes, there was verbal exchange under the tent.","Whether Something Happened(Y/N)"
"20bc995f-c3de-4789-bd7a-34cf1a313b0c","Is there visible evidence of food being consumed in the frame?","Yes.","Yes, a hand holding a smartphone is visible in the frame, suggesting someone might be taking a photo or recording something.","Whether Something Happened(Y/N)"
"20bc995f-c3de-4789-bd7a-34cf1a313b0c","Does the scene suggest any sign of a rush or urgency?","No, it appears orderly.","Yes, the scene suggests a rush or urgency due to the person's hand reaching out towards the food on the table.","Whether Something Happened(Y/N)"
"20bc995f-c3de-4789-bd7a-34cf1a313b0c","Is the preparation of pani puris shown before serving them to man X and Y?","Yes","Yes, the preparation of pani puris is shown before serving them to man X and Y.","Order Judging(Y/N)"
"20bc995f-c3de-4789-bd7a-34cf1a313b0c","Do I talk on the phone prior to serving food under the food tent?","Yes","Yes, the person is seen holding a phone in their hand before serving food under the food tent.","Order Judging(Y/N)"
"20bc995f-c3de-4789-bd7a-34cf1a313b0c","What occurs just before serving food to man A under the food tent?","Preparing food","A person wearing a pink shirt and holding a smartphone appears to be taking a photo or recording the scene.","What event order"
"20bc995f-c3de-4789-bd7a-34cf1a313b0c","What activity is taking place at the stall?","A person is serving potato balls and gruel.","The activity taking place at the stall is serving food, specifically scooping and pouring a mixture of chickpeas into small bowls.","Scene Summary"
"20bc995f-c3de-4789-bd7a-34cf1a313b0c","Who is interacting at the food stall?","A server, a woman, and a girl.","A person wearing a pink and blue striped shirt is interacting at the food stall.","Scene Summary"
"20bc995f-c3de-4789-bd7a-34cf1a313b0c","What type of service is depicted at the stall?","Food service involving potato balls and gruel.","The service at the stall appears to be a casual, possibly street food or snack service.","Scene Summary"
"20bc995f-c3de-4789-bd7a-34cf1a313b0c","Who is preparing the food in the video clip?","The server at the stall.","A person wearing a blue shirt is preparing the food in the video clip.","Action Caption"
"20bc995f-c3de-4789-bd7a-34cf1a313b0c","What actions can be seen in the frame provided?","Preparing and serving food at the stall.","The actions include a person scooping food from the bowl, pouring it into a pot, and interacting with a smartphone.","Action Caption"
"20bc995f-c3de-4789-bd7a-34cf1a313b0c","Is the food being freshly prepared or pre-packaged?","Freshly prepared, as seen in the video.","The food is being freshly prepared, as indicated by the hand holding a small container and the person pouring ingredients into a pot.","Action Caption"
"20bc995f-c3de-4789-bd7a-34cf1a313b0c","Does the server use any special tools for serving?","Not evident in the provided frame.","Yes, the server uses a spoon to scoop up the food and then places it into a bowl.","Action Caption"
"20bc995f-c3de-4789-bd7a-34cf1a313b0c","Does the video show the server using a foam plate for serving?","Yes.","Yes, the server is seen using a foam plate to scoop up food from the bowl.","Whether Something Happened(Y/N)"
"20bc995f-c3de-4789-bd7a-34cf1a313b0c","Can we see any cooking equipment in the video?","Yes, in the provided frame.","Yes, there is a cooking pot on the right side of the frame.","Whether Something Happened(Y/N)"
"20bc995f-c3de-4789-bd7a-34cf1a313b0c","Did the serving of potato balls occur before serving gruel?","Yes","Yes, the serving of potato balls occurred before serving gruel.","Order Judging(Y/N)"
"20bc995f-c3de-4789-bd7a-34cf1a313b0c","Was the conversation with man E before serving food to the woman Z?","No","Yes, the conversation with man E was before serving food to the woman Z.","Order Judging(Y/N)"
"20bc995f-c3de-4789-bd7a-34cf1a313b0c","What event occurs just before serving food to man A?","Being under a food tent","Just before serving food to man A, the scene transitions from a busy kitchen setting to an outdoor dining area.","What event order"
"20bc995f-c3de-4789-bd7a-34cf1a313b0c","What happens right before serving potato balls?","Interacting with a group of people","A person picks up a potato ball and places it into the bowl.","What event order"
"20bc995f-c3de-4789-bd7a-34cf1a313b0c","What event happens before interacting with a group of people?","Being at a stall","Before interacting with a group of people, the person is seen preparing food at an outdoor stall.","What event order"
"20bc995f-c3de-4789-bd7a-34cf1a313b0c","Did the serving of potato balls happen before the gruel in foam plates?","No","Yes, the serving of potato balls happened before the gruel in foam plates.","Order Judging(Y/N)"
"20bc995f-c3de-4789-bd7a-34cf1a313b0c","In the video, is the food tent scene before the interaction with the group of people?","No","Yes, the food tent scene is before the interaction with the group of people.","Order Judging(Y/N)"
"20bc995f-c3de-4789-bd7a-34cf1a313b0c","What do we see happening just before the food stand scene?","Serving at a stall","Just before the food stand scene, we see a person holding a small container and interacting with the food preparation process.","What event order"
"20bc995f-c3de-4789-bd7a-34cf1a313b0c","What's the setting of the video clip?","Inside a food kiosk.","The setting of the video clip is a bustling street food stall with vibrant colors and various dishes being prepared.","Scene Summary"
"20bc995f-c3de-4789-bd7a-34cf1a313b0c","What is the primary activity occurring?","Food preparation and sales.","The primary activity is the preparation and serving of food at a street food stall.","Scene Summary"
"20bc995f-c3de-4789-bd7a-34cf1a313b0c","Are there any customers present in the video?","Yes, a group of people.","No, there are no customers present in the video.","Scene Summary"
"20bc995f-c3de-4789-bd7a-34cf1a313b0c","What can be seen in the kiosk besides the food?","Food ingredients and cooking utensils.","Besides the food, there are various utensils and containers on the kiosk.","Scene Summary"
"20bc995f-c3de-4789-bd7a-34cf1a313b0c","What type of food is being sold?","It is not specified.","The food being sold appears to be a variety of snacks and street foods, including chips, fried dough balls, and other small items.","Action Caption"
"20bc995f-c3de-4789-bd7a-34cf1a313b0c","Is the food seller working alone?","It's not clear from the clip.","Yes, the food seller is working alone in a busy street food stall.","Action Caption"
"20bc995f-c3de-4789-bd7a-34cf1a313b0c","Does the video show the exchange of goods for payment?","It is not confirmed.","Yes, the video shows a person holding a small container and placing it into the cash register.","Action Caption"
"20bc995f-c3de-4789-bd7a-34cf1a313b0c","Does the video show the food being cooked?","No.","Yes, the video shows the food being cooked as the person continues to add more ingredients and stirs them in a large metal bowl.","Whether Something Happened(Y/N)"
"20bc995f-c3de-4789-bd7a-34cf1a313b0c","Does the video show the food being packaged?","No, it shows it being prepared.","Yes, the video shows the food being packaged in a container.","Whether Something Happened(Y/N)"
"20bc995f-c3de-4789-bd7a-34cf1a313b0c","Is there any indication of the kiosk's location being outdoors?","No.","Yes, the kiosk is situated on a street with buildings in the background.","Whether Something Happened(Y/N)"
"20bc995f-c3de-4789-bd7a-34cf1a313b0c","In the video, is the gruel served after the interaction with the group of people?","Yes","Yes, the gruel is served after the interaction with the group of people.","Order Judging(Y/N)"
"20bc995f-c3de-4789-bd7a-34cf1a313b0c","Was I at the kiosk before serving potato balls and gruel?","No","Yes, you were at the kiosk before serving potato balls and gruel.","Order Judging(Y/N)"
"20bc995f-c3de-4789-bd7a-34cf1a313b0c","Did I sell food before I prepared it in the kiosk?","No","Yes, the person in the blue shirt was seen holding a small container and preparing food before they prepared it in the kiosk.","Order Judging(Y/N)"
"20bc995f-c3de-4789-bd7a-34cf1a313b0c","Is the food sold to the group of people after I prepared it?","Yes","Yes, the food is served to the group of people after I prepared it.","Order Judging(Y/N)"
"20bc995f-c3de-4789-bd7a-34cf1a313b0c","What event took place before serving food to a group of people?","Prepared food in the kiosk","Before serving food to a group of people, the person in the blue shirt was seen preparing and arranging the food on the table.","What event order"
"20bc995f-c3de-4789-bd7a-34cf1a313b0c","Did I serve gruel before serving potato balls?","No","Yes, the person in the blue shirt is seen holding a spoon and scooping some gruel from a bowl into a metal bowl.","Order Judging(Y/N)"
