row_index,video_id,question,answer,pred_answer,task,correct,score,raw_judgment
0,000000,What task is being performed with vegetables?,Chopping vegetables.,The task being performed with vegetables is chopping and preparing them for the next step in the cooking process.,Scene Summary,yes,5,"{
  ""correct"": ""yes"",
  ""score"": 5
}"
1,000000,What step is being taken with flatbread?,Wrapping sauce in flatbread.,The step being taken with flatbread is adding it to the pot of stew.,Scene Summary,no,0,"{
  ""correct"": ""no"",
  ""score"": 0
}"
2,000000,What kitchen fixture is being utilized?,Opening a cabinet.,A stove is being utilized.,Scene Summary,no,0,"{""correct"": ""no"", ""score"": 0}"
3,000000,What's the overview of the action in the clip?,Preparing ingredients for a meal.,"The video begins with a person preparing food in the kitchen, including making tortillas and adding ingredients to them. It then transitions to show the tortillas being cooked on a stovetop, with various spices and seasonings visible around them. The scene continues with the person pouring a red sauce from a bowl into a white bowl containing chopped vegetables, indicating that they are about to mix the ingredients together for a dish.",Action Caption,yes,4,"{
  ""correct"": ""yes"",
  ""score"": 4
}"
4,000000,Does the video show someone chopping vegetables?,Yes.,Yes,Whether Something Happened(Y/N),yes,5,"{
  ""correct"": ""yes"",
  ""score"": 5
}"
5,000000,Did the individual successfully open a kitchen cabinet?,Yes.,"Yes, the individual successfully opened a kitchen cabinet to retrieve an ingredient.",Whether Something Happened(Y/N),yes,5,"{
  ""correct"": ""yes"",
  ""score"": 5
}"
6,000000,Is the flatbread being seasoned with sauce?,Yes.,Yes.,Whether Something Happened(Y/N),yes,5,"{
  ""correct"": ""yes"",
  ""score"": 5
}"
7,000000,Is there an occurrence of food being wrapped?,Yes.,Yes.,Whether Something Happened(Y/N),yes,5,"{
  ""correct"": ""yes"",
  ""score"": 5
}"
8,000000,Is the person using a knife for cooking tasks?,Yes.,Yes.,Whether Something Happened(Y/N),yes,5,"{
  ""correct"": ""yes"",
  ""score"": 5
}"
9,000001,What is the location in the video clip?,A kitchen.,The location is a kitchen.,Scene Summary,yes,5,"{
  ""correct"": ""yes"",
  ""score"": 5
}"
10,000001,What kitchen activity is underway in the clip?,Cutting vegetables.,The kitchen activity underway in the clip is preparing ingredients for a dish.,Scene Summary,no,2,"{
  ""correct"": ""no"",
  ""score"": 2
}"
11,000001,What tool does the person in the video use?,Knives.,The person uses a knife to cut the tomatoes.,Scene Summary,yes,5,"{
  ""correct"": ""yes"",
  ""score"": 5
}"
12,000001,What appliance does the person in the video handle?,The heat regulator of the cooker.,The person handles a microwave.,Scene Summary,no,0,"{""correct"": ""no"", ""score"": 0}"
13,000001,What part of the kitchen furniture does the person interact with?,Drawers.,The person interacts with the kitchen cabinets and drawers.,Scene Summary,no,3,"{
  ""correct"": ""no"",
  ""score"": 3
}"
14,000001,How is the person controlling the cooking temperature?,Operating the heat regulator.,The person is using a stove to heat the pot.,Action Caption,no,1,"{
  ""correct"": ""no"",
  ""score"": 1
}"
15,000001,What can be inferred from the person's actions with the drawers?,Searching or organizing.,The person's actions with the drawers suggest that they are organizing or preparing for a meal.,Action Caption,yes,4,"{
  ""correct"": ""yes"",
  ""score"": 4
}"
16,000001,Does the clip show any cooking taking place?,"No direct cooking, only preparation.","Yes, the clip shows a cooking process in progress.",Action Caption,no,0,"{
  ""correct"": ""no"",
  ""score"": 0
}"
17,000001,Did the person successfully cut the vegetables?,Yes.,Yes.,Whether Something Happened(Y/N),yes,5,"{
  ""correct"": ""yes"",
  ""score"": 5
}"
18,000001,Was the heat regulator adjusted to a specific level?,"Yes, it was operated.","Yes, the heat regulator was adjusted to a medium level.",Whether Something Happened(Y/N),no,2,"{
  ""correct"": ""no"",
  ""score"": 2
}"
19,000001,Did the person use any other kitchen tools besides knives?,Heat regulator only mentioned.,"Yes, the person used a fork and an egg carton as additional kitchen tools.",Whether Something Happened(Y/N),no,0,"{
  ""correct"": ""no"",
  ""score"": 0
}"
20,000001,Is the cabinet opened before wrapping the sauce in flat bread?,No,Yes.,Order Judging(Y/N),no,0,"{""correct"": ""no"", ""score"": 0}"
21,000001,Do I cut vegetables before operating the heat regulator on the cooker?,Yes,"Yes, you must cut vegetables before operating the heat regulator on the cooker.",Order Judging(Y/N),yes,5,"{
  ""correct"": ""yes"",
  ""score"": 5
}"
22,000001,Is the drawer opened before the vegetables are chopped?,No,Yes.,Order Judging(Y/N),no,0,"{""correct"": ""no"", ""score"": 0}"
23,000001,Does wrapping sauce in flat bread happen after cutting vegetables?,Yes,"Yes, after cutting vegetables, the person wraps sauce in a flatbread.",Order Judging(Y/N),yes,5,"{
  ""correct"": ""yes"",
  ""score"": 5
}"
24,000001,Do I open the cabinet before chopping the vegetables?,No,"No, you should open the cabinet before chopping the vegetables.",Order Judging(Y/N),no,1,"{""correct"": ""no"", ""score"": 1}"
25,000001,What occurs just before wrapping the sauce in flat bread?,Chopping vegetables,"Just before wrapping the sauce in flat bread, a person is seen placing a tomato on top of the sauce.",What event order,no,0,"{
  ""correct"": ""no"",
  ""score"": 0
}"
26,000001,What takes place right before operating the heat regulator of the cooker?,Cutting vegetables with knives,"A person is seen preparing food, specifically slicing tomatoes.",What event order,yes,4,"{
  ""correct"": ""yes"",
  ""score"": 4
}"
27,000002,What setting is shown in this video clip?,A kitchen.,The setting shown in this video clip is a kitchen.,Scene Summary,yes,5,"{
  ""correct"": ""yes"",
  ""score"": 5
}"
28,000002,What task is being performed with tomatoes?,Cutting tomatoes.,The task being performed with tomatoes is adding them to the pot of stew.,Scene Summary,no,1,"{""correct"": ""no"", ""score"": 1}"
29,000002,Is there an electronic device being used in this scene?,"Yes, a mobile phone.",Yes.,Scene Summary,no,2,"{""correct"": ""no"", ""score"": 2}"
30,000002,How is the sauce being utilized in the cooking process?,By spreading it on flatbreads.,"The sauce is being stirred into the tortillas, adding flavor to the dish.",Action Caption,no,1,"{
  ""correct"": ""no"",
  ""score"": 1
}"
31,000002,What activity is occurring aside from food preparation?,Operating a mobile phone.,A person is using a spatula to stir the mixture in the pan.,Action Caption,no,0,"{
  ""correct"": ""no"",
  ""score"": 0
}"
32,000002,What manual task is depicted involving food items?,"Cutting vegetables, specifically tomatoes.",The manual task depicted involves spreading a mixture of ingredients in a pan and then placing the food items on a tray.,Action Caption,no,0,"{
  ""correct"": ""no"",
  ""score"": 0
}"
33,000002,Is someone chopping vegetables in the video?,Yes.,Yes.,Whether Something Happened(Y/N),yes,5,"{
  ""correct"": ""yes"",
  ""score"": 5
}"
34,000002,Is the sauce being poured into a bowl?,"No, it's being rolled in flatbreads.",No.,Whether Something Happened(Y/N),yes,4,"{
  ""correct"": ""yes"",
  ""score"": 4
}"
35,000002,Is a cooking activity happening in a bedroom?,"No, it's happening in a kitchen.",Yes.,Whether Something Happened(Y/N),no,0,"{""correct"": ""no"", ""score"": 0}"
36,000002,Does the frame capture the act of grilling or frying?,No.,"Yes, the frame captures both grilling and frying stages of the food preparation.",Whether Something Happened(Y/N),no,0,"{
  ""correct"": ""no"",
  ""score"": 0
}"
37,000002,"In the video, are vegetables cut before the heat regulator is operated?",Yes,Yes.,Order Judging(Y/N),yes,5,"{
  ""correct"": ""yes"",
  ""score"": 5
}"
38,000002,Does rolling sauce in flatbreads occur after cutting tomatoes?,Yes,"Yes, after cutting tomatoes, the sauce is poured into a pan on the stove.",Order Judging(Y/N),yes,4,"{
  ""correct"": ""yes"",
  ""score"": 4
}"
39,000002,Does the opening of the drawers happen before using the mobile phone?,No,"Yes, the opening of the drawers happens before using the mobile phone.",Order Judging(Y/N),no,0,"{""correct"": ""no"", ""score"": 0}"
40,000002,Is the heat regulator operated before rolling sauce in flatbreads?,No,Yes.,Order Judging(Y/N),no,0,"{""correct"": ""no"", ""score"": 0}"
41,000002,What occurs just before rolling sauce in flatbreads?,Cutting tomatoes with a knife.,"Just before rolling sauce in flatbreads, the person places a red container on the counter and uses a spatula to spread some of the sauce evenly.",What event order,no,0,"{
  ""correct"": ""no"",
  ""score"": 0
}"
42,000002,What happens just before operating the heat regulator?,Cutting vegetables with knives.,"Just before operating the heat regulator, a person is seen adjusting the temperature on the stove.",What event order,no,0,"{
""correct"": ""no"",
""score"": 0
}"
43,000002,What is done just before opening drawers in the kitchen?,Operating the heat regulator of the cooker.,"Just before opening drawers, the person uses a spatula to scoop out some of the filling from the bowl.",What event order,no,0,"{
  ""correct"": ""no"",
  ""score"": 0
}"
44,000002,What activity occurs just before operating a mobile phone?,Rolling sauce in flatbreads.,"Just before operating a mobile phone, the person is seen holding a spatula and stirring something in a pan.",What event order,no,2,"{""correct"": ""no"", ""score"": 2}"
45,000002,Is the cabinet opened before the vegetables are chopped?,No,Yes.,Order Judging(Y/N),no,0,"{""correct"": ""no"", ""score"": 0}"
46,000002,Does operating the heat regulator happen after chopping vegetables?,Yes,"Yes, after chopping vegetables, the heat regulator is turned on to cook the food.",Order Judging(Y/N),yes,5,"{
  ""correct"": ""yes"",
  ""score"": 5
}"
47,000002,Is wrapping sauce in flat bread before cutting vegetables?,No,Yes.,Order Judging(Y/N),no,0,"{""correct"": ""no"", ""score"": 0}"
48,000002,Do I use the mobile phone before opening drawers?,Yes,"Yes, the mobile phone is used to open drawers.",Order Judging(Y/N),yes,5,"{""correct"": ""yes"", ""score"": 5}"
49,000002,What happens just before the cabinet is opened in the video?,Chopping vegetables,"Just before the cabinet is opened, a person's hand reaches for it.",What event order,no,1,"{
  ""correct"": ""no"",
  ""score"": 1
}"
50,000002,What occurs immediately before operating the heat regulator?,Cutting vegetables with knives,"Immediately before operating the heat regulator, a person is seen holding a smartphone and using it to navigate through an app.",What event order,no,0,"{""correct"": ""no"", ""score"": 0}"
51,000002,What do I do right before rolling sauce in flat breads?,Cutting tomatoes,I roll sauce in flat breads.,What event order,no,0,"{""correct"": ""no"", ""score"": 0}"
52,000002,What action takes place just before using the mobile phone?,Rolling sauce in flat breads,"Just before using the mobile phone, a person is seen holding a spatula and placing it on top of a red container.",What event order,no,0,"{
  ""correct"": ""no"",
  ""score"": 0
}"
53,000002,What is done directly before opening drawers in the kitchen?,Operating the heat regulator.,The kitchen is organized with a Christmas tree decoration and other holiday items.,What event order,no,0,"{
  ""correct"": ""no"",
  ""score"": 0
}"
54,000003,What is the setting of the latest video frame?,A kitchen.,The setting of the latest video frame is a kitchen with various cooking utensils and ingredients on the counter.,Scene Summary,yes,5,"{
  ""correct"": ""yes"",
  ""score"": 5
}"
55,000003,What can be seen on the stove in the video clip?,A pan with shawarma filling and bread.,"On the stove, there are two black frying pans with food in them.",Scene Summary,no,2,"{
  ""correct"": ""no"",
  ""score"": 2
}"
56,000003,How many pans are on the stove in the video?,Two pans.,There are two pans on the stove in the video.,Scene Summary,yes,5,"{
  ""correct"": ""yes"",
  ""score"": 5
}"
57,000003,What objects are visible on the kitchen counter in the video?,Ingredients and utensils.,"A spatula, a bowl of rice, and a container with spices are visible on the kitchen counter.",Scene Summary,no,2,"{
  ""correct"": ""no"",
  ""score"": 2
}"
58,000003,What cooking process is happening in the new frames?,Shawarma filling is being prepared.,"The new frames show the person cooking tortillas in a pan, with the chili and vegetable mixture being stirred.",Action Caption,no,1,"{
  ""correct"": ""no"",
  ""score"": 1
}"
59,000003,What action was the cook performing?,Adding bread to the shawarma filling.,The cook was stirring the chili mixture in a pan and adding it to the tortillas.,Action Caption,no,0,"{
  ""correct"": ""no"",
  ""score"": 0
}"
60,000003,How is the cook interacting with the food?,By stirring and combining ingredients.,The cook is actively stirring the food in a pan and using a spatula to place it onto the tray.,Action Caption,yes,4,"{
  ""correct"": ""yes"",
  ""score"": 4
}"
61,000003,Describe the cook's technique in the video clip.,Carefully scooping and spreading filling onto bread.,"The cook skillfully uses a spatula to transfer the cooked tortillas from the pan onto the plates, demonstrating careful and precise handling.",Action Caption,no,1,"{
  ""correct"": ""no"",
  ""score"": 1
}"
62,000003,Is there more than one dish being cooked simultaneously?,Yes.,Yes.,Whether Something Happened(Y/N),yes,5,"{
  ""correct"": ""yes"",
  ""score"": 5
}"
63,000003,Is the cook wearing any protective gloves in the video?,No.,Yes.,Whether Something Happened(Y/N),no,0,"{""correct"": ""no"", ""score"": 0}"
64,000003,Does the video capture the addition of toppings to the shawarma?,No.,"Yes, the video captures the addition of toppings to the shawarma as it is being cooked.",Whether Something Happened(Y/N),no,0,"{
  ""correct"": ""no"",
  ""score"": 0
}"
65,000003,Is the mobile phone operated before rolling sauce in flat breads?,No,No.,Order Judging(Y/N),yes,5,"{""correct"": ""yes"", ""score"": 5}"
66,000003,Do I cut the tomatoes before preparing the shawarma?,Yes,"Yes, the person cuts the tomatoes before preparing the shawarma.",Order Judging(Y/N),yes,5,"{
  ""correct"": ""yes"",
  ""score"": 5
}"
67,000003,Is the shawarma prepared before cutting tomatoes?,No,Yes.,Order Judging(Y/N),no,0,"{""correct"": ""no"", ""score"": 0}"
68,000003,Do I roll sauce in flat breads after cutting tomatoes?,Yes,"Yes, you roll sauce in flat breads after cutting tomatoes.",Order Judging(Y/N),yes,5,"{
  ""correct"": ""yes"",
  ""score"": 5
}"
69,000003,Is the mobile phone operated after preparing the shawarma?,Yes,Yes.,Order Judging(Y/N),yes,5,"{""correct"": ""yes"", ""score"": 5}"
70,000003,What action occurs just before I operated the mobile phone?,Rolling sauce in flat breads,"Just before I operated the mobile phone, a person is seen preparing food on the stove.",What event order,no,1,"{""correct"": ""no"", ""score"": 1}"
71,000003,What do I do before cutting the tomatoes?,"Nothing, it is the first action.","Before cutting the tomatoes, you should first remove any stems or leaves from them.",What event order,no,0,"{""correct"": ""no"", ""score"": 0}"
72,000003,What occurs just before preparing the shawarma?,Operating the mobile phone,"Just before preparing the shawarma, a person is seen stirring the contents of a pan with a spatula.",What event order,no,0,"{
  ""correct"": ""no"",
  ""score"": 0
}"
73,000003,"In the video, did I open the kitchen drawers before cutting vegetables?",No,"Yes, the kitchen drawers were opened before cutting vegetables.",Order Judging(Y/N),no,0,"{""correct"": ""no"", ""score"": 0}"
74,000003,Does the cooking of shawarma happen before regulating the cooker's heat?,Yes,"Yes, the cooking of shawarma happens before regulating the cooker's heat.",Order Judging(Y/N),yes,5,"{
  ""correct"": ""yes"",
  ""score"": 5
}"
75,000003,"In the video, is the mobile phone operated after the sauce is rolled in flatbreads?",Yes,Yes.,Order Judging(Y/N),yes,5,"{""correct"": ""yes"", ""score"": 5}"
76,000003,Is heat regulation done before cutting tomatoes with a knife?,No,Yes.,Order Judging(Y/N),no,0,"{""correct"": ""no"", ""score"": 0}"
77,000003,"In the video sequence, what do I do before cooking shawarma?",Cut vegetables,"Before cooking shawarma, I open the oven door and place a tray of cooked shawarma on it.",What event order,no,0,"{""correct"": ""no"", ""score"": 0}"
78,000004,Describe the setting shown in the video clip.,A kitchen where shawarma is being prepared.,The video is set in a kitchen where various ingredients and cooking utensils are arranged on the counter.,Scene Summary,yes,4,"{
  ""correct"": ""yes"",
  ""score"": 4
}"
79,000004,What is happening in these new frames?,Shawarma is being filled with ingredients.,"In these new frames, the person is adding more ingredients to a pan on the stove, which already contains a mixture of vegetables and possibly meat.",Action Caption,no,1,"{
  ""correct"": ""no"",
  ""score"": 1
}"
80,000004,Is the person in the video making a meal?,Yes.,Yes.,Whether Something Happened(Y/N),yes,5,"{
  ""correct"": ""yes"",
  ""score"": 5
}"
81,000004,Is the kitchen the main location in these frames?,Yes.,Yes.,Whether Something Happened(Y/N),yes,5,"{
  ""correct"": ""yes"",
  ""score"": 5
}"
82,000004,Does the video capture the moment of grilling meat for the shawarma?,No.,"Yes, the video captures the moment of grilling meat for the shawarma.",Whether Something Happened(Y/N),no,0,"{
  ""correct"": ""no"",
  ""score"": 0
}"
83,000004,Are spices being added to the food in this clip?,No.,Yes.,Whether Something Happened(Y/N),no,0,"{""correct"": ""no"", ""score"": 0}"
84,000004,"In the video, is the shawarma filling added to the bread before wrapping it?",Yes,Yes,Order Judging(Y/N),yes,5,"{
  ""correct"": ""yes"",
  ""score"": 5
}"
85,000004,Does the chopping of vegetables occur before heating the pan?,No,"Yes, the chopping of vegetables occurs before heating the pan.",Order Judging(Y/N),no,0,"{""correct"": ""no"", ""score"": 0}"
86,000004,Is the stove turned off before removing the pan from heat?,Yes,Yes.,Order Judging(Y/N),yes,5,"{
  ""correct"": ""yes"",
  ""score"": 5
}"
87,000004,"In the video, is the bread placed on the pan before adding fillings?",Yes,Yes.,Order Judging(Y/N),yes,5,"{
  ""correct"": ""yes"",
  ""score"": 5
}"
88,000004,Is the shawarma served before adding sauce?,No,Yes.,Order Judging(Y/N),no,0,"{""correct"": ""no"", ""score"": 0}"
89,000004,What do I do before adding the shawarma filling to the bread?,Chop vegetables,"Before adding the shawarma filling to the bread, you should ensure that all ingredients are well combined and ready for cooking.",What event order,no,0,"{
  ""correct"": ""no"",
  ""score"": 0
}"
90,000004,What is done before turning off the stove?,Cook shawarma,"Before turning off the stove, the person adds more ingredients to a pan containing a colorful mixture of vegetables and spices.",What event order,no,1,"{
  ""correct"": ""no"",
  ""score"": 1
}"
91,000004,What is the immediate step before serving the shawarma?,Add sauce,The immediate step before serving the shawarma is adding a spoonful of shredded cheese to each wrap.,What event order,no,0,"{
  ""correct"": ""no"",
  ""score"": 0
}"
92,000004,"In the video, is the sauce added to the flat bread before cutting the tomatoes?",No,Yes,Order Judging(Y/N),no,0,"{""correct"": ""no"", ""score"": 0}"
93,000004,Does the person operate the mobile phone after rolling the sauce in the flat breads?,Yes,"Yes, the person operates the mobile phone after rolling the sauce in the flat breads.",Order Judging(Y/N),yes,5,"{
  ""correct"": ""yes"",
  ""score"": 5
}"
94,000004,Is the shawarma prepared before the tomatoes are cut with a knife?,Yes,Yes.,Order Judging(Y/N),yes,5,"{""correct"": ""yes"", ""score"": 5}"
95,000004,"In the video, does rolling the sauce happen before the shawarma preparation?",No,"No, the sauce is added to the shawarma before rolling it.",Order Judging(Y/N),yes,5,"{
  ""correct"": ""yes"",
  ""score"": 5
}"
96,000004,Is the flat bread used before operating the mobile phone?,Yes,Yes.,Order Judging(Y/N),yes,5,"{""correct"": ""yes"", ""score"": 5}"
97,000005,What setting is portrayed in the latest clip?,A kitchen setting.,"The latest clip portrays a festive Christmas setting, with the kitchen decorated and adorned with Christmas decorations.",Scene Summary,no,2,"{
  ""correct"": ""no"",
  ""score"": 2
}"
98,000005,What activity is featured in the frame?,Preparing shawarma.,"The activity featured in the frame is cooking, specifically making tortillas.",Scene Summary,no,1,"{""correct"": ""no"", ""score"": 1}"
99,000005,Is the shawarma preparation process completed in the clip?,No.,Yes.,Whether Something Happened(Y/N),no,0,"{""correct"": ""no"", ""score"": 0}"
100,000005,Is there more than one person visible in the kitchen?,No.,Yes.,Whether Something Happened(Y/N),no,0,"{""correct"": ""no"", ""score"": 0}"
101,000005,Does the clip show any cooking appliances being used?,No.,No.,Whether Something Happened(Y/N),yes,5,"{
  ""correct"": ""yes"",
  ""score"": 5
}"
102,000005,Is there any sign of food already cooked in the scene?,No.,"Yes, there is a pot of food on the stove in the background.",Whether Something Happened(Y/N),no,0,"{
  ""correct"": ""no"",
  ""score"": 0
}"
103,000005,Is the person in the frame wearing gloves?,No.,No.,Whether Something Happened(Y/N),yes,5,"{
  ""correct"": ""yes"",
  ""score"": 5
}"
104,000005,"In the video, is the meat added to the shawarma wrap before chopping the herbs?",No,"No, the meat is not added to the shawarma wrap before chopping the herbs.",Order Judging(Y/N),yes,5,"{
  ""correct"": ""yes"",
  ""score"": 5
}"
105,000005,"In the video, is the shawarma wrap prepared before the vegetables are chopped?",Yes,Yes.,Order Judging(Y/N),yes,5,"{""correct"": ""yes"", ""score"": 5}"
106,000005,Does chopping herbs happen after the vegetables are mixed in the bowl?,No,"Yes, the chopped herbs are added to the bowl after the vegetables are mixed in.",Order Judging(Y/N),no,0,"{
  ""correct"": ""no"",
  ""score"": 0
}"
107,000005,Is the shawarma meat cooked before the vegetables are cut?,Yes,Yes.,Order Judging(Y/N),yes,5,"{
  ""correct"": ""yes"",
  ""score"": 5
}"
108,000005,What happens just before the shawarma meat is added to the wrap in the video?,The vegetables are mixed in a bowl,"Just before the shawarma meat is added to the wrap, a person with red nail polish adds more green vegetables to the wrap.",What event order,no,1,"{
  ""correct"": ""no"",
  ""score"": 1
}"
109,000005,What action takes place before the wrap is rolled up in the video?,The meat and vegetables are added to it,"Before the wrap is rolled up, a person places the red onion on top of the green lettuce.",What event order,no,2,"{
  ""correct"": ""no"",
  ""score"": 2
}"
110,000005,"In the video, is the meat placed on the bread before adding vegetables?",No,"No, the meat is not placed on the bread before adding vegetables.",Order Judging(Y/N),yes,5,"{
  ""correct"": ""yes"",
  ""score"": 5
}"
111,000005,Is the bread toasted before spreading the meat on it?,No,Yes.,Order Judging(Y/N),no,0,"{""correct"": ""no"", ""score"": 0}"
112,000005,"In the clip, is the chopping of vegetables shown before the frying of meat?",Yes,Yes.,Order Judging(Y/N),yes,5,"{
  ""correct"": ""yes"",
  ""score"": 5
}"
113,000005,Does the video show adding condiments after the meat is placed on the bread?,Yes,"No, the video does not show adding condiments after the meat is placed on the bread.",Order Judging(Y/N),no,0,"{
  ""correct"": ""no"",
  ""score"": 0
}"
114,000005,What occurs just before the meat is added to the bread in the video?,Vegetables are chopped,"Just before the meat is added to the bread, a person with red nail polish adds more green vegetables to the bowl.",What event order,yes,4,"{
  ""correct"": ""yes"",
  ""score"": 4
}"
115,000005,"In the video sequence, what do we see happening before the bread is picked up?",Vegetables being sautéed,"Before the bread is picked up, we see a kitchen setting with various ingredients and utensils on the counter.",What event order,no,1,"{
  ""correct"": ""no"",
  ""score"": 1
}"
116,000005,"Before the chopping of vegetables, what event is shown in the clip?",Preparing other ingredients,"The clip shows a festive Christmas tree in the background, indicating that the preparation is part of holiday preparations.",What event order,no,0,"{
  ""correct"": ""no"",
  ""score"": 0
}"
117,000005,What does the cook do before adding condiments to the shawarma?,Place meat on the bread,The cook adds a red sauce to the shawarma.,What event order,no,0,"{
  ""correct"": ""no"",
  ""score"": 0
}"
118,000006,What is the setting of this scene?,A kitchen.,The setting of this scene is a kitchen where the person is preparing food.,Scene Summary,yes,5,"{
  ""correct"": ""yes"",
  ""score"": 5
}"
119,000006,What culinary activity is taking place?,Preparing shawarma.,The culinary activity taking place is making tortillas filled with a meat mixture.,Scene Summary,no,2,"{""correct"": ""no"", ""score"": 2}"
120,000006,Which type of cuisine is being worked on?,"Middle Eastern, specifically shawarma.","The cuisine being worked on is likely Mexican, as indicated by the ingredients and cooking methods.",Scene Summary,no,0,"{
  ""correct"": ""no"",
  ""score"": 0
}"
121,000006,Are any other tasks being carried out besides cooking?,"No, just cooking.","Yes, the person is also preparing a bowl of rice and adding it to the pan with the meat mixture.",Scene Summary,no,0,"{
  ""correct"": ""no"",
  ""score"": 0
}"
122,000006,Is the kitchen residential or commercial?,It appears residential.,The kitchen is residential.,Scene Summary,yes,5,"{
  ""correct"": ""yes"",
  ""score"": 5
}"
123,000006,Is any equipment being used in the action?,"Yes, a knife for chopping.","Yes, a frying pan is being used to cook the meat mixture.",Action Caption,no,1,"{""correct"": ""no"", ""score"": 1}"
124,000006,Is the person cooking alone or with others?,The clip only shows one person cooking.,The person is cooking alone.,Action Caption,yes,5,"{
  ""correct"": ""yes"",
  ""score"": 5
}"
125,000006,Is there more than one person in this scene?,No.,"Yes, there is one person visible in the scene.",Whether Something Happened(Y/N),no,0,"{""correct"": ""no"", ""score"": 0}"
126,000006,Has the meal been completed in this frame?,No.,"Yes, the meal has been completed in this frame. The person is now holding a tortilla filled with meat and sauce, ready to be served.",Whether Something Happened(Y/N),no,0,"{
  ""correct"": ""no"",
  ""score"": 0
}"
127,000006,Is the person in the video cleaning?,No.,No.,Whether Something Happened(Y/N),yes,5,"{
  ""correct"": ""yes"",
  ""score"": 5
}"
128,000006,Does this clip show the finished shawarma dish?,No.,"Yes, the clip shows the finished shawarma dish with a bowl of sauce and additional ingredients on the countertop.",Whether Something Happened(Y/N),no,0,"{
  ""correct"": ""no"",
  ""score"": 0
}"
129,000006,Are there any children present in this video?,No.,"No, there are no children present in the video.",Whether Something Happened(Y/N),yes,5,"{
  ""correct"": ""yes"",
  ""score"": 5
}"
130,000006,"In the video, is the shawarma prepared after I washed the vegetables?",No,Yes.,Order Judging(Y/N),no,0,"{""correct"": ""no"", ""score"": 0}"
131,000006,"In the video, do I chop the parsley before assembling the shawarma?",Yes,"Yes, you chop the parsley before assembling the shawarma.",Order Judging(Y/N),yes,5,"{
  ""correct"": ""yes"",
  ""score"": 5
}"
132,000006,Does cutting tomatoes occur before the marinating of meat?,Yes,"Yes, the video shows a close-up of hands cutting tomatoes before marinating meat.",Order Judging(Y/N),yes,5,"{
  ""correct"": ""yes"",
  ""score"": 5
}"
133,000006,"In the clip, is the garlic crushed before the tzatziki sauce is mixed?",Yes,Yes,Order Judging(Y/N),yes,5,"{
  ""correct"": ""yes"",
  ""score"": 5
}"
134,000006,Is the lettuce shredded after the hummus is spread on the bread?,Yes,Yes.,Order Judging(Y/N),yes,5,"{
  ""correct"": ""yes"",
  ""score"": 5
}"
135,000006,What happens before I season the shawarma meat?,Chopping onions,"Before seasoning the shawarma meat, the person in the video is seen preparing a bowl of sauce and adding it to the pan.",What event order,no,0,"{
  ""correct"": ""no"",
  ""score"": 0
}"
136,000006,What do I do just before wrapping the shawarma?,Adding sauces,I place the shawarma on a plate and proceed to wrap it.,What event order,no,1,"{
""correct"": ""no"",
""score"": 1
}"
137,000006,What occurs before I put the shawarma on the grill?,Skewing meat,"Before placing the shawarma on the grill, it is shown that the person has already prepared a bowl of sauce and is about to add it to the pan.",What event order,no,0,"{
  ""correct"": ""no"",
  ""score"": 0
}"
138,000006,"In the video, what action precedes slicing the cooked shawarma?",Removing from heat,Slicing the cooked shawarma is preceded by placing a tortilla on top of it.,What event order,no,0,"{
  ""correct"": ""no"",
  ""score"": 0
}"
139,000006,What task is completed before garnishing the dish with parsley?,Placing the shawarma on the plate.,The task of adding a dollop of sauce to the tortillas is completed before garnishing them with parsley.,What event order,no,1,"{""correct"": ""no"", ""score"": 1}"
140,000006,"In the kitchen, is shawarma added to the pita before chopping the herbs?",No,Yes,Order Judging(Y/N),no,0,"{""correct"": ""no"", ""score"": 0}"
141,000006,Are the herbs chopped before the shawarma is cooked?,Yes,"Yes, the herbs are chopped before the shawarma is cooked.",Order Judging(Y/N),yes,5,"{
  ""correct"": ""yes"",
  ""score"": 5
}"
142,000006,Is the pita prepared before any cooking starts?,No,Yes.,Order Judging(Y/N),no,0,"{""correct"": ""no"", ""score"": 0}"
143,000006,Is the pan on the stove before chopping the herbs?,Yes,Yes.,Order Judging(Y/N),yes,5,"{
  ""correct"": ""yes"",
  ""score"": 5
}"
144,000006,What happens before the pita is filled with shawarma?,Shawarma is cooked.,"Before filling the pita with shawarma, it is first rolled and then filled.",What event order,no,1,"{
  ""correct"": ""no"",
  ""score"": 1
}"
145,000006,What is the action performed after placing the pan on the stove?,Cooking shawarma.,The action performed after placing the pan on the stove is stirring the contents of the pan with a spoon.,What event order,no,1,"{
  ""correct"": ""no"",
  ""score"": 1
}"
146,000007,What is the setting shown in the video clip?,A kitchen.,The setting shown in the video clip is a kitchen.,Scene Summary,yes,5,"{
  ""correct"": ""yes"",
  ""score"": 5
}"
147,000007,Which dish is being prepared in this video?,Shawarma.,The dish being prepared in this video is a taco.,Scene Summary,no,0,"{""correct"": ""no"", ""score"": 0}"
148,000007,Are there any decorations visible in the video scene?,"Yes, a Christmas tree.","Yes, there are Christmas decorations visible in the background.",Scene Summary,yes,4,"{
  ""correct"": ""yes"",
  ""score"": 4
}"
149,000007,What appliances are present in the video scene?,A stove and fridge are visible.,"The appliances present in the video scene include a microwave, an oven, and a blender.",Scene Summary,no,0,"{""correct"": ""no"", ""score"": 0}"
150,000007,Is the kitchen depicted as clean or messy?,It appears clean.,"The kitchen is described as being messy, with various ingredients and utensils scattered around.",Scene Summary,no,0,"{
  ""correct"": ""no"",
  ""score"": 0
}"
151,000007,Is any cooking appliance being used in the frames?,The stove is being used.,"Yes, a blender is being used in the frames.",Action Caption,no,1,"{""correct"": ""no"", ""score"": 1}"
152,000007,Is there any evidence of recent cooking in the video?,"Yes, a pan is on the stovetop.","Yes, there is evidence of recent cooking in the video.",Action Caption,no,2,"{
  ""correct"": ""no"",
  ""score"": 2
}"
153,000007,Is food being cooked or assembled?,"Assembled, as shawarma is being prepared.","Yes, food is being cooked or assembled.",Action Caption,no,1,"{
  ""correct"": ""no"",
  ""score"": 1
}"
154,000007,Does the clip show any ingredient being chopped or sliced?,"No, not depicted in the clip.","Yes, the clip shows a person chopping an egg on a cutting board.",Action Caption,no,0,"{
  ""correct"": ""no"",
  ""score"": 0
}"
155,000007,Is there a person visible in the video clip?,No.,Yes.,Whether Something Happened(Y/N),no,0,"{""correct"": ""no"", ""score"": 0}"
156,000007,Does the clip include any festive decorations?,Yes.,Yes.,Whether Something Happened(Y/N),yes,5,"{
  ""correct"": ""yes"",
  ""score"": 5
}"
157,000007,Can you see any finished dish in the clip?,No.,"Yes, the finished dish is a bowl of chili with beans and rice.",Whether Something Happened(Y/N),no,0,"{
  ""correct"": ""no"",
  ""score"": 0
}"
158,000007,Does the clip show someone doing the dishes?,No.,Yes,Whether Something Happened(Y/N),no,0,"{""correct"": ""no"", ""score"": 0}"
159,000007,Is there any visible flame or food being cooked directly?,No.,"No, there is no visible flame or food being cooked directly in the video.",Whether Something Happened(Y/N),yes,5,"{
  ""correct"": ""yes"",
  ""score"": 5
}"
160,000008,What is the setting of the latest video clip?,The setting is a kitchen.,The setting of the latest video clip is a kitchen with various ingredients and utensils scattered on the counter.,Scene Summary,yes,5,"{
  ""correct"": ""yes"",
  ""score"": 5
}"
161,000008,Describe the activity being carried out.,Cooking or food preparation is being performed.,"The activity involves preparing ingredients, including grating cheese and mixing dough.",Scene Summary,yes,5,"{
  ""correct"": ""yes"",
  ""score"": 5
}"
162,000008,Does the person open the refrigerator in the video?,Yes.,Yes.,Whether Something Happened(Y/N),yes,5,"{
  ""correct"": ""yes"",
  ""score"": 5
}"
163,000008,"In the video, is the refrigerator opened before the cheese is retrieved?",Yes,"No, the refrigerator is closed before the cheese is retrieved.",Order Judging(Y/N),no,0,"{""correct"": ""no"", ""score"": 0}"
164,000008,Is the kitchen light turned on after I enter the room?,No,Yes.,Order Judging(Y/N),no,0,"{""correct"": ""no"", ""score"": 0}"
165,000008,Do I start preparing shawarma before setting the ingredients on the counter?,No,"Yes, you start preparing shawarma before setting the ingredients on the counter.",Order Judging(Y/N),no,0,"{
  ""correct"": ""no"",
  ""score"": 0
}"
166,000008,"In the video, is the tree decorated before I begin cooking?",Yes,"Yes, the tree is decorated with lights and ornaments before I begin cooking.",Order Judging(Y/N),yes,5,"{
  ""correct"": ""yes"",
  ""score"": 5
}"
167,000009,What's the setting of the video clip?,In a kitchen.,The setting of the video clip is a kitchen with Christmas decorations in the background.,Scene Summary,yes,5,"{
  ""correct"": ""yes"",
  ""score"": 5
}"
168,000009,What objects are present in this scene?,"Glass cup, glass bowls, steel bowls, whipping cream, flour, eggs, whisker.","The scene contains a kitchen counter, Christmas tree decorations, and various ingredients.",Scene Summary,no,1,"{
  ""correct"": ""no"",
  ""score"": 1
}"
169,000009,What is the main activity taking place?,Baking preparation.,The main activity is preparing a dish by mixing ingredients and adding cheese.,Scene Summary,yes,4,"{
  ""correct"": ""yes"",
  ""score"": 4
}"
170,000009,Are there any kitchen appliances visible?,"Yes, a stove and a sink.","Yes, a Christmas tree decorated with lights and ornaments is visible in the background.",Scene Summary,no,1,"{
  ""correct"": ""no"",
  ""score"": 1
}"
171,000009,Can you identify the ingredients used?,"Heavy whipping cream, flour, and eggs.","Yes, the ingredients used include eggs and cheese.",Scene Summary,no,1,"{""correct"": ""no"", ""score"": 1}"
172,000009,What is being prepared in the kitchen?,A baking recipe.,A mixture of eggs and cheese is being prepared in the kitchen.,Action Caption,no,2,"{
  ""correct"": ""no"",
  ""score"": 2
}"
173,000009,What action does the person perform with the eggs?,Cracking and whipping them.,The person pours the eggs into a bowl and mixes them with a whisk.,Action Caption,yes,4,"{
  ""correct"": ""yes"",
  ""score"": 4
}"
174,000009,What tool is used for whipping the eggs?,A whisker.,A whisk is used for whipping the eggs.,Action Caption,yes,5,"{""correct"": ""yes"", ""score"": 5}"
175,000009,Where are the ingredients placed after being prepared?,In glass and steel bowls.,The ingredients are placed in a black container on the counter.,Action Caption,no,1,"{""correct"": ""no"", ""score"": 1}"
176,000009,How are the ingredients combined?,Poured into bowls and whipped.,The ingredients are combined by pouring the yellow mixture into a bowl and mixing it thoroughly.,Action Caption,no,2,"{
  ""correct"": ""no"",
  ""score"": 2
}"
177,000009,Is there an egg crate visible in the scene?,Yes.,Yes.,Whether Something Happened(Y/N),yes,5,"{
  ""correct"": ""yes"",
  ""score"": 5
}"
178,000009,Did the person crack eggs from both a slab and the fridge?,Yes.,"Yes, the person cracked eggs from both a slab and the fridge.",Whether Something Happened(Y/N),yes,5,"{
  ""correct"": ""yes"",
  ""score"": 5
}"
179,000009,Were the flour and whipping cream poured into separate containers?,Yes.,"Yes, the flour and whipping cream were poured into separate containers.",Whether Something Happened(Y/N),yes,5,"{
  ""correct"": ""yes"",
  ""score"": 5
}"
180,000009,Is the heavy whipping cream poured before cracking the eggs?,Yes,Yes.,Order Judging(Y/N),yes,5,"{""correct"": ""yes"", ""score"": 5}"
181,000009,Is the flour added to the bowl before the eggs are cracked?,Yes,Yes.,Order Judging(Y/N),yes,5,"{""correct"": ""yes"", ""score"": 5}"
182,000009,What did I do just before whipping the eggs in the video?,Crack the eggs into steel bowls,"Before whipping the eggs, you added a yellow ingredient to the bowl and mixed it with your hands.",What event order,no,1,"{""correct"": ""no"", ""score"": 1}"
183,000009,What takes place just before flour is poured into a bowl?,Pouring cream into a glass cup,"Before flour is poured into a bowl, the person uses their hands to mix the yellow mixture with the egg.",What event order,no,1,"{""correct"": ""no"", ""score"": 1}"
184,000009,What do we see happening before the egg crate is put in the fridge?,Cracking eggs on the slab,"Before the egg crate is put in the fridge, we see a Christmas tree decorated with lights and ornaments.",What event order,no,0,"{
  ""correct"": ""no"",
  ""score"": 0
}"
185,000009,What occurs just before the shawarma preparation in the video?,Taking the egg crate out of the fridge,"Just before the shawarma preparation, a person is seen opening a refrigerator and retrieving an egg.",What event order,yes,5,"{
  ""correct"": ""yes"",
  ""score"": 5
}"
186,000009,"In the video, is the egg cracked into the bowl before the cream is poured?",No,Yes.,Order Judging(Y/N),no,0,"{""correct"": ""no"", ""score"": 0}"
187,000009,Does the egg crate go back into the fridge after the eggs are cracked?,Yes,"Yes, the egg crate is left in the refrigerator after the eggs are cracked.",Order Judging(Y/N),yes,5,"{
  ""correct"": ""yes"",
  ""score"": 5
}"
188,000009,"In the video, is the flour poured into the bowl after the egg is cracked?",Yes,Yes,Order Judging(Y/N),yes,5,"{""correct"": ""yes"", ""score"": 5}"
189,000009,Does the preparation of shawarma occur before the cream is poured into the cup?,Yes,"Yes, the preparation of shawarma occurs before the cream is poured into the cup.",Order Judging(Y/N),yes,5,"{
  ""correct"": ""yes"",
  ""score"": 5
}"
190,000009,What happens just before the egg crate is put back in the fridge?,The eggs are cracked.,"Just before the egg crate is put back in the fridge, a person adds more grated cheese to it.",What event order,no,0,"{
  ""correct"": ""no"",
  ""score"": 0
}"
191,000009,What occurs just before the whipping of the egg?,The egg is cracked into the bowl.,"Just before the whipping of the egg, a person is seen opening a container and pouring its contents into a bowl.",What event order,no,2,"{""correct"": ""no"", ""score"": 2}"
192,000009,"In the video, what do we see happening before the flour is poured into the bowl?",The cream is poured into a cup.,"Before the flour is poured into the bowl, we see a Christmas tree decorated with lights and ornaments in the background.",What event order,no,0,"{
  ""correct"": ""no"",
  ""score"": 0
}"
193,000009,What happens just before the cream is poured into the cup?,Shawarma is prepared.,"Just before the cream is poured into the cup, a small container of white powder is placed on top of the egg mixture.",What event order,no,0,"{
  ""correct"": ""no"",
  ""score"": 0
}"
194,000010,What is the setting of the video clip?,In a kitchen.,The setting of the video clip is a kitchen with Christmas decorations in the background.,Scene Summary,yes,5,"{
  ""correct"": ""yes"",
  ""score"": 5
}"
195,000010,What ingredients are combined in the mixture?,"Egg, cheese, baking soda, cream, sugar, vegetables.","The ingredients include a yellowish mixture, possibly cheese or butter, and chopped vegetables.",Scene Summary,no,1,"{
  ""correct"": ""no"",
  ""score"": 1
}"
196,000010,What utensil is used to stir the mixture?,A spatula.,A blue spatula is used to stir the mixture.,Scene Summary,yes,5,"{
  ""correct"": ""yes"",
  ""score"": 5
}"
197,000010,Where is the dough placed after removal from the fridge?,On a board on a slab in the kitchen.,The dough is placed on a kitchen counter.,Scene Summary,no,2,"{
  ""correct"": ""no"",
  ""score"": 2
}"
198,000010,What does the person do with the dough and mixture?,Stir the mixture; place dough on board.,"The person mixes the dough and mixture in a bowl, preparing it for further cooking.",Scene Summary,no,2,"{
  ""correct"": ""no"",
  ""score"": 2
}"
199,000010,What preparation is shown in the video clip?,Making some food involving a mixed batter.,"The preparation shown in the video clip is making a dough, which includes mixing ingredients and kneading.",Action Caption,no,2,"{""correct"": ""no"", ""score"": 2}"
200,000010,What sequence of actions is depicted in the clip?,"Stirring mixture, retrieving, placing dough.","The sequence of actions depicted in the clip includes opening a door, placing a bowl on the counter, pouring contents into a bowl, and then preparing to cook.",Action Caption,no,0,"{
  ""correct"": ""no"",
  ""score"": 0
}"
201,000010,Does the person whip cream into the mixture?,Yes.,Yes.,Whether Something Happened(Y/N),yes,5,"{
  ""correct"": ""yes"",
  ""score"": 5
}"
202,000010,Does the person transfer the mixture to another container?,No.,Yes.,Whether Something Happened(Y/N),no,0,"{""correct"": ""no"", ""score"": 0}"
203,000010,Is the dough placed in an oven?,No.,No.,Whether Something Happened(Y/N),yes,5,"{
  ""correct"": ""yes"",
  ""score"": 5
}"
204,000010,Does the person knead the dough in the clip?,No.,Yes.,Whether Something Happened(Y/N),no,0,"{""correct"": ""no"", ""score"": 0}"
205,000010,Is there a moment when sugar is added to the mixture?,No (sugar was already added before).,Yes.,Whether Something Happened(Y/N),no,0,"{""correct"": ""no"", ""score"": 0}"
206,000010,Was the cream poured into a cup before the eggs were cracked?,Yes,"No, the cream was poured into a bowl before the eggs were cracked.",Order Judging(Y/N),no,1,"{
  ""correct"": ""no"",
  ""score"": 1
}"
207,000010,Was the mixture stirred before the dough was brought out?,Yes,"Yes, the mixture was stirred before the dough was brought out.",Order Judging(Y/N),yes,5,"{
  ""correct"": ""yes"",
  ""score"": 5
}"
208,000010,Did the whipping of eggs happen after the flour was poured?,Yes,"Yes, the whipped eggs happened after the flour was poured.",Order Judging(Y/N),yes,5,"{""correct"": ""yes"", ""score"": 5}"
209,000010,Is sugar added to the mixture after the egg is whipped?,Yes,"No, the mixture is not sugar after the egg is whipped.",Order Judging(Y/N),no,0,"{""correct"": ""no"", ""score"": 0}"
210,000010,What happened before the dough was placed on the board?,Stirring the mixture,"Before the dough was placed on the board, it was mixed with other ingredients and then pressed down to form a ball.",What event order,no,2,"{
  ""correct"": ""no"",
  ""score"": 2
}"
211,000010,What occurs just before the eggs are whipped?,Cracking eggs into bowls,"Just before the eggs are whipped, a person is seen holding an egg white and whisking it in a bowl.",What event order,no,1,"{
""correct"": ""no"",
""score"": 1
}"
212,000010,What is done just before cracking eggs from the fridge?,Pouring cream into a cup,"Just before cracking eggs, the person places a glass bowl with an egg inside on the counter.",What event order,no,1,"{""correct"": ""no"", ""score"": 1}"
213,000010,What is done right before adding grated cheese to the mixture?,Stirring the mixture,"Right before adding grated cheese to the mixture, a person grates some cheese on top of the dough.",What event order,no,0,"{
  ""correct"": ""no"",
  ""score"": 0
}"
214,000010,"In the video, does the cheese get grated before the eggs are cracked?",No,Yes.,Order Judging(Y/N),no,0,"{""correct"": ""no"", ""score"": 0}"
215,000010,Is the heavy whipping cream poured into a cup after the flour?,Yes,No.,Order Judging(Y/N),no,0,"{""correct"": ""no"", ""score"": 0}"
216,000010,Does the dough come out of the fridge before the eggs are whipped?,No,Yes.,Order Judging(Y/N),no,0,"{""correct"": ""no"", ""score"": 0}"
217,000010,"In the video, is the sugar added to the mixture before the vegetables?",Yes,"No, the sugar is not added to the mixture before the vegetables.",Order Judging(Y/N),no,0,"{""correct"": ""no"", ""score"": 0}"
218,000010,Does the mixture get stirred before the eggs are cracked?,No,"Yes, the mixture is stirred before the eggs are cracked.",Order Judging(Y/N),no,0,"{""correct"": ""no"", ""score"": 0}"
219,000010,What happens just before the dough is placed on the board?,The mixture is stirred,"Just before the dough is placed on the board, a person with red nail polish places it on the board.",What event order,no,0,"{
  ""correct"": ""no"",
  ""score"": 0
}"
220,000010,"In the video sequence, what action is taken before pouring flour into a glass bowl?",Preparing shawarma,"Before pouring flour into a glass bowl, the person places the dough in a plastic bag.",What event order,no,0,"{
  ""correct"": ""no"",
  ""score"": 0
}"
221,000010,What occurs just before grating the cheese?,Stirring the mixture,"Just before grating the cheese, a person with red nail polish is seen holding a bowl of grated cheese.",What event order,no,1,"{
  ""correct"": ""no"",
  ""score"": 1
}"
222,000010,"In the video, what happens right before whipping the egg?",Cracking the eggs,"Right before whipping the egg, a person is seen holding an onion and preparing to whip it.",What event order,no,0,"{
  ""correct"": ""no"",
  ""score"": 0
}"
223,000010,What do we see happening before the heavy whipping cream is poured?,Preparing shawarma,"Before the heavy whipping cream is poured, we see a Christmas tree decorated with lights and ornaments in the background.",What event order,no,0,"{
  ""correct"": ""no"",
  ""score"": 0
}"
224,000011,What is the setting of the video clip?,The setting is a kitchen.,The setting of the video clip is a kitchen where food preparation is taking place.,Scene Summary,yes,5,"{
  ""correct"": ""yes"",
  ""score"": 5
}"
225,000011,What ingredients are being used?,Dough and mixtures in bowls.,"The ingredients being used include flour, eggs, and a yellow mixture.",Scene Summary,no,2,"{
  ""correct"": ""no"",
  ""score"": 2
}"
226,000011,What equipment is being utilized?,Rolling pin and spatulas.,A kitchen counter is being utilized for the cooking process.,Scene Summary,no,0,"{""correct"": ""no"", ""score"": 0}"
227,000011,What is the main activity occurring?,Preparing dough and mixtures for baking.,"The main activity is the preparation of dough, including spreading it out and preparing for cooking.",Scene Summary,yes,4,"{
  ""correct"": ""yes"",
  ""score"": 4
}"
228,000011,What task is being performed with the dough?,Rolling the dough with a rolling pin.,The task being performed with the dough is spreading it evenly on a baking sheet.,Action Caption,no,1,"{
  ""correct"": ""no"",
  ""score"": 1
}"
229,000011,What is being done to the mixtures?,The mixtures are being stirred in steel bowls.,The mixtures are being stirred together to ensure they are well combined.,Action Caption,yes,4,"{
  ""correct"": ""yes"",
  ""score"": 4
}"
230,000011,Is the dough being prepared for baking?,Yes.,Yes.,Whether Something Happened(Y/N),yes,5,"{
  ""correct"": ""yes"",
  ""score"": 5
}"
231,000011,Is only one type of spatula being used?,"No, two different spatulas are being used.","No, both hands are used.",Whether Something Happened(Y/N),no,1,"{""correct"": ""no"", ""score"": 1}"
232,000011,Did the same person handle all tasks shown in the summary?,Yes.,"Yes, the same person handled all tasks shown in the summary.",Whether Something Happened(Y/N),yes,5,"{
  ""correct"": ""yes"",
  ""score"": 5
}"
233,000011,Is anything being cooked in the clip?,"No, only preparation steps are shown.","Yes, a pot of yellow liquid is being cooked on the stove.",Whether Something Happened(Y/N),no,0,"{
  ""correct"": ""no"",
  ""score"": 0
}"
234,000011,Is the dough placed on the board before the mixture is stirred?,No,Yes.,Order Judging(Y/N),no,0,"{""correct"": ""no"", ""score"": 0}"
235,000011,Is the doe taken out of the fridge before the rolling pin is used?,Yes,No.,Order Judging(Y/N),no,0,"{""correct"": ""no"", ""score"": 0}"
236,000011,What do we see happening before the spatula stirs the mixture in the steel bowls?,The rolling pin rolls on the dough,"Before the spatula stirs the mixture in the steel bowls, we see a person mixing ingredients on a countertop.",What event order,no,1,"{
  ""correct"": ""no"",
  ""score"": 1
}"
237,000011,Did I pour heavy whipping cream before cracking eggs?,Yes,"Yes, the person cracked eggs into a bowl before pouring heavy whipping cream.",Order Judging(Y/N),no,1,"{""correct"": ""no"", ""score"": 1}"
238,000011,Is the dough rolled before stirring mixtures in bowls?,Yes,Yes.,Order Judging(Y/N),yes,5,"{
  ""correct"": ""yes"",
  ""score"": 5
}"
239,000011,Do I place the dough on the board after pouring flour?,Yes,"Yes, the dough is placed on the board after pouring flour.",Order Judging(Y/N),yes,5,"{
  ""correct"": ""yes"",
  ""score"": 5
}"
240,000011,What happens just before I place the dough on the board?,I bring out the dough from the fridge.,"Just before I place the dough on the board, a person is seen holding a knife and preparing to cut or shape the dough.",What event order,no,0,"{
  ""correct"": ""no"",
  ""score"": 0
}"
241,000012,What is the setting of the video clip?,A kitchen with a board and cooking items.,The setting of the video clip is a kitchen.,Scene Summary,yes,4,"{
  ""correct"": ""yes"",
  ""score"": 4
}"
242,000012,What object is primarily shown in the scene?,A doe laid out on a mat on a kitchen board.,"A round, dough-like object is primarily shown in the scene.",Scene Summary,no,0,"{
  ""correct"": ""no"",
  ""score"": 0
}"
243,000012,Which item is used in the scene?,A knife to trim edges of the doe.,"A round, dough-like item is used in the scene.",Scene Summary,no,0,"{""correct"": ""no"", ""score"": 0}"
244,000012,What stage of the process is shown?,Trimming and folding the prepared doe.,The video shows the preparation stage of making a dough-based dish.,Scene Summary,no,1,"{
  ""correct"": ""no"",
  ""score"": 1
}"
245,000012,Can you describe the main task at hand?,Trimming rough edges of the doe.,"The main task at hand is preparing dough for cooking, including shaping it into a flat circular form and adding ingredients.",Action Caption,no,0,"{""correct"": ""no"", ""score"": 0}"
246,000012,What preparation step is shown in the clip?,Folding the trimmed doe together.,The preparation step shown in the clip is adding a layer of cheese to the dough.,Action Caption,no,0,"{
  ""correct"": ""no"",
  ""score"": 0
}"
247,000012,Did the person use a knife in the video?,Yes.,Yes.,Whether Something Happened(Y/N),yes,5,"{
  ""correct"": ""yes"",
  ""score"": 5
}"
248,000012,Is there any folding action happening?,Yes.,Yes.,Whether Something Happened(Y/N),yes,5,"{
  ""correct"": ""yes"",
  ""score"": 5
}"
249,000012,Did the person complete the trimming action?,Yes.,"Yes, the person completed the trimming action by smoothing out the edges of the dough.",Whether Something Happened(Y/N),yes,5,"{
  ""correct"": ""yes"",
  ""score"": 5
}"
250,000012,Is the dough folded before trimming the rough edges?,No,Yes.,Order Judging(Y/N),no,0,"{""correct"": ""no"", ""score"": 0}"
251,000012,Does stirring in the steel bowls happen after folding the dough?,No,"Yes, stirring in the steel bowls happens after folding the dough.",Order Judging(Y/N),no,0,"{""correct"": ""no"", ""score"": 0}"
252,000012,What occurs just before folding the dough?,Trimming the rough edges with a knife,"Just before folding the dough, a person adds more cheese to it.",What event order,no,0,"{""correct"": ""no"", ""score"": 0}"
253,000012,What happens before stirring mixtures in steel bowls?,Rolling the pin on the dough,"Before stirring mixtures in steel bowls, the dough is kneaded.",What event order,no,2,"{""correct"": ""no"", ""score"": 2}"
254,000012,Does rolling the dough with a rolling pin happen before trimming its edges?,Yes,"Yes, rolling the dough with a rolling pin happens before trimming its edges.",Order Judging(Y/N),yes,5,"{
  ""correct"": ""yes"",
  ""score"": 5
}"
255,000012,Is the trimmed dough folded before stirring the mixture?,No,Yes.,Order Judging(Y/N),no,0,"{""correct"": ""no"", ""score"": 0}"
256,000012,Do I take out the dough from the fridge before preparing mixtures?,Yes,"Yes, you take out the dough from the fridge before preparing mixtures.",Order Judging(Y/N),yes,5,"{
  ""correct"": ""yes"",
  ""score"": 5
}"
257,000012,What occurs before folding the trimmed dough?,Trimming the rough edges with a knife,"Before folding the dough, it is placed on a cutting board.",What event order,no,1,"{
  ""correct"": ""no"",
  ""score"": 1
}"
258,000012,What is the first thing I do with the dough after taking it out from the fridge?,Placing it on a board,"After taking the dough out from the fridge, you first place it on a floured surface.",What event order,yes,5,"{
  ""correct"": ""yes"",
  ""score"": 5
}"
259,000013,What activity is depicted in this snapshot?,A card game is being played.,"The activity depicted in this snapshot is a card game, where one person is playing cards and another is holding a deck of cards.",Scene Summary,yes,5,"{
  ""correct"": ""yes"",
  ""score"": 5
}"
260,000013,Where is this scene likely taking place?,"The scene is indoors, possibly in a living room.",This scene is likely taking place in a living room.,Scene Summary,yes,5,"{
  ""correct"": ""yes"",
  ""score"": 5
}"
261,000013,What objects are present in this setting?,"Cards, a piece of paper, and a plant.","Objects present in this setting include a deck of cards, some papers scattered on the floor, and various items like a small potted plant.",Scene Summary,yes,5,"{""correct"": ""yes"", ""score"": 5}"
262,000013,How is the room furnished?,"With a couch, a rug, and various personal items.","The room is furnished with a wooden floor, a couch, and some plants.",Scene Summary,no,2,"{""correct"": ""no"", ""score"": 2}"
263,000013,What is the approximate time of day in this scene?,It's not discernible from this image.,"The scene appears to be set indoors, possibly during the evening or night.",Scene Summary,no,1,"{
  ""correct"": ""no"",
  ""score"": 1
}"
264,000013,What action is being performed with the cards?,The cards are being reshuffled.,The action being performed with the cards is shuffling and dealing.,Action Caption,no,3,"{
  ""correct"": ""no"",
  ""score"": 3
}"
265,000013,What is the person across doing?,The person is holding and possibly organizing cards.,The person across is playing a game of cards.,Action Caption,no,2,"{
  ""correct"": ""no"",
  ""score"": 2
}"
266,000013,What follow-up activity to shuffling is likely?,Dealing the cards to players.,"The follow-up activity to shuffling is likely the continuation of the game, as indicated by the person's continued engagement with the cards.",Action Caption,no,1,"{
  ""correct"": ""no"",
  ""score"": 1
}"
267,000013,Is there more than one participant in the card activity?,Yes.,Yes.,Whether Something Happened(Y/N),yes,5,"{
  ""correct"": ""yes"",
  ""score"": 5
}"
268,000013,Is any reading material involved in the activity?,"Yes, there's a piece of paper being held.","Yes, there is a book and some papers on the floor near the person.",Whether Something Happened(Y/N),no,2,"{
  ""correct"": ""no"",
  ""score"": 2
}"
269,000013,Are any electronic devices being used in the game?,No visible electronic devices are used.,"Yes, a smartphone is being used to take photos of the cards.",Whether Something Happened(Y/N),no,0,"{
  ""correct"": ""no"",
  ""score"": 0
}"
270,000013,Has any card been laid out on the floor?,"No, they're being held or shuffled.","Yes, a card has been laid out on the floor.",Whether Something Happened(Y/N),no,0,"{
  ""correct"": ""no"",
  ""score"": 0
}"
271,000014,What activity is taking place in the room?,Playing poker.,A card game is taking place in the room.,Scene Summary,yes,4,"{
  ""correct"": ""yes"",
  ""score"": 4
}"
272,000014,What is the setting of this clip?,"Indoors, in a room.",The setting of this clip is a cozy living room.,Scene Summary,yes,4,"{
  ""correct"": ""yes"",
  ""score"": 4
}"
273,000014,What objects are visible in the scene?,"Cards, a carpet, and furniture.","A deck of cards, a small box, and some papers are visible in the scene.",Scene Summary,no,1,"{
  ""correct"": ""no"",
  ""score"": 1
}"
274,000014,Describe the atmosphere of the room.,Casual and leisurely.,"The room has a cozy and casual atmosphere, with wooden flooring, a potted plant in the background, and various items scattered around.",Scene Summary,yes,4,"{
  ""correct"": ""yes"",
  ""score"": 4
}"
275,000014,What precedes the dealing of cards in poker?,Reshuffling the cards.,The game begins with a hand of cards being dealt.,Action Caption,no,0,"{""correct"": ""no"", ""score"": 0}"
276,000014,Did someone shuffle cards in this video?,Yes.,"Yes, someone in the video is seen shuffling cards.",Whether Something Happened(Y/N),yes,5,"{
  ""correct"": ""yes"",
  ""score"": 5
}"
277,000014,Is the room set up for a large gathering?,No.,Yes.,Whether Something Happened(Y/N),no,0,"{""correct"": ""no"", ""score"": 0}"
278,000014,Are the individuals standing in this video?,No.,No.,Whether Something Happened(Y/N),yes,5,"{
  ""correct"": ""yes"",
  ""score"": 5
}"
279,000014,Was the deck reshuffled before playing the cards?,Yes.,"Yes, the deck was reshuffled before playing the cards.",Order Judging(Y/N),yes,5,"{
  ""correct"": ""yes"",
  ""score"": 5
}"
280,000014,What occurs just before picking up the cards?,The cards are spread on floor.,"Just before picking up the cards, a hand appears from the right side of the frame.",What event order,no,1,"{""correct"": ""no"", ""score"": 1}"
281,000014,What action occurs before the deck is seen in a unified stack?,Separate the cards.,"Before the deck is seen in a unified stack, the person places their hand on the table and gestures towards it.",What event order,no,1,"{""correct"": ""no"", ""score"": 1}"
282,000014,What is visible before I separate cards?,Floor and unorganized cards.,"Before I separate cards, there is a pile of playing cards on the floor.",What event order,yes,4,"{
  ""correct"": ""yes"",
  ""score"": 4
}"
283,000015,What is the setting of the current video clip?,A room with two people playing cards.,The setting of the current video clip is a cozy living room.,Scene Summary,no,1,"{
  ""correct"": ""no"",
  ""score"": 1
}"
284,000015,What objects are prominent in the video scene?,"Playing cards, a phone, and a paper.","Prominent objects in the video scene include a deck of cards, money, and various other items scattered on the floor.",Scene Summary,no,2,"{""correct"": ""no"", ""score"": 2}"
285,000015,How would you characterize the atmosphere in the video?,Casual and leisurely.,"The atmosphere in the video is casual and relaxed, with a focus on the card game.",Scene Summary,yes,5,"{
  ""correct"": ""yes"",
  ""score"": 5
}"
286,000015,What actions are being performed in the video clip?,"Shuffling, picking, and playing cards.","The actions include playing cards, examining money, and interacting with a smartphone.",Action Caption,no,2,"{
  ""correct"": ""no"",
  ""score"": 2
}"
287,000015,Did the individuals reshuffle the cards in the video?,Yes.,"Yes, the individuals reshuffled the cards in front of them.",Whether Something Happened(Y/N),yes,5,"{
  ""correct"": ""yes"",
  ""score"": 5
}"
288,000015,Was a phone used during the gameplay?,Yes.,Yes.,Whether Something Happened(Y/N),yes,5,"{
  ""correct"": ""yes"",
  ""score"": 5
}"
289,000015,Was a new game started in the video clip?,Yes.,Yes.,Whether Something Happened(Y/N),yes,5,"{""correct"": ""yes"", ""score"": 5}"
290,000015,Did the scene capture any form of disagreement?,No.,"No, the scene captured no form of disagreement.",Whether Something Happened(Y/N),yes,5,"{
  ""correct"": ""yes"",
  ""score"": 5
}"
291,000015,"In the video, is the poker game started before the cards are reshuffled?",No.,"No, the poker game is not started before the cards are reshuffled.",Order Judging(Y/N),yes,5,"{
  ""correct"": ""yes"",
  ""score"": 5
}"
292,000015,Is the deck spread out on the floor after picking a card?,Yes.,Yes.,Order Judging(Y/N),yes,5,"{""correct"": ""yes"", ""score"": 5}"
293,000015,Does the card shuffling happen before sitting on the floor?,No.,"Yes, the card shuffling happens before sitting on the floor.",Order Judging(Y/N),no,0,"{""correct"": ""no"", ""score"": 0}"
294,000015,"In the video, is the card game initiated before sitting with the lady?",No.,Yes.,Order Judging(Y/N),no,0,"{""correct"": ""no"", ""score"": 0}"
295,000015,What happens before the poker game is played in the video?,Cards are picked.,"Before the poker game is played, a person wearing a pink and blue striped shirt sits down on the floor, surrounded by various items including money, cards, and some papers.",What event order,no,1,"{
  ""correct"": ""no"",
  ""score"": 1
}"
296,000015,What occurs right before reshuffling the cards?,I sit with the lady.,"A hand gesture is made, possibly indicating a decision or action related to the game.",What event order,no,1,"{
  ""correct"": ""no"",
  ""score"": 1
}"
297,000015,What is done just before spreading the cards on the floor?,Cards are picked.,"Just before spreading the cards on the floor, a person is seen holding a smartphone and appears to be reading or looking at something on it.",What event order,no,0,"{
  ""correct"": ""no"",
  ""score"": 0
}"
298,000015,"In the video, did I play cards before shuffling them?",No.,"Yes, you played cards before shuffling them.",Order Judging(Y/N),no,0,"{""correct"": ""no"", ""score"": 0}"
299,000015,"In the video, did I shuffle the cards before picking them?",Yes.,"Yes, the person picks up a card from the deck and starts to shuffle it.",Order Judging(Y/N),no,2,"{
  ""correct"": ""no"",
  ""score"": 2
}"
300,000015,What is the action before reshuffling the cards in the video?,Separating the cards.,"Before reshuffling, the person is seen holding a card and looking at it intently.",What event order,no,1,"{
  ""correct"": ""no"",
  ""score"": 1
}"
301,000016,What is the setting of the video?,A room with two people playing poker.,The video is set in a cozy living room where two people are engaged in playing cards.,Scene Summary,yes,4,"{
  ""correct"": ""yes"",
  ""score"": 4
}"
302,000016,What objects are present in the scene?,"Cards, a tablecloth, and personal items on the floor.","Objects present in the scene include a deck of cards, a cup, and some papers.",Scene Summary,no,2,"{""correct"": ""no"", ""score"": 2}"
303,000016,What is the main focus of the camera?,The poker game and the players' actions.,"The main focus of the camera is on a person playing cards, with their hands moving and adjusting them.",Scene Summary,no,2,"{
  ""correct"": ""no"",
  ""score"": 2
}"
304,000016,What stage of the game is shown?,"The preparation phase, shuffling and dealing cards.","The video shows the game in progress, with one player holding a card and another player preparing to draw cards.",Action Caption,no,1,"{
  ""correct"": ""no"",
  ""score"": 1
}"
305,000016,Capture the essence of the action in a short phrase.,An intense poker game in progress.,A person is seen holding a card and making a hand gesture.,Action Caption,no,1,"{
  ""correct"": ""no"",
  ""score"": 1
}"
306,000016,Did the person shuffle the cards more than once?,Yes.,"Yes, the person shuffled the cards multiple times.",Whether Something Happened(Y/N),yes,5,"{
  ""correct"": ""yes"",
  ""score"": 5
}"
307,000016,Is there another activity besides poker being portrayed?,No.,"Yes, there is another activity portrayed in the video where a person is seen holding and examining a white cup.",Whether Something Happened(Y/N),no,0,"{
  ""correct"": ""no"",
  ""score"": 0
}"
308,000016,Are both players sitting on chairs?,"No, they are sitting on the floor.",Yes.,Whether Something Happened(Y/N),no,0,"{""correct"": ""no"", ""score"": 0}"
309,000016,"In the video, is the card reshuffling performed before picking the cards?",No,Yes.,Order Judging(Y/N),no,0,"{""correct"": ""no"", ""score"": 0}"
310,000016,Is the lady X present in the room before I reshuffle the cards?,Yes,Yes.,Order Judging(Y/N),yes,5,"{""correct"": ""yes"", ""score"": 5}"
311,000016,Do I play the cards before lady X picks her phone?,No,"Yes, you play the cards before lady X picks her phone.",Order Judging(Y/N),no,0,"{""correct"": ""no"", ""score"": 0}"
312,000016,Are the cards picked before they are played?,Yes,"Yes, the cards are picked before they are played.",Order Judging(Y/N),yes,5,"{
  ""correct"": ""yes"",
  ""score"": 5
}"
313,000016,What happens just before the cards are played in the video?,The cards are reshuffled.,"Just before the cards are played, a person is seen holding a white cup and appears to be drinking from it.",What event order,no,0,"{
  ""correct"": ""no"",
  ""score"": 0
}"
314,000016,What do we see happening just before the cards are picked?,The cards are reshuffled.,"Just before the cards are picked, a person is seen holding a white cup and appears to be drinking from it.",What event order,no,0,"{
  ""correct"": ""no"",
  ""score"": 0
}"
315,000016,What action takes place before reshuffling the cards?,The cards are picked.,"Before reshuffling, the person shakes hands with another individual.",What event order,no,0,"{""correct"": ""no"", ""score"": 0}"
316,000016,"Before the poker game begins, what is the last action performed?",The cards are reshuffled.,"The last action performed is the person holding a white cup, possibly to take a sip or drink.",What event order,no,0,"{
  ""correct"": ""no"",
  ""score"": 0
}"
317,000016,Did the card reshuffling happen before picking the cards?,No,"Yes, the card reshuffling happened before picking the cards.",Order Judging(Y/N),no,0,"{""correct"": ""no"", ""score"": 0}"
318,000016,Was playing cards done after picking the cards?,Yes,Yes.,Order Judging(Y/N),yes,5,"{
  ""correct"": ""yes"",
  ""score"": 5
}"
319,000016,What happened just before playing poker cards?,Reshuffled the cards,"Just before playing poker cards, the person in the colorful shirt was seen holding a white cup and drinking from it.",What event order,no,0,"{
  ""correct"": ""no"",
  ""score"": 0
}"
320,000016,What occurs right before reshuffling the cards?,Picked the cards,"A person in a colorful shirt and blue socks is seen holding a white cup, possibly to drink from it.",What event order,no,0,"{
  ""correct"": ""no"",
  ""score"": 0
}"
321,000016,What action took place just before picking the cards?,Reshuffled the cards,"Just before picking the cards, a person in a pink and white striped shirt was seen holding a cup of coffee.",What event order,no,0,"{""correct"": ""no"", ""score"": 0}"
322,000017,What environment is presented in the video?,A casual indoor space with a card game being played.,"The video is set in a cozy living room with wooden flooring and various items scattered around, creating an intimate atmosphere.",Scene Summary,no,2,"{
  ""correct"": ""no"",
  ""score"": 2
}"
323,000017,What sequence of actions is depicted here?,"Selecting, organizing, and using cards in a game is depicted.","The sequence of actions depicted includes the person playing cards, a drink being consumed, and then the hands interacting with the cards.",Action Caption,no,2,"{
  ""correct"": ""no"",
  ""score"": 2
}"
324,000017,How are the participants utilizing the items?,They are using cards for a recreational activity.,The participants are using the items to engage in a card game.,Action Caption,yes,5,"{
  ""correct"": ""yes"",
  ""score"": 5
}"
325,000017,Is there a competitive game being played in this scene?,Yes.,Yes.,Whether Something Happened(Y/N),yes,5,"{
  ""correct"": ""yes"",
  ""score"": 5
}"
326,000017,Has any card been placed face-up on the carpet?,Yes.,Yes.,Whether Something Happened(Y/N),yes,5,"{""correct"": ""yes"", ""score"": 5}"
327,000017,Are there drinks present on the floor beside the players?,Yes.,Yes.,Whether Something Happened(Y/N),yes,5,"{""correct"": ""yes"", ""score"": 5}"
328,000017,Is there a document visible on the floor?,Yes.,Yes.,Whether Something Happened(Y/N),yes,5,"{
  ""correct"": ""yes"",
  ""score"": 5
}"
329,000017,Are both participants actively selecting cards?,Yes.,"Yes, both participants are actively selecting cards.",Whether Something Happened(Y/N),yes,5,"{
  ""correct"": ""yes"",
  ""score"": 5
}"
330,000017,Is the poker game played before reshuffling the cards?,No,"No, the game is played after reshuffling the cards.",Order Judging(Y/N),yes,5,"{""correct"": ""yes"", ""score"": 5}"
331,000017,What action is performed immediately before reshuffling?,Picking the cards,"Before reshuffling, the person holding a card is shown shaking it.",What event order,no,1,"{""correct"": ""no"", ""score"": 1}"
332,000017,Was the poker card played after the cards were picked?,Yes.,"Yes, the cards were played after the poker card was picked.",Order Judging(Y/N),no,2,"{""correct"": ""no"", ""score"": 2}"
333,000017,What action occurs before playing the card game?,Separating cards.,"Before playing the card game, a person is seen holding a white cup and engaging in conversation.",What event order,no,0,"{
  ""correct"": ""no"",
  ""score"": 0
}"
334,000017,What is done just before reshuffling the cards?,Picking the cards.,"Just before reshuffling the cards, a person is seen holding a card and placing it on the table.",What event order,no,1,"{
  ""correct"": ""no"",
  ""score"": 1
}"
335,000018,What is the main setting of this scene?,The setting is a room where a poker card game is being played.,The main setting of this scene is a cozy living room.,Scene Summary,no,1,"{
  ""correct"": ""no"",
  ""score"": 1
}"
336,000018,How many participants are involved in the card game?,There are two participants in the card game.,Two participants are involved in the card game.,Scene Summary,yes,5,"{
  ""correct"": ""yes"",
  ""score"": 5
}"
337,000018,What objects are primarily visible on the table?,Visible objects include poker cards and scattered items.,"A deck of cards, a glass mug, and some scattered items are primarily visible on the table.",Scene Summary,yes,4,"{
  ""correct"": ""yes"",
  ""score"": 4
}"
338,000018,Describe the sequence of actions with the poker cards.,"The poker cards are picked up, shuffled, then played in turns.","The sequence starts with the person holding a cup of money, then they drink from it and place it back on the table. They pick up another card and start to shuffle the deck.",Action Caption,no,1,"{
  ""correct"": ""no"",
  ""score"": 1
}"
339,000018,Did I carry out a reshuffle of the poker cards?,Yes.,"Yes, the person in the pink shirt reshuffled the poker cards.",Whether Something Happened(Y/N),yes,5,"{
  ""correct"": ""yes"",
  ""score"": 5
}"
340,000018,Was a complete poker game played in this clip?,Yes.,"Yes, a complete poker game was played in this clip.",Whether Something Happened(Y/N),yes,5,"{
  ""correct"": ""yes"",
  ""score"": 5
}"
341,000018,Did the game involve more than two players?,No.,"Yes, the game involved more than two players.",Whether Something Happened(Y/N),no,0,"{""correct"": ""no"", ""score"": 0}"
342,000018,Did I participate in dealing the cards?,Yes.,"Yes, you participated in dealing the cards.",Whether Something Happened(Y/N),yes,5,"{
  ""correct"": ""yes"",
  ""score"": 5
}"
343,000018,"In the video, did the card shuffling happen before playing the game?",Yes.,"Yes, the card shuffling happened before playing the game.",Order Judging(Y/N),yes,5,"{
  ""correct"": ""yes"",
  ""score"": 5
}"
344,000018,Did the playing of poker cards occur before reshuffling the cards?,No.,"Yes, the playing of poker cards occurred before reshuffling.",Order Judging(Y/N),no,0,"{""correct"": ""no"", ""score"": 0}"
345,000018,Did picking the cards happen after playing the card game?,No.,"Yes, the person picked up a card from the table and began to shuffle it.",Order Judging(Y/N),no,0,"{
  ""correct"": ""no"",
  ""score"": 0
}"
346,000018,What happens just before playing the poker card game in the video?,Reshuffling the cards.,"Just before playing the poker card game, a person drinks from a cup and then places their hand on the table.",What event order,no,0,"{
  ""correct"": ""no"",
  ""score"": 0
}"
347,000018,What occurs directly before playing the card game?,Separating the cards.,"Before playing the card game, a person is seen holding money and a glass of water.",What event order,no,0,"{""correct"": ""no"", ""score"": 0}"
348,000018,"In the video, was the poker card played before they were reshuffled?",No,"Yes, the poker card was played before they were reshuffled.",Order Judging(Y/N),no,0,"{""correct"": ""no"", ""score"": 0}"
349,000018,"In the clip, was the poker card reshuffled after card separation?",Yes,"Yes, the card was reshuffled after card separation.",Order Judging(Y/N),yes,5,"{
  ""correct"": ""yes"",
  ""score"": 5
}"
350,000018,What occurs just before playing the poker card in the video?,Reshuffling the cards,"Just before playing the poker card, a person is seen holding money and a glass of water.",What event order,no,0,"{
  ""correct"": ""no"",
  ""score"": 0
}"
351,000018,"In the video, what event precedes playing the card game?",Separating cards,The event that precedes playing the card game is a person holding money and a glass of water.,What event order,no,0,"{
  ""correct"": ""no"",
  ""score"": 0
}"
352,000019,What does this video clip depict in the room scene?,The video shows a card game session in a room.,The video clip depicts a lively and engaging card game session in the room.,Scene Summary,yes,5,"{
  ""correct"": ""yes"",
  ""score"": 5
}"
353,000019,What can you infer about the location in the video?,"It is a casual, home-like space with a seated person.","The location appears to be a casual, indoor setting with wooden flooring and some scattered items on the floor.",Scene Summary,yes,4,"{
  ""correct"": ""yes"",
  ""score"": 4
}"
354,000019,Do these frames show any specific action with the cards?,"Yes, the cards are being reshuffled by the person.","Yes, the frames show a hand of cards being dealt and then folded over.",Action Caption,no,1,"{
  ""correct"": ""no"",
  ""score"": 1
}"
355,000019,Did the scene show a game in progress?,Yes.,"Yes, the scene showed a game in progress as indicated by the cards being dealt and the player's focused demeanor.",Whether Something Happened(Y/N),yes,5,"{
  ""correct"": ""yes"",
  ""score"": 5
}"
356,000019,Was there a card shuffle taking place?,Yes.,"Yes, there was a card shuffle taking place.",Whether Something Happened(Y/N),yes,5,"{
  ""correct"": ""yes"",
  ""score"": 5
}"
357,000019,Did they play the cards on a traditional table?,No.,"No, they played the cards on a floor.",Whether Something Happened(Y/N),yes,5,"{
  ""correct"": ""yes"",
  ""score"": 5
}"
358,000019,Was the person alone in this activity?,No.,"Yes, the person was alone in this activity.",Whether Something Happened(Y/N),no,0,"{""correct"": ""no"", ""score"": 0}"
359,000019,Did the video capture an outdoor event?,No.,No.,Whether Something Happened(Y/N),yes,5,"{
  ""correct"": ""yes"",
  ""score"": 5
}"
360,000019,What action takes place immediately before the carpet is covered?,Sitting down.,"Before the carpet is covered, a hand reaches out and picks up a card from the deck.",What event order,no,0,"{
  ""correct"": ""no"",
  ""score"": 0
}"
361,000019,Is the card game played before reshuffling the cards?,No,"Yes, the card game is played before reshuffling the cards.",Order Judging(Y/N),no,0,"{""correct"": ""no"", ""score"": 0}"
362,000019,Is picking the cards shown before separating them?,Yes,"Yes, the video shows a close-up of one hand holding a card and another hand picking up cards from the table.",Order Judging(Y/N),yes,5,"{
  ""correct"": ""yes"",
  ""score"": 5
}"
363,000019,Does separating cards happen before reshuffling?,Yes,"Yes, before reshuffling, the cards are separated and placed on a table.",Order Judging(Y/N),yes,5,"{
  ""correct"": ""yes"",
  ""score"": 5
}"
364,000019,Is reshuffling the cards shown before playing poker?,Yes,"Yes, the cards are reshuffled before playing poker.",Order Judging(Y/N),yes,5,"{
  ""correct"": ""yes"",
  ""score"": 5
}"
365,000019,Does picking cards occur before playing the card game?,Yes,"Yes, picking cards occurs before playing the card game.",Order Judging(Y/N),yes,5,"{
  ""correct"": ""yes"",
  ""score"": 5
}"
366,000020,What is the current setting in the video clip?,A room where a card game is being played.,The current setting is a cozy living room where two people are engaged in playing cards.,Scene Summary,yes,5,"{
  ""correct"": ""yes"",
  ""score"": 5
}"
367,000020,What objects are central to the scene in the video?,A deck of poker cards.,The central objects in the scene are a deck of cards and a small cup.,Scene Summary,no,3,"{
  ""correct"": ""no"",
  ""score"": 3
}"
368,000020,What is the main focus of the scene?,The act of playing a poker game.,The main focus of the scene is a card game being played.,Scene Summary,yes,4,"{
  ""correct"": ""yes"",
  ""score"": 4
}"
369,000020,Detail the sequence of actions with the cards.,"Cards are being selected, shuffled, and dealt for poker.","The cards are shuffled, and the player places a card into their hand. The other player then reveals one of their cards to the first player.",Action Caption,no,2,"{
  ""correct"": ""no"",
  ""score"": 2
}"
370,000020,Does the scene show a poker game in action?,Yes.,Yes.,Whether Something Happened(Y/N),yes,5,"{
  ""correct"": ""yes"",
  ""score"": 5
}"
371,000020,Does the video include a moment of card shuffling?,Yes.,Yes.,Whether Something Happened(Y/N),yes,5,"{
  ""correct"": ""yes"",
  ""score"": 5
}"
372,000020,Is a card game being organized on a carpet?,Yes.,Yes.,Whether Something Happened(Y/N),yes,5,"{
  ""correct"": ""yes"",
  ""score"": 5
}"
373,000020,Does the clip show someone dealing cards?,Yes.,Yes.,Whether Something Happened(Y/N),yes,5,"{
  ""correct"": ""yes"",
  ""score"": 5
}"
374,000020,Is the lady sitting on the floor while playing cards?,Yes.,Yes.,Whether Something Happened(Y/N),yes,5,"{
  ""correct"": ""yes"",
  ""score"": 5
}"
375,000020,Did the card shuffling happen before playing cards?,Yes,"Yes, the card shuffling happened before playing cards.",Order Judging(Y/N),yes,5,"{
  ""correct"": ""yes"",
  ""score"": 5
}"
376,000020,Was the room entered before the cards were reshuffled?,Yes,"Yes, the room was entered before the cards were reshuffled.",Order Judging(Y/N),yes,5,"{
  ""correct"": ""yes"",
  ""score"": 5
}"
377,000020,Did card shuffling occur before the cards were picked?,No,"Yes, card shuffling occurred before the cards were picked.",Order Judging(Y/N),no,0,"{""correct"": ""no"", ""score"": 0}"
378,000020,What action is performed right before playing cards?,Reshuffling the cards,"A hand is shown holding a card, possibly preparing to deal or shuffle the cards.",What event order,no,1,"{
  ""correct"": ""no"",
  ""score"": 1
}"
379,000020,What happens just before reshuffling the cards?,Picking up the cards,"Just before reshuffling, the person in blue is seen holding a card and looking at it.",What event order,no,1,"{
  ""correct"": ""no"",
  ""score"": 1
}"
380,000020,What is done immediately before picking up cards?,Entering the room,"Before picking up cards, the person places a hand on their lap.",What event order,no,0,"{""correct"": ""no"", ""score"": 0}"
381,000020,What takes place immediately after reshuffling cards?,Playing cards,The game continues with the players exchanging cards and making hand decisions.,What event order,no,2,"{
  ""correct"": ""no"",
  ""score"": 2
}"
382,000020,"In the video, is the poker game started before reshuffling the cards?",No,"No, the poker game is not started before reshuffling the cards.",Order Judging(Y/N),yes,5,"{
  ""correct"": ""yes"",
  ""score"": 5
}"
383,000020,"In the video, is the poker game initiated before the cards are spread out on the floor?",Yes,"No, the poker game is not initiated before the cards are spread out on the floor.",Order Judging(Y/N),no,0,"{
  ""correct"": ""no"",
  ""score"": 0
}"
384,000020,What happens just before the cards are reshuffled in the video?,The cards are picked up,"Just before the cards are reshuffled, a hand is seen holding two cards.",What event order,no,1,"{
  ""correct"": ""no"",
  ""score"": 1
}"
385,000020,What happens immediately before the cards are spread out on the floor?,Poker game is played,A hand reaches out to pick up a card from the spread.,What event order,no,1,"{
  ""correct"": ""no"",
  ""score"": 1
}"
386,000021,What activity is being depicted in this room?,A card game is being played in the room.,"The activity depicted in this room is a card game, specifically playing cards.",Scene Summary,yes,5,"{
  ""correct"": ""yes"",
  ""score"": 5
}"
387,000021,What can you deduce about the space shown?,"It's a lived-in room with a casual, cozy setting.","The space shown is a cozy room with wooden flooring, and there are some plants in the background.",Scene Summary,yes,4,"{
  ""correct"": ""yes"",
  ""score"": 4
}"
388,000021,Where are the players sitting in the scenario?,The players are seated on the floor.,The players are sitting on the floor in a relaxed manner.,Scene Summary,yes,5,"{
  ""correct"": ""yes"",
  ""score"": 5
}"
389,000021,What are the visible objects associated with the activity?,Playing cards and casual footwear are visible.,"Visible objects include a smartphone, money, and playing cards.",Scene Summary,no,2,"{
  ""correct"": ""no"",
  ""score"": 2
}"
390,000021,Does playing poker occur after picking cards?,Yes,"Yes, after picking cards, the players continue to play poker.",Order Judging(Y/N),yes,5,"{
  ""correct"": ""yes"",
  ""score"": 5
}"
391,000021,Are cards picked before reshuffling?,Yes,"Yes, cards are picked before reshuffling.",Order Judging(Y/N),yes,5,"{
  ""correct"": ""yes"",
  ""score"": 5
}"
392,000021,Is the poker card played after reshuffling?,Yes,Yes.,Order Judging(Y/N),yes,5,"{""correct"": ""yes"", ""score"": 5}"
393,000021,What happens just before reshuffling the cards?,Picking the cards,"Just before reshuffling, the person in the blue shirt places a card back on the table.",What event order,no,1,"{
  ""correct"": ""no"",
  ""score"": 1
}"
394,000021,"In the video, is a card picked up before reshuffling the deck?",No,Yes.,Order Judging(Y/N),no,0,"{""correct"": ""no"", ""score"": 0}"
395,000021,"In the video, does playing cards occur before picking any card from the deck?",No,"Yes, before picking any card from the deck, a hand is seen holding cards and preparing to shuffle them.",Order Judging(Y/N),no,0,"{
  ""correct"": ""no"",
  ""score"": 0
}"
396,000021,"In the video, what happens before reshuffling the cards?",Picking up the cards,"Before reshuffling, the cards are arranged in a specific pattern on the table.",What event order,no,1,"{
  ""correct"": ""no"",
  ""score"": 1
}"
397,000021,What takes place just after the cards are picked up?,Reshuffling the cards,"After the cards are picked up, a hand gestures towards one of the cards, indicating an ongoing game.",What event order,no,1,"{
  ""correct"": ""no"",
  ""score"": 1
}"
398,000021,What is done right after reshuffling the deck?,Playing poker cards,"The game continues with the players alternating turns, and the deck is shuffled again.",What event order,no,1,"{
  ""correct"": ""no"",
  ""score"": 1
}"
399,000022,What is the setting of the scene depicted?,The setting is inside a room with two individuals playing poker.,"The setting of the scene is a cozy living room with wooden flooring, where two people are engaged in playing cards.",Scene Summary,yes,4,"{
  ""correct"": ""yes"",
  ""score"": 4
}"
400,000022,What objects are prominent in this scene?,Poker cards and hands are prominent in the scene.,"Prominent objects in the scene include a deck of cards, a small black object that could be a phone or remote control, and a green plant.",Scene Summary,no,1,"{
  ""correct"": ""no"",
  ""score"": 1
}"
401,000022,Is there a card game being played in this video?,Yes.,Yes.,Whether Something Happened(Y/N),yes,5,"{
  ""correct"": ""yes"",
  ""score"": 5
}"
402,000022,Does this video show a person dealing cards?,Yes.,Yes.,Whether Something Happened(Y/N),yes,5,"{
  ""correct"": ""yes"",
  ""score"": 5
}"
403,000022,Are the poker cards being reshuffled in this scene?,Yes.,Yes.,Whether Something Happened(Y/N),yes,5,"{
  ""correct"": ""yes"",
  ""score"": 5
}"
404,000022,Did the card reshuffling occur before playing poker?,Yes.,"Yes, the card reshuffling occurred before playing poker.",Order Judging(Y/N),yes,5,"{
  ""correct"": ""yes"",
  ""score"": 5
}"
405,000022,Do I wear blue sleeves before the lady reads a card?,Yes.,"Yes, she wears blue sleeves before reading a card.",Order Judging(Y/N),yes,5,"{
  ""correct"": ""yes"",
  ""score"": 5
}"
406,000022,Are poker cards spread on the carpet before organizing them into rows?,Yes.,Yes.,Order Judging(Y/N),yes,5,"{
  ""correct"": ""yes"",
  ""score"": 5
}"
407,000022,Is the picking of cards done before reshuffling?,No,Yes.,Order Judging(Y/N),no,0,"{""correct"": ""no"", ""score"": 0}"
408,000022,Is playing poker done after reshuffling cards?,Yes,Yes.,Order Judging(Y/N),yes,5,"{""correct"": ""yes"", ""score"": 5}"
409,000022,Does the reshuffling occur before arranging cards on the floor?,Yes,"Yes, the reshuffling occurs before arranging cards on the floor.",Order Judging(Y/N),yes,5,"{
  ""correct"": ""yes"",
  ""score"": 5
}"
410,000022,What takes place right before picking cards?,Sitting in the room,"A hand gestures towards the cards, indicating a decision or action.",What event order,no,1,"{
  ""correct"": ""no"",
  ""score"": 1
}"
411,000023,What activity is taking place in this clip?,Playing cards with a woman.,"A card game is taking place, with one person playing and another observing.",Scene Summary,no,3,"{
  ""correct"": ""no"",
  ""score"": 3
}"
412,000023,What is the setting of this scene?,Inside a house.,"The setting is a cozy room with wooden flooring, where two people are engaged in playing cards.",Scene Summary,yes,4,"{
  ""correct"": ""yes"",
  ""score"": 4
}"
413,000023,What objects are prominently featured in this clip?,Cards and a carpet.,"A deck of cards, a smartphone, and money are prominently featured.",Scene Summary,no,2,"{
  ""correct"": ""no"",
  ""score"": 2
}"
414,000023,What is the atmosphere in this scene?,Casual indoor leisure.,"The atmosphere is casual and relaxed, with the participants enjoying a game of cards.",Scene Summary,yes,4,"{
  ""correct"": ""yes"",
  ""score"": 4
}"
415,000023,Is there any interaction between the players?,"Yes, they are playing a game together.","Yes, the player on the right is seen pointing at a card and making hand gestures, indicating an active discussion or decision-making process.",Action Caption,yes,4,"{
  ""correct"": ""yes"",
  ""score"": 4
}"
416,000023,Can you describe the table setup for the game?,Cards are spread out haphazardly on the carpet.,"The table is adorned with a white cloth and has various items scattered around, including money bags.",Action Caption,no,0,"{
  ""correct"": ""no"",
  ""score"": 0
}"
417,000023,How are the players seated during the game?,They are sitting cross-legged on the floor.,"The players are seated on a wooden floor, with one player sitting closer to the camera and another slightly behind.",Action Caption,no,2,"{
  ""correct"": ""no"",
  ""score"": 2
}"
418,000023,Did the game just start?,"No, it is in progress as cards are already spread out.",Yes.,Whether Something Happened(Y/N),no,0,"{""correct"": ""no"", ""score"": 0}"
419,000023,Did reshuffling the cards happen before playing the poker cards?,Yes.,"Yes, the cards were reshuffled before playing the poker cards.",Order Judging(Y/N),yes,5,"{
  ""correct"": ""yes"",
  ""score"": 5
}"
420,000023,Did laying out the cards on the floor occur after sitting down?,Yes.,"Yes, the cards were laid out on the floor after sitting down.",Order Judging(Y/N),yes,5,"{
  ""correct"": ""yes"",
  ""score"": 5
}"
421,000023,Did the game of cards start after the cards were laid out?,Yes.,"Yes, the game of cards started after the cards were laid out.",Order Judging(Y/N),yes,5,"{
  ""correct"": ""yes"",
  ""score"": 5
}"
422,000023,Did I play cards before reshuffling them?,No,"Yes, you played cards before reshuffling them.",Order Judging(Y/N),no,0,"{""correct"": ""no"", ""score"": 0}"
423,000023,Was the rug visible before I dealt the cards?,Yes,"Yes, the rug was visible before I dealt the cards.",Order Judging(Y/N),yes,5,"{
  ""correct"": ""yes"",
  ""score"": 5
}"
424,000023,Did I spread cards on the floor before sitting down?,Yes,"Yes, the person sitting down spread cards on the floor before sitting down.",Order Judging(Y/N),yes,5,"{""correct"": ""yes"", ""score"": 5}"
425,000023,Were cards in my hand before reshuffling?,No,"Yes, before reshuffling, there were cards in your hand.",Order Judging(Y/N),no,0,"{""correct"": ""no"", ""score"": 0}"
426,000023,Was I seated before the cards were displayed face-up?,Yes,"Yes, I was seated before the cards were displayed face-up.",Order Judging(Y/N),yes,5,"{
  ""correct"": ""yes"",
  ""score"": 5
}"
427,000023,What happened just before playing cards?,Reshuffled the cards,"Just before playing cards, the person in the pink shirt was seen holding a card and gesturing with their hand.",What event order,no,1,"{
  ""correct"": ""no"",
  ""score"": 1
}"
428,000023,What happened before reshuffling the cards?,Sat in the room,"Before reshuffling, the deck was shuffled.",What event order,no,1,"{""correct"": ""no"", ""score"": 1}"
429,000023,What did I do before spreading cards on the floor?,Reshuffled them,"Before spreading cards on the floor, I was seen holding a card and pointing towards it.",What event order,no,1,"{""correct"": ""no"", ""score"": 1}"
430,000023,What action took place before sitting down?,Entered the room,"Before sitting down, the person was seen holding a card and gesturing with their hand.",What event order,no,0,"{
  ""correct"": ""no"",
  ""score"": 0
}"
431,000024,What activity is being performed in the scene?,Playing cards is the activity.,"A card game is being played, with one person holding a deck of cards and another person pointing at the cards.",Scene Summary,yes,5,"{
  ""correct"": ""yes"",
  ""score"": 5
}"
432,000024,How many individuals are participating in the activity?,Two individuals are participating.,Two individuals are participating in the activity.,Scene Summary,yes,5,"{
  ""correct"": ""yes"",
  ""score"": 5
}"
433,000024,Can you describe the setting of the video clip?,"The setting is indoors, on the floor with a rug.","The video is set in a cozy living room with wooden flooring, where two people are engaged in a card game.",Scene Summary,no,1,"{
  ""correct"": ""no"",
  ""score"": 1
}"
434,000024,What is the gender composition of the participants?,One male and one female are participating.,The participants are a woman and another person.,Scene Summary,no,2,"{
  ""correct"": ""no"",
  ""score"": 2
}"
435,000024,How are the participants positioned in the clip?,They are sitting on the floor.,"The participants are positioned on a wooden floor, with one person sitting and the other standing.",Action Caption,no,2,"{
  ""correct"": ""no"",
  ""score"": 2
}"
436,000024,Describe the interaction between the individuals.,They are engaged in a card game.,"The interaction between the individuals is focused on the game of cards, with one person holding a deck and another pointing at it. The atmosphere appears to be casual and relaxed as they engage in the card game.",Action Caption,yes,5,"{
  ""correct"": ""yes"",
  ""score"": 5
}"
437,000024,Are there any other objects involved in the action?,"Yes, a deck of cards is involved.","Yes, there is a small black object on the floor near the person holding the money.",Action Caption,no,1,"{
  ""correct"": ""no"",
  ""score"": 1
}"
438,000024,Is there a competitive activity occurring in the video?,Yes.,Yes.,Whether Something Happened(Y/N),yes,5,"{""correct"": ""yes"", ""score"": 5}"
439,000024,Is there a visible winner in the card game?,No.,"No, there is no visible winner in the card game.",Whether Something Happened(Y/N),yes,5,"{
  ""correct"": ""yes"",
  ""score"": 5
}"
440,000024,Did I pick up a card before shuffling the deck?,No,"Yes, you picked up a card before shuffling the deck.",Order Judging(Y/N),no,0,"{""correct"": ""no"", ""score"": 0}"
441,000024,Was the woman seen holding cards before I laid mine on the floor?,Yes,"Yes, she was seen holding cards before I laid mine on the floor.",Order Judging(Y/N),yes,5,"{
  ""correct"": ""yes"",
  ""score"": 5
}"
442,000024,Did I deal cards to the woman before sitting down?,No,"Yes, the woman dealt cards to you before sitting down.",Order Judging(Y/N),no,0,"{""correct"": ""no"", ""score"": 0}"
443,000024,Did the woman adjust her glasses before smiling at me?,Yes,"Yes, she adjusted her glasses before smiling at me.",Order Judging(Y/N),yes,5,"{
  ""correct"": ""yes"",
  ""score"": 5
}"
444,000024,Was the woman's sock visible before she crossed her legs?,Yes,"Yes, the woman's sock was visible before she crossed her legs.",Order Judging(Y/N),yes,5,"{
  ""correct"": ""yes"",
  ""score"": 5
}"
445,000024,What did the woman do before looking at her hand of cards?,She crossed her legs,"She placed a small object, possibly a coin or token, on the floor.",What event order,no,0,"{
  ""correct"": ""no"",
  ""score"": 0
}"
446,000024,What occurred before the woman adjusted her glasses?,She held her cards,"Before adjusting her glasses, the woman was seen holding a deck of cards.",What event order,yes,5,"{
  ""correct"": ""yes"",
  ""score"": 5
}"
447,000024,What action took place before I dealt the cards?,I picked up the deck,"Before dealing the cards, a hand of black and red playing cards was shown.",What event order,no,1,"{
  ""correct"": ""no"",
  ""score"": 1
}"
448,000024,"In the video, is the poker game started before reshuffling the cards?",No,"No, the poker game is not started before reshuffling the cards.",Order Judging(Y/N),yes,5,"{
  ""correct"": ""yes"",
  ""score"": 5
}"
449,000024,"In the sequence, does the lady pick up her cards before the cards are laid out on the floor?",Yes,"Yes, the lady picks up her cards before the cards are laid out on the floor.",Order Judging(Y/N),yes,5,"{
  ""correct"": ""yes"",
  ""score"": 5
}"
450,000024,"In the clip, do the cards get scattered on the table before being picked up?",Yes,"Yes, the cards get scattered on the table before being picked up.",Order Judging(Y/N),yes,5,"{
  ""correct"": ""yes"",
  ""score"": 5
}"
451,000024,Does the video show the lady with cards in hand before the cards are shuffled?,No,"Yes, the video shows the lady with cards in hand before the cards are shuffled.",Order Judging(Y/N),no,0,"{""correct"": ""no"", ""score"": 0}"
452,000024,What occurs just before the lady picks up her cards?,Cards are laid out on the floor,"Just before the lady picks up her cards, a hand holding a small object appears.",What event order,no,1,"{""correct"": ""no"", ""score"": 1}"
453,000024,"In the video, what happens before the cards are reshuffled?",A round of poker is played,"Before the cards are reshuffled, a hand holding a small object appears and starts to shuffle the deck of playing cards.",What event order,no,1,"{
  ""correct"": ""no"",
  ""score"": 1
}"
454,000024,What event happens before the cards get scattered on the table?,The lady picks up her cards,"Before the cards get scattered, a person is seen holding a small object and counting money.",What event order,no,0,"{
  ""correct"": ""no"",
  ""score"": 0
}"
455,000024,What do we see happening before the cards are laid out on the floor?,Reshuffling of cards,"Before the cards are laid out on the floor, a person is seen holding a small object in their hand.",What event order,no,1,"{
  ""correct"": ""no"",
  ""score"": 1
}"
456,000024,What action takes place before the poker game starts?,Cards are reshuffled,"Before the poker game starts, a hand of cards is dealt.",What event order,no,1,"{
  ""correct"": ""no"",
  ""score"": 1
}"
457,000025,What is the setting of this video clip?,I played cards with a woman inside a house.,"The setting of this video clip is a cozy room with a wooden floor, where two people are engaged in playing cards.",Scene Summary,yes,4,"{
  ""correct"": ""yes"",
  ""score"": 4
}"
458,000025,How many people are involved in the scene?,Two people are involved in the scene.,Two people are involved in the scene.,Scene Summary,yes,5,"{
  ""correct"": ""yes"",
  ""score"": 5
}"
459,000025,Is there a competitive element visible here?,"Yes, the card game implies a competitive interaction.","Yes, there is a competitive element visible as the players are seen making hand gestures and discussing their moves.",Action Caption,yes,4,"{
  ""correct"": ""yes"",
  ""score"": 4
}"
460,000025,Did the individuals rearrange the furniture for playing?,No.,"Yes, the individuals rearranged the furniture to create a more comfortable playing environment.",Whether Something Happened(Y/N),no,0,"{
  ""correct"": ""no"",
  ""score"": 0
}"
461,000025,Did someone draw a card in the clip?,Yes.,"Yes, someone drew a card from the deck of cards.",Whether Something Happened(Y/N),yes,5,"{
  ""correct"": ""yes"",
  ""score"": 5
}"
462,000025,Did the scene involve any form of digital technology?,No.,No.,Whether Something Happened(Y/N),yes,5,"{
  ""correct"": ""yes"",
  ""score"": 5
}"
463,000025,Did the people appear to be outdoors?,No.,"Yes, the people were seen in an indoor setting with a couch and a plant visible in the background.",Whether Something Happened(Y/N),no,0,"{""correct"": ""no"", ""score"": 0}"
464,000025,"In the video, did the shoe appear before the card deck on the carpet?",Yes,"Yes, the shoe appears before the card deck on the carpet.",Order Judging(Y/N),yes,5,"{
  ""correct"": ""yes"",
  ""score"": 5
}"
465,000025,Was the hand holding cards before the bottle was seen?,Yes,"Yes, the hand holding cards was seen before the bottle was seen.",Order Judging(Y/N),yes,5,"{
  ""correct"": ""yes"",
  ""score"": 5
}"
466,000025,"In the clip, did the playing of cards happen before the plant was visible?",No,"Yes, the playing of cards happened before the plant was visible.",Order Judging(Y/N),no,0,"{""correct"": ""no"", ""score"": 0}"
467,000025,What is shown before the bottle on the left side of the frame?,Cards on the floor,"A small, dark-colored bottle is shown before the bottle on the left side of the frame.",What event order,no,0,"{
  ""correct"": ""no"",
  ""score"": 0
}"
468,000025,What do you see before the plant in the video's background?,A sofa,"Before the plant in the background, there is a wooden floor and part of a couch.",What event order,yes,4,"{
  ""correct"": ""yes"",
  ""score"": 4
}"
469,000025,Was the rug straightened before I sat down to play?,No.,"Yes, the rug was straightened before I sat down to play.",Order Judging(Y/N),no,0,"{
  ""correct"": ""no"",
  ""score"": 0
}"
470,000025,Did I touch my foot before picking more cards from the pile?,No.,"Yes, you touched your foot before picking more cards from the pile.",Order Judging(Y/N),no,0,"{""correct"": ""no"", ""score"": 0}"
471,000025,Were the cards spread out on the rug before the game started?,No.,"Yes, the cards were spread out on the rug before the game started.",Order Judging(Y/N),no,0,"{""correct"": ""no"", ""score"": 0}"
472,000025,Did I pick a card from my hand before the woman looked at hers?,Yes.,"Yes, the woman picked a card from her hand before looking at hers.",Order Judging(Y/N),no,2,"{""correct"": ""no"", ""score"": 2}"
473,000025,What occurs just before I look at my cards?,I pick them up.,"Just before I look at my cards, the person in the video is seen holding a small object and appears to be explaining something.",What event order,no,1,"{
  ""correct"": ""no"",
  ""score"": 1
}"
474,000025,What action takes place before the game begins?,Sitting down on the rug.,"Before the game begins, a hand of cards is dealt to each player.",What event order,no,0,"{
  ""correct"": ""no"",
  ""score"": 0
}"
475,000025,What happens before more cards are picked from the pile?,Playing a round of cards.,"Before more cards are picked from the pile, a hand of cards is shown being dealt.",What event order,no,2,"{""correct"": ""no"", ""score"": 2}"
476,000026,What activity takes place in this scene?,Playing cards in the house.,"A card game is played, with the participants discussing and making decisions.",Scene Summary,yes,5,"{
  ""correct"": ""yes"",
  ""score"": 5
}"
477,000026,Where are the individuals in this scene?,Inside a house.,The individuals are seated on a wooden floor in the living room.,Scene Summary,yes,4,"{
  ""correct"": ""yes"",
  ""score"": 4
}"
478,000026,What objects are central in this scenario?,Cards on the floor.,"A deck of cards, a smartphone, and money.",Scene Summary,no,2,"{""correct"": ""no"", ""score"": 2}"
479,000026,How is the room in the clip furnished?,There's a bookshelf and a couch.,"The room is furnished with a gray couch, a wooden floor, and various items scattered around.",Scene Summary,no,2,"{
  ""correct"": ""no"",
  ""score"": 2
}"
480,000026,What action is the person opposite performing?,Holding and presumably playing cards.,The person opposite is performing a card trick.,Action Caption,no,2,"{
  ""correct"": ""no"",
  ""score"": 2
}"
481,000026,What seems to be the immediate action captured in the frame?,Dealing or picking up cards.,"The immediate action captured in the frame is a person holding and examining a small object, possibly money or cash.",Action Caption,no,1,"{
  ""correct"": ""no"",
  ""score"": 1
}"
482,000026,What can be said about the card game's progression?,It looks mid-game with several cards played.,"The card game progresses with the person in the pink and blue striped shirt playing cards, while the other player is focused on their phone.",Action Caption,no,1,"{
  ""correct"": ""no"",
  ""score"": 1
}"
483,000026,Is there a card game occurring?,Yes.,Yes.,Whether Something Happened(Y/N),yes,5,"{
  ""correct"": ""yes"",
  ""score"": 5
}"
484,000026,Is there more than one participant in the game?,Yes.,Yes.,Whether Something Happened(Y/N),yes,5,"{
  ""correct"": ""yes"",
  ""score"": 5
}"
485,000026,Have any cards been laid out on the floor?,Yes.,"Yes, a few cards have been laid out on the floor.",Whether Something Happened(Y/N),yes,5,"{
  ""correct"": ""yes"",
  ""score"": 5
}"
486,000026,Is the activity taking place indoors?,Yes.,Yes.,Whether Something Happened(Y/N),yes,5,"{
  ""correct"": ""yes"",
  ""score"": 5
}"
487,000026,Does it appear to be a formal card-playing setting?,No.,Yes.,Whether Something Happened(Y/N),no,0,"{""correct"": ""no"", ""score"": 0}"
488,000026,Was the rug visible before I started playing cards?,Yes.,"Yes, the rug was visible before I started playing cards.",Order Judging(Y/N),yes,5,"{
  ""correct"": ""yes"",
  ""score"": 5
}"
489,000026,Did the plant appear in the frame before the game began?,Yes.,"Yes, the plant appeared in the frame before the game began.",Order Judging(Y/N),yes,5,"{
  ""correct"": ""yes"",
  ""score"": 5
}"
490,000026,What happens before I sit on the floor?,The setting of the room is displayed.,"Before sitting on the floor, a person is seen holding a smartphone.",What event order,no,0,"{
  ""correct"": ""no"",
  ""score"": 0
}"
491,000026,"In the video, does the arrangement of cards on the floor change before a new card is drawn?",No,"Yes, the arrangement of cards on the floor changes before a new card is drawn.",Order Judging(Y/N),no,0,"{""correct"": ""no"", ""score"": 0}"
492,000026,"In the video, is the heart card shown before a player picks more cards?",Yes,Yes.,Order Judging(Y/N),yes,5,"{""correct"": ""yes"", ""score"": 5}"
493,000026,Does the woman put down a card before all cards are laid out?,Yes,Yes.,Order Judging(Y/N),yes,5,"{""correct"": ""yes"", ""score"": 5}"
494,000026,What occurs just before a new card is drawn from the deck?,Players examine their cards,"Just before a new card is drawn, the person in the pink shirt places their hand on their knee and adjusts their shoe.",What event order,no,0,"{
  ""correct"": ""no"",
  ""score"": 0
}"
495,000026,"In the video sequence, what do we see happening before the cards are spread out?",A card is being placed down,"Before the cards are spread out, we see a person holding a smartphone and another person pointing at something on the floor.",What event order,no,0,"{
  ""correct"": ""no"",
  ""score"": 0
}"
496,000026,What takes place right before more cards are picked from the deck?,The woman sorts her cards,"A card is picked up from the deck, and a hand gestures towards it.",What event order,no,1,"{
  ""correct"": ""no"",
  ""score"": 1
}"
497,000027,What environment surrounds the individual in the video?,An apartment setting.,The individual is surrounded by a wooden floor and a chair with a cushioned seat.,Scene Summary,no,1,"{
  ""correct"": ""no"",
  ""score"": 1
}"
498,000027,What activity is taking place in this particular setting?,Writing in a book with a pen.,The activity taking place is studying or working on a workbook.,Scene Summary,no,2,"{
  ""correct"": ""no"",
  ""score"": 2
}"
499,000027,Was the person depicted cooking in the kitchen?,No.,"No, the person was not cooking in the kitchen; they were engaged in studying.",Whether Something Happened(Y/N),yes,5,"{
  ""correct"": ""yes"",
  ""score"": 5
}"
500,000027,Did any outdoor activity occur in this video?,No.,"No, there were no outdoor activities observed in this video.",Whether Something Happened(Y/N),yes,5,"{
  ""correct"": ""yes"",
  ""score"": 5
}"
501,000027,Was the individual standing while performing the task?,No.,"Yes, the individual was standing while performing the task.",Whether Something Happened(Y/N),no,0,"{""correct"": ""no"", ""score"": 0}"
502,000027,Is there any verbal communication happening in this scene?,No.,"No, there is no verbal communication happening in this scene.",Whether Something Happened(Y/N),yes,5,"{
  ""correct"": ""yes"",
  ""score"": 5
}"
503,000027,Does the video show someone reading a book?,No.,Yes.,Whether Something Happened(Y/N),no,0,"{""correct"": ""no"", ""score"": 0}"
504,000028,What location is shown in the video?,A room with a table.,The video shows a wooden desk with two open notebooks.,Scene Summary,no,1,"{
  ""correct"": ""no"",
  ""score"": 1
}"
505,000028,What activity is being done in the clip?,Writing in a notebook.,The activity being done in the clip is studying or working on a document.,Scene Summary,no,2,"{
  ""correct"": ""no"",
  ""score"": 2
}"
506,000028,What object is being used to write?,A pen.,A spiral-bound notebook.,Scene Summary,no,0,"{
  ""correct"": ""no"",
  ""score"": 0
}"
507,000028,What item is on the table besides the notebook?,Opened books.,A blue pen is on the table besides the notebook.,Scene Summary,no,0,"{
  ""correct"": ""no"",
  ""score"": 0
}"
508,000028,Is the notebook on a flat surface?,"Yes, on a table.",Yes.,Scene Summary,yes,4,"{
  ""correct"": ""yes"",
  ""score"": 4
}"
509,000028,What color is the pen being used?,Blue.,The pen being used is blue.,Action Caption,yes,5,"{
  ""correct"": ""yes"",
  ""score"": 5
}"
510,000028,Is the person using both hands to write?,"Yes, one to hold and one to write.",Yes.,Action Caption,yes,4,"{
  ""correct"": ""yes"",
  ""score"": 4
}"
511,000028,Has the pen made contact with the paper?,Yes.,Yes.,Whether Something Happened(Y/N),yes,5,"{
  ""correct"": ""yes"",
  ""score"": 5
}"
512,000028,Is there a book on the table?,Yes.,Yes.,Whether Something Happened(Y/N),yes,5,"{
  ""correct"": ""yes"",
  ""score"": 5
}"
513,000028,"In the video, do I flip the book page before writing on it?",No,"Yes, I flip the book page before writing on it.",Order Judging(Y/N),no,0,"{""correct"": ""no"", ""score"": 0}"
514,000028,"In the video, do I write with a pen after sitting at the table?",Yes,"Yes, you write with a pen after sitting at the table.",Order Judging(Y/N),yes,5,"{
  ""correct"": ""yes"",
  ""score"": 5
}"
515,000028,Does the writing occur before closing the notebook?,Yes,"No, the writing continues as the person continues to write in the notebook.",Order Judging(Y/N),no,0,"{
  ""correct"": ""no"",
  ""score"": 0
}"
516,000028,Do I start writing before opening the book?,No,"No, you start writing after opening the book.",Order Judging(Y/N),yes,5,"{
  ""correct"": ""yes"",
  ""score"": 5
}"
517,000028,"Before closing the notebook, what event occurs in the video?",Writing on it,"The video concludes with the person closing the notebook, indicating a moment of completion or reflection.",What event order,no,0,"{
  ""correct"": ""no"",
  ""score"": 0
}"
518,000028,What is done prior to sitting at the table in the video?,Entering the room,"Prior to sitting at the table, a person is seen writing on a notebook.",What event order,no,0,"{
  ""correct"": ""no"",
  ""score"": 0
}"
519,000029,What is the setting of the scene in the video clip?,In an apartment.,The setting of the scene is a study area with two open notebooks on top of a wooden surface.,Scene Summary,no,1,"{
  ""correct"": ""no"",
  ""score"": 1
}"
520,000029,Who is present in this clip?,A woman writing and another woman interacting with her.,A person is present in this clip.,Scene Summary,no,1,"{
  ""correct"": ""no"",
  ""score"": 1
}"
521,000029,What objects are noticeable in the video?,A book and a pen.,"A spiral notebook, a blue pen, and other books or notebooks are noticeable in the video.",Scene Summary,no,2,"{""correct"": ""no"", ""score"": 2}"
522,000029,What activities are being performed?,Writing in a book and interacting.,The activities being performed are studying and taking notes.,Scene Summary,no,2,"{""correct"": ""no"", ""score"": 2}"
523,000029,How can we describe the movement in the clip?,Gentle and focused on writing.,The movement is a continuous flow of the person's hands as they write in the notebook.,Action Caption,yes,4,"{
  ""correct"": ""yes"",
  ""score"": 4
}"
524,000029,Does the individual write with her right hand?,Yes.,Yes.,Whether Something Happened(Y/N),yes,5,"{
  ""correct"": ""yes"",
  ""score"": 5
}"
525,000029,Is there another person besides the one writing?,Yes.,"Yes, another person is partially visible in the background.",Whether Something Happened(Y/N),yes,5,"{
  ""correct"": ""yes"",
  ""score"": 5
}"
526,000029,Is the setting a public place?,No.,No.,Whether Something Happened(Y/N),yes,5,"{
  ""correct"": ""yes"",
  ""score"": 5
}"
527,000029,Do we see any electronic devices being used?,No.,"No, we do not see any electronic devices being used.",Whether Something Happened(Y/N),yes,5,"{
  ""correct"": ""yes"",
  ""score"": 5
}"
528,000029,What happens before picking up the pen in the video?,Sitting at the table,"Before picking up the pen, the person is seen holding a blue notebook and writing on it.",What event order,no,1,"{
  ""correct"": ""no"",
  ""score"": 1
}"
529,000029,"In the video, does the interaction with woman A happen before writing in the notebook?",No,"No, the interaction with woman A does not happen before writing in the notebook. The video shows a person interacting with another individual and then starts to write in a notebook.",Order Judging(Y/N),yes,5,"{
  ""correct"": ""yes"",
  ""score"": 5
}"
530,000029,Is the book opened before picking up the pen?,Yes,Yes.,Order Judging(Y/N),yes,5,"{
  ""correct"": ""yes"",
  ""score"": 5
}"
531,000030,What is the main activity depicted in the video clip?,Writing in a book with a pen.,The main activity depicted in the video clip is a person writing on a notebook.,Scene Summary,yes,5,"{
  ""correct"": ""yes"",
  ""score"": 5
}"
532,000030,Where is the individual situated in the video clip?,In a room.,The individual is seated at a wooden desk.,Scene Summary,no,1,"{
  ""correct"": ""no"",
  ""score"": 1
}"
533,000030,What object is being utilized in the video clip?,A pen.,A blue pen is being utilized in the video clip.,Scene Summary,yes,5,"{
  ""correct"": ""yes"",
  ""score"": 5
}"
534,000030,Does the video show someone studying?,Yes.,Yes,Whether Something Happened(Y/N),yes,5,"{
  ""correct"": ""yes"",
  ""score"": 5
}"
535,000030,Is the person in the video writing with their left hand?,No.,Yes.,Whether Something Happened(Y/N),no,0,"{""correct"": ""no"", ""score"": 0}"
536,000030,Does the video show a person writing on multiple pages?,Yes.,"Yes, the video shows a person writing on multiple pages.",Whether Something Happened(Y/N),yes,5,"{
  ""correct"": ""yes"",
  ""score"": 5
}"
537,000030,Is pen picked up before writing on the book as shown in the clip?,Yes,Yes.,Order Judging(Y/N),yes,5,"{""correct"": ""yes"", ""score"": 5}"
538,000030,Does writing in the book happen after entering the apartment?,Yes,"Yes, writing in the book happens after entering the apartment.",Order Judging(Y/N),yes,5,"{
  ""correct"": ""yes"",
  ""score"": 5
}"
539,000030,Is the person at the table before writing in the notebook?,Yes,Yes.,Order Judging(Y/N),yes,5,"{""correct"": ""yes"", ""score"": 5}"
540,000030,Does the person use a pen after sitting at the table?,Yes,Yes.,Order Judging(Y/N),yes,5,"{""correct"": ""yes"", ""score"": 5}"
541,000030,Is the person in the apartment before using the pen?,Yes,No.,Order Judging(Y/N),no,0,"{""correct"": ""no"", ""score"": 0}"
542,000030,What happens just before writing in the notebook in the video?,Sitting at the table,"Just before writing in the notebook, a hand appears and starts to write.",What event order,no,1,"{
  ""correct"": ""no"",
  ""score"": 1
}"
543,000030,"In the video sequence, what do we see occurring before sitting at the table?",Being in a room,"Before sitting at the table, we see a person holding a blue pen and writing on a notebook.",What event order,no,0,"{
  ""correct"": ""no"",
  ""score"": 0
}"
544,000031,What location is shown in the video clip?,An indoor location.,The video clip shows a wooden desk with two open notebooks and a colorful book titled 'BROOKS'.,Scene Summary,no,1,"{
  ""correct"": ""no"",
  ""score"": 1
}"
545,000031,What activity is depicted in this scene?,Writing in a book.,"The scene depicts a person engaged in studying or working on an open book, with the word 'BROOKS' visible on one of the pages.",Scene Summary,no,2,"{
  ""correct"": ""no"",
  ""score"": 2
}"
546,000031,Can you caption the person's activity in this clip?,Writing diligently in a notebook.,'Catching up on notes and studying for exams.',Action Caption,no,2,"{
  ""correct"": ""no"",
  ""score"": 2
}"
547,000031,Is there a pen being used for writing in the video?,Yes.,Yes.,Whether Something Happened(Y/N),yes,5,"{
  ""correct"": ""yes"",
  ""score"": 5
}"
548,000031,Does the clip show a person wearing a watch?,Yes.,Yes.,Whether Something Happened(Y/N),yes,5,"{""correct"": ""yes"", ""score"": 5}"
549,000031,Does the video include any dialogue or conversation?,"No, it only depicts writing activity.","No, the video does not include any dialogue or conversation.",Whether Something Happened(Y/N),yes,5,"{
  ""correct"": ""yes"",
  ""score"": 5
}"
550,000031,"In the video, does opening the book happen before writing with a pen?",Yes,"Yes, opening the book happens before writing with a pen.",Order Judging(Y/N),yes,5,"{
  ""correct"": ""yes"",
  ""score"": 5
}"
551,000031,Is the pen picked up after turning the page as shown in the clip?,No,Yes,Order Judging(Y/N),no,0,"{""correct"": ""no"", ""score"": 0}"
552,000031,What occurs just before starting to write in the book?,Opening the book,"Just before starting to write in the book, the person picks up a pencil and begins writing.",What event order,no,1,"{
  ""correct"": ""no"",
  ""score"": 1
}"
553,000031,Is the writing in the book shown after being indoor in the clip?,Yes,Yes.,Order Judging(Y/N),yes,5,"{""correct"": ""yes"", ""score"": 5}"
554,000032,Which room is the person located in while writing?,The person is in a room.,The person is located in the study room.,Scene Summary,no,2,"{""correct"": ""no"", ""score"": 2}"
555,000032,Is the person using any tools for writing?,"Yes, the person is using a pen.","Yes, the person is using a blue pen to write in the notebook.",Scene Summary,yes,5,"{
  ""correct"": ""yes"",
  ""score"": 5
}"
556,000032,Can you describe the setting of the action in the clip?,The action occurs in a room at a desk.,The setting is a study or work area with several books and papers scattered on the table.,Action Caption,yes,4,"{
  ""correct"": ""yes"",
  ""score"": 4
}"
557,000032,What is the writing tool visible in the frame?,A pen is visible in the frame.,The writing tool visible in the frame is a blue pen.,Action Caption,yes,5,"{
  ""correct"": ""yes"",
  ""score"": 5
}"
558,000032,Is the person sitting at a desk in the video?,Yes.,Yes.,Whether Something Happened(Y/N),yes,5,"{
  ""correct"": ""yes"",
  ""score"": 5
}"
559,000032,Does the person sit down after opening the book?,Yes,Yes,Order Judging(Y/N),yes,5,"{
  ""correct"": ""yes"",
  ""score"": 5
}"
560,000032,Is the book closed before the person starts writing?,No,Yes.,Order Judging(Y/N),no,0,"{""correct"": ""no"", ""score"": 0}"
561,000032,What action is taken before the person caps the pen?,The person finishes writing.,"Before the person caps the pen, they make a final check of their work.",What event order,no,1,"{
  ""correct"": ""no"",
  ""score"": 1
}"
562,000032,Is the pen placed in the book before writing?,No,Yes.,Order Judging(Y/N),no,0,"{""correct"": ""no"", ""score"": 0}"
563,000032,Does the book close before the pen is picked up?,No,"Yes, the book closes before the pen is picked up.",Order Judging(Y/N),no,0,"{""correct"": ""no"", ""score"": 0}"
564,000032,Is the cap of the pen removed after starting to write?,No,Yes.,Order Judging(Y/N),no,0,"{""correct"": ""no"", ""score"": 0}"
565,000032,Does the hand turn the page before picking up the pen?,No,Yes,Order Judging(Y/N),no,0,"{""correct"": ""no"", ""score"": 0}"
566,000032,Is the pen visible in the scene before writing begins?,Yes,"Yes, the pen is visible in the scene before writing begins.",Order Judging(Y/N),yes,5,"{
  ""correct"": ""yes"",
  ""score"": 5
}"
567,000032,What do we see happening before the hand appears in the frame?,The book is open,"Before the hand appears, we see a book titled 'BROOKS & HOVE' with an open page that has some text on it.",What event order,yes,5,"{
  ""correct"": ""yes"",
  ""score"": 5
}"
568,000032,What happens just before the pen touches the paper?,The hand moves towards the paper,"Just before the pen touches the paper, it is shown that the person has completed their work and is about to leave.",What event order,no,0,"{
""correct"": ""no"",
""score"": 0
}"
569,000032,"In the video sequence, what action is performed before turning the page?",Writing on the current page,"Before turning the page, the person points to a specific section of the notebook.",What event order,no,1,"{""correct"": ""no"", ""score"": 1}"
570,000032,"In the video, what is done just before the hand finished writing?",Moving the pen across the paper,"Just before the hand finished writing, a book titled 'BROOKS & HALL' is opened.",What event order,no,0,"{
  ""correct"": ""no"",
  ""score"": 0
}"
571,000033,What does the brief of the depicted scenario show?,The scenario shows a person writing in a book in an apartment.,"The brief of the depicted scenario shows a person sitting at a table, writing in a notebook.",Scene Summary,yes,4,"{
  ""correct"": ""yes"",
  ""score"": 4
}"
572,000033,What is the setting of this video clip?,"The setting is indoors, in a well-lit apartment.",The setting of the video clip is a study or work area.,Scene Summary,no,1,"{
  ""correct"": ""no"",
  ""score"": 1
}"
573,000033,Does the video capture the person stopping their writing at any point?,No.,"Yes, the video captures the person stopping their writing at one point.",Whether Something Happened(Y/N),no,0,"{
  ""correct"": ""no"",
  ""score"": 0
}"
574,000033,Is the individual in the video using their left hand to write?,"No, they are using their right hand.",Yes.,Whether Something Happened(Y/N),no,0,"{""correct"": ""no"", ""score"": 0}"
575,000033,Is there another person present in the scene assisting the writer?,"No, the person is writing alone.","Yes, another person is partially visible in the background.",Whether Something Happened(Y/N),no,0,"{
  ""correct"": ""no"",
  ""score"": 0
}"
576,000033,"In the video, do I write in the book before holding the pen?",No,"Yes, you write in the book before holding the pen.",Order Judging(Y/N),no,0,"{""correct"": ""no"", ""score"": 0}"
577,000033,Is the pen in my right hand before I start writing in the book?,Yes,Yes.,Order Judging(Y/N),yes,5,"{""correct"": ""yes"", ""score"": 5}"
578,000033,"In the sequence, do I open the book before writing on it?",Yes,"Yes, the book is opened before writing on it.",Order Judging(Y/N),yes,5,"{""correct"": ""yes"", ""score"": 5}"
579,000033,"In the clip, do I wear a green shirt before writing in the book?",Yes,"Yes, you wear a green shirt before writing in the book.",Order Judging(Y/N),yes,5,"{
  ""correct"": ""yes"",
  ""score"": 5
}"
580,000033,What occurs just before holding the pen in my right hand?,I am wearing a green shirt,"Just before holding the pen in your right hand, you are about to write something on a piece of paper.",What event order,no,0,"{""correct"": ""no"", ""score"": 0}"
581,000033,Is the book opened before the pen is held in the right hand?,Yes,Yes.,Order Judging(Y/N),yes,5,"{
  ""correct"": ""yes"",
  ""score"": 5
}"
582,000033,Is the hand placed on the book after the pen is picked up?,Yes,Yes.,Order Judging(Y/N),yes,5,"{""correct"": ""yes"", ""score"": 5}"
583,000033,What happens just before the pen starts writing?,The pen is held in the right hand,"Just before the pen starts writing, the word 'BROOK' appears on the page.",What event order,no,0,"{
  ""correct"": ""no"",
  ""score"": 0
}"
584,000033,What is visible before the wrist with a bracelet appears?,The hand holding the pen,A notebook with a blue cover is visible before the wrist.,What event order,no,1,"{
  ""correct"": ""no"",
  ""score"": 1
}"
585,000033,What do we see happening before the hand touches the book?,The book and pen are visible,We see a wooden table with several books and papers scattered on it.,What event order,no,1,"{
  ""correct"": ""no"",
  ""score"": 1
}"
586,000033,What takes place before the pen is seen in the video?,The apartment and the book are seen,"Before the pen is seen, a book titled 'BROOKS' with an image of a person on its cover takes place.",What event order,no,2,"{
  ""correct"": ""no"",
  ""score"": 2
}"
587,000034,What is the setting of the video?,In an apartment.,The setting of the video is a study or work environment.,Scene Summary,no,1,"{
  ""correct"": ""no"",
  ""score"": 1
}"
588,000034,What activity does the video show?,Writing in a book.,The video shows a person engaged in writing or drawing on a notebook.,Scene Summary,yes,4,"{
  ""correct"": ""yes"",
  ""score"": 4
}"
589,000034,Which hand is used for writing in the video?,The right hand.,The right hand is used for writing in the video.,Scene Summary,yes,5,"{
  ""correct"": ""yes"",
  ""score"": 5
}"
590,000034,What type of pen is being used?,A ballpoint pen.,A blue pen is being used.,Scene Summary,no,1,"{
  ""correct"": ""no"",
  ""score"": 1
}"
591,000034,What object is being used in the action?,A pen.,A blue pen is being used in the action.,Action Caption,yes,5,"{
  ""correct"": ""yes"",
  ""score"": 5
}"
592,000034,Is the writing action fluent or hesitant?,Fluent.,The writing action is fluent.,Action Caption,yes,5,"{
  ""correct"": ""yes"",
  ""score"": 5
}"
593,000034,Which direction is the pen moving?,Left to right.,The pen is moving from the right side of the frame towards the left.,Action Caption,no,0,"{""correct"": ""no"", ""score"": 0}"
594,000034,Is the person sitting on a cushion?,Yes.,Yes.,Whether Something Happened(Y/N),yes,5,"{
  ""correct"": ""yes"",
  ""score"": 5
}"
595,000034,Does the video show page-turning?,No.,"Yes, the video shows page-turning as the person continues to write on the notebook.",Whether Something Happened(Y/N),no,0,"{
  ""correct"": ""no"",
  ""score"": 0
}"
596,000034,Is the person wearing any wrist accessories?,Yes.,Yes.,Whether Something Happened(Y/N),yes,5,"{
  ""correct"": ""yes"",
  ""score"": 5
}"
597,000034,Did the writing happen in a different location than the apartment?,No,"No, the writing happened in a different location than the apartment.",Order Judging(Y/N),no,0,"{""correct"": ""no"", ""score"": 0}"
598,000034,Did the use of right hand occur before writing in the book?,No,"Yes, the use of right hand occurred before writing in the book.",Order Judging(Y/N),no,0,"{""correct"": ""no"", ""score"": 0}"
599,000034,Was there a pen used after the book was opened?,Yes,"Yes, a blue pen was used after the book was opened.",Order Judging(Y/N),yes,5,"{""correct"": ""yes"", ""score"": 5}"
600,000034,Did any writing in the book occur without the use of a pen?,No,"Yes, the writing in the book occurred without the use of a pen.",Order Judging(Y/N),no,0,"{""correct"": ""no"", ""score"": 0}"
601,000034,Was the book closed before writing commenced?,Yes,"Yes, the book was closed before writing commenced.",Order Judging(Y/N),yes,5,"{
  ""correct"": ""yes"",
  ""score"": 5
}"
602,000034,What happened before the writing started?,The book was opened,"Before the writing started, a person was seen sitting at a desk with two open notebooks in front of them.",What event order,no,1,"{
  ""correct"": ""no"",
  ""score"": 1
}"
603,000034,Does the writing in the book occur before changing the page?,Yes,"Yes, the writing in the book occurs before changing the page.",Order Judging(Y/N),yes,5,"{
  ""correct"": ""yes"",
  ""score"": 5
}"
604,000034,Does the page turn happen before writing with the pen?,No,"No, the page turns before writing with the pen.",Order Judging(Y/N),no,1,"{
  ""correct"": ""no"",
  ""score"": 1
}"
605,000034,What occurs just before changing to a new page in the video?,I finish writing,"Just before changing to a new page, the person is seen writing on another notebook.",What event order,yes,5,"{
  ""correct"": ""yes"",
  ""score"": 5
}"
606,000034,What do I do before sitting down to write in the video?,I enter the room,"Before sitting down to write, I make sure the notebook is open and ready for use.",What event order,no,0,"{
  ""correct"": ""no"",
  ""score"": 0
}"
607,000035,What is the setting of the scene in the video clip?,The setting is inside a room.,The setting of the scene is a wooden desk.,Scene Summary,no,1,"{
  ""correct"": ""no"",
  ""score"": 1
}"
608,000035,What objects are present in the video clip?,A book and a pen are present.,"The objects present in the video clip are a notebook, a pen, and a pencil.",Scene Summary,no,2,"{""correct"": ""no"", ""score"": 2}"
609,000035,Can you describe the action the person is performing?,The person is flipping through pages and writing.,"The person is actively engaged in writing or marking on a notebook, with their hands moving swiftly across the pages.",Action Caption,no,3,"{
  ""correct"": ""no"",
  ""score"": 3
}"
610,000035,Does the video show the person closing the book?,No.,"No, the video does not show the person closing the book; it only shows them actively engaging with the book.",Whether Something Happened(Y/N),yes,5,"{
  ""correct"": ""yes"",
  ""score"": 5
}"
611,000035,Is the person using a pencil to write?,No.,Yes.,Whether Something Happened(Y/N),no,0,"{""correct"": ""no"", ""score"": 0}"
612,000035,Does the video capture the person turning off the light?,No.,"Yes, the video captures the person turning off the light.",Whether Something Happened(Y/N),no,0,"{""correct"": ""no"", ""score"": 0}"
613,000035,Does the video show the person taking notes from another text?,No.,"Yes, the video shows the person taking notes from another text.",Whether Something Happened(Y/N),no,0,"{
  ""correct"": ""no"",
  ""score"": 0
}"
614,000035,"In the video, is the book closed before writing begins?",Yes,"No, the book is open before writing begins.",Order Judging(Y/N),no,0,"{""correct"": ""no"", ""score"": 0}"
615,000035,Does turning the page happen after writing with the pen?,Yes,"Yes, turning the page happens after writing with the pen.",Order Judging(Y/N),yes,5,"{
  ""correct"": ""yes"",
  ""score"": 5
}"
616,000035,"In the video, is the pen picked up before the book is opened?",No,Yes.,Order Judging(Y/N),no,0,"{""correct"": ""no"", ""score"": 0}"
617,000035,Does the writing occur before sitting down in the chair?,No,"No, the writing occurs after sitting down in the chair.",Order Judging(Y/N),yes,5,"{
  ""correct"": ""yes"",
  ""score"": 5
}"
618,000035,"In the video sequence, what occurs before the person starts writing?",The book is opened,"Before the person starts writing, they are seen holding a blue pen and working on an open book.",What event order,yes,4,"{
  ""correct"": ""yes"",
  ""score"": 4
}"
619,000035,What action takes place before the book is closed?,The person stops writing,"Before the book is closed, a blue pen is used to mark or underline certain sections of the page.",What event order,no,1,"{
  ""correct"": ""no"",
  ""score"": 1
}"
620,000035,"In the video, is the book closed after the writing is done?",Yes,Yes.,Order Judging(Y/N),yes,5,"{
  ""correct"": ""yes"",
  ""score"": 5
}"
621,000035,"In the video, is there writing on the book's cover before the person writes inside?",Yes,"Yes, there is writing on the book's cover before the person writes inside.",Order Judging(Y/N),yes,5,"{
  ""correct"": ""yes"",
  ""score"": 5
}"
622,000035,What is done before the pen cap is removed?,The person prepares to write,"Before the pen cap is removed, the person points to a specific area on the page with their index finger.",What event order,no,1,"{
""correct"": ""no"",
""score"": 1
}"
623,000036,What activity is displayed in the provided image?,Writing in a book.,The image displays a person engaged in studying or working on an open book.,Scene Summary,no,2,"{
  ""correct"": ""no"",
  ""score"": 2
}"
624,000036,Describe the setting where the depicted activity takes place.,In a room.,"The setting is a study area with two open notebooks, one on the left and one on the right.",Scene Summary,no,1,"{
  ""correct"": ""no"",
  ""score"": 1
}"
625,000036,What object is being used in conjunction with the book?,A pen.,A blue pen is being used in conjunction with the book.,Scene Summary,yes,5,"{
  ""correct"": ""yes"",
  ""score"": 5
}"
626,000036,How is the person holding the pen in the frame?,With their right hand.,The person is holding the pen in their right hand.,Action Caption,yes,5,"{
  ""correct"": ""yes"",
  ""score"": 5
}"
627,000036,What part of the room is visible in the clip?,"Only the table area, specifics of the room are not visible.","The room is visible in the clip, with a wooden floor and a wall-mounted lamp.",Action Caption,no,1,"{
  ""correct"": ""no"",
  ""score"": 1
}"
628,000036,Is the person writing with their left hand?,No.,Yes.,Whether Something Happened(Y/N),no,0,"{""correct"": ""no"", ""score"": 0}"
629,000036,Is the person writing on the last page of the book?,"No, there are more pages visible.",Yes.,Whether Something Happened(Y/N),no,0,"{""correct"": ""no"", ""score"": 0}"
630,000036,Can we assume the writer is in a public space?,"No, it appears to be a private space.","Yes, the presence of a chair and other objects in the background suggests that the writer might be in a public space.",Whether Something Happened(Y/N),no,0,"{
  ""correct"": ""no"",
  ""score"": 0
}"
631,000036,"In the video, does turning the page happen before writing begins?",No,"No, turning the page happens after writing begins.",Order Judging(Y/N),yes,5,"{
  ""correct"": ""yes"",
  ""score"": 5
}"
632,000036,Is the book opened after the pen is held in the hand?,Yes,Yes.,Order Judging(Y/N),yes,5,"{""correct"": ""yes"", ""score"": 5}"
633,000036,"In the video, does writing in the book happen before closing the book?",Yes,"Yes, writing in the book happens before closing the book.",Order Judging(Y/N),yes,5,"{
  ""correct"": ""yes"",
  ""score"": 5
}"
634,000036,"In the video sequence, what do we see occurring just before turning the page?",Writing on the previous page,"We see a person turning the page of an open book, which is placed on the desk.",What event order,no,1,"{
  ""correct"": ""no"",
  ""score"": 1
}"
635,000036,What action takes place immediately before the pen touches the paper?,Holding the pen above the book,"The pen touches the paper, indicating that it is about to write.",What event order,no,0,"{
  ""correct"": ""no"",
  ""score"": 0
}"
636,000036,"In the video, what happens right before the book is opened?",Sitting down,"A pair of hands holding a pencil enters the frame, suggesting that someone is about to start writing or drawing in the book.",What event order,no,0,"{
  ""correct"": ""no"",
  ""score"": 0
}"
637,000036,Did I write in the book before turning the page?,Yes,"Yes, the person wrote in the book before turning the page.",Order Judging(Y/N),yes,5,"{
  ""correct"": ""yes"",
  ""score"": 5
}"
638,000036,Is the book already opened before I start writing?,Yes,Yes.,Order Judging(Y/N),yes,5,"{
  ""correct"": ""yes"",
  ""score"": 5
}"
639,000036,Did I place my left hand on the page before writing with the pen?,Yes,"Yes, the left hand was placed on the page before writing with the pen.",Order Judging(Y/N),yes,5,"{
  ""correct"": ""yes"",
  ""score"": 5
}"
640,000036,What happens before I use the pen to write?,Opening the book,"Before writing, the person points to a specific page in their notebook.",What event order,no,1,"{
  ""correct"": ""no"",
  ""score"": 1
}"
641,000036,"Before closing the book, what action is performed?",Turning the page,"Before closing the book, a blue pen is used to write on the page.",What event order,no,0,"{""correct"": ""no"", ""score"": 0}"
642,000037,What is the setting of this video clip?,"The setting is indoors, at a desk.",The setting of the video clip is a study or work area with two open notebooks on a wooden desk.,Scene Summary,yes,4,"{
  ""correct"": ""yes"",
  ""score"": 4
}"
643,000037,What objects are present in this scene?,"A book, a pen, and a desk.","A notebook, a blue pen, and an open book with text on the right side.",Scene Summary,no,2,"{
  ""correct"": ""no"",
  ""score"": 2
}"
644,000037,Is the person writing with their right hand?,Yes.,Yes.,Whether Something Happened(Y/N),yes,5,"{
  ""correct"": ""yes"",
  ""score"": 5
}"
645,000037,Is the notebook placed on the person's lap?,No.,Yes.,Whether Something Happened(Y/N),no,0,"{""correct"": ""no"", ""score"": 0}"
646,000037,Does this video show any electronic devices being used?,No.,"No, the video does not show any electronic devices being used.",Whether Something Happened(Y/N),yes,5,"{
  ""correct"": ""yes"",
  ""score"": 5
}"
647,000037,Is the person seated while writing in the book?,Yes.,Yes.,Whether Something Happened(Y/N),yes,5,"{
  ""correct"": ""yes"",
  ""score"": 5
}"
648,000037,Do I sit down before beginning to write?,Yes,"Yes, you sit down before beginning to write.",Order Judging(Y/N),yes,5,"{
  ""correct"": ""yes"",
  ""score"": 5
}"
649,000037,What happens before the book is opened?,I sit down at the desk.,"Before the book is opened, a blue pen rests on top of it.",What event order,no,0,"{
  ""correct"": ""no"",
  ""score"": 0
}"
650,000037,Did I close the book before starting to write?,No,"No, the book was opened before I started writing.",Order Judging(Y/N),yes,5,"{""correct"": ""yes"", ""score"": 5}"
651,000037,Was I seated while writing in the book?,Yes,"Yes, the person was seated while writing in the book.",Order Judging(Y/N),yes,5,"{
  ""correct"": ""yes"",
  ""score"": 5
}"
652,000037,Did I turn the page after finishing writing?,No,"Yes, after finishing writing, the page was turned over.",Order Judging(Y/N),no,0,"{""correct"": ""no"", ""score"": 0}"
653,000037,Was the pen put down before closing the book?,No,"Yes, the pen was put down before closing the book.",Order Judging(Y/N),no,0,"{""correct"": ""no"", ""score"": 0}"
654,000037,Did I write on the left page before the right one?,No,"Yes, I wrote on the left page before the right one.",Order Judging(Y/N),no,0,"{""correct"": ""no"", ""score"": 0}"
655,000038,What is the setting of the scene in this video clip?,"The setting is indoors, with a person writing in a notebook.",The setting of the scene is a study or work area with two open notebooks on the table.,Scene Summary,no,2,"{
  ""correct"": ""no"",
  ""score"": 2
}"
656,000038,What activity is being performed in the scene?,Writing on a notebook with a pen.,The activity being performed in the scene is writing or drawing on a notebook.,Scene Summary,yes,4,"{
  ""correct"": ""yes"",
  ""score"": 4
}"
657,000038,What can we deduce about the person's task in the video?,The person is engaged in a writing activity.,"The person appears to be engaged in a task that requires writing or note-taking, as evidenced by the presence of notebooks and pens on the table.",Action Caption,yes,5,"{
  ""correct"": ""yes"",
  ""score"": 5
}"
658,000038,Describe the motion taking place in these frames?,The movement of the hand while writing.,"The motion in these frames is a close-up of the person's hands, with one hand appearing to be in motion while the other remains still.",Action Caption,no,2,"{
  ""correct"": ""no"",
  ""score"": 2
}"
659,000038,Does the person stop writing at any point in the video?,No.,"No, the person does not stop writing at any point in the video.",Whether Something Happened(Y/N),yes,5,"{
  ""correct"": ""yes"",
  ""score"": 5
}"
660,000038,Is there any use of electronic devices in these frames?,No.,"No, there are no electronic devices visible in these frames.",Whether Something Happened(Y/N),yes,5,"{
  ""correct"": ""yes"",
  ""score"": 5
}"
661,000038,"In the video sequence, what do we see happening before writing with the pen?",Sitting at the desk,"Before writing with the pen, we see a person sitting at a table with two open notebooks in front of them.",What event order,yes,5,"{
  ""correct"": ""yes"",
  ""score"": 5
}"
662,000038,What occurs just before opening the notebook in the video?,Sitting at the desk,"Just before opening the notebook, a person's hand is seen adjusting their position.",What event order,no,1,"{
  ""correct"": ""no"",
  ""score"": 1
}"
663,000038,"In the video, does using the pen happen after sitting at the desk?",Yes,"Yes, the pen is used to write on a notebook after sitting at the desk.",Order Judging(Y/N),yes,5,"{
  ""correct"": ""yes"",
  ""score"": 5
}"
664,000038,What action precedes putting down the pen on the desk?,Writing in the book,The action that precedes putting down the pen on the desk is holding a pencil and writing in the notebook.,What event order,yes,5,"{
  ""correct"": ""yes"",
  ""score"": 5
}"
665,000038,What is done just before the writing starts in the video?,Picking up the pen,"Just before the writing starts, a person is seen holding their hands together in front of them.",What event order,no,1,"{
  ""correct"": ""no"",
  ""score"": 1
}"
666,000039,Which action is depicted in this frame?,Writing in a book with a pen.,The action depicted in this frame is the person writing on a notebook.,Scene Summary,yes,5,"{""correct"": ""yes"", ""score"": 5}"
667,000039,Describe the surroundings visible in this frame.,"Indoors, likely a desk or table.",The surroundings include a wooden desk with an open notebook and a book titled 'BROOKS' on it.,Scene Summary,no,2,"{
  ""correct"": ""no"",
  ""score"": 2
}"
668,000039,Can you specify the object being used by the person?,A pen.,The person is using a blue pen to write on the notebook.,Action Caption,yes,5,"{""correct"": ""yes"", ""score"": 5}"
669,000039,Did the interaction occur in an outdoor location?,No.,No.,Whether Something Happened(Y/N),yes,5,"{
  ""correct"": ""yes"",
  ""score"": 5
}"
670,000039,Is the person predominantly engaged in a physical activity?,No.,No.,Whether Something Happened(Y/N),yes,5,"{
  ""correct"": ""yes"",
  ""score"": 5
}"
671,000039,"In the video, does writing in the notebook occur before conversing with a woman?",Yes.,"Yes, writing in the notebook occurs before conversing with a woman.",Order Judging(Y/N),yes,5,"{
  ""correct"": ""yes"",
  ""score"": 5
}"
672,000039,"In the video, does the conversation with a woman happen before being in an apartment?",No.,"No, the conversation with a woman does not happen before being in an apartment; it is already taking place.",Order Judging(Y/N),yes,5,"{
  ""correct"": ""yes"",
  ""score"": 5
}"
673,000039,Is the pen used before entering the apartment as shown in the clip?,No.,Yes.,Order Judging(Y/N),no,0,"{""correct"": ""no"", ""score"": 0}"
674,000039,"In the video sequence, what do we see happening before conversing with woman X?",Being in an apartment.,"Before conversing with woman X, we see a book titled 'BROOKS' on the table.",What event order,no,0,"{
  ""correct"": ""no"",
  ""score"": 0
}"
675,000039,What happens right before using a pen on the book?,Being indoors.,"The person points to the book, indicating they are about to write something.",What event order,no,1,"{
  ""correct"": ""no"",
  ""score"": 1
}"
676,000039,"In the video, what occurs directly before the pen is picked up?",Being indoors.,The pen is placed on top of the notebook.,What event order,no,0,"{""correct"": ""no"", ""score"": 0}"
677,000039,What happens before the conversation with woman X in the video?,Writing on a book,"Before the conversation with woman X, a book titled 'BROOKS' is opened on the table.",What event order,no,1,"{
  ""correct"": ""no"",
  ""score"": 1
}"
678,000040,What environments surround the individual scrapping the wall?,An outdoor setting with a ladder near a wooden fence.,"The individual is surrounded by a residential environment, including a house with a window and a ladder.",Scene Summary,no,2,"{
  ""correct"": ""no"",
  ""score"": 2
}"
679,000040,What tool is utilized for scrapping in the scene?,A scraper is used.,A hammer is utilized for scrapping in the scene.,Scene Summary,no,0,"{""correct"": ""no"", ""score"": 0}"
680,000040,Is the individual standing on the ground or elevated while scrapping?,The individual is elevated on a ladder.,The individual is standing on the ground while scrapping.,Scene Summary,no,0,"{
  ""correct"": ""no"",
  ""score"": 0
}"
681,000040,What is the purpose of using a ladder in this scenario?,To reach higher areas of the wall for scrapping.,The purpose of using a ladder is to reach the ceiling and perform maintenance tasks.,Scene Summary,no,2,"{
  ""correct"": ""no"",
  ""score"": 2
}"
682,000040,How does the individual prepare to scrape the wall?,The individual prepares by stretching out a ladder.,The individual prepares to scrape the wall by holding a scraper and using it to remove small pieces of plaster or paint.,Action Caption,no,1,"{
  ""correct"": ""no"",
  ""score"": 1
}"
683,000040,Does the video show a person using a ladder?,Yes.,Yes.,Whether Something Happened(Y/N),yes,5,"{
  ""correct"": ""yes"",
  ""score"": 5
}"
684,000040,Is the wall being scraped in the video?,Yes.,Yes.,Whether Something Happened(Y/N),yes,5,"{
  ""correct"": ""yes"",
  ""score"": 5
}"
685,000040,Does the scene involve stretching a ladder before scrapping?,Yes.,Yes.,Whether Something Happened(Y/N),yes,5,"{""correct"": ""yes"", ""score"": 5}"
686,000040,Does the individual scrap the wall without any tools?,No.,"No, the individual scrapes the wall with a hammer.",Whether Something Happened(Y/N),no,2,"{
  ""correct"": ""no"",
  ""score"": 2
}"
687,000041,What location is depicted in this video clip?,The video clip depicts an outdoor scene with a wall.,The video clip depicts a garage or workshop setting.,Scene Summary,no,0,"{
  ""correct"": ""no"",
  ""score"": 0
}"
688,000041,How does the environment appear in the video clip?,The environment appears to be a porch or exterior of a building.,The environment appears to be a residential area with trees and houses visible in the background.,Scene Summary,no,2,"{
  ""correct"": ""no"",
  ""score"": 2
}"
689,000041,What structure can be observed in this video clip?,A wall with white paint is observed in this video clip.,A window with a white frame can be observed in the video clip.,Scene Summary,no,1,"{""correct"": ""no"", ""score"": 1}"
690,000041,How is the exterior space utilized in the video action?,The exterior space provides a background for removal of an object.,The exterior space is utilized by the person to paint and fix the wall.,Action Caption,no,1,"{
  ""correct"": ""no"",
  ""score"": 1
}"
691,000041,Is the object completely removed from the wall in the video?,Yes,"No, the object is partially removed from the wall.",Whether Something Happened(Y/N),no,0,"{""correct"": ""no"", ""score"": 0}"
692,000041,Does the video clip show a wall being painted?,No,Yes.,Whether Something Happened(Y/N),no,0,"{""correct"": ""no"", ""score"": 0}"
693,000041,"In the video, is the wall outdoors?",Yes,No.,Whether Something Happened(Y/N),no,0,"{""correct"": ""no"", ""score"": 0}"
694,000041,"In the video, is the ladder stretched before scraping the wall?",Yes,Yes.,Order Judging(Y/N),yes,5,"{""correct"": ""yes"", ""score"": 5}"
695,000041,What happens just before the wall is scraped in the video?,The ladder is stretched,"Just before the wall is scraped, a person wearing a watch and holding a tool appears to inspect or adjust something on the wall.",What event order,no,1,"{
  ""correct"": ""no"",
  ""score"": 1
}"
696,000042,What exterior work is being performed?,Scraping a wall and smoothing a surface.,The exterior work being performed is a window repair.,Scene Summary,no,0,"{""correct"": ""no"", ""score"": 0}"
697,000042,Where is the activity taking place?,Outside a house.,The activity is taking place in a garage or workshop.,Scene Summary,no,1,"{
  ""correct"": ""no"",
  ""score"": 1
}"
698,000042,Which tools are being used for the exterior tasks?,A scraper and a planer.,A red and yellow power tool is being used for the exterior tasks.,Scene Summary,no,1,"{
  ""correct"": ""no"",
  ""score"": 1
}"
699,000042,Can you describe the sequence of work shown?,"Scraping first, then planing.","The sequence of work begins with the person using a red and yellow power tool to smooth out the paint on the window, followed by applying a new coat of paint.",Action Caption,no,0,"{
  ""correct"": ""no"",
  ""score"": 0
}"
700,000042,Does the video show painting work being done?,No.,Yes.,Whether Something Happened(Y/N),no,0,"{""correct"": ""no"", ""score"": 0}"
701,000042,Is there any smoothing of surfaces portrayed?,Yes.,Yes.,Whether Something Happened(Y/N),yes,5,"{
  ""correct"": ""yes"",
  ""score"": 5
}"
702,000042,Does the scene capture window installation?,No.,Yes.,Whether Something Happened(Y/N),no,0,"{""correct"": ""no"", ""score"": 0}"
703,000042,Does the clip depict interior renovation?,No.,Yes.,Whether Something Happened(Y/N),no,0,"{""correct"": ""no"", ""score"": 0}"
704,000042,Does smoothing the surface occur before scraping the wall?,No,"Yes, the person uses a red and yellow tool to smooth out the surface before scraping the wall.",Order Judging(Y/N),no,0,"{
  ""correct"": ""no"",
  ""score"": 0
}"
705,000042,Is the removal of plaster seen before the scraping action?,Yes,Yes.,Order Judging(Y/N),yes,5,"{""correct"": ""yes"", ""score"": 5}"
706,000042,Does the planer touch the surface after the wall is scrapped?,Yes,"Yes, the planer touches the surface after the wall is scrapped.",Order Judging(Y/N),yes,5,"{
  ""correct"": ""yes"",
  ""score"": 5
}"
707,000042,"In the video, is the ladder stretched before scraping the wall?",Yes,Yes,Order Judging(Y/N),yes,5,"{""correct"": ""yes"", ""score"": 5}"
708,000042,Does the smoothing of the surface occur after scraping the wall?,Yes,"Yes, the person continues to smooth the surface after scraping the wall.",Order Judging(Y/N),yes,5,"{
  ""correct"": ""yes"",
  ""score"": 5
}"
709,000042,Is something removed from the wall before stretching the ladder?,No,Yes.,Order Judging(Y/N),no,0,"{""correct"": ""no"", ""score"": 0}"
710,000042,"In the clip, is the ladder stretched after smoothing the surface?",No,Yes,Order Judging(Y/N),no,0,"{""correct"": ""no"", ""score"": 0}"
711,000042,What can be seen happening before smoothing the surface?,Scraping the wall,"Before smoothing the surface, a person is seen using a red and yellow tool to smooth out the paint.",What event order,no,1,"{""correct"": ""no"", ""score"": 1}"
712,000042,"In the video, what happens before stretching the ladder?","Nothing, it is the first action","Before stretching the ladder, a person is seen working on a window.",What event order,no,0,"{
  ""correct"": ""no"",
  ""score"": 0
}"
713,000043,What is the setting of the video clip?,Outside a house.,"The setting of the video clip is a workshop or garage, with various tools and equipment visible.",Scene Summary,no,0,"{
  ""correct"": ""no"",
  ""score"": 0
}"
714,000043,What task is being performed in the video clip?,Smoothing and scraping a surface.,The task being performed in the video clip is installing a new door.,Scene Summary,no,0,"{
  ""correct"": ""no"",
  ""score"": 0
}"
715,000043,What tools are being used in the video clip?,A planer and a scraper.,"A screwdriver and a small tool, possibly a screwdriver or a similar device.",Scene Summary,no,0,"{
  ""correct"": ""no"",
  ""score"": 0
}"
716,000043,What is the condition of the surface being worked on?,It is a rough surface.,The surface is dirty and has patches of white paint.,Scene Summary,no,1,"{
""correct"": ""no"",
""score"": 1
}"
717,000043,What is the first action taken on the surface in the clip?,Smoothing it with a planer.,"The first action taken is the application of a gray substance, possibly glue or adhesive, onto the surface.",Action Caption,no,0,"{
  ""correct"": ""no"",
  ""score"": 0
}"
718,000043,What is the progression of work on the surface in the clip?,From smoothing to scraping.,"The progression of work starts with the surface being partially covered, then a new layer is added, and finally, it's fully covered.",Action Caption,no,0,"{
  ""correct"": ""no"",
  ""score"": 0
}"
719,000043,How is the condition of the surface changing in the clip?,Becoming smoother and cleaner.,"The surface is being worked on, with the person using a tool to smooth out or adjust it.",Action Caption,no,2,"{
  ""correct"": ""no"",
  ""score"": 2
}"
720,000043,Does the person use a planer on the surface?,Yes.,Yes.,Whether Something Happened(Y/N),yes,5,"{
  ""correct"": ""yes"",
  ""score"": 5
}"
721,000043,Is there an action of scraping visible in the new frames?,Yes.,Yes.,Whether Something Happened(Y/N),yes,5,"{""correct"": ""yes"", ""score"": 5}"
722,000043,Does the clip show the complete smoothing of the surface?,No.,"No, the clip shows only a close-up of the surface being smoothed.",Whether Something Happened(Y/N),yes,5,"{
  ""correct"": ""yes"",
  ""score"": 5
}"
723,000043,"In the video, is the surface scrapped before it is smoothened with a planer?",No,Yes,Order Judging(Y/N),no,0,"{""correct"": ""no"", ""score"": 0}"
724,000043,"In the sequence, is the planer used before the scraper?",Yes,Yes.,Order Judging(Y/N),yes,5,"{""correct"": ""yes"", ""score"": 5}"
725,000043,What occurs right before the planer is used on the surface?,"Nothing, it's the first action","A person wearing a gray shirt and black pants is seen standing on the ground, holding a tool.",What event order,no,0,"{
  ""correct"": ""no"",
  ""score"": 0
}"
726,000043,Did I remove something from the wall before scraping the wall?,Yes,"Yes, the wall was scraped off in the video.",Order Judging(Y/N),no,2,"{""correct"": ""no"", ""score"": 2}"
727,000043,Is the surface smoothened with a planer before scraping with a scraper?,Yes,Yes.,Order Judging(Y/N),yes,5,"{
  ""correct"": ""yes"",
  ""score"": 5
}"
728,000043,Do I smoothen the surface with a planer before removing something from the wall?,No,"Yes, you can use a planer to smooth out the surface with the tool.",Order Judging(Y/N),no,0,"{
  ""correct"": ""no"",
  ""score"": 0
}"
729,000043,Is the wall scraped with a scraper before using a planer in one sequence?,No,Yes.,Order Judging(Y/N),no,0,"{""correct"": ""no"", ""score"": 0}"
730,000044,What setting is shown in the video clip?,An outdoor scene with window frame paint removal.,The setting shown in the video clip is a garage or workshop.,Scene Summary,no,1,"{
  ""correct"": ""no"",
  ""score"": 1
}"
731,000044,Describe the environment shown in the clip.,"An outside area, likely a building's exterior.",The environment is a garage or workshop with various tools and equipment visible in the background.,Scene Summary,no,0,"{
  ""correct"": ""no"",
  ""score"": 0
}"
732,000044,What tool is being used in the current action?,A paint scraper is being used in the action.,A screwdriver is being used in the current action.,Action Caption,no,0,"{""correct"": ""no"", ""score"": 0}"
733,000044,How is the paint being removed in this scene?,The paint is being manually scraped off.,The paint is being removed by scraping it off with a tool.,Action Caption,yes,5,"{
  ""correct"": ""yes"",
  ""score"": 5
}"
734,000044,Does the video show a paint removal process?,Yes.,Yes.,Whether Something Happened(Y/N),yes,5,"{
  ""correct"": ""yes"",
  ""score"": 5
}"
735,000044,Is the person successfully removing paint from a window frame?,Yes.,Yes.,Whether Something Happened(Y/N),yes,5,"{
  ""correct"": ""yes"",
  ""score"": 5
}"
736,000044,Does the scene take place indoors?,No.,No.,Whether Something Happened(Y/N),yes,5,"{
  ""correct"": ""yes"",
  ""score"": 5
}"
737,000044,Is the surface smoothed with a planer before scraping with a scraper?,Yes,Yes.,Order Judging(Y/N),yes,5,"{
  ""correct"": ""yes"",
  ""score"": 5
}"
738,000044,Does the removal of paint on the window frame happen after smoothing a surface?,Yes,"Yes, the removal of paint on the window frame happens after smoothing a surface.",Order Judging(Y/N),yes,5,"{
  ""correct"": ""yes"",
  ""score"": 5
}"
739,000044,Is the paint scraper used before the planer on any surface?,No,"Yes, the paint scraper is used before the planer on any surface.",Order Judging(Y/N),no,0,"{""correct"": ""no"", ""score"": 0}"
740,000044,Is the surface smoothed after removing paint from the window frame?,No,Yes.,Order Judging(Y/N),no,0,"{""correct"": ""no"", ""score"": 0}"
741,000044,What happens just before using the scraper on the surface?,Smoothing the surface with a planer,"Just before using the scraper, the person points to a specific area on the wall and then proceeds to use it.",What event order,no,1,"{
  ""correct"": ""no"",
  ""score"": 1
}"
742,000044,What is done just prior to smoothing a surface?,"Nothing, it's the first action.","Just prior to smoothing a surface, the person uses a tool to smooth out the paint or material.",What event order,no,0,"{
""correct"": ""no"",
""score"": 0
}"
743,000044,What action takes place before using the paint scraper?,Smoothing and scraping a surface,"Before using the paint scraper, a person points to a specific area of the window and then uses it to scrape off some paint.",What event order,no,1,"{
  ""correct"": ""no"",
  ""score"": 1
}"
744,000044,What is the first action performed outside the house?,Smoothing a surface with a planer,The first action performed outside the house is a person using a screwdriver to adjust or fix something on the wall.,What event order,no,0,"{""correct"": ""no"", ""score"": 0}"
745,000044,Did I scrape the wall before smoothing the surface with a planer?,Yes.,"Yes, the wall was scraped before smoothing with a planer.",Order Judging(Y/N),yes,5,"{
  ""correct"": ""yes"",
  ""score"": 5
}"
746,000044,Did I smooth the surface with a planer before removing paint from the window frame?,Yes.,"Yes, the person smooths the surface with a planer before removing paint from the window frame.",Order Judging(Y/N),yes,5,"{
  ""correct"": ""yes"",
  ""score"": 5
}"
747,000044,What do I do before removing paint from the window frame?,Scrape the wall and smooth a surface.,"Before removing paint from the window frame, you should first clean the area thoroughly with a cloth or paper towel.",What event order,no,1,"{""correct"": ""no"", ""score"": 1}"
748,000045,What is the setting of the video clip?,The setting is outside near a window.,The setting of the video clip is a garage or workshop area.,Scene Summary,no,0,"{
  ""correct"": ""no"",
  ""score"": 0
}"
749,000045,What tool is being used on the window?,A scraper is being used.,A red and black tool is being used on the window.,Action Caption,no,1,"{
  ""correct"": ""no"",
  ""score"": 1
}"
750,000045,Does the video show paint being scraped off?,Yes.,Yes.,Whether Something Happened(Y/N),yes,5,"{
  ""correct"": ""yes"",
  ""score"": 5
}"
751,000045,Is the window frame being refinished?,Yes.,Yes.,Whether Something Happened(Y/N),yes,5,"{
  ""correct"": ""yes"",
  ""score"": 5
}"
752,000045,Is a tool being used for paint removal?,Yes.,Yes.,Whether Something Happened(Y/N),yes,5,"{
  ""correct"": ""yes"",
  ""score"": 5
}"
753,000045,Is the person working on interior maintenance?,No.,Yes.,Whether Something Happened(Y/N),no,0,"{""correct"": ""no"", ""score"": 0}"
754,000045,Is the window frame being replaced?,No.,Yes.,Whether Something Happened(Y/N),no,0,"{""correct"": ""no"", ""score"": 0}"
755,000045,Is the window opened before the paint is scraped?,Yes,Yes.,Order Judging(Y/N),yes,5,"{
  ""correct"": ""yes"",
  ""score"": 5
}"
756,000045,Does the hand touch the window frame before using the scraper?,Yes,"Yes, the hand touches the window frame before using the scraper.",Order Judging(Y/N),yes,5,"{
  ""correct"": ""yes"",
  ""score"": 5
}"
757,000045,Is the paint on the window frame removed before the hand is visible?,No,No.,Order Judging(Y/N),yes,5,"{
  ""correct"": ""yes"",
  ""score"": 5
}"
758,000045,Does the window frame appear before the scraper is in motion?,Yes,"Yes, the window frame appears before the scraper is in motion.",Order Judging(Y/N),yes,5,"{
  ""correct"": ""yes"",
  ""score"": 5
}"
759,000045,Is the paint removed from the window frame before using the planer?,No,Yes.,Order Judging(Y/N),no,0,"{""correct"": ""no"", ""score"": 0}"
760,000045,Does the surface smoothing with a planer occur before the scraping?,Yes,"Yes, the surface smoothing with a planer occurs before the scraping.",Order Judging(Y/N),yes,5,"{
  ""correct"": ""yes"",
  ""score"": 5
}"
761,000045,Is the scraping of the surface completed before removing paint on the window frame?,No,Yes.,Order Judging(Y/N),no,0,"{""correct"": ""no"", ""score"": 0}"
762,000045,What occurs just before scraping the surface?,Smoothening with a planer,"A person wearing a red and black tool is seen standing on the ground, holding a red and black tool.",What event order,no,0,"{""correct"": ""no"", ""score"": 0}"
763,000046,What is the main activity taking place outside the house?,Smoothing and scraping surfaces.,The main activity taking place outside the house is a ladder being used to reach and possibly fix or repair something on the wall.,Scene Summary,no,1,"{
  ""correct"": ""no"",
  ""score"": 1
}"
764,000046,Where is the scene set?,Outside a house.,The scene is set in a workshop or garage.,Scene Summary,no,1,"{
  ""correct"": ""no"",
  ""score"": 1
}"
765,000046,What tools are being used in this scene?,A planer and a scraper.,A hammer and a screwdriver are being used in this scene.,Scene Summary,no,0,"{""correct"": ""no"", ""score"": 0}"
766,000046,How can you describe the area in which the activity occurs?,It's a woodworking area outside the house.,"The area is outdoors, with a ladder leaning against the wall and some debris scattered around.",Scene Summary,no,2,"{
  ""correct"": ""no"",
  ""score"": 2
}"
767,000046,What actions are being performed in this video clip?,Smoothing with a planer and scraping with a scraper.,"The actions being performed in this video clip include the person using a hammer to remove nails from a window, and then climbing up a ladder to reach higher areas of the window.",Action Caption,no,0,"{""correct"": ""no"", ""score"": 0}"
768,000046,What is the focus of the activity in these frames?,Wood surface maintenance.,"The focus of the activity in these frames is on a window with peeling paint, where the person is using a hammer to remove the paint.",Action Caption,no,0,"{
  ""correct"": ""no"",
  ""score"": 0
}"
769,000046,What is the sequence of actions performed outside?,"First smoothening, then scraping surfaces.","First, the person uses a hammer to remove nails from the wall. Then, they use a screwdriver to adjust or fix something on the wall.",Action Caption,no,0,"{
""correct"": ""no"",
""score"": 0
}"
770,000046,How does the person handle the tools in the video?,With precision and care for the task.,"The person handles the tools with precision and care, using them to work on the window frame.",Action Caption,yes,5,"{
  ""correct"": ""yes"",
  ""score"": 5
}"
771,000046,What are the visible results of the actions in this clip?,Smooth surfaces and wood shavings scattered.,"The visible results include the wall being repaired, with a new section of paint applied to it.",Action Caption,no,0,"{
  ""correct"": ""no"",
  ""score"": 0
}"
772,000046,Does the video show the use of a woodworking planer?,Yes,"Yes, the video shows the use of a woodworking planer.",Whether Something Happened(Y/N),yes,5,"{
  ""correct"": ""yes"",
  ""score"": 5
}"
773,000046,Is the person scraping a wooden surface?,Yes,Yes.,Whether Something Happened(Y/N),yes,5,"{
  ""correct"": ""yes"",
  ""score"": 5
}"
774,000046,Are the actions performed indoor?,No,"Yes, the actions are performed indoors.",Whether Something Happened(Y/N),no,0,"{""correct"": ""no"", ""score"": 0}"
775,000046,Does the activity involve painting or staining?,No,"Yes, the activity involves painting or staining.",Whether Something Happened(Y/N),no,0,"{""correct"": ""no"", ""score"": 0}"
776,000046,Is the person wearing any safety gear?,No,"No, the person is not wearing any safety gear.",Whether Something Happened(Y/N),yes,5,"{
  ""correct"": ""yes"",
  ""score"": 5
}"
777,000046,Was the window frame scraped before it was planed?,No,"Yes, the window frame was scraped before it was planed.",Order Judging(Y/N),no,0,"{""correct"": ""no"", ""score"": 0}"
778,000046,Did the scraping of a surface happen after smoothening it?,Yes,"Yes, after the surface was smoothened, the person continued to scrape it with a tool.",Order Judging(Y/N),yes,5,"{
  ""correct"": ""yes"",
  ""score"": 5
}"
779,000046,What happens just before the scraper is used on the window frame?,The surface is smoothened with a planer,"A ladder is used to reach the window frame, and a person is seen using the scraper to scrape off some paint.",What event order,no,1,"{
  ""correct"": ""no"",
  ""score"": 1
}"
780,000046,What is the action taken just prior to the planer being used in the video?,There is no action shown before the planer is used,"The action taken just prior to the planer being used in the video is a person standing near the window, possibly observing or waiting for someone.",What event order,no,0,"{
  ""correct"": ""no"",
  ""score"": 0
}"
781,000046,Was the surface planed before the scraping of paint on the window frame?,Yes,"Yes, the surface planed before the scraping of paint on the window frame was a wooden floor.",Order Judging(Y/N),no,2,"{
  ""correct"": ""no"",
  ""score"": 2
}"
782,000046,Was the window frame scraped before planing the surface?,No,"Yes, the window frame was scraped before planing the surface.",Order Judging(Y/N),no,0,"{""correct"": ""no"", ""score"": 0}"
783,000046,Was the window frame scraped first before using any tools?,No,"Yes, the window frame was scraped first before using any tools.",Order Judging(Y/N),no,0,"{""correct"": ""no"", ""score"": 0}"
784,000047,What's the brief of the depicted scenario?,A person scrapes a surface outside a house.,The brief of the depicted scenario is about a person using a hammer to remove debris from a window.,Scene Summary,no,1,"{
  ""correct"": ""no"",
  ""score"": 1
}"
785,000047,What can be inferred about the location in the video clip?,It's a residential outdoor area by a window.,"The location appears to be outdoors, as indicated by the natural light and the presence of a car in the background.",Scene Summary,no,2,"{
  ""correct"": ""no"",
  ""score"": 2
}"
786,000047,How would you describe the environment surrounding the action?,It appears to be tranquil and domestic.,"The environment is outdoors, with a view of the outside world through the window.",Scene Summary,no,1,"{
  ""correct"": ""no"",
  ""score"": 1
}"
787,000047,Is the person in the video using a tool for scraping?,Yes.,Yes.,Whether Something Happened(Y/N),yes,5,"{
  ""correct"": ""yes"",
  ""score"": 5
}"
788,000047,Is the scraping happening indoors?,No.,Yes.,Whether Something Happened(Y/N),no,0,"{""correct"": ""no"", ""score"": 0}"
789,000047,Does the footage show the completion of the scraping task?,No.,"Yes, the video concludes with a close-up of the freshly scraped area on the window frame.",Whether Something Happened(Y/N),no,0,"{
  ""correct"": ""no"",
  ""score"": 0
}"
790,000047,Is the person wearing gloves while scraping?,No.,No.,Whether Something Happened(Y/N),yes,5,"{
  ""correct"": ""yes"",
  ""score"": 5
}"
791,000047,Did I smoothen the surface with a planer before scraping it with a scraper?,Yes,"Yes, the person used a planer to smooth out the surface before scraping it with a scraper.",Order Judging(Y/N),yes,5,"{
  ""correct"": ""yes"",
  ""score"": 5
}"
792,000047,What occurs just before I scrape the surface with the scraper?,Smoothening with a planer,"A small object, possibly a piece of paper or cardboard, is placed on the window sill.",What event order,no,0,"{
  ""correct"": ""no"",
  ""score"": 0
}"
793,000047,Is the scraping of the window frame after smoothing the surface?,Yes,Yes.,Order Judging(Y/N),yes,5,"{
  ""correct"": ""yes"",
  ""score"": 5
}"
794,000047,What happens just before the window frame is scraped?,The surface is smoothened with a planer,"Just before the window frame is scraped, a person points at it with their right hand.",What event order,no,0,"{
  ""correct"": ""no"",
  ""score"": 0
}"
795,000047,What occurs right before the surface is smoothened?,The paint is removed with a scraper,"A person points at the surface, possibly indicating a point of interest or concern.",What event order,no,0,"{
  ""correct"": ""no"",
  ""score"": 0
}"
796,000048,Can you describe the setting in the video?,The setting is outdoor by the side of a house.,The setting is a workshop or garage with various tools and equipment visible in the background.,Scene Summary,no,0,"{
  ""correct"": ""no"",
  ""score"": 0
}"
797,000048,Does the person succeed in scraping off the material?,Yes.,Yes.,Whether Something Happened(Y/N),yes,5,"{
  ""correct"": ""yes"",
  ""score"": 5
}"
798,000048,Is the scraping being done on an interior wall?,No.,Yes.,Whether Something Happened(Y/N),no,0,"{""correct"": ""no"", ""score"": 0}"
799,000048,Is the person using any tool other than a scraper?,No.,No.,Whether Something Happened(Y/N),yes,5,"{
  ""correct"": ""yes"",
  ""score"": 5
}"
800,000048,Does the scrapping of the surface start before walking outside the house?,No,"Yes, the scrapping of the surface starts before walking outside the house.",Order Judging(Y/N),no,0,"{
  ""correct"": ""no"",
  ""score"": 0
}"
801,000048,"In the video, is the scraper used on the lower part of the wall before the upper part?",No,Yes.,Order Judging(Y/N),no,0,"{""correct"": ""no"", ""score"": 0}"
802,000048,Is the paint removal near the window sill done after removing paint near the flower pot?,Yes,Yes.,Order Judging(Y/N),yes,5,"{""correct"": ""yes"", ""score"": 5}"
803,000048,What action occurs just before the paint near the flower pot is scraped off?,Scraping near the window sill,"Just before the paint near the flower pot is scraped off, a hand points towards it.",What event order,no,0,"{
  ""correct"": ""no"",
  ""score"": 0
}"
804,000048,Is the planer used before the scraper?,Yes,Yes.,Order Judging(Y/N),yes,5,"{
  ""correct"": ""yes"",
  ""score"": 5
}"
805,000048,Is the scraping done before smoothing the surface?,No,Yes.,Order Judging(Y/N),no,0,"{""correct"": ""no"", ""score"": 0}"
806,000048,Does the planing occur after the scraping?,No,"Yes, the planing continues after the scraping.",Order Judging(Y/N),no,0,"{""correct"": ""no"", ""score"": 0}"
807,000048,What happens before the scraping begins?,Smoothing with a planer,"Before the scraping begins, a person is seen holding a tool and pointing towards the wall.",What event order,no,0,"{
  ""correct"": ""no"",
  ""score"": 0
}"
808,000049,What task is being carried out outside the house?,Smoothening a surface with a planer and scraping.,Painting the wall.,Scene Summary,no,0,"{""correct"": ""no"", ""score"": 0}"
809,000049,What tools are used in the latest frames for the outdoor task?,A planer and a scraper.,A paint roller and a hammer are used in the latest frames for the outdoor task.,Scene Summary,no,0,"{""correct"": ""no"", ""score"": 0}"
810,000049,Describe the surroundings where the task takes place.,"Outside a house, likely a work area with debris.",The task takes place in a residential area with houses and trees visible through the window.,Scene Summary,no,1,"{
  ""correct"": ""no"",
  ""score"": 1
}"
811,000049,What process is demonstrated in the recent video footage?,Woodworking involving smoothing and scraping actions.,"The video demonstrates the process of applying a white substance to a wooden surface, likely for painting or staining purposes.",Scene Summary,no,1,"{
  ""correct"": ""no"",
  ""score"": 1
}"
812,000049,What is the likely purpose of the actions shown in the clip?,"Preparing a wooden surface, possibly for painting or finishing.","The likely purpose of the actions shown in the clip is to repair or maintain a damaged surface, such as a window or door.",Scene Summary,no,1,"{
  ""correct"": ""no"",
  ""score"": 1
}"
813,000049,Describe the sequential actions taken by the individual.,"First, using a planer for smoothing, then a scraper.","The individual begins by applying a white substance to the wall, then proceeds to paint over it with a black brush. They carefully apply and smooth out the paint, ensuring even coverage across the surface.",Action Caption,no,0,"{""correct"": ""no"", ""score"": 0}"
814,000049,Has the person completed the smoothening task?,Yes.,Yes,Whether Something Happened(Y/N),yes,5,"{""correct"": ""yes"", ""score"": 5}"
815,000049,Does the individual use more than one tool?,Yes.,"Yes, the individual uses a paint roller and a brush to apply the white substance.",Whether Something Happened(Y/N),yes,5,"{
  ""correct"": ""yes"",
  ""score"": 5
}"
816,000049,Is the work performed indoors in the latest frames?,"No, it's outside.",Yes.,Whether Something Happened(Y/N),no,0,"{""correct"": ""no"", ""score"": 0}"
817,000049,Have any painting actions been depicted in the summary?,"No, only smoothening and scraping are shown.","Yes, the video shows a person using a paint roller to apply white paint on the wall.",Whether Something Happened(Y/N),no,0,"{
  ""correct"": ""no"",
  ""score"": 0
}"
818,000049,"In the video, is scraping done before smoothing with a planer?",No,Yes,Order Judging(Y/N),no,0,"{""correct"": ""no"", ""score"": 0}"
819,000049,Is the surface scraped after the house exterior is shown?,Yes,Yes.,Order Judging(Y/N),yes,5,"{""correct"": ""yes"", ""score"": 5}"
820,000049,What is seen happening before any tool is used on the surface?,Outside of the house shown,"Before any tool is used, the surface appears to be covered with a white substance.",What event order,no,0,"{
  ""correct"": ""no"",
  ""score"": 0
}"
821,000049,"In the sequence, is the scraper used before the planer?",No,Yes,Order Judging(Y/N),no,0,"{""correct"": ""no"", ""score"": 0}"
822,000049,Does the scraping happen outdoors?,Yes,Yes.,Order Judging(Y/N),yes,5,"{
  ""correct"": ""yes"",
  ""score"": 5
}"
823,000049,Is the surface scraped after it is smoothened?,Yes,Yes.,Order Judging(Y/N),yes,5,"{
  ""correct"": ""yes"",
  ""score"": 5
}"
824,000049,Is the scraping performed before standing up?,No,Yes.,Order Judging(Y/N),no,0,"{""correct"": ""no"", ""score"": 0}"
825,000049,What is done before using the scraper in the video?,Smoothening the surface with a planer,"Before using the scraper, the person applies a layer of white paint to the wall.",What event order,no,0,"{""correct"": ""no"", ""score"": 0}"
826,000049,What happens just before the second scraping action?,The first scraping action,"Just before the second scraping action, the person is seen holding a tool near the wall.",What event order,no,1,"{
  ""correct"": ""no"",
  ""score"": 1
}"
827,000049,What occurs just before the surface is smoothened?,Going outside the house,"A small object is placed on the surface, and a black rectangular object with text appears.",What event order,no,0,"{""correct"": ""no"", ""score"": 0}"
828,000050,What is the setting of the video clip?,"The setting is outdoors, with a person removing unwanted cover.",The setting of the video clip is a residential area with a house and a car visible in the background.,Scene Summary,no,1,"{
  ""correct"": ""no"",
  ""score"": 1
}"
829,000050,What is the main focus of the video clip?,The main focus is on a person removing a cover from a surface.,The main focus of the video clip is a person painting a wall with white paint.,Scene Summary,no,0,"{
""correct"": ""no"",
""score"": 0
}"
830,000050,What is the person doing with their hand?,They are rubbing waste off with their hand.,The person is holding a paint roller and applying white paint to the wall near the window.,Action Caption,no,0,"{""correct"": ""no"", ""score"": 0}"
831,000050,What action follows rubbing the waste?,The person climbs a ladder.,The action follows rubbing the waste to ensure it is thoroughly covered.,Action Caption,no,0,"{
  ""correct"": ""no"",
  ""score"": 0
}"
832,000050,What tool is the person using in the action?,The person is using a scraper or a similar tool.,The person is using a paint roller to apply the white substance.,Action Caption,no,1,"{""correct"": ""no"", ""score"": 1}"
833,000050,Did the person climb a ladder in the video?,Yes.,"No, the person did not climb a ladder.",Whether Something Happened(Y/N),no,0,"{""correct"": ""no"", ""score"": 0}"
834,000050,Does the video show the person successfully removing the cover?,Yes.,Yes,Whether Something Happened(Y/N),yes,5,"{
  ""correct"": ""yes"",
  ""score"": 5
}"
835,000050,Was the task performed indoors?,No.,Yes.,Whether Something Happened(Y/N),no,0,"{""correct"": ""no"", ""score"": 0}"
836,000050,Did I smoothen the surface with a planer before scraping it with a scraper?,Yes.,"Yes, the person used a planer to smooth out the surface before scraping it with a scraper.",Order Judging(Y/N),yes,5,"{
  ""correct"": ""yes"",
  ""score"": 5
}"
837,000050,Did I climb the ladder before rubbing waste with my hand?,No.,"No, the ladder was not used to climb before rubbing waste with a hand.",Order Judging(Y/N),yes,5,"{""correct"": ""yes"", ""score"": 5}"
838,000050,Did the removal of unwanted cover happen before climbing the ladder?,No.,"Yes, the removal of unwanted cover happened before climbing the ladder.",Order Judging(Y/N),no,0,"{""correct"": ""no"", ""score"": 0}"
839,000050,Did I scrape the surface before smoothening it with a planer?,No.,"Yes, the person used a planer to smooth out the surface.",Order Judging(Y/N),no,0,"{
  ""correct"": ""no"",
  ""score"": 0
}"
840,000050,Did the drawing a planer happen after climbing the ladder?,No.,"No, the drawing a planer happened before climbing the ladder.",Order Judging(Y/N),yes,5,"{
  ""correct"": ""yes"",
  ""score"": 5
}"
841,000050,What takes place immediately before drawing a planer across the surface?,Being outside the house.,"A person wearing a black shirt enters the frame, and another individual in a red shirt is seen working on the wall.",What event order,no,0,"{
  ""correct"": ""no"",
  ""score"": 0
}"
842,000050,What do I do before rubbing waste with my hand?,Being outside.,"Before rubbing waste with your hand, you should first clean the area thoroughly.",What event order,no,0,"{""correct"": ""no"", ""score"": 0}"
843,000050,Did I scrape the surface before using a planer?,No,"Yes, the person used a planer to remove any remaining paint from the surface.",Order Judging(Y/N),no,0,"{""correct"": ""no"", ""score"": 0}"
844,000050,Did the planer use happen after the ladder climbing?,No,"No, the planer did not use after the ladder climbing.",Order Judging(Y/N),yes,5,"{""correct"": ""yes"", ""score"": 5}"
845,000050,Was the surface scraped after using the planer?,Yes,"Yes, the surface was scraped after using the planer.",Order Judging(Y/N),yes,5,"{
  ""correct"": ""yes"",
  ""score"": 5
}"
846,000050,Was the waste rubbed off before I climbed the ladder?,Yes,"Yes, the waste was rubbed off before I climbed the ladder.",Order Judging(Y/N),yes,5,"{
  ""correct"": ""yes"",
  ""score"": 5
}"
847,000050,What happens just before I scrape the surface?,Smoothening with a planer,"Just before I scrape the surface, a person wearing a black shirt and blue jeans enters the frame from the left side.",What event order,no,0,"{""correct"": ""no"", ""score"": 0}"
848,000050,What event occurs before using the planer?,Climbing the ladder,"Before using the planer, a person is seen working on a window with paint.",What event order,no,0,"{""correct"": ""no"", ""score"": 0}"
849,000051,What is the focus of the video's depicted scenario?,Removing unwanted cover from wood surface.,The focus of the video is on a person's hands and the process of applying paint to a wall.,Scene Summary,no,0,"{
  ""correct"": ""no"",
  ""score"": 0
}"
850,000051,Describe the setting shown in the video clip.,"Outside, near a window with a wood surface.","The video shows a person working on a window, with the background featuring a house and trees.",Scene Summary,no,2,"{
  ""correct"": ""no"",
  ""score"": 2
}"
851,000051,What can be observed about the environment in the clip?,"It's outdoors, possibly at a residential location.","The environment includes a window with a white frame, a car parked outside the house, and a cloudy sky.",Scene Summary,no,2,"{
  ""correct"": ""no"",
  ""score"": 2
}"
852,000051,Narrate the activity captured in this clip.,"Holding a scraper, staring at, and scraping a wood surface.","The video begins with a view of a garage door, showing the white paint peeling off in several areas. A person is seen using a brush to apply more paint on the damaged sections of the garage door. The scene transitions to a close-up of the same area where the paint has been applied, now appearing slightly darker and more faded compared to the original state. The background reveals a house with bare trees outside, indicating that it might be autumn or winter.",Action Caption,no,0,"{
  ""correct"": ""no"",
  ""score"": 0
}"
853,000051,Can you provide a caption for the action taking place?,Scraping Away: Unveiling the Wood Beneath.,"A person is diligently working on a wall, applying paint to it.",Action Caption,no,0,"{""correct"": ""no"", ""score"": 0}"
854,000051,Did the individual successfully remove some of the unwanted cover?,Yes.,Yes,Whether Something Happened(Y/N),yes,5,"{
  ""correct"": ""yes"",
  ""score"": 5
}"
855,000051,Is the person using a tool to work on the surface?,Yes.,Yes.,Whether Something Happened(Y/N),yes,5,"{
  ""correct"": ""yes"",
  ""score"": 5
}"
856,000051,Has the person been carefully examining the wood surface?,Yes.,Yes,Whether Something Happened(Y/N),yes,5,"{""correct"": ""yes"", ""score"": 5}"
857,000051,Is the work being performed close to a window?,Yes.,Yes.,Whether Something Happened(Y/N),yes,5,"{
  ""correct"": ""yes"",
  ""score"": 5
}"
858,000051,Did I rub waste with my hand before climbing the ladder?,Yes.,"Yes, you rubbed waste with your hand before climbing the ladder.",Order Judging(Y/N),yes,5,"{
  ""correct"": ""yes"",
  ""score"": 5
}"
859,000051,Is the unwanted cover removed after I stare at the wood surface?,No.,Yes,Order Judging(Y/N),no,0,"{""correct"": ""no"", ""score"": 0}"
860,000051,Do I hold the scraper before removing the unwanted cover?,No.,"Yes, you hold the scraper before removing the unwanted cover.",Order Judging(Y/N),no,0,"{""correct"": ""no"", ""score"": 0}"
861,000051,Am I outside when I stare at the wood surface?,Yes.,"Yes, you are outside when you stare at the wood surface.",Order Judging(Y/N),yes,5,"{
  ""correct"": ""yes"",
  ""score"": 5
}"
862,000051,What happens just before I hold the scraper?,Staring at the wood surface.,"Just before I hold the scraper, a person appears and starts to work on the wall.",What event order,no,0,"{
  ""correct"": ""no"",
  ""score"": 0
}"
863,000051,Did I smooth the surface with a planer before scraping it with a scraper?,Yes,"Yes, the person used a planer to smooth out the surface before scraping it with a scraper.",Order Judging(Y/N),yes,5,"{
  ""correct"": ""yes"",
  ""score"": 5
}"
864,000051,Did I rub waste with my hand before climbing the ladder?,Yes,"Yes, you rubbed waste with your hand before climbing the ladder.",Order Judging(Y/N),yes,5,"{
  ""correct"": ""yes"",
  ""score"": 5
}"
865,000051,Did I climb the ladder before removing the unwanted cover from the surface?,Yes,"No, the ladder was not used before removing the unwanted cover from the surface.",Order Judging(Y/N),no,0,"{""correct"": ""no"", ""score"": 0}"
866,000052,What is the setting depicted in the video clip?,It is an outdoor setting surrounding a window frame.,"The setting depicted in the video clip is a garage or workshop, with various tools and equipment visible.",Scene Summary,no,0,"{
  ""correct"": ""no"",
  ""score"": 0
}"
867,000052,What is the state of the window frame in the scene?,The window frame is in the process of being scraped.,"The window frame is in a state of disrepair, with peeling paint and visible cracks.",Scene Summary,no,1,"{
  ""correct"": ""no"",
  ""score"": 1
}"
868,000052,Describe the immediate environment around the window frame.,There's discarded material on the ground near the window frame.,"The immediate environment around the window frame is a cluttered outdoor area with various objects scattered on the ground, including leaves and debris.",Scene Summary,yes,4,"{
  ""correct"": ""yes"",
  ""score"": 4
}"
869,000052,What can be inferred about the surface condition in the scene?,"The surface likely needed maintenance, as it's being scraped.","The surface appears to be rough and uneven, with peeling paint or plaster.",Scene Summary,no,1,"{
  ""correct"": ""no"",
  ""score"": 1
}"
870,000052,Are there any signs of ongoing construction or repair in the video?,"Yes, the scraping indicates repair or renovation work.","Yes, there are signs of ongoing construction or repair in the video.",Scene Summary,yes,4,"{
  ""correct"": ""yes"",
  ""score"": 4
}"
871,000052,What action is the person performing in the new frames?,The person is scraping the surface of a window frame.,The person is using a tool to scrape or remove the old paint from the surface.,Action Caption,yes,4,"{
  ""correct"": ""yes"",
  ""score"": 4
}"
872,000052,How is the person preparing the window frame?,By removing unwanted cover and rubbing the surface.,The person is using a tool to smooth out the paint on the window frame.,Action Caption,no,1,"{
  ""correct"": ""no"",
  ""score"": 1
}"
873,000052,What maintenance task can be seen happening around a window?,Scraping off old paint or material from the window frame.,A maintenance task involving a tool being used to smooth or clean the window is visible.,Action Caption,no,2,"{
  ""correct"": ""no"",
  ""score"": 2
}"
874,000052,Has the protective cover been removed from the window surface?,Yes.,No.,Whether Something Happened(Y/N),no,0,"{""correct"": ""no"", ""score"": 0}"
875,000052,Is there any sign of the person completing the scraping action?,"No, the person is still holding the scraper.","Yes, the person's hand is visible in the bottom right corner of the frame.",Whether Something Happened(Y/N),no,0,"{
  ""correct"": ""no"",
  ""score"": 0
}"
876,000052,Does the footage show a fully renovated window frame?,"No, the window is still being worked on.","No, the footage shows a partially renovated window frame.",Whether Something Happened(Y/N),yes,5,"{
  ""correct"": ""yes"",
  ""score"": 5
}"
877,000052,Did the person in the video fully rub the surface?,"No, only part of the surface has been rubbed.","Yes, the person in the video fully rubs the surface to ensure it is thoroughly cleaned.",Whether Something Happened(Y/N),no,0,"{
  ""correct"": ""no"",
  ""score"": 0
}"
878,000052,Has all the discarded material been cleared from the ground?,"No, the material is still on the ground.","No, the ground is still littered with scattered debris.",Whether Something Happened(Y/N),yes,5,"{
  ""correct"": ""yes"",
  ""score"": 5
}"
879,000052,"In the video, does staring at the wood surface occur before removing the unwanted cover?",No,"Yes, staring at the wood surface occurs before removing the unwanted cover.",Order Judging(Y/N),no,0,"{""correct"": ""no"", ""score"": 0}"
880,000052,Is the wood surface rubbed after removing the unwanted cover?,Yes,Yes.,Order Judging(Y/N),yes,5,"{""correct"": ""yes"", ""score"": 5}"
881,000052,"In the video, does holding the scraper happen before rubbing the surface?",Yes,"No, the scraper is not held before rubbing the surface.",Order Judging(Y/N),no,0,"{
  ""correct"": ""no"",
  ""score"": 0
}"
882,000052,What happens just before rubbing the wood surface in the video?,Removing unwanted cover,"Just before rubbing the wood surface, a person points at something off-screen.",What event order,no,0,"{
  ""correct"": ""no"",
  ""score"": 0
}"
883,000052,What happens just before removing the unwanted cover in the video?,Staring at the wood surface.,"Just before removing the unwanted cover, a person points at it with their index finger.",What event order,no,1,"{
  ""correct"": ""no"",
  ""score"": 1
}"
884,000052,Did rubbing the surface happen before staring at the wood surface?,No,"Yes, rubbing the surface happened before staring at the wood surface.",Order Judging(Y/N),no,0,"{""correct"": ""no"", ""score"": 0}"
885,000052,Was the ladder climbed before removing the unwanted cover?,Yes,"Yes, the ladder was climbed before removing the unwanted cover.",Order Judging(Y/N),yes,5,"{
  ""correct"": ""yes"",
  ""score"": 5
}"
886,000052,Was the unwanted cover removed after rubbing waste with hand?,Yes,"Yes, the unwanted cover was removed after rubbing waste with hand.",Order Judging(Y/N),yes,5,"{
  ""correct"": ""yes"",
  ""score"": 5
}"
887,000052,Did staring at the wood surface happen before holding the scraper?,No,"Yes, staring at the wood surface happened before holding the scraper.",Order Judging(Y/N),no,0,"{""correct"": ""no"", ""score"": 0}"
888,000052,What is done after staring at the wood surface?,Holding the scraper,"The person begins to work on the wood surface, using a tool to smooth it.",What event order,no,2,"{
  ""correct"": ""no"",
  ""score"": 2
}"
889,000053,What is the overall setting of the video clip?,"Outside, near a building with unwanted cover being removed.","The overall setting of the video clip is a garage or workshop, with various tools and equipment visible.",Scene Summary,no,1,"{
  ""correct"": ""no"",
  ""score"": 1
}"
890,000053,What's the main focus of the scene?,A person cleaning an area by a building.,"The main focus of the scene is on a person working on a window, focusing on the task at hand.",Scene Summary,no,2,"{
  ""correct"": ""no"",
  ""score"": 2
}"
891,000053,What kind of location is shown in the video?,An outdoor location by a building.,The video shows a garage or workshop area.,Scene Summary,no,1,"{
  ""correct"": ""no"",
  ""score"": 1
}"
892,000053,What task is being performed in the frames?,Scraping off unwanted cover from a surface.,The task being performed is sanding the window frame.,Action Caption,no,1,"{
  ""correct"": ""no"",
  ""score"": 1
}"
893,000053,Can you detail the activity taking place?,A person removing a covering layer from a window.,"The activity involves a person using a tool to smooth out the surface of a green door, ensuring it is clean and ready for use.",Action Caption,no,1,"{
  ""correct"": ""no"",
  ""score"": 1
}"
894,000053,What is the immediate action captured?,A hand using a tool to clean a window.,The immediate action captured is the person using a tool to smooth out or fix something on the wall.,Action Caption,no,2,"{""correct"": ""no"", ""score"": 2}"
895,000053,What is the implication of the depicted movement?,Preparation or cleaning of a building's exterior.,"The implied movement suggests that the person is actively engaged in a task, possibly related to maintenance or repair.",Action Caption,no,2,"{
  ""correct"": ""no"",
  ""score"": 2
}"
896,000053,Did the camera wearer completely remove the unwanted cover?,No.,"No, the camera wearer only partially removed the unwanted cover.",Whether Something Happened(Y/N),yes,5,"{
  ""correct"": ""yes"",
  ""score"": 5
}"
897,000053,Did the video contain any interaction with another person?,"No, it only shows a person working alone.","No, the video does not contain any interaction with another person.",Whether Something Happened(Y/N),yes,5,"{
  ""correct"": ""yes"",
  ""score"": 5
}"
898,000053,Does the frame convey the completion of the task?,"No, the task appears to be in progress.","Yes, the frame shows a close-up of the person's hands as they continue to work on the wall.",Whether Something Happened(Y/N),no,0,"{
  ""correct"": ""no"",
  ""score"": 0
}"
899,000053,Did the rubbing of the surface happen before walking outside?,No,"Yes, the person was seen rubbing the surface before walking outside.",Order Judging(Y/N),no,0,"{""correct"": ""no"", ""score"": 0}"
900,000053,Is the scraper held after removing unwanted cover from the surface?,Yes,Yes.,Order Judging(Y/N),yes,5,"{
  ""correct"": ""yes"",
  ""score"": 5
}"
901,000053,Does the unwanted cover get removed before the surface is rubbed?,Yes,"Yes, the unwanted cover is removed before the surface is rubbed.",Order Judging(Y/N),yes,5,"{
  ""correct"": ""yes"",
  ""score"": 5
}"
902,000053,Did walking outside occur before holding the scraper?,Yes,"Yes, walking outside occurred before holding the scraper.",Order Judging(Y/N),yes,5,"{
  ""correct"": ""yes"",
  ""score"": 5
}"
903,000053,What happens before the surface is rubbed?,Unwanted cover is removed.,"Before the surface is rubbed, a person points at something on the wall and then rubs it with a tool.",What event order,no,1,"{
  ""correct"": ""no"",
  ""score"": 1
}"
904,000053,What occurs just before the scraper is held?,The surface is rubbed.,"Just before the scraper is held, a car is parked in the background.",What event order,no,0,"{
  ""correct"": ""no"",
  ""score"": 0
}"
905,000053,What takes place just before removing unwanted cover?,Being outside.,A person wearing a watch and a blue shirt is seen removing unwanted cover from the window.,What event order,no,1,"{
  ""correct"": ""no"",
  ""score"": 1
}"
906,000053,What action occurs before the unwanted cover is removed a second time?,Holding the scraper.,"Before the unwanted cover is removed a second time, the person uses a tool to smooth out any remaining marks on the wall.",What event order,no,1,"{""correct"": ""no"", ""score"": 1}"
907,000053,Did I stare at the wood surface before removing the unwanted cover?,No,"Yes, you stared at the wood surface before removing the unwanted cover.",Order Judging(Y/N),no,0,"{""correct"": ""no"", ""score"": 0}"
908,000053,Did I rub the surface after removing the unwanted cover?,Yes,"Yes, the person removed the unwanted cover and then rubbed it against the surface to remove any remaining debris.",Order Judging(Y/N),yes,5,"{
  ""correct"": ""yes"",
  ""score"": 5
}"
909,000053,Did I remove the unwanted cover before walking outside?,Yes,"Yes, the person removed the unwanted cover before walking outside.",Order Judging(Y/N),yes,5,"{
  ""correct"": ""yes"",
  ""score"": 5
}"
910,000053,What happened before I held the scraper?,Removed unwanted cover and stared at the surface,"Before I held the scraper, a car was parked in front of the garage.",What event order,no,0,"{
  ""correct"": ""no"",
  ""score"": 0
}"
911,000053,What occurred just before walking outside?,Removed the unwanted cover,"Just before walking outside, the person was seen using a tool to smooth out the paint on the wall.",What event order,no,0,"{
  ""correct"": ""no"",
  ""score"": 0
}"
912,000053,What takes place right before removing the unwanted cover?,"Nothing, it's the initial action","A person points towards the door, indicating their intention to remove it.",What event order,no,0,"{
  ""correct"": ""no"",
  ""score"": 0
}"
913,000053,What action occurred immediately before rubbing the surface?,Removed unwanted cover,The person began to rub the surface with a tool.,What event order,no,1,"{""correct"": ""no"", ""score"": 1}"
914,000054,Describe the environment displayed in the video clip.,The video depicts a kitchen scenario.,"The video displays a cluttered kitchen counter with various utensils and containers, including a white container filled with flour or another dry ingredient. The background features tiled walls and a window with a red curtain.",Scene Summary,yes,5,"{
  ""correct"": ""yes"",
  ""score"": 5
}"
915,000054,Identify the items being interacted with in the video clip.,Flour and onions are being used with water and a knife.,"A hand is seen holding an onion, and a white container with a yellow lid is being interacted with.",Scene Summary,no,2,"{
  ""correct"": ""no"",
  ""score"": 2
}"
916,000054,What's the main activity in the scene?,"The main activity is preparing ingredients, mixing and chopping.","The main activity in the scene is a person preparing food, specifically chopping an onion.",Scene Summary,yes,4,"{
  ""correct"": ""yes"",
  ""score"": 4
}"
917,000054,What objects are present in the scene related to the activity?,"Container of flour, a knife, and mixed dough are noticeable.","A metal bowl, a white container with a yellow lid, and various kitchen utensils are present.",Scene Summary,no,1,"{
  ""correct"": ""no"",
  ""score"": 1
}"
918,000054,Did the person use a knife on the onions?,Yes.,Yes.,Whether Something Happened(Y/N),yes,5,"{
  ""correct"": ""yes"",
  ""score"": 5
}"
919,000054,Was water added to the flour in the video?,Yes.,Yes.,Whether Something Happened(Y/N),yes,5,"{
  ""correct"": ""yes"",
  ""score"": 5
}"
920,000054,Did the preparation seem to be for baking?,"No, more likely for cooking.","Yes, the preparation seems to be for baking.",Whether Something Happened(Y/N),no,0,"{
  ""correct"": ""no"",
  ""score"": 0
}"
921,000055,Describe the environment where the cooking is taking place.,The cooking is taking place in a kitchen.,"The cooking is taking place in a small, cluttered kitchen with tiled walls and a window.",Scene Summary,yes,4,"{
  ""correct"": ""yes"",
  ""score"": 4
}"
922,000055,What step is being performed with the pan?,Oil is being poured into the pan.,The pan is being filled with water from a metal container.,Scene Summary,no,1,"{""correct"": ""no"", ""score"": 1}"
923,000055,Are there any other objects visible associated with cooking?,"Yes, there are kitchen utensils and containers.","Yes, a hand holding a container of water is visible in the background.",Scene Summary,no,1,"{
  ""correct"": ""no"",
  ""score"": 1
}"
924,000055,Are there any ingredients ready to be cooked?,"Yes, there are chopped ingredients on the cutting board.","Yes, there are ingredients ready to be cooked on the stove.",Action Caption,no,2,"{
  ""correct"": ""no"",
  ""score"": 2
}"
925,000055,What is implied by the action of pouring oil in the pan?,The person is preparing to cook or fry food.,The action of pouring oil in the pan implies that it is being used to cook or prepare food.,Action Caption,yes,5,"{
  ""correct"": ""yes"",
  ""score"": 5
}"
926,000055,What will likely happen next in the cooking process?,The food will be added to the heated oil for cooking.,"Next, the person will likely pour a liquid from the can into one of the pots to mix with the cooked chickpeas.",Action Caption,no,1,"{
""correct"": ""no"",
""score"": 1
}"
927,000055,Did the person start cooking as soon as the video began?,No.,"No, the person did not start cooking until after pouring the liquid into the pot.",Whether Something Happened(Y/N),yes,5,"{
  ""correct"": ""yes"",
  ""score"": 5
}"
928,000055,Has the person used any kitchen utensils yet?,Yes.,Yes.,Whether Something Happened(Y/N),yes,5,"{
  ""correct"": ""yes"",
  ""score"": 5
}"
929,000055,Is the person cooking unattended or seen in the frame?,"The person is unattended, not seen in the frame.","The person is seen in the frame, cooking unattended.",Whether Something Happened(Y/N),no,1,"{
  ""correct"": ""no"",
  ""score"": 1
}"
930,000055,Has the heat been turned on under the pan yet?,No.,Yes.,Whether Something Happened(Y/N),no,0,"{""correct"": ""no"", ""score"": 0}"
931,000055,"In the video, does mixing flour with water happen before cutting onions?",Yes.,"Yes, the video shows a hand mixing flour with water before cutting onions.",Order Judging(Y/N),yes,5,"{
  ""correct"": ""yes"",
  ""score"": 5
}"
932,000055,Is cooking the food shown before opening the door in the video?,Yes.,Yes.,Order Judging(Y/N),yes,5,"{
  ""correct"": ""yes"",
  ""score"": 5
}"
933,000055,"In the video, does pouring oil in the pan occur after cutting onions?",Yes.,"Yes, the video shows a hand pouring oil into the pan after cutting onions.",Order Judging(Y/N),yes,5,"{
  ""correct"": ""yes"",
  ""score"": 5
}"
934,000055,"In the video, is oil poured into the pan before cooking the food?",No.,Yes,Order Judging(Y/N),no,0,"{""correct"": ""no"", ""score"": 0}"
935,000056,What is the setting of the video clip?,The setting is a kitchen.,The setting of the video clip is a kitchen.,Scene Summary,yes,5,"{
  ""correct"": ""yes"",
  ""score"": 5
}"
936,000056,What tasks are being performed in the scene?,"Cooking food, cleaning the counter, rolling dough.","The tasks being performed include preparing food, washing dishes, and cooking.",Scene Summary,no,2,"{
  ""correct"": ""no"",
  ""score"": 2
}"
937,000056,Can you caption the cleaning action in the clip?,Tidying up the kitchen counter.,"Yes, the caption could be 'Cleaning action in a kitchen.'",Action Caption,no,2,"{""correct"": ""no"", ""score"": 2}"
938,000056,How is the dough being prepared?,The dough is being rolled.,The dough is being prepared by kneading it in a bowl.,Action Caption,no,1,"{
  ""correct"": ""no"",
  ""score"": 1
}"
939,000056,Does the video show someone cooking?,Yes.,Yes.,Whether Something Happened(Y/N),yes,5,"{
  ""correct"": ""yes"",
  ""score"": 5
}"
940,000056,Is the counter being cleaned in the video?,Yes.,Yes.,Whether Something Happened(Y/N),yes,5,"{
  ""correct"": ""yes"",
  ""score"": 5
}"
941,000056,Is there a scene of rolling dough in the video?,Yes.,Yes.,Whether Something Happened(Y/N),yes,5,"{
  ""correct"": ""yes"",
  ""score"": 5
}"
942,000056,Does rolling the dough happen before cleaning the counter?,No,"Yes, the person starts rolling the dough on a black surface before cleaning the counter.",Order Judging(Y/N),no,0,"{
  ""correct"": ""no"",
  ""score"": 0
}"
943,000056,Is the food cooked after I clean the counter?,Yes,Yes.,Order Judging(Y/N),yes,5,"{
  ""correct"": ""yes"",
  ""score"": 5
}"
944,000056,"Before the food is cooked, what do I do?",In the kitchen.,"Before the food is cooked, I place a piece of dough on a plate and start kneading it.",What event order,no,0,"{
""correct"": ""no"",
""score"": 0
}"
945,000056,What occurs just before I clean the counter?,Cook food.,A person is seen placing a piece of dough on the counter.,What event order,no,1,"{""correct"": ""no"", ""score"": 1}"
946,000056,"In the video, what takes place right before rolling the dough?",Clean the counter.,"Right before rolling the dough, a hand is seen holding a piece of dough and placing it into a pot on the stove.",What event order,no,0,"{
  ""correct"": ""no"",
  ""score"": 0
}"
947,000056,"In the video, does the mixing of flour with water happen before cutting the onions?",Yes,"Yes, the mixing of flour with water happens before cutting the onions.",Order Judging(Y/N),yes,5,"{
  ""correct"": ""yes"",
  ""score"": 5
}"
948,000057,What is the setting of the video clip?,"Inside a house, in the kitchen.",The setting of the video clip is a kitchen.,Scene Summary,yes,4,"{
  ""correct"": ""yes"",
  ""score"": 4
}"
949,000057,What activity is depicted in the scene?,Making dough for cooking.,"The scene depicts a person preparing dough, likely for baking or cooking.",Scene Summary,yes,5,"{
  ""correct"": ""yes"",
  ""score"": 5
}"
950,000057,What tools are being utilized in the scene?,"Hands, rolling pin, flour container.","A person is using a spoon to mix the dough, and there are various kitchen utensils visible on the counter.",Scene Summary,no,1,"{""correct"": ""no"", ""score"": 1}"
951,000057,Where specifically is the dough preparation taking place?,On a newspaper-covered surface.,The dough preparation is taking place on a kitchen counter.,Scene Summary,no,2,"{
  ""correct"": ""no"",
  ""score"": 2
}"
952,000057,What is the immediate environment around the dough-making area?,Nearby kitchen appliances and utensils.,"The immediate environment around the dough-making area includes a tiled wall, various kitchen utensils and appliances, including a metal pot on the left side of the frame.",Scene Summary,yes,5,"{
  ""correct"": ""yes"",
  ""score"": 5
}"
953,000057,What is the main action taking place in these frames?,The dough is being rolled out.,"The main action is the preparation of dough, with hands mixing and shaping it.",Action Caption,no,2,"{
  ""correct"": ""no"",
  ""score"": 2
}"
954,000057,What action precedes the rolling of the dough?,Dipping the dough in flour.,The action that precedes the rolling of the dough is mixing it with a wooden spoon.,Action Caption,no,1,"{""correct"": ""no"", ""score"": 1}"
955,000057,How is the dough initially shaped?,It is shaped by hand.,The dough is initially shaped into a small ball.,Action Caption,no,2,"{
  ""correct"": ""no"",
  ""score"": 2
}"
956,000057,What is the purpose of the flour in the dough rolling process?,To prevent sticking to the rolling pin.,The flour is used to help the dough rise and develop its elasticity.,Action Caption,no,0,"{
""correct"": ""no"",
""score"": 0
}"
957,000057,What may likely be the next step after rolling the dough?,Cutting or shaping the dough for cooking.,"The next step likely involves placing the dough into a baking tray or pan, as indicated by the presence of a metal container with a yellow lid on the counter.",Action Caption,no,1,"{
  ""correct"": ""no"",
  ""score"": 1
}"
958,000057,Did the person use a rolling pin in the video?,Yes.,Yes.,Whether Something Happened(Y/N),yes,5,"{
  ""correct"": ""yes"",
  ""score"": 5
}"
959,000057,Did the dough-making happen on a bare countertop?,No.,"Yes, the dough-making happened on a bare countertop.",Whether Something Happened(Y/N),no,0,"{""correct"": ""no"", ""score"": 0}"
960,000057,Was an electrical appliance used to roll the dough?,No.,"Yes, an electrical appliance was used to roll the dough.",Whether Something Happened(Y/N),no,0,"{""correct"": ""no"", ""score"": 0}"
961,000057,Did the person complete the dough rolling in one try?,"Not specified, unclear.","Yes, the person completed the dough rolling in one try.",Whether Something Happened(Y/N),no,0,"{""correct"": ""no"", ""score"": 0}"
962,000057,Is the flour container closed in the scene?,Yes.,Yes.,Whether Something Happened(Y/N),yes,5,"{
  ""correct"": ""yes"",
  ""score"": 5
}"
963,000057,"In the video, is the dough rolled with hands before it's dipped in flour?",Yes,Yes,Order Judging(Y/N),yes,5,"{
  ""correct"": ""yes"",
  ""score"": 5
}"
964,000057,Is the food cooked before the counter is cleaned?,Yes,Yes.,Order Judging(Y/N),yes,5,"{
  ""correct"": ""yes"",
  ""score"": 5
}"
965,000057,Does the dough rolling with a rolling pin happen after hand rolling?,Yes,"Yes, the dough is rolled with a rolling pin after hand rolling.",Order Judging(Y/N),yes,5,"{
  ""correct"": ""yes"",
  ""score"": 5
}"
966,000057,Is the counter cleaned before the dough is rolled with hands?,Yes,Yes.,Order Judging(Y/N),yes,5,"{
  ""correct"": ""yes"",
  ""score"": 5
}"
967,000057,"In the video, is the rolling pin used before the dough is dipped in flour?",Yes,Yes,Order Judging(Y/N),yes,5,"{""correct"": ""yes"", ""score"": 5}"
968,000057,What is done just before the dough is dipped in flour?,Roll dough with hands,A hand is seen dipping the dough into a bowl of flour.,What event order,no,1,"{
  ""correct"": ""no"",
  ""score"": 1
}"
969,000057,What action is performed before cleaning the counter?,Cook food,"Before cleaning the counter, a hand is seen sprinkling flour over it.",What event order,no,1,"{
  ""correct"": ""no"",
  ""score"": 1
}"
970,000057,What activity happens before the dough is rolled with hands?,Nothing is specified before hand rolling,"Before the dough is rolled with hands, a person places a piece of dough on a surface and then rolls it.",What event order,no,1,"{
  ""correct"": ""no"",
  ""score"": 1
}"
971,000057,Was the counter cleaned after cooking food?,Yes,"Yes, the counter was cleaned after cooking food.",Order Judging(Y/N),yes,5,"{
  ""correct"": ""yes"",
  ""score"": 5
}"
972,000057,Did I roll the dough before dipping it in flour?,No,"Yes, the person rolled the dough before dipping it in flour.",Order Judging(Y/N),no,0,"{""correct"": ""no"", ""score"": 0}"
973,000057,Did I roll dough with hands before rolling it with a rolling pin?,Yes,"Yes, the person rolled dough with hands before rolling it with a rolling pin.",Order Judging(Y/N),yes,5,"{
  ""correct"": ""yes"",
  ""score"": 5
}"
974,000057,What happens right before I dip the dough in flour?,Rolling the dough with hands,A hand dips the dough into a bowl of flour.,What event order,no,1,"{
""correct"": ""no"",
""score"": 1
}"
975,000057,What action occurs just before I roll the dough with a rolling pin?,Dipping dough in flour,"A hand appears, holding a rolling pin and preparing to roll the dough.",What event order,no,1,"{
  ""correct"": ""no"",
  ""score"": 1
}"
976,000057,What do I do just before pouring oil in the pan?,Open the door,I place the pan on a stove and turn it on.,What event order,no,0,"{""correct"": ""no"", ""score"": 0}"
977,000057,What takes place immediately before I clean the counter?,Cook food,A person's hands are seen cleaning the counter.,What event order,no,0,"{""correct"": ""no"", ""score"": 0}"
978,000058,What location is shown in this video clip?,The kitchen.,The video clip shows a kitchen setting.,Scene Summary,yes,5,"{
  ""correct"": ""yes"",
  ""score"": 5
}"
979,000058,What task is being performed in this scene?,Making dough.,The task being performed is preparing a dish by mixing ingredients in a bowl and then adding flour to the mixture.,Scene Summary,yes,4,"{
  ""correct"": ""yes"",
  ""score"": 4
}"
980,000058,What is the setting of this clip?,A kitchen counter.,The setting of this clip is a kitchen.,Scene Summary,yes,4,"{
  ""correct"": ""yes"",
  ""score"": 4
}"
981,000058,What cooking action is taking place?,Rolling dough with a roller.,The person is preparing a dish by mixing ingredients in the bowl.,Action Caption,no,1,"{""correct"": ""no"", ""score"": 1}"
982,000058,Does the frame capture using a rolling pin?,Yes.,Yes,Whether Something Happened(Y/N),yes,5,"{
  ""correct"": ""yes"",
  ""score"": 5
}"
983,000058,Is dough being prepared in this scene?,Yes.,Yes.,Whether Something Happened(Y/N),yes,5,"{
  ""correct"": ""yes"",
  ""score"": 5
}"
984,000058,Are there ingredients visible on the kitchen counter?,Yes.,"Yes, there are ingredients visible on the kitchen counter.",Whether Something Happened(Y/N),yes,5,"{
  ""correct"": ""yes"",
  ""score"": 5
}"
985,000058,"In the video, is the dough cut before it's rolled with hands?",No,Yes.,Order Judging(Y/N),no,0,"{""correct"": ""no"", ""score"": 0}"
986,000058,Does the dipping of dough in flour happen after using the rolling pin?,No,"Yes, the person continues to dip the dough into flour after using the rolling pin.",Order Judging(Y/N),no,0,"{
  ""correct"": ""no"",
  ""score"": 0
}"
987,000058,Does rolling the dough with hands happen before cutting the dough?,Yes,"Yes, rolling the dough with hands happens before cutting it.",Order Judging(Y/N),yes,5,"{
  ""correct"": ""yes"",
  ""score"": 5
}"
988,000058,Is the dough rolled with a roller after being dipped in flour?,Yes,Yes.,Order Judging(Y/N),yes,5,"{
  ""correct"": ""yes"",
  ""score"": 5
}"
989,000058,What occurs just before rolling dough with a roller in the video?,The dough is cut,"A person is seen rolling dough with a roller, preparing it for the next step in the cooking process.",What event order,no,0,"{
  ""correct"": ""no"",
  ""score"": 0
}"
990,000058,"In the video sequence, what happens before rolling dough with hands?","Nothing, it's the first action","Before rolling dough with hands, the person places a bowl of flour on the counter and begins to roll it.",What event order,no,0,"{
  ""correct"": ""no"",
  ""score"": 0
}"
991,000058,What is done just before cutting the dough?,The dough is rolled with hands,"Just before cutting the dough, a hand is seen holding a package of flour.",What event order,no,0,"{
  ""correct"": ""no"",
  ""score"": 0
}"
992,000058,Did I clean the counter before rolling the dough?,Yes,"Yes, the person rolled out the dough on the counter before cleaning it.",Order Judging(Y/N),no,2,"{""correct"": ""no"", ""score"": 2}"
993,000058,Was the dough cut before being rolled?,Yes,Yes.,Order Judging(Y/N),yes,5,"{
  ""correct"": ""yes"",
  ""score"": 5
}"
994,000058,Did I dip the dough in flour before using the rolling pin?,Yes,"Yes, the person dipped the dough in flour before using the rolling pin.",Order Judging(Y/N),yes,5,"{
  ""correct"": ""yes"",
  ""score"": 5
}"
995,000058,Did I cook food after rolling the dough with my hands?,No,"Yes, after rolling the dough with your hands, you placed it on a newspaper.",Order Judging(Y/N),no,0,"{
  ""correct"": ""no"",
  ""score"": 0
}"
996,000058,Was the counter cleaned after the dough was cut?,No,"Yes, the counter was cleaned after the dough was cut.",Order Judging(Y/N),no,0,"{""correct"": ""no"", ""score"": 0}"
997,000058,What do I do before rolling the dough with a roller?,Cut the dough,"Before rolling the dough with a roller, you should ensure that all ingredients are well combined and ready for use.",What event order,no,1,"{""correct"": ""no"", ""score"": 1}"
998,000058,What occurs just before cutting the dough?,Rolling dough with hands,"Just before cutting the dough, a hand is seen holding a package of flour.",What event order,no,0,"{
  ""correct"": ""no"",
  ""score"": 0
}"
999,000058,What do I do before cleaning the counter?,Cook food,"Before cleaning the counter, you should first wash your hands.",What event order,no,0,"{""correct"": ""no"", ""score"": 0}"
1000,000059,Describe the main activity occurring in this section of video.,Food preparation for a meal.,"The main activity is the preparation of a dough, with the person using a spatula to spread and shape it.",Action Caption,no,2,"{""correct"": ""no"", ""score"": 2}"
1001,000059,What is the current culinary action captured here?,Ready to cook flatbread on the pan.,"The current culinary action captured here is the preparation of a dough, likely for making flatbreads or similar dishes.",Action Caption,no,2,"{
  ""correct"": ""no"",
  ""score"": 2
}"
1002,000059,Did the person successfully slice the cucumber?,Yes.,"Yes, the person successfully sliced the cucumber into thin pieces.",Whether Something Happened(Y/N),yes,5,"{
  ""correct"": ""yes"",
  ""score"": 5
}"
1003,000059,Has the lemon been placed on the cucumber slices?,Yes.,"No, the lemon has not been placed on the cucumber slices.",Whether Something Happened(Y/N),no,0,"{
  ""correct"": ""no"",
  ""score"": 0
}"
1004,000060,Describe the setting in this video clip.,A kitchen with a person cooking roti on a stove.,"The setting is a kitchen with tiled walls, where the person is preparing food on a stove.",Scene Summary,yes,4,"{
  ""correct"": ""yes"",
  ""score"": 4
}"
1005,000060,What is the visual focal point of this scene?,The pan with the roti being roasted.,The visual focal point of this scene is the person's hands skillfully handling a dough ball in the center of the frame.,Scene Summary,no,2,"{
  ""correct"": ""no"",
  ""score"": 2
}"
1006,000060,Where is the roti being placed after roasting?,In a pot next to the stove.,The roti is placed on a countertop next to the pot.,Scene Summary,no,2,"{
  ""correct"": ""no"",
  ""score"": 2
}"
1007,000060,What kitchen equipment is being utilized in this action?,A frying pan and a stove.,A black frying pan is being used to cook the dough.,Action Caption,no,3,"{
  ""correct"": ""no"",
  ""score"": 3
}"
1008,000060,Does the clip show a person flipping the roti?,No.,Yes,Whether Something Happened(Y/N),no,0,"{""correct"": ""no"", ""score"": 0}"
1009,000060,Is the roti being taken out of the pan in this frame?,Yes.,Yes.,Whether Something Happened(Y/N),yes,5,"{
  ""correct"": ""yes"",
  ""score"": 5
}"
1010,000060,Does the clip involve any baking activity?,No.,"Yes, the clip involves baking activity as well.",Whether Something Happened(Y/N),no,0,"{""correct"": ""no"", ""score"": 0}"
1011,000060,Is there another person assisting with the cooking?,No.,"Yes, another person is visible in the background.",Whether Something Happened(Y/N),no,0,"{
  ""correct"": ""no"",
  ""score"": 0
}"
1012,000060,Was the flat bread prepared before the roti was roasted?,Yes,"Yes, the flat bread was prepared before the roti was roasted.",Order Judging(Y/N),yes,5,"{
  ""correct"": ""yes"",
  ""score"": 5
}"
1013,000060,Did I put the roasted roti in the pot before cutting the cucumber?,No,"Yes, the person cut the cucumber before placing it into the pot.",Order Judging(Y/N),no,0,"{""correct"": ""no"", ""score"": 0}"
1014,000060,Did I roast the roti after preparing the flat bread?,Yes,"Yes, the roti was roasted after preparing the flat bread.",Order Judging(Y/N),yes,5,"{
  ""correct"": ""yes"",
  ""score"": 5
}"
1015,000061,What cooking method is used for tortillas?,They are placed in a hot pot.,The tortillas are cooked in a deep-fried pan.,Scene Summary,no,1,"{""correct"": ""no"", ""score"": 1}"
1016,000061,Is the person wearing oven mitts?,No.,No.,Whether Something Happened(Y/N),yes,5,"{
  ""correct"": ""yes"",
  ""score"": 5
}"
1017,000061,"In the video, is the pot closed after the roti is put inside?",Yes,Yes.,Order Judging(Y/N),yes,5,"{
  ""correct"": ""yes"",
  ""score"": 5
}"
1018,000061,Did I use a spatula to roast the roti before placing it in the pot?,Yes,"Yes, the person used a spatula to roast the roti before placing it in the pot.",Order Judging(Y/N),yes,5,"{
  ""correct"": ""yes"",
  ""score"": 5
}"
1019,000061,What activity is shown just before the roti comes in contact with the pan?,The roti is picked up,"Just before the roti comes in contact with the pan, a hand is seen stirring or flipping the roti.",What event order,no,1,"{
  ""correct"": ""no"",
  ""score"": 1
}"
1020,000062,Who is involved in the scene?,A man and some girls.,"The scene is involving a person who appears to be preparing food, as indicated by the presence of various ingredients and utensils.",Scene Summary,no,0,"{
  ""correct"": ""no"",
  ""score"": 0
}"
1021,000062,What activity is taking place?,Food preparation.,"The activity taking place is the preparation of a dish, likely for serving or consumption.",Scene Summary,yes,5,"{
  ""correct"": ""yes"",
  ""score"": 5
}"
1022,000062,What can be seen on the table in the scene?,Ingredients and cooking utensils.,"On the table, there are various bowls containing different ingredients and a large metal tray with a yellowish liquid mixture.",Scene Summary,yes,4,"{
  ""correct"": ""yes"",
  ""score"": 4
}"
1023,000062,What is the camera wearer doing with the spoon?,Cooking food.,"The camera wearer is using the spoon to scoop and mix a yellowish liquid mixture, likely a batter or sauce.",Action Caption,yes,4,"{
  ""correct"": ""yes"",
  ""score"": 4
}"
1024,000062,What can be assumed about the pace of the activity?,It is fast-paced.,"The activity appears to be fast-paced, as indicated by the close-up shots of the food preparation process.",Action Caption,yes,5,"{
  ""correct"": ""yes"",
  ""score"": 5
}"
1025,000062,Does the video show any monetary transaction?,No.,"Yes, the video shows a transaction of 10 Indian Rupees being exchanged for food.",Whether Something Happened(Y/N),no,0,"{
  ""correct"": ""no"",
  ""score"": 0
}"
1026,000062,Is the food prepared for a large group?,Yes.,Yes.,Whether Something Happened(Y/N),yes,5,"{
  ""correct"": ""yes"",
  ""score"": 5
}"
1027,000062,Does the camera wearer handle more than one dish?,Yes.,"Yes, the camera wearer handles multiple dishes.",Whether Something Happened(Y/N),yes,5,"{
  ""correct"": ""yes"",
  ""score"": 5
}"
1028,000063,What is the setting in this video clip?,A food tent with servings of food.,"The setting is a bustling street food stall at night, illuminated by bright lights.",Scene Summary,no,1,"{
  ""correct"": ""no"",
  ""score"": 1
}"
1029,000063,Is the person serving food to more than one person?,Yes.,Yes.,Whether Something Happened(Y/N),yes,5,"{
  ""correct"": ""yes"",
  ""score"": 5
}"
1030,000063,Is there a pot included in the food items being served?,Yes.,Yes.,Whether Something Happened(Y/N),yes,5,"{
  ""correct"": ""yes"",
  ""score"": 5
}"
1031,000063,Is the setting of this video during a nighttime event?,Yes.,Yes.,Whether Something Happened(Y/N),yes,5,"{
  ""correct"": ""yes"",
  ""score"": 5
}"
1032,000063,Is the food made for a man and some girls before serving food under the tent?,Yes,Yes.,Order Judging(Y/N),yes,5,"{""correct"": ""yes"", ""score"": 5}"
1033,000064,What is the setting of the video clip?,At a roadside food stall.,The setting of the video clip is a bustling street food stall.,Scene Summary,yes,5,"{
  ""correct"": ""yes"",
  ""score"": 5
}"
1034,000064,Who is the main person interacting with others in the scene?,A food stall vendor.,The main person is interacting with others by holding a smartphone and showing it to the camera.,Scene Summary,no,1,"{
  ""correct"": ""no"",
  ""score"": 1
}"
1035,000064,What type of interaction occurs between the vendor and customers?,Serving food and conversing.,The vendor interacts with customers by offering them food and engaging in a conversation.,Scene Summary,yes,5,"{
  ""correct"": ""yes"",
  ""score"": 5
}"
1036,000064,How is the stall vendor engaging with the customers besides serving food?,Talking with them.,"The stall vendor is engaging with the customers by interacting with them through a mobile phone, possibly to share updates or orders.",Action Caption,no,1,"{
  ""correct"": ""no"",
  ""score"": 1
}"
1037,000064,Is the vendor wearing gloves while handling food?,No.,Yes.,Whether Something Happened(Y/N),no,0,"{""correct"": ""no"", ""score"": 0}"
1038,000064,Does the video show a customer receiving change after payment?,No.,Yes,Whether Something Happened(Y/N),no,0,"{""correct"": ""no"", ""score"": 0}"
1039,000064,Is there any interaction between the customers in the frame?,No.,"Yes, a customer is seen holding an item and interacting with the food preparation area.",Whether Something Happened(Y/N),no,0,"{
  ""correct"": ""no"",
  ""score"": 0
}"
1040,000064,Does the stall have a digital payment option displayed?,Yes.,Yes.,Whether Something Happened(Y/N),yes,5,"{
  ""correct"": ""yes"",
  ""score"": 5
}"
1041,000064,Does the interaction with woman B happen before serving to woman C?,Yes,"Yes, the interaction with woman B happens before serving to woman C.",Order Judging(Y/N),yes,5,"{
  ""correct"": ""yes"",
  ""score"": 5
}"
1042,000064,Do I serve food to a group of people before the roadside food stall scene?,No,"Yes, the video shows a group of people gathered around the roadside food stall.",Order Judging(Y/N),no,0,"{
""correct"": ""no"",
""score"": 0
}"
1043,000064,"In the video, did I serve food under the tent before talking to man A at the stand?",No,"Yes, the man A at the stand served food under the tent before talking to him.",Order Judging(Y/N),no,0,"{""correct"": ""no"", ""score"": 0}"
1044,000064,"In the video, does serving pani puri occur before making food for the man and girls?",Yes,"Yes, the video shows a man and girls preparing food for themselves before serving pani puri.",Order Judging(Y/N),no,1,"{
  ""correct"": ""no"",
  ""score"": 1
}"
1045,000064,"What happens before interacting with woman A, B, and C at the roadside stall?",I serve food to a group of people.,"Before interacting with woman A, B, and C at the roadside stall, a person wearing a black shirt is seen holding a small container.",What event order,no,1,"{
  ""correct"": ""no"",
  ""score"": 1
}"
1046,000065,Describe the setting of this video clip.,A roadside food stall at night.,"The video is set in a bustling street food stall at night, with various dishes and people visible. The atmosphere is lively, and the focus is on the preparation of food by a person using a mobile phone to take photos or videos.",Scene Summary,yes,4,"{
  ""correct"": ""yes"",
  ""score"": 4
}"
1047,000065,Could you summarize the depicted scenario?,A person serving and conversing at a food stall.,"The video shows a bustling street food stall at night, with various dishes being prepared and served. The scene includes a person preparing a dish on the left side of the frame, while another individual is seen serving food from a bowl to the right. The background features other stalls and people, contributing to the lively atmosphere of the market.",Scene Summary,yes,4,"{
  ""correct"": ""yes"",
  ""score"": 4
}"
1048,000065,Did the vendor converse with two individuals?,Yes.,"Yes, the vendor conversed with two individuals.",Whether Something Happened(Y/N),yes,5,"{
  ""correct"": ""yes"",
  ""score"": 5
}"
1049,000065,"In the sequence, is food served at the roadside stall before the food tent?",No,"Yes, the video shows food being served at the roadside stall before the food tent.",Order Judging(Y/N),no,0,"{""correct"": ""no"", ""score"": 0}"
1050,000066,What scene is captured in the video clip?,A food stand with cooking in progress.,"The video captures a bustling street food stall at night, with various dishes and people in the background.",Scene Summary,yes,4,"{
  ""correct"": ""yes"",
  ""score"": 4
}"
1051,000066,What's the brief of the depicted scenario?,Food preparation at a stand with a customer waiting.,"The brief of the depicted scenario is a person preparing food in an outdoor setting, possibly at night.",Scene Summary,no,2,"{
  ""correct"": ""no"",
  ""score"": 2
}"
1052,000066,Does the scene capture a customer receiving their order?,No.,Yes,Whether Something Happened(Y/N),no,0,"{""correct"": ""no"", ""score"": 0}"
1053,000066,Is there any indication of a payment transaction in the video?,No.,"Yes, there is a person in the background who appears to be interacting with the food stall.",Whether Something Happened(Y/N),no,0,"{
  ""correct"": ""no"",
  ""score"": 0
}"
1054,000066,Does the video show the cook finishing the dish?,No.,Yes,Whether Something Happened(Y/N),no,0,"{""correct"": ""no"", ""score"": 0}"
1055,000066,Is the cook multitasking between cooking and another activity?,Yes.,Yes.,Whether Something Happened(Y/N),yes,5,"{
  ""correct"": ""yes"",
  ""score"": 5
}"
1056,000066,Does the cook appear to be preparing food for more than one person?,Yes.,"Yes, the cook appears to be preparing food for more than one person.",Whether Something Happened(Y/N),yes,5,"{
  ""correct"": ""yes"",
  ""score"": 5
}"
1057,000066,Did the discussion with man X and man Y happen before serving woman Z?,No,"No, the discussion with man X and man Y happened after serving woman Z.",Order Judging(Y/N),yes,5,"{""correct"": ""yes"", ""score"": 5}"
1058,000066,What event happened before the phone conversation?,Serving a different customer,"Before the phone conversation, there was a bustling street food scene.",What event order,no,0,"{
  ""correct"": ""no"",
  ""score"": 0
}"
1059,000066,Was food made for woman A after the interaction with woman B?,Yes,"Yes, food was made for woman A after the interaction with woman B.",Order Judging(Y/N),yes,5,"{
  ""correct"": ""yes"",
  ""score"": 5
}"
1060,000066,Did the phone conversation occur before discussing with man Y?,Yes,"No, the phone conversation occurred after discussing with man Y.",Order Judging(Y/N),no,0,"{""correct"": ""no"", ""score"": 0}"
1061,000066,What is seen happening before making food for man B?,Talked on the phone,"Before making food for man B, a person is seen preparing the food on the table.",What event order,no,0,"{
  ""correct"": ""no"",
  ""score"": 0
}"
1062,000066,What took place just before making food for woman A?,Talked on the phone,"Just before making food for woman A, a person was seen pouring a liquid from a yellow container into the pan.",What event order,no,0,"{""correct"": ""no"", ""score"": 0}"
1063,000067,What is the location of the scene in the video?,The location is at a food stand.,The scene is set in a bustling street food stall at night.,Scene Summary,yes,4,"{
  ""correct"": ""yes"",
  ""score"": 4
}"
1064,000067,How many customers are being interacted with?,Three customers are being interacted with.,Two customers are being interacted with.,Scene Summary,no,1,"{""correct"": ""no"", ""score"": 1}"
1065,000067,Does the frame show the server handing pani puris to a customer?,Yes.,Yes,Whether Something Happened(Y/N),yes,5,"{""correct"": ""yes"", ""score"": 5}"
1066,000067,Is the shown frame depicting an indoor activity?,No.,Yes.,Whether Something Happened(Y/N),no,0,"{""correct"": ""no"", ""score"": 0}"
1067,000067,Does the video involve interaction between the server and customers?,Yes.,"Yes, the server interacts with customers by offering them food and engaging in conversation.",Whether Something Happened(Y/N),yes,5,"{
  ""correct"": ""yes"",
  ""score"": 5
}"
1068,000067,Is the phone conversation happening before making food for woman A?,Yes,Yes.,Order Judging(Y/N),yes,5,"{
  ""correct"": ""yes"",
  ""score"": 5
}"
1069,000067,Does man Z get served before the phone conversation starts?,No,"Yes, man Z gets served before the phone conversation starts.",Order Judging(Y/N),no,0,"{""correct"": ""no"", ""score"": 0}"
1070,000067,"In the video, is the interaction with man X and Y before the food preparation for woman A and man B?",No,"Yes, the interaction with man X and Y is briefly mentioned before the food preparation for woman A and man B.",Order Judging(Y/N),no,0,"{
  ""correct"": ""no"",
  ""score"": 0
}"
1071,000067,Do I talk to man Z before making food for woman A and man B?,No.,"Yes, you talk to man Z before making food for woman A and man B.",Order Judging(Y/N),no,0,"{""correct"": ""no"", ""score"": 0}"
1072,000067,Is the food prepared for woman Z before the interaction with man Z?,Yes.,Yes.,Order Judging(Y/N),yes,5,"{""correct"": ""yes"", ""score"": 5}"
1073,000067,What do I do before making food for woman A and man B?,Talking on the phone.,"Before making food for woman A and man B, you should prepare the table.",What event order,no,0,"{""correct"": ""no"", ""score"": 0}"
1074,000068,How many individuals does the camera wearer interact with?,Three individuals.,The camera wearer interacts with two individuals.,Scene Summary,no,1,"{""correct"": ""no"", ""score"": 1}"
1075,000068,Are there any objects visible in the scene?,"Yes, food and serving utensils.","Yes, there are objects like a yellow container and a black object on the table.",Scene Summary,no,1,"{
  ""correct"": ""no"",
  ""score"": 1
}"
1076,000068,Is the environment depicted busy or calm?,"Busy, with serving and conversation happening.","The environment is described as busy, with a bustling street scene in the background.",Scene Summary,yes,4,"{
  ""correct"": ""yes"",
  ""score"": 4
}"
1077,000068,Did the camera wearer carry out more than one task?,"Yes, serving and conversing.","Yes, the camera wearer carried out multiple tasks.",Action Caption,yes,4,"{
  ""correct"": ""yes"",
  ""score"": 4
}"
1078,000068,Did the serving of food appear organized or haphazard?,"Organized, with food laid out.",The serving of food appeared organized and well-arranged.,Action Caption,yes,5,"{
  ""correct"": ""yes"",
  ""score"": 5
}"
1079,000068,Are all men engaged in eating or just conversing?,"Only one is shown eating, others converse.","No, the video shows a man eating and another person conversing.",Action Caption,yes,4,"{
  ""correct"": ""yes"",
  ""score"": 4
}"
1080,000068,Was there verbal exchange under the tent?,Yes.,"Yes, there was a conversation between the person and another individual in the tent.",Whether Something Happened(Y/N),yes,5,"{
  ""correct"": ""yes"",
  ""score"": 5
}"
1081,000068,Is there visible evidence of food being consumed in the frame?,Yes.,"Yes, there is a hand reaching towards the food on the table.",Whether Something Happened(Y/N),yes,5,"{
  ""correct"": ""yes"",
  ""score"": 5
}"
1082,000068,Does the scene suggest any sign of a rush or urgency?,"No, it appears orderly.","No, the scene does not suggest any rush or urgency.",Whether Something Happened(Y/N),yes,5,"{
  ""correct"": ""yes"",
  ""score"": 5
}"
1083,000068,Is the preparation of pani puris shown before serving them to man X and Y?,Yes,"Yes, the preparation of pani puris is shown before serving them to man X and Y.",Order Judging(Y/N),yes,5,"{
  ""correct"": ""yes"",
  ""score"": 5
}"
1084,000068,Do I talk on the phone prior to serving food under the food tent?,Yes,"Yes, you can talk on the phone prior to serving food under the food tent.",Order Judging(Y/N),yes,5,"{
  ""correct"": ""yes"",
  ""score"": 5
}"
1085,000068,What occurs just before serving food to man A under the food tent?,Preparing food,"Just before serving food to man A, the food tent is illuminated by bright lights.",What event order,no,0,"{
  ""correct"": ""no"",
  ""score"": 0
}"
1086,000069,What activity is taking place at the stall?,A person is serving potato balls and gruel.,"The activity taking place at the stall is preparing and serving food, with various ingredients and utensils visible on the table.",Scene Summary,no,2,"{
  ""correct"": ""no"",
  ""score"": 2
}"
1087,000069,Who is interacting at the food stall?,"A server, a woman, and a girl.","A person wearing a blue shirt is interacting at the food stall, holding a smartphone and possibly taking photos or videos of the food preparation process.",Scene Summary,no,1,"{
  ""correct"": ""no"",
  ""score"": 1
}"
1088,000069,What type of service is depicted at the stall?,Food service involving potato balls and gruel.,"The stall is a mobile food service, as indicated by the presence of a small table and a phone.",Scene Summary,no,1,"{
  ""correct"": ""no"",
  ""score"": 1
}"
1089,000069,Who is preparing the food in the video clip?,The server at the stall.,A person wearing a blue shirt is preparing the food.,Action Caption,no,2,"{
  ""correct"": ""no"",
  ""score"": 2
}"
1090,000069,What actions can be seen in the frame provided?,Preparing and serving food at the stall.,"The actions include the person pouring a dark liquid into a bowl, scooping food from a bowl with their hand, and interacting with other objects in the frame.",Action Caption,no,2,"{
  ""correct"": ""no"",
  ""score"": 2
}"
1091,000069,Is the food being freshly prepared or pre-packaged?,"Freshly prepared, as seen in the video.",The food is freshly prepared and ready to be served.,Action Caption,yes,5,"{
  ""correct"": ""yes"",
  ""score"": 5
}"
1092,000069,Does the server use any special tools for serving?,Not evident in the provided frame.,"Yes, the server uses a spatula to scoop up the food and then uses a spoon to serve it.",Action Caption,no,0,"{
  ""correct"": ""no"",
  ""score"": 0
}"
1093,000069,Does the video show the server using a foam plate for serving?,Yes.,Yes.,Whether Something Happened(Y/N),yes,5,"{
  ""correct"": ""yes"",
  ""score"": 5
}"
1094,000069,Can we see any cooking equipment in the video?,"Yes, in the provided frame.","Yes, there is a small stove with a blue lid and some cooking utensils visible in the background.",Whether Something Happened(Y/N),yes,4,"{
  ""correct"": ""yes"",
  ""score"": 4
}"
1095,000069,Did the serving of potato balls occur before serving gruel?,Yes,"Yes, the serving of potato balls occurred before serving gruel.",Order Judging(Y/N),yes,5,"{
  ""correct"": ""yes"",
  ""score"": 5
}"
1096,000069,Was the conversation with man E before serving food to the woman Z?,No,"Yes, the conversation with man E was before serving food to the woman Z.",Order Judging(Y/N),no,0,"{""correct"": ""no"", ""score"": 0}"
1097,000069,What event occurs just before serving food to man A?,Being under a food tent,"Just before serving food to man A, a person wearing a blue shirt is seen holding a smartphone.",What event order,no,0,"{
  ""correct"": ""no"",
  ""score"": 0
}"
1098,000069,What happens right before serving potato balls?,Interacting with a group of people,"A person is seen holding a small container, possibly containing a sauce or condiment.",What event order,no,0,"{
  ""correct"": ""no"",
  ""score"": 0
}"
1099,000069,What event happens before interacting with a group of people?,Being at a stall,"Before interacting with a group of people, the person is seen preparing food in an outdoor setting.",What event order,no,1,"{
  ""correct"": ""no"",
  ""score"": 1
}"
1100,000069,Did the serving of potato balls happen before the gruel in foam plates?,No,"Yes, the serving of potato balls happened before the gruel in foam plates.",Order Judging(Y/N),no,0,"{""correct"": ""no"", ""score"": 0}"
1101,000069,"In the video, is the food tent scene before the interaction with the group of people?",No,No.,Order Judging(Y/N),yes,5,"{""correct"": ""yes"", ""score"": 5}"
1102,000069,What do we see happening just before the food stand scene?,Serving at a stall,"Just before the food stand scene, we see a person wearing a blue shirt standing in front of the food stand.",What event order,no,1,"{
  ""correct"": ""no"",
  ""score"": 1
}"
1103,000070,What's the setting of the video clip?,Inside a food kiosk.,"The setting of the video clip is a bustling street food stall at night, illuminated by bright lights.",Scene Summary,no,2,"{
  ""correct"": ""no"",
  ""score"": 2
}"
1104,000070,What is the primary activity occurring?,Food preparation and sales.,"The primary activity is the preparation of food, with a focus on cooking and serving.",Scene Summary,no,3,"{
  ""correct"": ""no"",
  ""score"": 3
}"
1105,000070,Are there any customers present in the video?,"Yes, a group of people.","No, there are no customers present in the video.",Scene Summary,no,0,"{
  ""correct"": ""no"",
  ""score"": 0
}"
1106,000070,What can be seen in the kiosk besides the food?,Food ingredients and cooking utensils.,"Besides the food, there are various items on shelves and a person standing nearby.",Scene Summary,no,1,"{
  ""correct"": ""no"",
  ""score"": 1
}"
1107,000070,What type of food is being sold?,It is not specified.,The food being sold is a variety of fried snacks and pastries.,Action Caption,no,0,"{
  ""correct"": ""no"",
  ""score"": 0
}"
1108,000070,Is the food seller working alone?,It's not clear from the clip.,Yes.,Action Caption,no,0,"{""correct"": ""no"", ""score"": 0}"
1109,000070,Does the video show the exchange of goods for payment?,It is not confirmed.,"Yes, the video shows a person placing a small container of food into the wok.",Action Caption,no,0,"{
  ""correct"": ""no"",
  ""score"": 0
}"
1110,000070,Does the video show the food being cooked?,No.,Yes,Whether Something Happened(Y/N),no,0,"{""correct"": ""no"", ""score"": 0}"
1111,000070,Does the video show the food being packaged?,"No, it shows it being prepared.",Yes.,Whether Something Happened(Y/N),no,0,"{""correct"": ""no"", ""score"": 0}"
1112,000070,Is there any indication of the kiosk's location being outdoors?,No.,"Yes, the background suggests an outdoor setting.",Whether Something Happened(Y/N),no,0,"{
  ""correct"": ""no"",
  ""score"": 0
}"
1113,000070,"In the video, is the gruel served after the interaction with the group of people?",Yes,Yes.,Order Judging(Y/N),yes,5,"{""correct"": ""yes"", ""score"": 5}"
1114,000070,Was I at the kiosk before serving potato balls and gruel?,No,"Yes, I was at the kiosk before serving potato balls and gruel.",Order Judging(Y/N),no,0,"{""correct"": ""no"", ""score"": 0}"
1115,000070,Did I sell food before I prepared it in the kiosk?,No,"Yes, the video caption mentions that the person was selling food before preparing it in the kiosk.",Order Judging(Y/N),no,0,"{""correct"": ""no"", ""score"": 0}"
1116,000070,Is the food sold to the group of people after I prepared it?,Yes,Yes,Order Judging(Y/N),yes,5,"{
  ""correct"": ""yes"",
  ""score"": 5
}"
1117,000070,What event took place before serving food to a group of people?,Prepared food in the kiosk,"A group of people gathered around a table, preparing food and engaging in conversation.",What event order,no,1,"{
  ""correct"": ""no"",
  ""score"": 1
}"
1118,000070,Did I serve gruel before serving potato balls?,No,"Yes, the person in the video served gruel before serving potato balls.",Order Judging(Y/N),no,0,"{""correct"": ""no"", ""score"": 0}"
1119,000071,What location is shown in the video frame?,It shows a road.,The video frame shows a street scene with two individuals walking away from the camera.,Scene Summary,yes,4,"{
  ""correct"": ""yes"",
  ""score"": 4
}"
1120,000071,Are there other people present in this scene?,"Yes, people are present.","Yes, there are other people present in the scene.",Scene Summary,yes,5,"{
  ""correct"": ""yes"",
  ""score"": 5
}"
1121,000071,Is the environment urban or rural?,The environment appears to be urban.,"The environment is described as rural, with a grassy area visible on the right side of the frame.",Scene Summary,no,0,"{
  ""correct"": ""no"",
  ""score"": 0
}"
1122,000071,Is the road busy or empty?,The road is busy with movement.,"The road is empty, with only a few people visible.",Scene Summary,no,0,"{
  ""correct"": ""no"",
  ""score"": 0
}"
1123,000071,What is the weather like in the scene?,The weather information is not provided.,"The sky is overcast, suggesting it might be a cool or cloudy day.",Scene Summary,no,1,"{
  ""correct"": ""no"",
  ""score"": 1
}"
1124,000071,Who is walking in this clip?,I am walking along the road.,A person wearing a patterned dress and red shoes is walking in this clip.,Action Caption,no,1,"{
  ""correct"": ""no"",
  ""score"": 1
}"
1125,000071,What is the camera angle capturing?,The camera angle captures from the walker's perspective.,"The camera angle is from a low perspective, looking up towards the sky.",Action Caption,no,1,"{
  ""correct"": ""no"",
  ""score"": 1
}"
1126,000071,Is there interaction with the passerby?,No interaction is mentioned or shown.,Yes.,Action Caption,no,0,"{""correct"": ""no"", ""score"": 0}"
1127,000071,Do any vehicles pass by closely?,"The summary indicates vehicles move past, but closeness isn't specified.","Yes, a motorcycle passes by closely.",Action Caption,no,1,"{
  ""correct"": ""no"",
  ""score"": 1
}"
1128,000071,Is there an accident occurring in the video?,"No, no accident is mentioned.",Yes.,Whether Something Happened(Y/N),no,0,"{""correct"": ""no"", ""score"": 0}"
1129,000071,Is there any construction work shown in the video?,"No, no construction is mentioned.",No.,Whether Something Happened(Y/N),yes,5,"{
  ""correct"": ""yes"",
  ""score"": 5
}"
1130,000071,Does the video frame show clear skies?,The video frame does not provide this information.,No.,Whether Something Happened(Y/N),no,1,"{
  ""correct"": ""no"",
  ""score"": 1
}"
1131,000072,What is the main event depicted in this video clip?,A walk on the road with a woman and interactions with passersby.,The main event depicted in this video clip is a person smoking a cigarette.,Scene Summary,no,0,"{
  ""correct"": ""no"",
  ""score"": 0
}"
1132,000072,Which location is primarily featured in this video clip?,The video clip features a road.,The location primarily featured in this video clip is a road or pathway.,Scene Summary,yes,5,"{
  ""correct"": ""yes"",
  ""score"": 5
}"
1133,000072,How many main subjects are involved in this video scenario?,"Two main subjects, a man and a woman.",Two main subjects are involved in this video scenario: the person and another individual.,Scene Summary,yes,4,"{
  ""correct"": ""yes"",
  ""score"": 4
}"
1134,000072,Are there other individuals present in this video scene besides the subjects?,"Yes, there are passersby present.","Yes, there is another person in the background wearing a blue and white striped shirt.",Scene Summary,yes,4,"{
  ""correct"": ""yes"",
  ""score"": 4
}"
1135,000072,What actions are shown in these new frames?,A person is seen walking and reaching out to others.,"The new frames show the person walking towards a car, passing by it, and then turning around to face another person who is not visible in the frame.",Action Caption,no,1,"{
  ""correct"": ""no"",
  ""score"": 1
}"
1136,000072,Is there any communication depicted in the clip?,"Yes, there is interaction with passersby.","Yes, there is a hand holding a phone in the foreground of the clip.",Action Caption,no,1,"{
  ""correct"": ""no"",
  ""score"": 1
}"
1137,000072,Can you describe the physical posture in this frame?,The person's arm is extended forward as if reaching out.,"The person is standing with their feet apart, holding a cigarette in one hand and pointing at something off-screen.",Action Caption,no,1,"{
  ""correct"": ""no"",
  ""score"": 1
}"
1138,000072,Are the movements in the video leisurely or hurried?,They appear leisurely.,The movements are leisurely and unhurried.,Action Caption,yes,5,"{
  ""correct"": ""yes"",
  ""score"": 5
}"
1139,000072,Does the person in the video come into physical contact with others?,It is implied but not visible.,"Yes, the person in the video comes into physical contact with another individual who is walking away from them.",Whether Something Happened(Y/N),no,1,"{
  ""correct"": ""no"",
  ""score"": 1
}"
1140,000072,Is the person in the video engaging in a conversation?,Yes.,Yes.,Whether Something Happened(Y/N),yes,5,"{
  ""correct"": ""yes"",
  ""score"": 5
}"
1141,000072,Does the person walk on a grassy path in the video?,No.,Yes.,Whether Something Happened(Y/N),no,0,"{""correct"": ""no"", ""score"": 0}"
1142,000072,Does the person in the video interact with more than one passerby?,Yes.,"Yes, the person in the video interacts with at least one other individual who is not visible.",Whether Something Happened(Y/N),no,2,"{
  ""correct"": ""no"",
  ""score"": 2
}"
1143,000073,What is the setting of this video clip?,It's on a road with a person walking and interacting with a woman.,The setting of the video clip is a dimly lit outdoor area with a motorcycle parked nearby.,Scene Summary,no,1,"{
""correct"": ""no"",
""score"": 1
}"
1144,000073,Is there any physical contact between the two individuals?,No.,"No, there is no physical contact between the two individuals in this scene.",Whether Something Happened(Y/N),yes,5,"{
  ""correct"": ""yes"",
  ""score"": 5
}"
1145,000073,Did the person in the video stop walking while interacting?,No.,"Yes, the person in the video stopped walking while interacting with another individual.",Whether Something Happened(Y/N),no,0,"{
  ""correct"": ""no"",
  ""score"": 0
}"
1146,000073,Is the communication friendly and non-threatening?,Yes.,Yes.,Whether Something Happened(Y/N),yes,5,"{
  ""correct"": ""yes"",
  ""score"": 5
}"
1147,000073,"In the video, do I interact with some passersby before walking with the woman on the road?",No,"Yes, I interact with some passersby before walking with the woman on the road.",Order Judging(Y/N),no,0,"{""correct"": ""no"", ""score"": 0}"
1148,000073,"In the video, do I walk alone on the road before interacting with a woman?",Yes,"Yes, I walk alone on the road before interacting with a woman.",Order Judging(Y/N),yes,5,"{
  ""correct"": ""yes"",
  ""score"": 5
}"
1149,000073,What do I do just before interacting with the woman on the road in the video?,Walk alone,"I turn towards her, and she responds by pointing at something off-screen.",What event order,no,1,"{""correct"": ""no"", ""score"": 1}"
1150,000074,What is the setting of the video clip?,It is in an outdoor field.,"The setting of the video clip is a serene and tranquil outdoor area with palm trees, a clear blue sky, and a well-maintained pathway.",Scene Summary,yes,4,"{
  ""correct"": ""yes"",
  ""score"": 4
}"
1151,000074,Is the scene occurring in an urban or rural environment?,Rural environment.,"The scene is occurring in a rural environment, as indicated by the palm trees and buildings.",Scene Summary,yes,5,"{
  ""correct"": ""yes"",
  ""score"": 5
}"
1152,000074,What time of day does the scene appear to be set in?,It appears to be set in the evening.,"The scene appears to be set during the early evening, as indicated by the soft lighting and long shadows.",Scene Summary,yes,5,"{
  ""correct"": ""yes"",
  ""score"": 5
}"
1153,000074,How is the subject navigating the outdoor space?,The subject is walking on the field and then heads home.,"The subject is walking towards the camera, moving away from it.",Action Caption,no,1,"{
  ""correct"": ""no"",
  ""score"": 1
}"
1154,000074,Can you provide an overview of the action in this clip?,"Subject walks outdoors, across a field, and returns home.","The video begins with a view of an empty courtyard, then transitions to show palm trees lining the perimeter of the courtyard. The scene continues with a person walking towards the camera from the right side of the frame, and the video wraps up with the same empty courtyard setting.",Action Caption,no,1,"{
  ""correct"": ""no"",
  ""score"": 1
}"
1155,000074,Does the video show the subject entering a building?,No.,Yes.,Whether Something Happened(Y/N),no,0,"{""correct"": ""no"", ""score"": 0}"
1156,000074,Is the subject interacting with other people in the video?,No.,"No, the subject is not interacting with other people in the video.",Whether Something Happened(Y/N),yes,5,"{
  ""correct"": ""yes"",
  ""score"": 5
}"
1157,000074,Does the video capture the subject engaging in a sport?,No.,"Yes, the video captures a person's feet as they walk across the tiled floor.",Whether Something Happened(Y/N),no,0,"{
""correct"": ""no"",
""score"": 0
}"
1158,000074,Is the subject seen leaving the field in the video?,Yes.,Yes.,Whether Something Happened(Y/N),yes,5,"{
  ""correct"": ""yes"",
  ""score"": 5
}"
1159,000074,Does the video show the subject at home?,"No, just heading home.",No.,Whether Something Happened(Y/N),yes,4,"{
  ""correct"": ""yes"",
  ""score"": 4
}"
1160,000075,What is the location of the video clip?,The video clip is in a field with a walkway.,The video clip is set in a serene location with a clear view of the sunset.,Scene Summary,no,1,"{
  ""correct"": ""no"",
  ""score"": 1
}"
1161,000075,What activity is shown in the video?,Walking on a walkway and looking around.,The video shows a person walking along the sidewalk.,Scene Summary,yes,4,"{
  ""correct"": ""yes"",
  ""score"": 4
}"
1162,000075,What time of day does the video depict?,The video depicts evening or dusk.,"The video depicts either sunrise or sunset, as indicated by the soft lighting and long shadows.",Scene Summary,no,2,"{
  ""correct"": ""no"",
  ""score"": 2
}"
1163,000075,What natural features can be seen in the video?,There is a body of water visible.,"The video shows a serene landscape with a clear blue sky, a calm body of water reflecting the sky, and a road leading towards a white building.",Scene Summary,yes,4,"{
  ""correct"": ""yes"",
  ""score"": 4
}"
1164,000075,Does the person stop to observe a specific scene?,Yes.,"Yes, the person stops to look at a small child on the sidewalk.",Whether Something Happened(Y/N),yes,5,"{
  ""correct"": ""yes"",
  ""score"": 5
}"
1165,000075,"In the video, did I look at the scenes before walking on the field?",No,"No, you didn't look at the scenes before walking on the field.",Order Judging(Y/N),yes,5,"{
  ""correct"": ""yes"",
  ""score"": 5
}"
1166,000075,"In the video, was I indoors before going to the field?",No,No.,Order Judging(Y/N),yes,5,"{""correct"": ""yes"", ""score"": 5}"
1167,000075,What happened before I walked on the walkway in the video?,I was in the field,"Before I walked on the walkway, a person was seen walking away from the camera.",What event order,no,0,"{
  ""correct"": ""no"",
  ""score"": 0
}"
1168,000076,What is depicted in the current frame?,It shows a sidewalk lined with palm trees and buildings.,"The current frame depicts a serene street scene with palm trees, a white building on the right side of the road, and a car driving down the road.",Scene Summary,no,2,"{
  ""correct"": ""no"",
  ""score"": 2
}"
1169,000076,What activity is taking place in these frames?,Walking along a residential sidewalk.,"A person is walking on the sidewalk, possibly heading towards or away from a parked car.",Action Caption,yes,4,"{
  ""correct"": ""yes"",
  ""score"": 4
}"
1170,000076,Does this video show a busy city street?,No.,No.,Whether Something Happened(Y/N),yes,5,"{
  ""correct"": ""yes"",
  ""score"": 5
}"
1171,000076,Does the clip capture any interaction with people?,No.,"No, the clip does not capture any interaction with people.",Whether Something Happened(Y/N),yes,5,"{
  ""correct"": ""yes"",
  ""score"": 5
}"
1172,000076,Is the person entering a building in this scene?,No.,Yes.,Whether Something Happened(Y/N),no,0,"{""correct"": ""no"", ""score"": 0}"
1173,000076,Was I in the field after walking on the walkway?,No.,"Yes, I was in the field after walking on the walkway.",Order Judging(Y/N),no,0,"{""correct"": ""no"", ""score"": 0}"
1174,000076,Did I go home before looking at the scenes?,No.,"Yes, you went home before looking at the scenes.",Order Judging(Y/N),no,0,"{""correct"": ""no"", ""score"": 0}"
1175,000076,What occurs just before I look at the scenes?,I walk on the walkway.,"A person appears in the distance, walking towards a white car on the road.",What event order,no,0,"{
""correct"": ""no"",
""score"": 0
}"
1176,000076,What do I do before walking on the walkway?,I am in the field.,"Before walking on the walkway, you should turn left and look at the palm trees.",What event order,no,0,"{
""correct"": ""no"",
""score"": 0
}"
1177,000076,Did I walk on the field before looking at the scenes?,Yes,"Yes, you walked on the field before looking at the scenes.",Order Judging(Y/N),yes,5,"{
  ""correct"": ""yes"",
  ""score"": 5
}"
1178,000076,Is the walk on the walkway shown before going home in the video?,Yes,Yes.,Order Judging(Y/N),yes,5,"{""correct"": ""yes"", ""score"": 5}"
1179,000076,"In the video, do we see walking through the walkways before walking on the field?",No,"Yes, we see walking through the walkways before walking on the field.",Order Judging(Y/N),no,0,"{""correct"": ""no"", ""score"": 0}"
1180,000076,Do I walk along the water before walking under the trees as shown in the clip?,Yes,"Yes, you walk along the water before walking under the trees.",Order Judging(Y/N),yes,5,"{
  ""correct"": ""yes"",
  ""score"": 5
}"
1181,000076,"In the video sequence, what occurs before walking on the field?",Being outdoors,"Before walking on the field, a person is seen entering through the doorway of the house.",What event order,no,1,"{
  ""correct"": ""no"",
  ""score"": 1
}"
1182,000076,What event takes place before walking under the trees in the clip?,Walking along the water,"A car drives down the street, passing by a white building with palm trees.",What event order,no,0,"{
  ""correct"": ""no"",
  ""score"": 0
}"
1183,000077,What is the setting of the scenario seen in the video?,A residential area with palm trees and walkways.,"The setting is a serene and well-maintained outdoor area with lush greenery, including palm trees, arching over the pathway.",Scene Summary,yes,4,"{
  ""correct"": ""yes"",
  ""score"": 4
}"
1184,000077,What can be seen in the background of the video frame?,"Houses, streetlights, and a clear sky.","In the background, there are more palm trees and a building with a dome-shaped roof.",Scene Summary,no,0,"{
  ""correct"": ""no"",
  ""score"": 0
}"
1185,000077,What are the dominant features of the environment in this clip?,"Landscaped pathways, streetlamps, and tropical foliage.","The dominant features of the environment are a large archway, palm trees, and a gazebo.",Scene Summary,no,1,"{
  ""correct"": ""no"",
  ""score"": 1
}"
1186,000077,Can you characterize the location shown in the video?,A well-maintained suburban neighborhood.,"The location shown in the video is a serene and well-maintained outdoor area with lush greenery, including palm trees, arches, and a gazebo.",Scene Summary,no,2,"{
  ""correct"": ""no"",
  ""score"": 2
}"
1187,000077,What action is being undertaken in the new frames?,Walking along a residential street.,A person is walking towards the camera in the new frames.,Action Caption,no,2,"{
  ""correct"": ""no"",
  ""score"": 2
}"
1188,000077,Is there any sign of wildlife in the frames provided?,No.,"No, there are no signs of wildlife in the frames provided.",Whether Something Happened(Y/N),yes,5,"{
  ""correct"": ""yes"",
  ""score"": 5
}"
1189,000077,Did the person in the video use any transportation other than walking?,No.,"No, the person in the video did not use any transportation other than walking.",Whether Something Happened(Y/N),yes,5,"{
  ""correct"": ""yes"",
  ""score"": 5
}"
1190,000077,Does the footage include any sporting activities?,No.,"No, the footage does not include any sporting activities.",Whether Something Happened(Y/N),yes,5,"{
  ""correct"": ""yes"",
  ""score"": 5
}"
1191,000077,"Is the person in the video engaging with the environment, like sitting or touching?",No.,"No, the person is not engaging with the environment; they are walking and moving around.",Whether Something Happened(Y/N),yes,5,"{
  ""correct"": ""yes"",
  ""score"": 5
}"
1192,000077,Did I tour the park before walking on the walkways?,Yes,"Yes, you can see the park's entrance and a person walking on one of the walkways before walking on the other.",Order Judging(Y/N),no,1,"{
  ""correct"": ""no"",
  ""score"": 1
}"
1193,000077,What do I do before touring the park?,"Nothing, it is the first activity","Before touring the park, you should ensure that all lights are turned off and the area is clear of any obstacles.",What event order,no,0,"{
  ""correct"": ""no"",
  ""score"": 0
}"
1194,000077,Did I walk through the park before going home?,Yes,"Yes, you walked through the park before going home.",Order Judging(Y/N),yes,5,"{
  ""correct"": ""yes"",
  ""score"": 5
}"
1195,000078,What environment is depicted in this video clip?,"An outdoor, paved area with street lamps.","The video clip depicts a serene and quiet environment with palm trees lining the street, under an overcast sky.",Scene Summary,no,2,"{
  ""correct"": ""no"",
  ""score"": 2
}"
1196,000078,What action am I performing in this clip?,Walking on a pavement outdoors.,I am walking towards the camera.,Action Caption,no,2,"{
  ""correct"": ""no"",
  ""score"": 2
}"
1197,000078,Do I interact with anyone in this video clip?,No.,"No, there are no people visible in the video clip.",Whether Something Happened(Y/N),yes,5,"{
  ""correct"": ""yes"",
  ""score"": 5
}"
1198,000079,What is the setting of this video clip?,The setting is an outdoor pavement in a residential area.,"The setting of the video clip is a residential area during twilight, with houses and palm trees lining the streets.",Scene Summary,yes,4,"{
  ""correct"": ""yes"",
  ""score"": 4
}"
1199,000079,What time of day is depicted in this frame?,It appears to be twilight or early evening.,The time of day depicted in this frame is dusk or early evening.,Scene Summary,yes,5,"{
  ""correct"": ""yes"",
  ""score"": 5
}"
1200,000079,What elements indicate that this is a residential area?,The presence of housing structures and lack of commercial signs.,"The presence of palm trees, the architecture of the buildings, and the overall setting suggest that this is a residential area.",Scene Summary,no,2,"{
  ""correct"": ""no"",
  ""score"": 2
}"
1201,000079,What type of path is the person on in the video?,The person is on a paved walkway.,The person is on a paved path.,Scene Summary,yes,5,"{
  ""correct"": ""yes"",
  ""score"": 5
}"
1202,000079,Does the scene suggest a leisurely or rushed pace?,The scene suggests a leisurely pace.,"The scene suggests a leisurely pace, as there are no people visible in the frame.",Action Caption,yes,5,"{
  ""correct"": ""yes"",
  ""score"": 5
}"
1203,000079,Does the person interact with any objects in the scene?,No.,"Yes, the person interacts with a blue car parked on the side of the road.",Whether Something Happened(Y/N),no,0,"{
  ""correct"": ""no"",
  ""score"": 0
}"
1204,000079,Is the person traveling with someone else?,No.,Yes.,Whether Something Happened(Y/N),no,0,"{""correct"": ""no"", ""score"": 0}"
1205,000079,Does the video capture any animals in the scene?,No.,"No, the video does not capture any animals.",Whether Something Happened(Y/N),yes,5,"{
  ""correct"": ""yes"",
  ""score"": 5
}"
1206,000079,Does the individual seem to be lost or searching for directions?,No.,"Yes, the individual appears to be lost or searching for directions.",Whether Something Happened(Y/N),no,0,"{
  ""correct"": ""no"",
  ""score"": 0
}"
1207,000080,What is depicted in the scene of the video clip?,A person relaxing on a couch holding an e-reader.,"The scene depicts a cozy living room with a dark brown sofa, a round table with chairs in the background, and a chandelier hanging from the ceiling.",Scene Summary,no,1,"{
  ""correct"": ""no"",
  ""score"": 1
}"
1208,000080,What location is shown in the video clip?,Inside a house.,The video clip shows a dining area with a table and chairs.,Scene Summary,no,2,"{
  ""correct"": ""no"",
  ""score"": 2
}"
1209,000080,Describe the setting where the action takes place.,A living room with a dining area in the background.,"The setting is a cozy living room with a dark wooden floor, a chandelier hanging from the ceiling, and a dining table in the background.",Scene Summary,yes,5,"{
  ""correct"": ""yes"",
  ""score"": 5
}"
1210,000080,How is the environment arranged in the video clip?,"A cozy arrangement with a couch, curtain, and dining set.",The environment is arranged with a dark room in the foreground and a dining area visible through an open door in the background.,Scene Summary,no,2,"{
  ""correct"": ""no"",
  ""score"": 2
}"
1211,000080,What is the subject doing in the video?,Resting and perhaps beginning to read an e-book.,The subject is engrossed in reading a book.,Action Caption,no,2,"{
  ""correct"": ""no"",
  ""score"": 2
}"
1212,000080,Can you provide an overview of the action in this clip?,Leisurely activities involving electronic devices at home.,"The video begins with a person sitting on a couch, holding an electronic device and reading from it. The scene transitions to the individual standing up and walking towards the dining area, where they are seen interacting with a table and chairs.",Action Caption,no,2,"{
  ""correct"": ""no"",
  ""score"": 2
}"
1213,000080,Does the video capture the person sitting on the couch?,Yes.,"Yes, the video captures the person sitting on the couch throughout the entire scene.",Whether Something Happened(Y/N),yes,5,"{
  ""correct"": ""yes"",
  ""score"": 5
}"
1214,000080,Is the person in the video engaged in a strenuous activity?,No.,"No, the person is not engaged in a strenuous activity; they are simply enjoying their reading experience.",Whether Something Happened(Y/N),yes,5,"{
  ""correct"": ""yes"",
  ""score"": 5
}"
1215,000081,What is the setting of the scene in the clip?,The setting is inside a house.,"The setting of the scene is a cozy living room with a dining table, chairs, and a chandelier.",Scene Summary,yes,4,"{
  ""correct"": ""yes"",
  ""score"": 4
}"
1216,000081,Where was the reading activity taking place?,The reading took place on a couch.,The reading activity was taking place in a cozy living room.,Scene Summary,no,2,"{
  ""correct"": ""no"",
  ""score"": 2
}"
1217,000081,What object is prominently featured in the scene?,A tablet is prominently featured.,A white e-reader is prominently featured in the scene.,Scene Summary,no,2,"{
  ""correct"": ""no"",
  ""score"": 2
}"
1218,000081,What is the room's appearance in the video clip?,The room appears to be a living area.,"The room has a chandelier hanging from the ceiling, and there is a dining table with chairs in the background.",Scene Summary,no,1,"{
  ""correct"": ""no"",
  ""score"": 1
}"
1219,000081,What activity is the subject engaged in?,The subject is engaged in reading a book.,The subject is engaged in reading a book.,Scene Summary,yes,5,"{
  ""correct"": ""yes"",
  ""score"": 5
}"
1220,000081,Describe the posture of the person in the action.,The person is sitting with legs up on the couch.,"The person is seated on a couch, with one leg crossed over the other.",Action Caption,no,2,"{
  ""correct"": ""no"",
  ""score"": 2
}"
1221,000081,Does the clip show a person reading a physical book?,No.,Yes.,Whether Something Happened(Y/N),no,0,"{""correct"": ""no"", ""score"": 0}"
1222,000081,Is the subject standing while reading?,No.,"No, the subject is seated on a couch while reading.",Whether Something Happened(Y/N),yes,5,"{
  ""correct"": ""yes"",
  ""score"": 5
}"
1223,000081,Does the video capture multiple people in the room?,No.,"No, the video captures only one person in the room.",Whether Something Happened(Y/N),yes,5,"{
  ""correct"": ""yes"",
  ""score"": 5
}"
1224,000081,Does the video show a daytime setting?,No.,Yes.,Whether Something Happened(Y/N),no,0,"{""correct"": ""no"", ""score"": 0}"
1225,000082,What setting is shown in the video?,A house interior is shown in the video.,The video shows a cozy living room setting.,Scene Summary,yes,5,"{
  ""correct"": ""yes"",
  ""score"": 5
}"
1226,000082,Explain the immediate scene in the video?,The video captures a moment of domestic relaxation.,"The video begins with a person sitting on a couch, holding an e-reader in their hands. The room is dimly lit, creating a cozy atmosphere. In the background, there are chairs and a dining table visible through a window, suggesting that this could be a living area or a study.",Scene Summary,no,1,"{
  ""correct"": ""no"",
  ""score"": 1
}"
1227,000082,Can you describe the motion occurring in the clip?,"There is minimal motion, mainly of holding a tablet.","The motion is slow and deliberate, suggesting a comfortable and relaxed atmosphere.",Action Caption,no,1,"{
  ""correct"": ""no"",
  ""score"": 1
}"
1228,000082,How would you caption the video's current activity?,Leisure time: Engrossed in digital reading.,'Climbing the stairs to start reading',Action Caption,no,1,"{
  ""correct"": ""no"",
  ""score"": 1
}"
1229,000082,Does the video show a person standing up?,No.,No.,Whether Something Happened(Y/N),yes,5,"{
  ""correct"": ""yes"",
  ""score"": 5
}"
1230,000082,Is the video capturing outdoor activities?,No.,No.,Whether Something Happened(Y/N),yes,5,"{
  ""correct"": ""yes"",
  ""score"": 5
}"
1231,000082,Does the video depict a social gathering?,No.,No.,Whether Something Happened(Y/N),yes,5,"{
  ""correct"": ""yes"",
  ""score"": 5
}"
1232,000082,Is the individual in the video interacting with others?,No.,No.,Whether Something Happened(Y/N),yes,5,"{
  ""correct"": ""yes"",
  ""score"": 5
}"
1233,000082,Is the scene taking place in a work environment?,No.,Yes.,Whether Something Happened(Y/N),no,0,"{""correct"": ""no"", ""score"": 0}"
1234,000083,What is the main activity depicted in this video scene?,Reading a book on a tablet.,The main activity depicted in this video scene is a person reading a book.,Scene Summary,yes,4,"{
  ""correct"": ""yes"",
  ""score"": 4
}"
1235,000083,Where is this scene taking place?,Inside a house.,"This scene is taking place in a cozy, well-lit living room.",Scene Summary,yes,5,"{
  ""correct"": ""yes"",
  ""score"": 5
}"
1236,000083,How is the reader positioned in this scenario?,Relaxed on a couch with feet up.,"The reader is comfortably seated on a couch, with their legs crossed and hands resting on the armrests.",Scene Summary,no,2,"{
  ""correct"": ""no"",
  ""score"": 2
}"
1237,000083,Can you describe the posture of the reader in this clip?,The reader is lying back with feet propped up.,"The reader is in a relaxed posture, with their legs crossed and hands resting on the table.",Action Caption,no,1,"{
  ""correct"": ""no"",
  ""score"": 1
}"
1238,000083,What is the focal point of this particular frame?,The tablet displaying text.,The focal point of this particular frame is the white e-reader displaying text on its screen.,Action Caption,yes,5,"{
  ""correct"": ""yes"",
  ""score"": 5
}"
1239,000083,What does the stillness of the frame indicate about the action?,It indicates a calm and stationary activity.,"The stillness of the frame indicates that the action is a momentary pause, emphasizing the quiet and focused nature of reading.",Action Caption,no,2,"{
  ""correct"": ""no"",
  ""score"": 2
}"
1240,000083,Does the video show any social interaction?,No.,"No, the video does not show any social interaction.",Whether Something Happened(Y/N),yes,5,"{
  ""correct"": ""yes"",
  ""score"": 5
}"
1241,000083,Is the reader changing positions frequently in this clip?,No.,"No, the reader remains seated on the couch throughout the clip.",Whether Something Happened(Y/N),yes,5,"{
  ""correct"": ""yes"",
  ""score"": 5
}"
1242,000083,Does the environment indicate a public or private space?,A private space.,"The environment suggests a private space, as indicated by the presence of other furniture and decor in the background.",Whether Something Happened(Y/N),yes,5,"{
  ""correct"": ""yes"",
  ""score"": 5
}"
1243,000083,Does the reader make use of any physical book in the scene?,No.,"No, the reader does not make use of any physical book in the scene.",Whether Something Happened(Y/N),yes,5,"{
  ""correct"": ""yes"",
  ""score"": 5
}"
1244,000083,Is there any indication of the reader being disturbed or interrupted?,No.,"No, there is no indication of the reader being disturbed or interrupted.",Whether Something Happened(Y/N),yes,5,"{
  ""correct"": ""yes"",
  ""score"": 5
}"
1245,000084,What does the video show in the indoor setting?,Someone sitting on a couch using a tablet.,The video shows a cozy indoor setting with a table and chairs in the background.,Scene Summary,no,1,"{
  ""correct"": ""no"",
  ""score"": 1
}"
1246,000084,Where is the person located in the video?,The person is on the couch inside a house.,The person is located in a cozy living room.,Scene Summary,yes,4,"{
  ""correct"": ""yes"",
  ""score"": 4
}"
1247,000084,How is the person positioned in this section of the video?,They are sitting with legs on the couch.,"The person is seated on a couch, with their legs crossed and hands resting on the table.",Scene Summary,no,2,"{
  ""correct"": ""no"",
  ""score"": 2
}"
1248,000084,What is the person doing with their legs in the video?,They are moving their legs on the couch.,The person is sitting on a couch with their legs crossed.,Action Caption,no,2,"{
  ""correct"": ""no"",
  ""score"": 2
}"
1249,000084,How is the tablet being utilized in the video?,The tablet is being held and read from.,"The tablet is being used to read a book, with the person's hands actively moving across the screen.",Action Caption,yes,4,"{
  ""correct"": ""yes"",
  ""score"": 4
}"
1250,000084,Is the individual in the video eating?,No.,No.,Whether Something Happened(Y/N),yes,5,"{
  ""correct"": ""yes"",
  ""score"": 5
}"
1251,000084,Does the video show the person lying down on the couch?,No.,Yes.,Whether Something Happened(Y/N),no,0,"{""correct"": ""no"", ""score"": 0}"
1252,000084,Is there a pet visible in the video clip?,No.,"No, there is no pet visible in the video clip.",Whether Something Happened(Y/N),yes,5,"{
  ""correct"": ""yes"",
  ""score"": 5
}"
1253,000084,Does the video depict any outdoor scenes?,No.,No.,Whether Something Happened(Y/N),yes,5,"{
  ""correct"": ""yes"",
  ""score"": 5
}"
1254,000084,Is the person in the video talking on the phone?,No.,No.,Whether Something Happened(Y/N),yes,5,"{
  ""correct"": ""yes"",
  ""score"": 5
}"
1255,000084,Did I sit on the couch before reading the book on the tablet?,Yes,"Yes, the person was sitting on the couch before reading the book on the tablet.",Order Judging(Y/N),yes,5,"{
  ""correct"": ""yes"",
  ""score"": 5
}"
1256,000084,Did I move my legs on the couch before using the tablet?,Yes,"Yes, I moved my legs on the couch before using the tablet.",Order Judging(Y/N),yes,5,"{
  ""correct"": ""yes"",
  ""score"": 5
}"
1257,000084,Was I in the house before I sat on the couch?,Yes,"Yes, I was in the house before I sat on the couch.",Order Judging(Y/N),yes,5,"{
  ""correct"": ""yes"",
  ""score"": 5
}"
1258,000084,Did I use the tablet before moving my legs on the couch?,No,"Yes, I used the tablet before moving my legs on the couch.",Order Judging(Y/N),no,0,"{""correct"": ""no"", ""score"": 0}"
1259,000084,Was the tablet in my hands before I sat on the couch?,No,"Yes, the tablet was in my hands before I sat on the couch.",Order Judging(Y/N),no,0,"{""correct"": ""no"", ""score"": 0}"
1260,000084,What happens just before I read the book on the tablet?,Sitting on the couch.,"Just before I read the book on the tablet, a person enters the room and sits down next to me.",What event order,no,1,"{""correct"": ""no"", ""score"": 1}"
1261,000085,What setting is depicted in the provided video clip?,A person sitting on a couch in a house.,"The setting depicted in the video clip is a cozy living room with a table and chairs, creating an inviting atmosphere.",Scene Summary,no,2,"{
  ""correct"": ""no"",
  ""score"": 2
}"
1262,000085,What furnishings are visible in the video?,"A couch, chair, and a dining area in the background.",The video shows a dining table with chairs and a chandelier in the background.,Scene Summary,no,2,"{
  ""correct"": ""no"",
  ""score"": 2
}"
1263,000085,Describe the atmosphere of the room shown in the video?,The room appears to be tidy and comfortably lit.,"The room has a cozy and inviting atmosphere, with dim lighting that creates a warm ambiance.",Scene Summary,no,2,"{
  ""correct"": ""no"",
  ""score"": 2
}"
1264,000085,Describe the posture of the individual in the video?,They are seated with their legs up on the couch.,"The individual is seated comfortably on a couch, with their legs crossed and hands resting gently on the armrest.",Action Caption,no,2,"{
  ""correct"": ""no"",
  ""score"": 2
}"
1265,000085,Can you summarize the person's behavior in the video?,They are relaxing and using an electronic device.,"The person is engrossed in reading a white e-reader, occasionally glancing at the screen and adjusting their position on the couch.",Action Caption,yes,4,"{
  ""correct"": ""yes"",
  ""score"": 4
}"
1266,000085,Is there any noticeable movement or gesture in the video?,The person raised their hands at some point.,"No, there is no noticeable movement or gesture in the video.",Action Caption,no,0,"{""correct"": ""no"", ""score"": 0}"
1267,000085,Did the person in the video adjust their position on the couch?,Not shown in the given frame.,"Yes, the person adjusted their position on the couch by shifting their legs.",Whether Something Happened(Y/N),no,0,"{
  ""correct"": ""no"",
  ""score"": 0
}"
1268,000085,Is the individual in the video communicating with someone else?,"No, not visibly.","Yes, the individual is seen looking at a white tablet with text on it while seated in the living room.",Whether Something Happened(Y/N),no,0,"{
  ""correct"": ""no"",
  ""score"": 0
}"
1269,000085,Does the video indicate that the person is multitasking?,"No, they appear focused on the tablet.","Yes, the video shows the person reading a book and occasionally glancing at their phone.",Whether Something Happened(Y/N),no,0,"{
  ""correct"": ""no"",
  ""score"": 0
}"
1270,000085,Is the person standing up at any point in the video?,"No, they are seated throughout.",No.,Whether Something Happened(Y/N),yes,5,"{
  ""correct"": ""yes"",
  ""score"": 5
}"
1271,000085,Did I move my legs on the couch before using the tablet?,Yes,"Yes, I moved my legs on the couch before using the tablet.",Order Judging(Y/N),yes,5,"{
  ""correct"": ""yes"",
  ""score"": 5
}"
1272,000085,Did I raise my hands before sitting on the couch?,No,"No, I did not raise my hands before sitting on the couch.",Order Judging(Y/N),yes,5,"{
  ""correct"": ""yes"",
  ""score"": 5
}"
1273,000085,Was I sitting on the couch before raising my hands?,Yes,"Yes, I was sitting on the couch before raising my hands.",Order Judging(Y/N),yes,5,"{
  ""correct"": ""yes"",
  ""score"": 5
}"
1274,000085,Did I use the tablet after sitting on the couch?,Yes,"Yes, the tablet was used after sitting on the couch.",Order Judging(Y/N),yes,5,"{""correct"": ""yes"", ""score"": 5}"
1275,000085,What did I do just before using the tablet in the house?,Sat on the couch,I sat down on the couch and began reading a book.,What event order,yes,4,"{
  ""correct"": ""yes"",
  ""score"": 4
}"
1276,000085,What did I do just before raising my hands?,Used the tablet,I raised my hands to gesture towards the camera.,What event order,no,0,"{""correct"": ""no"", ""score"": 0}"
1277,000085,Is the tablet used after sitting on the couch as shown in the clip?,Yes,Yes.,Order Judging(Y/N),yes,5,"{""correct"": ""yes"", ""score"": 5}"
1278,000085,"In the video, is the tablet picked up before legs are placed on the couch?",Yes,"No, the tablet is not picked up before legs are placed on the couch.",Order Judging(Y/N),no,0,"{""correct"": ""no"", ""score"": 0}"
1279,000085,Does sitting on the couch happen after raising hands in the sequence?,No,"Yes, the person raises their hands to sit on the couch.",Order Judging(Y/N),no,0,"{
  ""correct"": ""no"",
  ""score"": 0
}"
1280,000086,What is the setting of the video clip?,The setting is inside a house.,The setting of the video clip is a cozy living room with a table and chairs in the background.,Scene Summary,yes,4,"{
  ""correct"": ""yes"",
  ""score"": 4
}"
1281,000086,Where is the person situated in this scene?,The person is sitting on the couch.,The person is seated on a couch in the living room.,Scene Summary,yes,5,"{
  ""correct"": ""yes"",
  ""score"": 5
}"
1282,000086,What object is the person interacting with?,The person is holding and using a tablet.,The person is interacting with a white e-reader.,Scene Summary,no,2,"{
  ""correct"": ""no"",
  ""score"": 2
}"
1283,000086,Describe the person's posture in the video.,The person is reclined with feet up on the couch.,"The person is seated comfortably on a couch, with their legs crossed and hands resting on the armrests.",Scene Summary,no,1,"{
  ""correct"": ""no"",
  ""score"": 1
}"
1284,000086,Is the person reading a book on the tablet?,Yes.,Yes.,Whether Something Happened(Y/N),yes,5,"{
  ""correct"": ""yes"",
  ""score"": 5
}"
1285,000086,Does the scene show an interaction with digital technology?,Yes.,"Yes, the scene shows an interaction with digital technology as the person is seen holding a white device that displays text.",Whether Something Happened(Y/N),yes,5,"{
  ""correct"": ""yes"",
  ""score"": 5
}"
1286,000086,Is the individual standing while using the tablet?,No.,No.,Whether Something Happened(Y/N),yes,5,"{
  ""correct"": ""yes"",
  ""score"": 5
}"
1287,000086,Has the person positioned themselves comfortably for tablet use?,Yes.,"Yes, the person is comfortably seated on a couch with their legs crossed.",Whether Something Happened(Y/N),yes,5,"{
  ""correct"": ""yes"",
  ""score"": 5
}"
1288,000086,Does the video show the person watching TV?,No.,No.,Whether Something Happened(Y/N),yes,5,"{
  ""correct"": ""yes"",
  ""score"": 5
}"
1289,000086,"In the video, did I use the tablet before sitting on the couch?",No,"Yes, the tablet was used before sitting on the couch.",Order Judging(Y/N),no,0,"{""correct"": ""no"", ""score"": 0}"
1290,000086,Did I raise my hands before holding the tablet?,No,"No, I did not raise my hands before holding the tablet.",Order Judging(Y/N),yes,5,"{
  ""correct"": ""yes"",
  ""score"": 5
}"
1291,000086,"In the video, was I already seated on the couch before using the tablet?",Yes,"Yes, I was already seated on the couch before using the tablet.",Order Judging(Y/N),yes,5,"{
  ""correct"": ""yes"",
  ""score"": 5
}"
1292,000086,Was the tablet in my hand before I used it?,Yes,"Yes, the tablet was in my hand before I used it.",Order Judging(Y/N),yes,5,"{
  ""correct"": ""yes"",
  ""score"": 5
}"
1293,000086,What occurs just before I hold the tablet in the video?,I sit on the couch,"Just before I hold the tablet, a person is seen sitting on the couch with their legs crossed.",What event order,yes,5,"{
  ""correct"": ""yes"",
  ""score"": 5
}"
1294,000086,What action takes place before using the tablet?,I hold the tablet,"Before using the tablet, the person places it on their lap and adjusts their position.",What event order,no,1,"{
  ""correct"": ""no"",
  ""score"": 1
}"
1295,000086,"In the video, did I move my legs on the couch before using the tablet?",Yes,"No, the person did not move their legs on the couch before using the tablet.",Order Judging(Y/N),no,0,"{""correct"": ""no"", ""score"": 0}"
1296,000086,"In the video, is the tablet held before raising hands?",Yes,Yes,Order Judging(Y/N),yes,5,"{""correct"": ""yes"", ""score"": 5}"
1297,000086,"In the video, does sitting on the couch happen before moving legs on the couch?",Yes,"Yes, sitting on the couch happens before moving legs on it.",Order Judging(Y/N),yes,5,"{
  ""correct"": ""yes"",
  ""score"": 5
}"
1298,000086,What happens before I use the tablet in the video?,I sit on the couch and move my legs,"Before using the tablet, I place it on the couch and adjust its position.",What event order,no,1,"{
  ""correct"": ""no"",
  ""score"": 1
}"
1299,000086,What action is performed just before raising hands in the video?,Using the tablet,"Just before raising hands, the person is seen holding a white tablet with text on it.",What event order,yes,5,"{
  ""correct"": ""yes"",
  ""score"": 5
}"
1300,000086,What do I do right before moving my legs on the couch?,I sit on the couch,You should move your legs on the couch.,What event order,no,0,"{""correct"": ""no"", ""score"": 0}"
1301,000086,"In the video, what takes place prior to holding the tablet?",I sit on the couch,"Prior to holding the tablet, the person is seen sitting on a couch with their legs crossed and hands resting on the table.",What event order,yes,5,"{
  ""correct"": ""yes"",
  ""score"": 5
}"
1302,000087,What is the depicted scenario in this video frame?,A person sitting on a couch using a tablet.,"The video frame depicts a person sitting on a couch, reading a book.",Scene Summary,no,3,"{
  ""correct"": ""no"",
  ""score"": 3
}"
1303,000087,Can you summarize the environment in the video clip?,The environment is a cozy living room with a person on the couch.,"The environment in the video clip is a cozy living room with a dining table and chairs, creating an inviting atmosphere for reading.",Scene Summary,no,2,"{
  ""correct"": ""no"",
  ""score"": 2
}"
1304,000087,Offer a caption for the ongoing activity in the video?,Enjoying digital content from the comfort of the couch.,The ongoing activity in the video is a person engrossed in reading a book on a white e-reader.,Action Caption,no,2,"{
  ""correct"": ""no"",
  ""score"": 2
}"
1305,000087,Is the person in the video standing up?,No.,"No, the person is sitting on a couch.",Whether Something Happened(Y/N),yes,5,"{
  ""correct"": ""yes"",
  ""score"": 5
}"
1306,000087,Does the video capture the individual walking around?,No.,"No, the video does not capture the individual walking around; it focuses on their interaction with the book.",Whether Something Happened(Y/N),yes,5,"{
  ""correct"": ""yes"",
  ""score"": 5
}"
1307,000087,Is there a group of people in the video clip?,No.,No.,Whether Something Happened(Y/N),yes,5,"{
  ""correct"": ""yes"",
  ""score"": 5
}"
1308,000087,Does the frame show the person cooking in the kitchen?,No.,"No, the frame does not show the person cooking in the kitchen.",Whether Something Happened(Y/N),yes,5,"{
  ""correct"": ""yes"",
  ""score"": 5
}"
1309,000087,Is the person in the video engaging in a conversation?,No.,"No, the person is not engaging in a conversation; they are focused on reading.",Whether Something Happened(Y/N),yes,5,"{
  ""correct"": ""yes"",
  ""score"": 5
}"
1310,000087,Did I sit on the couch before using the tablet?,Yes.,"Yes, the person was sitting on the couch before using the tablet.",Order Judging(Y/N),yes,5,"{
  ""correct"": ""yes"",
  ""score"": 5
}"
1311,000087,Did I hold the tablet before sitting on the couch?,No.,"Yes, the tablet was held in front of you before sitting on the couch.",Order Judging(Y/N),no,0,"{
  ""correct"": ""no"",
  ""score"": 0
}"
1312,000087,Did I sit down after picking up the tablet?,Yes.,"Yes, the person picked up the tablet and sat down on the couch.",Order Judging(Y/N),yes,5,"{
  ""correct"": ""yes"",
  ""score"": 5
}"
1313,000087,"In the video, what do I do just before sitting on the couch?",There is no information on actions prior.,I open the book and start reading.,What event order,no,0,"{
  ""correct"": ""no"",
  ""score"": 0
}"
1314,000087,"In the sequence, what happens before I use the tablet?",I hold the tablet.,"Before I use the tablet, I first look at the text on the wall.",What event order,no,0,"{
  ""correct"": ""no"",
  ""score"": 0
}"
1315,000087,Does the action of sitting on the couch happen before using the tablet?,Yes,"Yes, the action of sitting on the couch happens before using the tablet.",Order Judging(Y/N),yes,5,"{
  ""correct"": ""yes"",
  ""score"": 5
}"
1316,000087,Does raising hands occur before sitting on the couch?,No,"Yes, raising hands occur before sitting on the couch.",Order Judging(Y/N),no,0,"{""correct"": ""no"", ""score"": 0}"
1317,000087,Is using the tablet done after sitting on the couch?,Yes,"Yes, the tablet is fully turned on and displayed prominently in front of the person.",Order Judging(Y/N),yes,5,"{
  ""correct"": ""yes"",
  ""score"": 5
}"
1318,000087,What happens before using the tablet?,Sitting on the couch and holding the tablet,"Before using the tablet, the person is seated on a couch with their legs crossed.",What event order,yes,4,"{
  ""correct"": ""yes"",
  ""score"": 4
}"
1319,000087,What occurs just before raising hands?,Using the tablet,"Just before raising hands, the text on the screen changes to a new page.",What event order,no,1,"{
  ""correct"": ""no"",
  ""score"": 1
}"
1320,000088,What is the setting of the video clip?,The setting is inside a house.,"The video clip is set in a modern, well-lit interior space with large windows and an open floor plan.",Scene Summary,yes,4,"{
  ""correct"": ""yes"",
  ""score"": 4
}"
1321,000088,What activity occurs in the scene?,Walking around and checking items.,"A person is seen sitting on a couch, holding and looking at a smartphone.",Scene Summary,no,0,"{
  ""correct"": ""no"",
  ""score"": 0
}"
1322,000088,Are there multiple people in the video?,"Yes, two people are present.","Yes, there are multiple people in the video.",Scene Summary,yes,4,"{
  ""correct"": ""yes"",
  ""score"": 4
}"
1323,000088,Did I exit the house during the video?,No.,"Yes, the person exited the house through a door on the right side of the frame.",Whether Something Happened(Y/N),no,0,"{
  ""correct"": ""no"",
  ""score"": 0
}"
1324,000088,Did I ignore any rooms while checking?,No.,"No, I did not ignore any rooms while checking.",Whether Something Happened(Y/N),yes,5,"{
  ""correct"": ""yes"",
  ""score"": 5
}"
1325,000088,Did the interaction with the other person seem hostile?,No.,"No, the interaction with the other person seemed friendly and casual.",Whether Something Happened(Y/N),yes,5,"{
  ""correct"": ""yes"",
  ""score"": 5
}"
1326,000088,Did I find anything unusual in the items?,The video does not indicate that.,"Yes, there is a bottle of water on the floor in one of the frames.",Whether Something Happened(Y/N),no,0,"{
  ""correct"": ""no"",
  ""score"": 0
}"
1327,000089,What setting is introduced in this video clip?,An interior of a house.,The video introduces a cozy living room setting.,Scene Summary,yes,4,"{
  ""correct"": ""yes"",
  ""score"": 4
}"
1328,000089,What objects are central to the scene in this video?,A magazine and a woman.,"Central to the scene are a large window, a television on a stand, and a potted plant.",Scene Summary,no,0,"{
  ""correct"": ""no"",
  ""score"": 0
}"
1329,000089,Describe the layout of the room shown.,Room with large windows and modern lighting.,"The room is well-lit with natural light streaming in from large windows, creating a bright and airy atmosphere. It features a comfortable seating area with a couch and chairs, a television mounted on the wall, and various decorative elements such as potted plants and vases.",Scene Summary,yes,4,"{
  ""correct"": ""yes"",
  ""score"": 4
}"
1330,000089,What activity dominates this scene?,Reading and interacting with another person.,"The dominant activity is the person sitting on the couch, reading a magazine.",Scene Summary,no,3,"{
  ""correct"": ""no"",
  ""score"": 3
}"
1331,000089,What is the relationship between the primary elements in this scene?,They involve engagement with reading material and human interaction.,The relationship between the primary elements in this scene is that of a serene and comfortable living space.,Scene Summary,no,1,"{
  ""correct"": ""no"",
  ""score"": 1
}"
1332,000089,What action am I performing in these frames?,Holding and looking at a magazine.,"I am holding a magazine and looking at the front page, which features an article about 'upgrading your tools' with images of women's hairstyles.",Action Caption,yes,5,"{
  ""correct"": ""yes"",
  ""score"": 5
}"
1333,000089,What activity follows holding the magazine?,Looking at the magazine.,"Following holding the magazine, a hand appears and picks up the magazine from the floor.",Action Caption,no,1,"{
  ""correct"": ""no"",
  ""score"": 1
}"
1334,000089,Did I hold the magazine before walking around the house?,No,"Yes, the person holding the magazine was walking around the house before they walked towards the camera.",Order Judging(Y/N),no,0,"{
  ""correct"": ""no"",
  ""score"": 0
}"
1335,000089,Did I look at the magazine before walking around with another person?,Yes,"Yes, I did.",Order Judging(Y/N),yes,5,"{""correct"": ""yes"", ""score"": 5}"
1336,000089,Was the magazine held after checking on items in the house?,No,"Yes, the magazine was held in front of the person who was holding it.",Order Judging(Y/N),no,0,"{
  ""correct"": ""no"",
  ""score"": 0
}"
1337,000089,What do I do just before interacting with the woman?,Holding the magazine,I turn on the TV.,What event order,no,0,"{""correct"": ""no"", ""score"": 0}"
1338,000089,What action is performed just before I check on items?,Walking around the house,"A hand holding a magazine with an article about 'upgrading your tools' is shown, indicating the action of checking on items.",What event order,no,0,"{
  ""correct"": ""no"",
  ""score"": 0
}"
1339,000089,What happens right before I hold the magazine?,Walking with another person,"A hand holding the magazine appears, and I start to read it.",What event order,no,0,"{
  ""correct"": ""no"",
  ""score"": 0
}"
1340,000089,What is done immediately before walking around the house?,Being inside the house,"Immediately before walking around the house, a person is seen holding an open magazine with text and images on it.",What event order,no,0,"{
  ""correct"": ""no"",
  ""score"": 0
}"
1341,000090,What does the environment indicate about the video's setting?,"The video is set in a modern, well-lit living space.","The environment indicates a calm and serene setting, with natural light streaming in through large windows.",Scene Summary,no,2,"{
  ""correct"": ""no"",
  ""score"": 2
}"
1342,000090,What activity is being undertaken in the living area?,Reading and interacting with another person.,The person is engaged in reading a newspaper.,Scene Summary,no,3,"{
  ""correct"": ""no"",
  ""score"": 3
}"
1343,000090,Describe the indoor setting captured in the video.,"A living room with a TV unit, books, and seating areas.","The indoor setting is characterized by a bright and airy atmosphere, featuring large windows that allow natural light to flood the space. The room has white walls and a modern design with minimalistic furniture. A television screen mounted on the wall displays text, possibly related to the content being shown or the theme of the video.",Scene Summary,no,2,"{
  ""correct"": ""no"",
  ""score"": 2
}"
1344,000090,What items in the room indicate leisure activities?,A television and books suggest leisure or relaxation.,"The presence of a television, potted plants, and a small table with a lamp indicate leisure activities.",Scene Summary,no,2,"{
  ""correct"": ""no"",
  ""score"": 2
}"
1345,000090,What furnishings can be observed in the video scene?,"A TV stand, shelves, and magazines can be seen.","The video scene includes a gray couch, a white chair with a black cushion, and a small table.",Scene Summary,no,1,"{""correct"": ""no"", ""score"": 1}"
1346,000090,What actions are performed by the individual regarding the books?,The individual is turning the pages and reading a book.,"The individual is seen reading a book, holding it in their hands, and occasionally looking at the screen.",Action Caption,no,3,"{
  ""correct"": ""no"",
  ""score"": 3
}"
1347,000090,How does the person engage with the media in the room?,The person seems to ignore the TV and focuses on the book.,"The person engages with the media by holding a magazine and looking at it, occasionally raising their hands to gesture.",Action Caption,no,1,"{
  ""correct"": ""no"",
  ""score"": 1
}"
1348,000090,Did the person read a book in the video?,Yes.,Yes.,Whether Something Happened(Y/N),yes,5,"{
  ""correct"": ""yes"",
  ""score"": 5
}"
1349,000090,Did the individual change the page of the book at least once?,Yes.,"Yes, the individual changed the page of the book by pointing at it and gesturing with their hands.",Whether Something Happened(Y/N),yes,5,"{
  ""correct"": ""yes"",
  ""score"": 5
}"
1350,000090,Did the person have an interaction with someone in the room?,Yes.,"Yes, the person was seen holding a small object and gesturing with their hands.",Whether Something Happened(Y/N),yes,4,"{
  ""correct"": ""yes"",
  ""score"": 4
}"
1351,000090,"In the video, is the magazine held before turning book pages?",Yes.,Yes,Order Judging(Y/N),yes,5,"{""correct"": ""yes"", ""score"": 5}"
1352,000090,Is the book read after interacting with a woman?,No.,Yes.,Order Judging(Y/N),no,0,"{""correct"": ""no"", ""score"": 0}"
1353,000090,"In the video, does looking around occur before holding the magazine?",No.,"Yes, looking around occurs before holding the magazine.",Order Judging(Y/N),no,0,"{""correct"": ""no"", ""score"": 0}"
1354,000090,What is done just before interacting with a woman?,Looking at the magazine.,"Just before interacting with a woman, the person is seen holding a magazine titled 'Stand Up.'",What event order,yes,5,"{
  ""correct"": ""yes"",
  ""score"": 5
}"
1355,000090,What occurs just before turning book pages?,Looking around.,"Just before turning book pages, the person is seen holding a magazine titled 'Stand Up.'",What event order,no,1,"{
  ""correct"": ""no"",
  ""score"": 1
}"
1356,000090,What is performed just before reading a book?,Turning book pages.,"A person is seen sitting on a couch, holding the book and reading it.",What event order,no,1,"{
""correct"": ""no"",
""score"": 1
}"
1357,000090,"In the video sequence, what is done before interacting with a different woman?",Reading a book.,"Before interacting with a different woman, the person in the black shirt and sunglasses is seen sitting on a couch.",What event order,no,1,"{
  ""correct"": ""no"",
  ""score"": 1
}"
1358,000090,Did I walk around the house before holding the magazine?,Yes.,"Yes, the person was seen walking around the house before holding the magazine.",Order Judging(Y/N),yes,5,"{
  ""correct"": ""yes"",
  ""score"": 5
}"
1359,000090,Was the magazine held before reading a book?,Yes.,Yes.,Order Judging(Y/N),yes,5,"{
  ""correct"": ""yes"",
  ""score"": 5
}"
1360,000090,Did reading a book happen before walking around the house?,No.,"Yes, the person was reading a book before walking around the house.",Order Judging(Y/N),no,0,"{""correct"": ""no"", ""score"": 0}"
1361,000090,What occurs just before reading a book?,Turn book pages.,"Just before reading a book, the person is seen holding a magazine titled 'Stand Up.'",What event order,no,0,"{
  ""correct"": ""no"",
  ""score"": 0
}"
1362,000090,What action takes place before walking around the house?,No preceding action mentioned.,"Before walking around the house, a person is seen holding a magazine and appears to be reading it.",What event order,no,0,"{
  ""correct"": ""no"",
  ""score"": 0
}"
1363,000091,What is the location setting in this video clip?,Inside a house.,"The location setting is a modern, well-lit room with large windows and a minimalist design.",Scene Summary,no,2,"{
  ""correct"": ""no"",
  ""score"": 2
}"
1364,000091,Describe the atmosphere of the scene.,"A casual, indoor environment.","The atmosphere of the scene is calm and serene, with natural light streaming in from a large window.",Scene Summary,no,1,"{
  ""correct"": ""no"",
  ""score"": 1
}"
1365,000091,What is the relationship between the participants in the video?,They appear to be acquaintances.,"The relationship between the participants is not explicitly stated, but they appear to be engaged in a shared activity or conversation.",Scene Summary,no,1,"{
  ""correct"": ""no"",
  ""score"": 1
}"
1366,000091,Did the characters engage in any recreational activity?,"Yes, they read magazines.","Yes, the characters engaged in a recreational activity by holding and examining a book.",Action Caption,no,2,"{
  ""correct"": ""no"",
  ""score"": 2
}"
1367,000091,Did the characters sit down for a formal meeting?,No.,No.,Whether Something Happened(Y/N),yes,5,"{
  ""correct"": ""yes"",
  ""score"": 5
}"
1368,000091,Are the characters in the video clip outdoors?,No.,No.,Whether Something Happened(Y/N),yes,5,"{
  ""correct"": ""yes"",
  ""score"": 5
}"
1369,000091,Is there any sign of an argument happening in the video?,No.,"No, there is no sign of an argument happening in the video.",Whether Something Happened(Y/N),yes,5,"{
  ""correct"": ""yes"",
  ""score"": 5
}"
1370,000091,Did the characters watch television in the clip?,No.,No.,Whether Something Happened(Y/N),yes,5,"{
  ""correct"": ""yes"",
  ""score"": 5
}"
1371,000091,Is there any physical activity performed by the characters?,No.,"No, there is no physical activity performed by the characters.",Whether Something Happened(Y/N),yes,5,"{
  ""correct"": ""yes"",
  ""score"": 5
}"
1372,000091,Does reading a book happen before talking to the woman?,Yes.,Yes.,Order Judging(Y/N),yes,5,"{
  ""correct"": ""yes"",
  ""score"": 5
}"
1373,000091,Is looking around done before turning book pages?,Yes.,Yes.,Order Judging(Y/N),yes,5,"{
  ""correct"": ""yes"",
  ""score"": 5
}"
1374,000091,What occurs just before reading the magazines?,Talking to each other.,"Just before reading the magazines, a person wearing sunglasses appears and walks towards the camera.",What event order,no,0,"{
  ""correct"": ""no"",
  ""score"": 0
}"
1375,000091,What takes place immediately before looking around?,Turning book pages.,"A person wearing a black hoodie with the text 'Los Angeles' and sunglasses appears, looking around.",What event order,no,0,"{
  ""correct"": ""no"",
  ""score"": 0
}"
1376,000091,What action is performed just before talking to each other?,Looking around.,"Just before talking to each other, the person in the black shirt is seen holding a remote control.",What event order,no,0,"{
  ""correct"": ""no"",
  ""score"": 0
}"
1377,000091,Did I look around before holding the magazine?,No.,"Yes, I looked around before holding the magazine.",Order Judging(Y/N),no,0,"{""correct"": ""no"", ""score"": 0}"
1378,000092,What activities were performed in the room?,Reading a magazine and making coffee.,"The room was used for various activities, including a person taking photos or videos of the interior and another person engaging in conversation.",Scene Summary,no,0,"{
  ""correct"": ""no"",
  ""score"": 0
}"
1379,000092,Describe the environment where the actions occurred.,"A room with a seated person, magazine, and phone.","The environment is a brightly lit, spacious room with large windows that offer a view of the outdoors. The walls are painted white, and there's a television mounted on one wall. A person wearing sunglasses and a black shirt is seen sitting in a chair, holding a drink and engaging in conversation or explaining something.",Scene Summary,no,1,"{
  ""correct"": ""no"",
  ""score"": 1
}"
1380,000092,What devices were used in the scenario?,A magazine and a phone.,A television and a smartphone were used in the scenario.,Scene Summary,no,1,"{""correct"": ""no"", ""score"": 1}"
1381,000092,What was the person doing with the magazine?,The person was reading the magazine.,"The person was holding the magazine and looking at it, possibly reading or flipping through its pages.",Action Caption,yes,4,"{
  ""correct"": ""yes"",
  ""score"": 4
}"
1382,000092,What activity followed reading the magazine?,The person operated the phone.,"Following reading the magazine, a person in sunglasses and a black shirt began to speak or gesture with their hands.",Action Caption,no,1,"{
  ""correct"": ""no"",
  ""score"": 1
}"
1383,000092,Did the person remain seated throughout?,"No, they got up to make coffee.","Yes, the person remained seated throughout the video.",Action Caption,no,0,"{""correct"": ""no"", ""score"": 0}"
1384,000092,Did the person leave the room?,"No, the actions happened in the room.",Yes,Whether Something Happened(Y/N),no,0,"{""correct"": ""no"", ""score"": 0}"
1385,000092,Did the person use a laptop?,"No, the person used a phone.",No.,Whether Something Happened(Y/N),yes,5,"{""correct"": ""yes"", ""score"": 5}"
1386,000092,Did I talk to the woman before reading the magazine?,Yes,"Yes, she was seen talking to someone off-camera before reading the magazine.",Order Judging(Y/N),yes,4,"{
  ""correct"": ""yes"",
  ""score"": 4
}"
1387,000092,Did I read the magazine before making coffee?,Yes,Yes,Order Judging(Y/N),yes,5,"{
  ""correct"": ""yes"",
  ""score"": 5
}"
1388,000092,Did I operate the phone before talking to the woman?,No,"Yes, I operated the phone before talking to the woman.",Order Judging(Y/N),no,0,"{""correct"": ""no"", ""score"": 0}"
1389,000092,Did I make coffee before sitting in the room?,No,"Yes, the person made coffee before sitting in the room.",Order Judging(Y/N),no,0,"{""correct"": ""no"", ""score"": 0}"
1390,000092,Did I make coffee before reading a magazine?,No,"Yes, I made coffee before reading a magazine.",Order Judging(Y/N),no,0,"{""correct"": ""no"", ""score"": 0}"
1391,000092,Did I interact with the woman before reading the book?,Yes,"Yes, before reading the book, I interacted with her by holding a drink and engaging in conversation.",Order Judging(Y/N),yes,5,"{
  ""correct"": ""yes"",
  ""score"": 5
}"
1392,000092,Was the magazine read before interacting with the woman?,No,Yes,Order Judging(Y/N),no,0,"{""correct"": ""no"", ""score"": 0}"
1393,000092,Was the phone operated before making coffee?,Yes,Yes.,Order Judging(Y/N),yes,5,"{""correct"": ""yes"", ""score"": 5}"
1394,000092,What occurs just before I make coffee?,Operate the phone,"Just before making coffee, the person is seen holding a cup of coffee and appears to be preparing it.",What event order,no,0,"{
  ""correct"": ""no"",
  ""score"": 0
}"
1395,000092,What do I do before reading the magazine?,Talk to the woman,"Before reading the magazine, I turn on the TV.",What event order,no,0,"{
  ""correct"": ""no"",
  ""score"": 0
}"
1396,000092,What is done just before looking around?,Turn book pages,"Just before looking around, the person is seen holding a drink and appears to be engaged in conversation or explaining something.",What event order,no,0,"{
  ""correct"": ""no"",
  ""score"": 0
}"
1397,000092,What action takes place before reading the book?,Look around,"Before reading the book, a person wearing sunglasses and a black shirt with 'New England Patriots' on it is seen holding a blue cup.",What event order,no,1,"{
  ""correct"": ""no"",
  ""score"": 1
}"
1398,000093,Describe the setting where the activity is taking place.,The activity is in an indoor room with modern furnishings.,"The activity is taking place in a modern, well-lit room with a high ceiling and exposed ductwork. The room features a large window that allows natural light to flood the space, creating a bright and airy atmosphere. There are comfortable seating options, including a sofa and chairs, arranged around a coffee table. A television screen is mounted on one of the walls, adding to the contemporary aesthetic of the setting.",Scene Summary,yes,4,"{
  ""correct"": ""yes"",
  ""score"": 4
}"
1399,000093,Identify the furniture used by the individuals in the clip.,Chairs are used for seating during the card game.,The individuals are seated on a sofa and a chair.,Scene Summary,no,2,"{""correct"": ""no"", ""score"": 2}"
1400,000093,Did the individual participate in a recreational game?,Yes.,"Yes, the individual is seen playing a board game with wooden pieces.",Whether Something Happened(Y/N),yes,5,"{
  ""correct"": ""yes"",
  ""score"": 5
}"
1401,000093,Was there any interaction with another person during the game?,Yes.,"Yes, the person in the green shirt was seen playing with a toy car during the game.",Whether Something Happened(Y/N),no,1,"{""correct"": ""no"", ""score"": 1}"
1402,000093,Does the setting include contemporary room decor?,Yes.,Yes.,Whether Something Happened(Y/N),yes,5,"{
  ""correct"": ""yes"",
  ""score"": 5
}"
1403,000094,Name one activity that is clearly not happening in this scene.,Cooking food is clearly not happening in this scene.,"The activity that is clearly not happening in this scene is the person standing outside, as they are not visible.",Scene Summary,no,1,"{
  ""correct"": ""no"",
  ""score"": 1
}"
1404,000094,What parallel activity accompanies the main action in this clip?,A discussion with another person accompanies the main action.,The parallel activity is a person wearing sunglasses and holding a stack of wooden blocks.,Action Caption,no,1,"{
  ""correct"": ""no"",
  ""score"": 1
}"
1405,000094,Is there a creative or construction-related task shown?,"Yes, arranging wooden bricks can be considered a construction-related task.","Yes, there is a creative or construction-related task shown in the video.",Action Caption,yes,4,"{
  ""correct"": ""yes"",
  ""score"": 4
}"
1406,000094,Does the video show any form of artistic painting?,No.,"Yes, the video shows a painting on the wall in the background.",Whether Something Happened(Y/N),no,0,"{
  ""correct"": ""no"",
  ""score"": 0
}"
1407,000094,Is there a solo performance happening in the video?,No.,Yes.,Whether Something Happened(Y/N),no,0,"{""correct"": ""no"", ""score"": 0}"
1408,000094,Did I interact with Lady A after I sat on the chair?,Yes.,"Yes, Lady A was seen interacting with someone off-camera in the background.",Order Judging(Y/N),no,1,"{
  ""correct"": ""no"",
  ""score"": 1
}"
1409,000094,What happens just before I sit on the chair?,Entering the room.,"Just before I sit on the chair, a person wearing sunglasses and a black shirt appears to interact with me.",What event order,no,0,"{
  ""correct"": ""no"",
  ""score"": 0
}"
1410,000094,What did I engage in right before sitting in a room?,I did not engage in anything; I was already seated.,I engaged in a game of Jenga.,What event order,no,0,"{
  ""correct"": ""no"",
  ""score"": 0
}"
1411,000095,Where is this scene set?,In a room with another person.,"The scene is set in a modern, well-lit room with a casual and inviting atmosphere.",Scene Summary,no,2,"{
  ""correct"": ""no"",
  ""score"": 2
}"
1412,000095,What are the main elements present in this scenario?,A Jenga game and two individuals.,"The main elements present in this scenario are a television set, a person wearing glasses and a headset, a stack of wooden blocks, and a chair.",Scene Summary,no,2,"{
  ""correct"": ""no"",
  ""score"": 2
}"
1413,000095,What can be observed on the table in the video?,A Jenga tower and blocks.,"The table is cluttered with various items, including a remote control and some papers.",Scene Summary,no,0,"{
  ""correct"": ""no"",
  ""score"": 0
}"
1414,000095,Who is actively participating in the game shown in the video?,The person in the frame and another woman.,A person wearing a VR headset is actively participating in the game.,Action Caption,no,2,"{
  ""correct"": ""no"",
  ""score"": 2
}"
1415,000095,How is the game of Jenga progressing in the clip?,Blocks are being stacked atop the tower.,"The game of Jenga is progressing with the person successfully stacking a tower, indicating that they are in the middle of their turn.",Action Caption,yes,4,"{
  ""correct"": ""yes"",
  ""score"": 4
}"
1416,000095,What is the consequence of the actions performed with the Jenga blocks?,The Jenga tower is becoming taller.,The consequence is that the Jenga blocks are balanced and stacked in a tower.,Action Caption,no,2,"{
  ""correct"": ""no"",
  ""score"": 2
}"
1417,000095,What action precedes placing a block atop the Jenga tower?,Removing a block from the Jenga tower.,The action that precedes placing a block atop the Jenga tower is placing a hand on the television remote control.,Action Caption,no,0,"{""correct"": ""no"", ""score"": 0}"
1418,000095,Does the video show a Jenga tower on a glass table?,Yes.,Yes.,Whether Something Happened(Y/N),yes,5,"{
  ""correct"": ""yes"",
  ""score"": 5
}"
1419,000095,Are the Jenga blocks being carefully handled?,Yes.,Yes.,Whether Something Happened(Y/N),yes,5,"{
  ""correct"": ""yes"",
  ""score"": 5
}"
1420,000095,Is the Jenga tower intact at this moment in the video?,Yes.,Yes.,Whether Something Happened(Y/N),yes,5,"{""correct"": ""yes"", ""score"": 5}"
1421,000095,What action occurred just before placing the blocks atop the Jenga tower?,Took Jenga blocks from the tower,"A hand with a black object, possibly a remote control or a phone, appeared and placed the blocks atop the Jenga tower.",What event order,no,1,"{
  ""correct"": ""no"",
  ""score"": 1
}"
1422,000095,What happened just before taking Jenga blocks from the tower?,Played game of Jenga,"Just before taking Jenga blocks from the tower, a person wearing VR glasses appeared and started to interact with the tower.",What event order,no,1,"{
  ""correct"": ""no"",
  ""score"": 1
}"
1423,000095,Did I arrange wooden bricks before playing a card game?,No,"Yes, the person in the video is seen arranging wooden bricks before playing a card game.",Order Judging(Y/N),no,0,"{""correct"": ""no"", ""score"": 0}"
1424,000095,Did I sit on a chair before talking to a lady?,Yes,"Yes, the person in the video is sitting on a gray chair before talking to a lady.",Order Judging(Y/N),yes,5,"{
  ""correct"": ""yes"",
  ""score"": 5
}"
1425,000096,What activities are occurring inside the house?,Two individuals are playing Jenga.,"Inside the house, there are people walking around and engaging in various activities.",Scene Summary,no,1,"{
  ""correct"": ""no"",
  ""score"": 1
}"
1426,000096,What is on the table between the participants?,A Jenga tower is on the table.,A stack of wooden blocks is on the table between them.,Scene Summary,yes,5,"{
  ""correct"": ""yes"",
  ""score"": 5
}"
1427,000096,How are the participants utilizing the wooden blocks?,They are carefully pulling blocks from the Jenga tower.,The participants are using the wooden blocks to build a tower.,Action Caption,no,2,"{
  ""correct"": ""no"",
  ""score"": 2
}"
1428,000096,Is the Jenga tower still standing?,Yes.,Yes.,Whether Something Happened(Y/N),yes,5,"{
  ""correct"": ""yes"",
  ""score"": 5
}"
1429,000096,Has a Jenga block just been successfully moved?,Yes.,Yes,Whether Something Happened(Y/N),yes,5,"{
  ""correct"": ""yes"",
  ""score"": 5
}"
1430,000096,Are the participants seated during the game?,Yes.,Yes.,Whether Something Happened(Y/N),yes,5,"{
  ""correct"": ""yes"",
  ""score"": 5
}"
1431,000096,Is there a game being played on the floor?,No.,Yes.,Whether Something Happened(Y/N),no,0,"{""correct"": ""no"", ""score"": 0}"
1432,000096,Does the frame display a competitive match in progress?,Yes.,Yes.,Whether Something Happened(Y/N),yes,5,"{
  ""correct"": ""yes"",
  ""score"": 5
}"
1433,000096,Did I sit on the chairs before playing Jenga?,Yes.,"Yes, the person was sitting on a chair before playing Jenga.",Order Judging(Y/N),yes,5,"{
  ""correct"": ""yes"",
  ""score"": 5
}"
1434,000096,Did I take Jenga blocks from the tower before adding to its top?,Yes.,"Yes, the person added more blocks to the tower before adding to its top.",Order Judging(Y/N),no,1,"{
  ""correct"": ""no"",
  ""score"": 1
}"
1435,000096,Did the Jenga game happen before relaxing on the chairs?,No.,"Yes, the Jenga game was already in progress before relaxing on the chairs.",Order Judging(Y/N),no,0,"{""correct"": ""no"", ""score"": 0}"
1436,000096,Was placing blocks atop the Jenga tower before taking blocks from it?,No.,Yes.,Order Judging(Y/N),no,0,"{""correct"": ""no"", ""score"": 0}"
1437,000096,What occurs just before placing the blocks atop the Jenga tower?,Taking Jenga blocks from the tower.,"Just before placing the blocks atop the Jenga tower, a person wearing sunglasses and a black shirt with 'JACK' written on it appears to adjust their position.",What event order,no,1,"{
  ""correct"": ""no"",
  ""score"": 1
}"
1438,000096,What happens just before sitting on the chairs to play?,Entering the room.,"Just before sitting on the chairs, the person is seen holding a stack of wooden blocks and appears to be in the process of stacking them.",What event order,no,0,"{
  ""correct"": ""no"",
  ""score"": 0
}"
1439,000096,Did the game start before arranging wooden bricks on a block?,No,"No, the game started with arranging wooden bricks on a block before starting to build a tower.",Order Judging(Y/N),no,2,"{""correct"": ""no"", ""score"": 2}"
1440,000097,What is the setting of the current video clip?,The setting is inside a house.,"The setting of the current video clip is a modern living room with large windows, where a person is seen interacting with a television.",Scene Summary,yes,4,"{
  ""correct"": ""yes"",
  ""score"": 4
}"
1441,000097,Describe the occupants in the house in the video.,"There are multiple individuals, both men and women.","The house is inhabited by two individuals, one standing near the television and another seated on a couch.",Scene Summary,no,2,"{
  ""correct"": ""no"",
  ""score"": 2
}"
1442,000097,What were the individuals doing with wood in the video?,They were arranging pieces of wood.,The individuals were seen using a wooden puzzle to build a tower.,Scene Summary,no,1,"{
  ""correct"": ""no"",
  ""score"": 1
}"
1443,000097,What type of interaction occurred among the individuals?,They interacted with each other.,"The individuals engaged in a playful interaction, with one person attempting to balance the stack of wooden blocks on top of the television.",Scene Summary,no,1,"{
  ""correct"": ""no"",
  ""score"": 1
}"
1444,000097,Are the people stationary or moving about in the clip?,They are moving about the space.,The people are moving about in the clip.,Action Caption,yes,5,"{
  ""correct"": ""yes"",
  ""score"": 5
}"
1445,000097,Is the Jenga game played before arranging wood pieces?,Yes.,Yes.,Order Judging(Y/N),yes,5,"{
  ""correct"": ""yes"",
  ""score"": 5
}"
1446,000097,Does sitting on chairs happen before interacting with each other?,Yes.,"Yes, sitting on chairs happens before interacting with each other.",Order Judging(Y/N),yes,5,"{
  ""correct"": ""yes"",
  ""score"": 5
}"
1447,000097,Is the wood arrangement completed before the Jenga tower is built?,No.,"No, the wooden arrangement is incomplete before the Jenga tower is built.",Order Judging(Y/N),yes,5,"{
  ""correct"": ""yes"",
  ""score"": 5
}"
1448,000097,What happens before arranging the wood pieces?,Playing Jenga.,"Before arranging the wood pieces, a person wearing sunglasses and a black shirt enters the room.",What event order,no,0,"{
  ""correct"": ""no"",
  ""score"": 0
}"
1449,000097,What takes place before the Jenga block is touched?,Sitting down.,"Before the Jenga block is touched, a person wearing sunglasses and a black shirt enters the room.",What event order,no,0,"{
  ""correct"": ""no"",
  ""score"": 0
}"
1450,000097,Did the Jenga game occur before sitting on the chairs?,No.,"Yes, the Jenga game was completed before sitting on the chairs.",Order Judging(Y/N),no,0,"{""correct"": ""no"", ""score"": 0}"
1451,000097,Was taking Jenga blocks from the tower after sitting on the chairs?,Yes.,Yes.,Order Judging(Y/N),yes,5,"{
  ""correct"": ""yes"",
  ""score"": 5
}"
1452,000097,What happened just before placing blocks atop the Jenga tower?,Taking Jenga blocks from the tower.,"Just before placing blocks atop the Jenga tower, a person wearing sunglasses and a black shirt appeared in the background.",What event order,no,0,"{
  ""correct"": ""no"",
  ""score"": 0
}"
1453,000097,What happens before arranging the pieces of wood?,Playing the Jenga wooden blocks game.,"Before arranging the pieces of wood, a person wearing sunglasses and a black shirt enters the room.",What event order,no,0,"{
  ""correct"": ""no"",
  ""score"": 0
}"
1454,000098,What is the setting of the video clip?,An office.,"The setting of the video clip is a brightly lit room with large windows, where two individuals are seated on a couch.",Scene Summary,no,1,"{
  ""correct"": ""no"",
  ""score"": 1
}"
1455,000098,What activities are taking place in the clip?,Talking to a person and using a phone.,"The clip shows a person playing a game on a smartphone, interacting with another individual who is also using the same phone.",Scene Summary,no,2,"{
  ""correct"": ""no"",
  ""score"": 2
}"
1456,000098,What is the primary action in the recent frames?,Engaging in a discussion and using the phone.,"The primary action is the person in the room engaging with a smartphone, displaying and reading text messages.",Action Caption,no,2,"{
  ""correct"": ""no"",
  ""score"": 2
}"
1457,000098,What technology is in use in the action?,A phone.,A 3D printer is in use.,Action Caption,no,0,"{""correct"": ""no"", ""score"": 0}"
1458,000098,Is the person alone in the scene?,No.,"No, there is another person partially visible in the background.",Whether Something Happened(Y/N),yes,5,"{
  ""correct"": ""yes"",
  ""score"": 5
}"
1459,000098,Did I interact with others after being at the office?,Yes,"Yes, the person in the black shirt was seen interacting with others after being at the office.",Order Judging(Y/N),yes,5,"{
  ""correct"": ""yes"",
  ""score"": 5
}"
1460,000098,Did the office scene occur before the house activities?,Yes,"Yes, the office scene occurred before the house activities.",Order Judging(Y/N),yes,5,"{
  ""correct"": ""yes"",
  ""score"": 5
}"
1461,000098,What happened right before I was at the office?,I was in the house,"A person in a VR headset appeared, and the scene was altered to show two individuals sitting on a couch.",What event order,no,0,"{
  ""correct"": ""no"",
  ""score"": 0
}"
1462,000098,Did I play Jenga before arranging pieces of wood?,Yes.,"Yes, you played Jenga before arranging pieces of wood.",Order Judging(Y/N),yes,5,"{
  ""correct"": ""yes"",
  ""score"": 5
}"
1463,000098,Did I use the phone before playing Jenga?,No.,"Yes, you used the phone before playing Jenga.",Order Judging(Y/N),no,0,"{""correct"": ""no"", ""score"": 0}"
1464,000098,Was I at the office before playing with the Jenga blocks?,Yes.,"Yes, I was at the office before playing with the Jenga blocks.",Order Judging(Y/N),yes,5,"{
  ""correct"": ""yes"",
  ""score"": 5
}"
