"video_id","question","answer","pred_answer","task"
"9198b9a4-8d8f-4ba6-9924-4c86982d890a","What task is being performed with vegetables?","Chopping vegetables.","The task being performed with vegetables is chopping and preparing them for the next step in the cooking process.","Scene Summary"
"9198b9a4-8d8f-4ba6-9924-4c86982d890a","What step is being taken with flatbread?","Wrapping sauce in flatbread.","The person is preparing to place the flatbread into a pan filled with chili.","Scene Summary"
"9198b9a4-8d8f-4ba6-9924-4c86982d890a","What kitchen fixture is being utilized?","Opening a cabinet.","A stove is being utilized in the kitchen.","Scene Summary"
"9198b9a4-8d8f-4ba6-9924-4c86982d890a","What's the overview of the action in the clip?","Preparing ingredients for a meal.","The clip shows a person preparing food in a kitchen, specifically making tortillas and adding them to a pot of chili. The scene includes various ingredients on the counter, such as onions, tomatoes, and other vegetables, along with cooking utensils like a frying pan and a large knife.","Action Caption"
"9198b9a4-8d8f-4ba6-9924-4c86982d890a","Does the video show someone chopping vegetables?","Yes.","Yes","Whether Something Happened(Y/N)"
"9198b9a4-8d8f-4ba6-9924-4c86982d890a","Did the individual successfully open a kitchen cabinet?","Yes.","Yes, the individual successfully opened a kitchen cabinet to retrieve an ingredient.","Whether Something Happened(Y/N)"
"9198b9a4-8d8f-4ba6-9924-4c86982d890a","Is the flatbread being seasoned with sauce?","Yes.","Yes.","Whether Something Happened(Y/N)"
"9198b9a4-8d8f-4ba6-9924-4c86982d890a","Is there an occurrence of food being wrapped?","Yes.","Yes.","Whether Something Happened(Y/N)"
"9198b9a4-8d8f-4ba6-9924-4c86982d890a","Is the person using a knife for cooking tasks?","Yes.","Yes.","Whether Something Happened(Y/N)"
"9198b9a4-8d8f-4ba6-9924-4c86982d890a","What is the location in the video clip?","A kitchen.","The location is a kitchen.","Scene Summary"
"9198b9a4-8d8f-4ba6-9924-4c86982d890a","What kitchen activity is underway in the clip?","Cutting vegetables.","The clip shows a person preparing food in the kitchen, specifically chopping tomatoes and garlic on a cutting board.","Scene Summary"
"9198b9a4-8d8f-4ba6-9924-4c86982d890a","What tool does the person in the video use?","Knives.","The person in the video uses a large knife to slice the tomatoes/INFO","Scene Summary"
"9198b9a4-8d8f-4ba6-9924-4c86982d890a","What appliance does the person in the video handle?","The heat regulator of the cooker.","The person in the video handles a large knife and a tomato.","Scene Summary"
"9198b9a4-8d8f-4ba6-9924-4c86982d890a","What part of the kitchen furniture does the person interact with?","Drawers.","The person interacts with the kitchen cabinets and drawers.","Scene Summary"
"9198b9a4-8d8f-4ba6-9924-4c86982d890a","How is the person controlling the cooking temperature?","Operating the heat regulator.","The person is using a stove burner to control the heat of the pot on the stovetop.","Action Caption"
"9198b9a4-8d8f-4ba6-9924-4c86982d890a","What can be inferred from the person's actions with the drawers?","Searching or organizing.","The person's actions with the drawers suggest that they are organizing or preparing ingredients for a meal.","Action Caption"
"9198b9a4-8d8f-4ba6-9924-4c86982d890a","Does the clip show any cooking taking place?","No direct cooking, only preparation.","Yes, the clip shows a person preparing food/INFO","Action Caption"
"9198b9a4-8d8f-4ba6-9924-4c86982d890a","Did the person successfully cut the vegetables?","Yes.","Yes, the person successfully cut the tomatoes into smaller pieces.","Whether Something Happened(Y/N)"
"9198b9a4-8d8f-4ba6-9924-4c86982d890a","Was the heat regulator adjusted to a specific level?","Yes, it was operated.","Yes, the heat regulator was turned on to a medium level.","Whether Something Happened(Y/N)"
"9198b9a4-8d8f-4ba6-9924-4c86982d890a","Did the person use any other kitchen tools besides knives?","Heat regulator only mentioned.","Yes, the person also used a spoon to scoop out the tomato pieces and then placed them on the cutting board.","Whether Something Happened(Y/N)"
"9198b9a4-8d8f-4ba6-9924-4c86982d890a","Is the cabinet opened before wrapping the sauce in flat bread?","No","No, the cabinet is not visible in the image.","Order Judging(Y/N)"
"9198b9a4-8d8f-4ba6-9924-4c86982d890a","Do I cut vegetables before operating the heat regulator on the cooker?","Yes","No, you should not cut the tomatoes/INFO","Order Judging(Y/N)"
"9198b9a4-8d8f-4ba6-9924-4c86982d890a","Is the drawer opened before the vegetables are chopped?","No","No, the vegetables are not yet chopped.","Order Judging(Y/N)"
"9198b9a4-8d8f-4ba6-9924-4c86982d890a","Does wrapping sauce in flat bread happen after cutting vegetables?","Yes","After cutting the vegetables, they are placed on a plate and wrapped in foil.","Order Judging(Y/N)"
"9198b9a4-8d8f-4ba6-9924-4c86982d890a","Do I open the cabinet before chopping the vegetables?","No","No, you should not open the oven/INFO","Order Judging(Y/N)"
"9198b9a4-8d8f-4ba6-9924-4c86982d890a","What occurs just before wrapping the sauce in flat bread?","Chopping vegetables","The video shows a close-up of the kitchen/INFO","What event order"
"9198b9a4-8d8f-4ba6-9924-4c86982d890a","What takes place right before operating the heat regulator of the cooker?","Cutting vegetables with knives","The video does not provide information about the specific actions or events that occur before operating the heat regulator of the stove.","What event order"
"9198b9a4-8d8f-4ba6-9924-4c86982d890a","What setting is shown in this video clip?","A kitchen.","The setting shown in this video clip is a kitchen where the preparation of tacos and burritos is taking place.","Scene Summary"
"9198b9a4-8d8f-4ba6-9924-4c86982d890a","What task is being performed with tomatoes?","Cutting tomatoes.","The task being performed with tomatoes is adding them to the pot of chili.","Scene Summary"
"9198b9a4-8d8f-4ba6-9924-4c86982d890a","Is there an electronic device being used in this scene?","Yes, a mobile phone.","Yes.","Scene Summary"
"9198b9a4-8d8f-4ba6-9924-4c86982d890a","How is the sauce being utilized in the cooking process?","By spreading it on flatbreads.","The sauce is being poured over the rolled tortillas, which are then placed into a pan on the stove.","Action Caption"
"9198b9a4-8d8f-4ba6-9924-4c86982d890a","What activity is occurring aside from food preparation?","Operating a mobile phone.","Aside from food preparation, there is a person using a smartphone to take photos or videos of the cooking process.","Action Caption"
"9198b9a4-8d8f-4ba6-9924-4c86982d890a","What manual task is depicted involving food items?","Cutting vegetables, specifically tomatoes.","The manual task depicted involves rolling tortillas and scooping filling from a pot.","Action Caption"
"9198b9a4-8d8f-4ba6-9924-4c86982d890a","Is someone chopping vegetables in the video?","Yes.","Yes.","Whether Something Happened(Y/N)"
"9198b9a4-8d8f-4ba6-9924-4c86982d890a","Is the sauce being poured into a bowl?","No, it's being rolled in flatbreads.","No.","Whether Something Happened(Y/N)"
"9198b9a4-8d8f-4ba6-9924-4c86982d890a","Is a cooking activity happening in a bedroom?","No, it's happening in a kitchen.","No.","Whether Something Happened(Y/N)"
"9198b9a4-8d8f-4ba6-9924-4c86982d890a","Does the frame capture the act of grilling or frying?","No.","Yes, the frame captures the act of grilling or frying by showing a close-up view of the food being cooked on the stovetop.","Whether Something Happened(Y/N)"
"9198b9a4-8d8f-4ba6-9924-4c86982d890a","In the video, are vegetables cut before the heat regulator is operated?","Yes","Yes, the vegetables are cut before the heat regulator is operated.","Order Judging(Y/N)"
"9198b9a4-8d8f-4ba6-9924-4c86982d890a","Does rolling sauce in flatbreads occur after cutting tomatoes?","Yes","Yes, after cutting tomatoes, the rolling sauce in flatbreads is added to the pan with the tomato slices.","Order Judging(Y/N)"
"9198b9a4-8d8f-4ba6-9924-4c86982d890a","Does the opening of the drawers happen before using the mobile phone?","No","Yes, the opening of the drawers happens before using the mobile phone.","Order Judging(Y/N)"
"9198b9a4-8d8f-4ba6-9924-4c86982d890a","Is the heat regulator operated before rolling sauce in flatbreads?","No","Yes, the heat regulator is turned on before rolling sauce in flatbreads.","Order Judging(Y/N)"
"9198b9a4-8d8f-4ba6-9924-4c86982d890a","What occurs just before rolling sauce in flatbreads?","Cutting tomatoes with a knife.","Just before rolling sauce in flatbreads, the person places a tortilla on the pan and starts to roll it.","What event order"
"9198b9a4-8d8f-4ba6-9924-4c86982d890a","What happens just before operating the heat regulator?","Cutting vegetables with knives.","Just before operating the heat regulator, the person places a red container on the counter and adjusts the stove's temperature.","What event order"
"9198b9a4-8d8f-4ba6-9924-4c86982d890a","What is done just before opening drawers in the kitchen?","Operating the heat regulator of the cooker.","Just before opening drawers, the person uses a spatula to scoop out some of the filling from the tortilla shells.","What event order"
"9198b9a4-8d8f-4ba6-9924-4c86982d890a","What activity occurs just before operating a mobile phone?","Rolling sauce in flatbreads.","Just before operating a mobile phone, the person is seen preparing to cook by rolling out dough and placing it into a pan filled with chili.","What event order"
"9198b9a4-8d8f-4ba6-9924-4c86982d890a","Is the cabinet opened before the vegetables are chopped?","No","Yes.","Order Judging(Y/N)"
"9198b9a4-8d8f-4ba6-9924-4c86982d890a","Does operating the heat regulator happen after chopping vegetables?","Yes","Yes, the heat regulator is turned on after chopping vegetables.","Order Judging(Y/N)"
"9198b9a4-8d8f-4ba6-9924-4c86982d890a","Is wrapping sauce in flat bread before cutting vegetables?","No","Yes.","Order Judging(Y/N)"
"9198b9a4-8d8f-4ba6-9924-4c86982d890a","Do I use the mobile phone before opening drawers?","Yes","Yes, the mobile phone is used to open drawers.","Order Judging(Y/N)"
"9198b9a4-8d8f-4ba6-9924-4c86982d890a","What happens just before the cabinet is opened in the video?","Chopping vegetables","Just before the cabinet is opened, a person places a tortilla on top of the rolled enchiladas.","What event order"
"9198b9a4-8d8f-4ba6-9924-4c86982d890a","What occurs immediately before operating the heat regulator?","Cutting vegetables with knives","The person places the tortilla on a tray and adjusts it to ensure even cooking.","What event order"
"9198b9a4-8d8f-4ba6-9924-4c86982d890a","What do I do right before rolling sauce in flat breads?","Cutting tomatoes","You should roll sauce in flat breads to ensure they are evenly coated.","What event order"
"9198b9a4-8d8f-4ba6-9924-4c86982d890a","What action takes place just before using the mobile phone?","Rolling sauce in flat breads","Just before using the mobile phone, a hand is seen holding a red spatula.","What event order"
"9198b9a4-8d8f-4ba6-9924-4c86982d890a","What is done directly before opening drawers in the kitchen?","Operating the heat regulator.","The person opens a drawer labeled 'Pasta' and retrieves a package of pasta.","What event order"
"9198b9a4-8d8f-4ba6-9924-4c86982d890a","What is the setting of the latest video frame?","A kitchen.","The setting of the latest video frame is a kitchen with a Christmas tree in the background, indicating that it might be around the holiday season.","Scene Summary"
"9198b9a4-8d8f-4ba6-9924-4c86982d890a","What can be seen on the stove in the video clip?","A pan with shawarma filling and bread.","The stove in the video clip has two tortillas (or burritos) on it, one with a brownish mixture and the other with a colorful mixture of vegetables.","Scene Summary"
"9198b9a4-8d8f-4ba6-9924-4c86982d890a","How many pans are on the stove in the video?","Two pans.","There are two pans on the stove in the video.","Scene Summary"
"9198b9a4-8d8f-4ba6-9924-4c86982d890a","What objects are visible on the kitchen counter in the video?","Ingredients and utensils.","Visible objects on the kitchen counter include a cutting board with chopped/INFO, a bowl of chopped tomatoes and green herbs, a blender, a bottle of oil, a container of grated cheese, and a plate with rolled tortillas.","Scene Summary"
"9198b9a4-8d8f-4ba6-9924-4c86982d890a","What cooking process is happening in the new frames?","Shawarma filling is being prepared.","In the new frames, the person is seen cooking/INFO","Action Caption"
"9198b9a4-8d8f-4ba6-9924-4c86982d890a","What action was the cook performing?","Adding bread to the shawarma filling.","The cook was preparing food, specifically rolling tortillas and adding them to a pan with a mixture of meat and vegetables串子.","Action Caption"
"9198b9a4-8d8f-4ba6-9924-4c86982d890a","How is the cook interacting with the food?","By stirring and combining ingredients.","The cook is actively engaged in the cooking process, using a spatula to stir and mix ingredients串香粉和辣椒粉, which are likely used as toppingsNECTARAO, and occasionally adds more of them to the pan.","Action Caption"
"9198b9a4-8d8f-4ba6-9924-4c86982d890a","Describe the cook's technique in the video clip.","Carefully scooping and spreading filling onto bread.","The cook methodically/INFO","Action Caption"
"9198b9a4-8d8f-4ba6-9924-4c86982d890a","Is there more than one dish being cooked simultaneously?","Yes.","Yes, there are two dishes being cooked simultaneously on the stove.","Whether Something Happened(Y/N)"
"9198b9a4-8d8f-4ba6-9924-4c86982d890a","Is the cook wearing any protective gloves in the video?","No.","No.","Whether Something Happened(Y/N)"
"9198b9a4-8d8f-4ba6-9924-4c86982d890a","Does the video capture the addition of toppings to the shawarma?","No.","Yes, the video captures the addition of toppings and garnishing the shaw/INFO tacos with chopped onions and cilantro.","Whether Something Happened(Y/N)"
"9198b9a4-8d8f-4ba6-9924-4c86982d890a","Is the mobile phone operated before rolling sauce in flat breads?","No","No, the mobile phone is not operated before rolling sauce in flat breads.","Order Judging(Y/N)"
"9198b9a4-8d8f-4ba6-9924-4c86982d890a","Do I cut the tomatoes before preparing the shawarma?","Yes","Yes, the person in the video is seen cutting the tomatoes before preparing the shaw/INFO.","Order Judging(Y/N)"
"9198b9a4-8d8f-4ba6-9924-4c86982d890a","Is the shawarma prepared before cutting tomatoes?","No","Yes, the shawarma is prepared by placing sliced tomatoes/INFO and chopped tomatoes on a plate before cutting them.","Order Judging(Y/N)"
"9198b9a4-8d8f-4ba6-9924-4c86982d890a","Do I roll sauce in flat breads after cutting tomatoes?","Yes","Yes, the person rolls sauce in flat breads after cutting tomatoes.","Order Judging(Y/N)"
"9198b9a4-8d8f-4ba6-9924-4c86982d890a","Is the mobile phone operated after preparing the shawarma?","Yes","Yes.","Order Judging(Y/N)"
"9198b9a4-8d8f-4ba6-9924-4c86982d890a","What action occurs just before I operated the mobile phone?","Rolling sauce in flat breads","Just before I operated the mobile phone, a hand is seen holding a bowl of chopped/INFO vegetables.","What event order"
"9198b9a4-8d8f-4ba6-9924-4c86982d890a","What do I do before cutting the tomatoes?","Nothing, it is the first action.","Before cutting the tomatoes, I use a knife to chop them into smaller pieces.","What event order"
"9198b9a4-8d8f-4ba6-9924-4c86982d890a","What occurs just before preparing the shawarma?","Operating the mobile phone","Just before preparing the sharma, the person is seen holding a bowl of chopped/INFO and adding it to the pan with the other ingredients.","What event order"
"9198b9a4-8d8f-4ba6-9924-4c86982d890a","In the video, did I open the kitchen drawers before cutting vegetables?","No","Yes, the video shows a close-up of a kitchen drawer/INFO","Order Judging(Y/N)"
"9198b9a4-8d8f-4ba6-9924-4c86982d890a","Does the cooking of shawarma happen before regulating the cooker's heat?","Yes","Yes, the cooking of shaw/INFO wraps happens before regulating the cooker's heat.","Order Judging(Y/N)"
"9198b9a4-8d8f-4ba6-9924-4c86982d890a","In the video, is the mobile phone operated after the sauce is rolled in flatbreads?","Yes","Yes, the mobile phone is operated after the sauce is rolled in flatbreads.","Order Judging(Y/N)"
"9198b9a4-8d8f-4ba6-9924-4c86982d890a","Is heat regulation done before cutting tomatoes with a knife?","No","Yes, the person is seen in the process of cutting tomatoes/INFO tomatoes with a knife before they are added to the pan.","Order Judging(Y/N)"
"9198b9a4-8d8f-4ba6-9924-4c86982d890a","In the video sequence, what do I do before cooking shawarma?","Cut vegetables","Before cooking shawarma, I open the microwave and place a bowl of chopped/INFO beans on the countertop.","What event order"
"9198b9a4-8d8f-4ba6-9924-4c86982d890a","Describe the setting shown in the video clip.","A kitchen where shawarma is being prepared.","The video shows a kitchen setting where a person is preparing food on a countertop. The background features a tiled backsplash and various kitchen items, including a container of tortillas, a can of beans, and a bowl of shredded cheese.","Scene Summary"
"9198b9a4-8d8f-4ba6-9924-4c86982d890a","What is happening in these new frames?","Shawarma is being filled with ingredients.","In these new frames, a person is seen holding a smartphone with the camera focused on them. The scene continues to show the kitchen setup with various ingredients and cooking items in motion, including rolling pin, spatula, and containers of spices or condiments.","Action Caption"
"9198b9a4-8d8f-4ba6-9924-4c86982d890a","Is the person in the video making a meal?","Yes.","Yes.","Whether Something Happened(Y/N)"
"9198b9a4-8d8f-4ba6-9924-4c86982d890a","Is the kitchen the main location in these frames?","Yes.","Yes, the kitchen is the main location in these frames.","Whether Something Happened(Y/N)"
"9198b9a4-8d8f-4ba6-9924-4c86982d890a","Does the video capture the moment of grilling meat for the shawarma?","No.","Yes, the video captures the moment of grilling meat for the shawarma as it is placed into a pan on the stove.","Whether Something Happened(Y/N)"
"9198b9a4-8d8f-4ba6-9924-4c86982d890a","Are spices being added to the food in this clip?","No.","Yes, spices are being added to the food in this clip.","Whether Something Happened(Y/N)"
"9198b9a4-8d8f-4ba6-9924-4c86982d890a","In the video, is the shawarma filling added to the bread before wrapping it?","Yes","Yes","Order Judging(Y/N)"
"9198b9a4-8d8f-4ba6-9924-4c86982d890a","Does the chopping of vegetables occur before heating the pan?","No","Yes, the chopping of vegetables occurs before heating the pan.","Order Judging(Y/N)"
"9198b9a4-8d8f-4ba6-9924-4c86982d890a","Is the stove turned off before removing the pan from heat?","Yes","Yes.","Order Judging(Y/N)"
"9198b9a4-8d8f-4ba6-9924-4c86982d890a","In the video, is the bread placed on the pan before adding fillings?","Yes","Yes.","Order Judging(Y/N)"
"9198b9a4-8d8f-4ba6-9924-4c86982d890a","Is the shawarma served before adding sauce?","No","Yes.","Order Judging(Y/N)"
"9198b9a4-8d8f-4ba6-9924-4c86982d890a","What do I do before adding the shawarma filling to the bread?","Chop vegetables","Before adding the shawarma filling to the bread, you should first prepare the tortillas by rolling them out and cutting them into strips.","What event order"
"9198b9a4-8d8f-4ba6-9924-4c86982d890a","What is done before turning off the stove?","Cook shawarma","Before turning off the stove, the person is seen stirring a pan with vegetables and adding more ingredients to it.","What event order"
"9198b9a4-8d8f-4ba6-9924-4c86982d890a","What is the immediate step before serving the shawarma?","Add sauce","The immediate step before serving the shawarma is spreading a mixture of shredded cheese and vegetables in a bowl.","What event order"
"9198b9a4-8d8f-4ba6-9924-4c86982d890a","In the video, is the sauce added to the flat bread before cutting the tomatoes?","No","Yes","Order Judging(Y/N)"
"9198b9a4-8d8f-4ba6-9924-4c86982d890a","Does the person operate the mobile phone after rolling the sauce in the flat breads?","Yes","Yes, the person operates the mobile phone after rolling the sauce in the flat breads.","Order Judging(Y/N)"
"9198b9a4-8d8f-4ba6-9924-4c86982d890a","Is the shawarma prepared before the tomatoes are cut with a knife?","Yes","Yes.","Order Judging(Y/N)"
"9198b9a4-8d8f-4ba6-9924-4c86982d890a","In the video, does rolling the sauce happen before the shawarma preparation?","No","No, the sauce is added to the shawarma before rolling it.","Order Judging(Y/N)"
"9198b9a4-8d8f-4ba6-9924-4c86982d890a","Is the flat bread used before operating the mobile phone?","Yes","Yes.","Order Judging(Y/N)"
"9198b9a4-8d8f-4ba6-9924-4c86982d890a","What setting is portrayed in the latest clip?","A kitchen setting.","The latest clip portrays a festive setting with Christmas decorations in the background.","Scene Summary"
"9198b9a4-8d8f-4ba6-9924-4c86982d890a","What activity is featured in the frame?","Preparing shawarma.","The activity featured in the frame is preparing a dish that includes tortillas, green leafy vegetables, and other ingredients.","Scene Summary"
"9198b9a4-8d8f-4ba6-9924-4c86982d890a","Is the shawarma preparation process completed in the clip?","No.","Yes.","Whether Something Happened(Y/N)"
"9198b9a4-8d8f-4ba6-9924-4c86982d890a","Is there more than one person visible in the kitchen?","No.","Yes.","Whether Something Happened(Y/N)"
"9198b9a4-8d8f-4ba6-9924-4c86982d890a","Does the clip show any cooking appliances being used?","No.","Yes, the clip shows a microwave being used to heat up some of the ingredients.","Whether Something Happened(Y/N)"
"9198b9a4-8d8f-4ba6-9924-4c86982d890a","Is there any sign of food already cooked in the scene?","No.","Yes, there is a bowl of cooked tortillas visible in the background.","Whether Something Happened(Y/N)"
"9198b9a4-8d8f-4ba6-9924-4c86982d890a","Is the person in the frame wearing gloves?","No.","No.","Whether Something Happened(Y/N)"
"9198b9a4-8d8f-4ba6-9924-4c86982d890a","In the video, is the meat added to the shawarma wrap before chopping the herbs?","No","No, the meat is not added to the shawarma wrap before chopping the herbs.","Order Judging(Y/N)"
"9198b9a4-8d8f-4ba6-9924-4c86982d890a","In the video, is the shawarma wrap prepared before the vegetables are chopped?","Yes","Yes, the shawarma wrap is prepared before the vegetables are chopped.","Order Judging(Y/N)"
"9198b9a4-8d8f-4ba6-9924-4c86982d890a","Does chopping herbs happen after the vegetables are mixed in the bowl?","No","Yes, the person continues to chop herbs on the cutting board after mixing them in the bowl.","Order Judging(Y/N)"
"9198b9a4-8d8f-4ba6-9924-4c86982d890a","Is the shawarma meat cooked before the vegetables are cut?","Yes","Yes.","Order Judging(Y/N)"
"9198b9a4-8d8f-4ba6-9924-4c86982d890a","What happens just before the shawarma meat is added to the wrap in the video?","The vegetables are mixed in a bowl","Just before the shawarma meat is added to the wrap, a person picks up a bowl of chopped green herbs and begins to add them to the wrap.","What event order"
"9198b9a4-8d8f-4ba6-9924-4c86982d890a","What action takes place before the wrap is rolled up in the video?","The meat and vegetables are added to it","Before the wrap is rolled up, a person uses their hands to chop and mix the ingredients in a bowl.","What event order"
"9198b9a4-8d8f-4ba6-9924-4c86982d890a","In the video, is the meat placed on the bread before adding vegetables?","No","No, the meat is not placed on the bread before adding vegetables.","Order Judging(Y/N)"
"9198b9a4-8d8f-4ba6-9924-4c86982d890a","Is the bread toasted before spreading the meat on it?","No","No, the bread is not toasted before spreading the meat.","Order Judging(Y/N)"
"9198b9a4-8d8f-4ba6-9924-4c86982d890a","In the clip, is the chopping of vegetables shown before the frying of meat?","Yes","Yes","Order Judging(Y/N)"
"9198b9a4-8d8f-4ba6-9924-4c86982d890a","Does the video show adding condiments after the meat is placed on the bread?","Yes","Yes, the video shows adding condiments after the meat is placed on the bread.","Order Judging(Y/N)"
"9198b9a4-8d8f-4ba6-9924-4c86982d890a","What occurs just before the meat is added to the bread in the video?","Vegetables are chopped","Just before the meat is added to the bread, a person adds chopped green herbs from a bowl into a large metal mixing bowl.","What event order"
"9198b9a4-8d8f-4ba6-9924-4c86982d890a","In the video sequence, what do we see happening before the bread is picked up?","Vegetables being sautéed","Before the bread is picked up, we see a person placing green leaves into a bowl and then picking up a piece of bread from the counter.","What event order"
"9198b9a4-8d8f-4ba6-9924-4c86982d890a","Before the chopping of vegetables, what event is shown in the clip?","Preparing other ingredients","The clip shows a festive Christmas tree in the background, indicating that the event is likely a holiday celebration.","What event order"
"9198b9a4-8d8f-4ba6-9924-4c86982d890a","What does the cook do before adding condiments to the shawarma?","Place meat on the bread","The cook adds a red spice to the shawarma before adding condiments.","What event order"
"9198b9a4-8d8f-4ba6-9924-4c86982d890a","What is the setting of this scene?","A kitchen.","The setting of this scene is a kitchen with a Christmas tree in the background, indicating that it might be during the holiday season.","Scene Summary"
"9198b9a4-8d8f-4ba6-9924-4c86982d890a","What culinary activity is taking place?","Preparing shawarma.","The culinary activity is the preparation of a dish that involves rolling tortillas filled with meat and vegetables, cooking them in a pan, and then assembling them into tacos.","Scene Summary"
"9198b9a4-8d8f-4ba6-9924-4c86982d890a","Which type of cuisine is being worked on?","Middle Eastern, specifically shawarma.","The cuisine being worked on is likely Mexican, as indicated by the ingredients and cooking process.","Scene Summary"
"9198b9a4-8d8f-4ba6-9924-4c86982d890a","Are any other tasks being carried out besides cooking?","No, just cooking.","Yes, the person is also preparing a bowl of salsa and adding it to the pot.","Scene Summary"
"9198b9a4-8d8f-4ba6-9924-4c86982d890a","Is the kitchen residential or commercial?","It appears residential.","The kitchen is residential, as indicated by the Christmas tree decoration and the festive atmosphere.","Scene Summary"
"9198b9a4-8d8f-4ba6-9924-4c86982d890a","Is any equipment being used in the action?","Yes, a knife for chopping.","Yes, a microwave is visible in the background.","Action Caption"
"9198b9a4-8d8f-4ba6-9924-4c86982d890a","Is the person cooking alone or with others?","The clip only shows one person cooking.","The person is cooking alone.","Action Caption"
"9198b9a4-8d8f-4ba6-9924-4c86982d890a","Is there more than one person in this scene?","No.","Yes, there is another person visible in the background of the scene.","Whether Something Happened(Y/N)"
"9198b9a4-8d8f-4ba6-9924-4c86982d890a","Has the meal been completed in this frame?","No.","Yes, the meal appears to be complete with all ingredients and cooking utensils neatly arranged on the counter.","Whether Something Happened(Y/N)"
"9198b9a4-8d8f-4ba6-9924-4c86982d890a","Is the person in the video cleaning?","No.","No.","Whether Something Happened(Y/N)"
"9198b9a4-8d8f-4ba6-9924-4c86982d890a","Does this clip show the finished shawarma dish?","No.","Yes, the clip shows the finished shawarma dish with a variety of ingredients and spices being cooked in the pan.","Whether Something Happened(Y/N)"
"9198b9a4-8d8f-4ba6-9924-4c86982d890a","Are there any children present in this video?","No.","No, there are no children present in the video.","Whether Something Happened(Y/N)"
"9198b9a4-8d8f-4ba6-9924-4c86982d890a","In the video, is the shawarma prepared after I washed the vegetables?","No","Yes, the shawarma is prepared after I washes the vegetables.","Order Judging(Y/N)"
"9198b9a4-8d8f-4ba6-9924-4c86982d890a","In the video, do I chop the parsley before assembling the shawarma?","Yes","No, the video does not show you chopping the parsley before assembling the shawarma.","Order Judging(Y/N)"
"9198b9a4-8d8f-4ba6-9924-4c86982d890a","Does cutting tomatoes occur before the marinating of meat?","Yes","Yes, the person is seen cutting tomatoes before starting to marinate meat in a pan.","Order Judging(Y/N)"
"9198b9a4-8d8f-4ba6-9924-4c86982d890a","In the clip, is the garlic crushed before the tzatziki sauce is mixed?","Yes","Yes, the garlic is crushed before the tzatziki sauce is mixed.","Order Judging(Y/N)"
"9198b9a4-8d8f-4ba6-9924-4c86982d890a","Is the lettuce shredded after the hummus is spread on the bread?","Yes","Yes.","Order Judging(Y/N)"
"9198b9a4-8d8f-4ba6-9924-4c86982d890a","What happens before I season the shawarma meat?","Chopping onions","Before seasoning the shawarma meat, the person in the video is seen preparing a bowl of sauce and adding it to a pan on the stove.","What event order"
"9198b9a4-8d8f-4ba6-9924-4c86982d890a","What do I do just before wrapping the shawarma?","Adding sauces","You should place the shawarma on a plate or cutting board and then proceed to wrap it.","What event order"
"9198b9a4-8d8f-4ba6-9924-4c86982d890a","What occurs before I put the shawarma on the grill?","Skewing meat","Before placing the shawarma on the grill, the person in the video is seen preparing a dish that includes meat and vegetables.","What event order"
"9198b9a4-8d8f-4ba6-9924-4c86982d890a","In the video, what action precedes slicing the cooked shawarma?","Removing from heat","Slicing the cooked shawarma is preceded by placing a tortilla on top of it and then spreading a mixture with a spoon.","What event order"
"9198b9a4-8d8f-4ba6-9924-4c86982d890a","What task is completed before garnishing the dish with parsley?","Placing the shawarma on the plate.","The task of adding the filling to the tortillas is completed before garnishing them with parsley.","What event order"
"9198b9a4-8d8f-4ba6-9924-4c86982d890a","In the kitchen, is shawarma added to the pita before chopping the herbs?","No","Yes, shawarma is added to the pita before chopping the herbs.","Order Judging(Y/N)"
"9198b9a4-8d8f-4ba6-9924-4c86982d890a","Are the herbs chopped before the shawarma is cooked?","Yes","Yes, the herbs are chopped before the shawarma is cooked.","Order Judging(Y/N)"
"9198b9a4-8d8f-4ba6-9924-4c86982d890a","Is the pita prepared before any cooking starts?","No","Yes, the pita is prepared and ready to be used for cooking.","Order Judging(Y/N)"
"9198b9a4-8d8f-4ba6-9924-4c86982d890a","Is the pan on the stove before chopping the herbs?","Yes","No.","Order Judging(Y/N)"
"9198b9a4-8d8f-4ba6-9924-4c86982d890a","What happens before the pita is filled with shawarma?","Shawarma is cooked.","Before filling the pita with shawarma, it is first rolled out and shaped into a flat tortilla.","What event order"
"9198b9a4-8d8f-4ba6-9924-4c86982d890a","What is the action performed after placing the pan on the stove?","Cooking shawarma.","The action performed after placing the pan on the stove is stirring the contents of the pan with a spatula.","What event order"
"9198b9a4-8d8f-4ba6-9924-4c86982d890a","What is the setting shown in the video clip?","A kitchen.","The setting shown in the video clip is a kitchen with various ingredients and cooking utensils scattered around.","Scene Summary"
"9198b9a4-8d8f-4ba6-9924-4c86982d890a","Which dish is being prepared in this video?","Shawarma.","The dish being prepared in this video is a burrito wrap.","Scene Summary"
"9198b9a4-8d8f-4ba6-9924-4c86982d890a","Are there any decorations visible in the video scene?","Yes, a Christmas tree.","Yes, there are Christmas decorations visible in the background of the video scene.","Scene Summary"
"9198b9a4-8d8f-4ba6-9924-4c86982d890a","What appliances are present in the video scene?","A stove and fridge are visible.","The video shows a stainless steel sink, a microwave, and an electric blender.","Scene Summary"
"9198b9a4-8d8f-4ba6-9924-4c86982d890a","Is the kitchen depicted as clean or messy?","It appears clean.","The kitchen is described as being messy, with various items scattered around and a Christmas tree in the background.","Scene Summary"
"9198b9a4-8d8f-4ba6-9924-4c86982d890a","Is any cooking appliance being used in the frames?","The stove is being used.","Yes, a blender is being used in the frames.","Action Caption"
"9198b9a4-8d8f-4ba6-9924-4c86982d890a","Is there any evidence of recent cooking in the video?","Yes, a pan is on the stovetop.","Yes, there is evidence of recent cooking in the video. The person has a bowl with eggs and some herbs on it, suggesting that they have recently prepared ingredients for their dish.","Action Caption"
"9198b9a4-8d8f-4ba6-9924-4c86982d890a","Is food being cooked or assembled?","Assembled, as shawarma is being prepared.","Yes, food is being cooked or assembled.","Action Caption"
"9198b9a4-8d8f-4ba6-9924-4c86982d890a","Does the clip show any ingredient being chopped or sliced?","No, not depicted in the clip.","Yes, the clip shows a person chopping or slicing an ingredient on a cutting board.","Action Caption"
"9198b9a4-8d8f-4ba6-9924-4c86982d890a","Is there a person visible in the video clip?","No.","Yes.","Whether Something Happened(Y/N)"
"9198b9a4-8d8f-4ba6-9924-4c86982d890a","Does the clip include any festive decorations?","Yes.","Yes.","Whether Something Happened(Y/N)"
"9198b9a4-8d8f-4ba6-9924-4c86982d890a","Can you see any finished dish in the clip?","No.","Yes, the finished dish appears to be a delicious burrito with various toppings.","Whether Something Happened(Y/N)"
"9198b9a4-8d8f-4ba6-9924-4c86982d890a","Does the clip show someone doing the dishes?","No.","Yes, the clip shows someone washing dishes in a sink.","Whether Something Happened(Y/N)"
"9198b9a4-8d8f-4ba6-9924-4c86982d890a","Is there any visible flame or food being cooked directly?","No.","No, there is no visible flame or food being cooked directly in the video.","Whether Something Happened(Y/N)"
"9198b9a4-8d8f-4ba6-9924-4c86982d890a","What is the setting of the latest video clip?","The setting is a kitchen.","The setting of the latest video clip is a kitchen with Christmas decorations in the background.","Scene Summary"
"9198b9a4-8d8f-4ba6-9924-4c86982d890a","Describe the activity being carried out.","Cooking or food preparation is being performed.","The activity involves preparing a meal, specifically making tortillas and adding cheese to them. The person is using a grater to grate/INFO","Scene Summary"
"9198b9a4-8d8f-4ba6-9924-4c86982d890a","Does the person open the refrigerator in the video?","Yes.","Yes.","Whether Something Happened(Y/N)"
"9198b9a4-8d8f-4ba6-9924-4c86982d890a","In the video, is the refrigerator opened before the cheese is retrieved?","Yes","Yes.","Order Judging(Y/N)"
"9198b9a4-8d8f-4ba6-9924-4c86982d890a","Is the kitchen light turned on after I enter the room?","No","Yes.","Order Judging(Y/N)"
"9198b9a4-8d8f-4ba6-9924-4c86982d890a","Do I start preparing shawarma before setting the ingredients on the counter?","No","Yes, you start preparing shawarma before setting the ingredients on the counter.","Order Judging(Y/N)"
"9198b9a4-8d8f-4ba6-9924-4c86982d890a","In the video, is the tree decorated before I begin cooking?","Yes","Yes, the tree is decorated with Christmas lights and ornaments before I begin cooking.","Order Judging(Y/N)"
"9198b9a4-8d8f-4ba6-9924-4c86982d890a","What's the setting of the video clip?","In a kitchen.","The setting of the video clip is a kitchen with Christmas decorations in the background, indicating that it might be around the holiday season.","Scene Summary"
"9198b9a4-8d8f-4ba6-9924-4c86982d890a","What objects are present in this scene?","Glass cup, glass bowls, steel bowls, whipping cream, flour, eggs, whisker.","The objects present in this scene include a bowl of shredded cheese, an egg yolk, a container of flour, and various kitchen utensils.","Scene Summary"
"9198b9a4-8d8f-4ba6-9924-4c86982d890a","What is the main activity taking place?","Baking preparation.","The main activity is preparing a meal, specifically making tortillas and adding them to the mixture in the bowl.","Scene Summary"
"9198b9a4-8d8f-4ba6-9924-4c86982d890a","Are there any kitchen appliances visible?","Yes, a stove and a sink.","Yes, there are kitchen appliances visible in the background.","Scene Summary"
"9198b9a4-8d8f-4ba6-9924-4c86982d890a","Can you identify the ingredients used?","Heavy whipping cream, flour, and eggs.","Yes, the ingredients used include a bowl of shredded cheese, a container of flour, and a bottle of oil.","Scene Summary"
"9198b9a4-8d8f-4ba6-9924-4c86982d890a","What is being prepared in the kitchen?","A baking recipe.","The kitchen is preparing a dish that includes tortillas, cheese, and eggs.","Action Caption"
"9198b9a4-8d8f-4ba6-9924-4c86982d890a","What action does the person perform with the eggs?","Cracking and whipping them.","The person pours the eggs into a bowl and mixes them with their hands.","Action Caption"
"9198b9a4-8d8f-4ba6-9924-4c86982d890a","What tool is used for whipping the eggs?","A whisker.","A whisk is used for whipping the eggs.","Action Caption"
"9198b9a4-8d8f-4ba6-9924-4c86982d890a","Where are the ingredients placed after being prepared?","In glass and steel bowls.","The ingredients are placed on the counter.","Action Caption"
"9198b9a4-8d8f-4ba6-9924-4c86982d890a","How are the ingredients combined?","Poured into bowls and whipped.","The ingredients are combined by mixing the yellow mixture in a large metal bowl with a whisk, followed by adding shredded cheese and then pouring it into the bowl.","Action Caption"
"9198b9a4-8d8f-4ba6-9924-4c86982d890a","Is there an egg crate visible in the scene?","Yes.","Yes.","Whether Something Happened(Y/N)"
"9198b9a4-8d8f-4ba6-9924-4c86982d890a","Did the person crack eggs from both a slab and the fridge?","Yes.","Yes, the person cracked eggs from both a slab and the fridge.","Whether Something Happened(Y/N)"
"9198b9a4-8d8f-4ba6-9924-4c86982d890a","Were the flour and whipping cream poured into separate containers?","Yes.","Yes, the flour and whipping cream were poured into separate containers.","Whether Something Happened(Y/N)"
"9198b9a4-8d8f-4ba6-9924-4c86982d890a","Is the heavy whipping cream poured before cracking the eggs?","Yes","Yes.","Order Judging(Y/N)"
"9198b9a4-8d8f-4ba6-9924-4c86982d890a","Is the flour added to the bowl before the eggs are cracked?","Yes","No, the flour is added to the bowl after the eggs are cracked.","Order Judging(Y/N)"
"9198b9a4-8d8f-4ba6-9924-4c86982d890a","What did I do just before whipping the eggs in the video?","Crack the eggs into steel bowls","Before whipping the eggs, you chopped yellow cheese into small pieces and added them to a bowl.","What event order"
"9198b9a4-8d8f-4ba6-9924-4c86982d890a","What takes place just before flour is poured into a bowl?","Pouring cream into a glass cup","Just before flour is poured into a bowl, the person uses their hand to scrape out some of the remaining flour from the container.","What event order"
"9198b9a4-8d8f-4ba6-9924-4c86982d890a","What do we see happening before the egg crate is put in the fridge?","Cracking eggs on the slab","Before the egg crate is put in the fridge, we see a Christmas tree decorated with lights and ornaments on the left side of the frame.","What event order"
"9198b9a4-8d8f-4ba6-9924-4c86982d890a","What occurs just before the shawarma preparation in the video?","Taking the egg crate out of the fridge","Just before the shawarma preparation, a person is seen holding a bowl of shredded cheese and preparing to add it into a large metal mixing bowl.","What event order"
"9198b9a4-8d8f-4ba6-9924-4c86982d890a","In the video, is the egg cracked into the bowl before the cream is poured?","No","Yes","Order Judging(Y/N)"
"9198b9a4-8d8f-4ba6-9924-4c86982d890a","Does the egg crate go back into the fridge after the eggs are cracked?","Yes","No, the egg crate is left on the counter after the eggs are cracked.","Order Judging(Y/N)"
"9198b9a4-8d8f-4ba6-9924-4c86982d890a","In the video, is the flour poured into the bowl after the egg is cracked?","Yes","No, the flour is poured into the bowl after the egg is cracked.","Order Judging(Y/N)"
"9198b9a4-8d8f-4ba6-9924-4c86982d890a","Does the preparation of shawarma occur before the cream is poured into the cup?","Yes","Yes, the preparation of shawarma occurs before the cream is poured into the cup.","Order Judging(Y/N)"
"9198b9a4-8d8f-4ba6-9924-4c86982d890a","What happens just before the egg crate is put back in the fridge?","The eggs are cracked.","Just before the egg crate is put back in the fridge, a person places an egg into the bowl of yellow mixture.","What event order"
"9198b9a4-8d8f-4ba6-9924-4c86982d890a","What occurs just before the whipping of the egg?","The egg is cracked into the bowl.","Just before the whipping of the egg, a person is seen holding a bowl filled with shredded cheese.","What event order"
"9198b9a4-8d8f-4ba6-9924-4c86982d890a","In the video, what do we see happening before the flour is poured into the bowl?","The cream is poured into a cup.","Before the flour is poured into the bowl, we see a Christmas tree decorated with lights and ornaments in the background.","What event order"
"9198b9a4-8d8f-4ba6-9924-4c86982d890a","What happens just before the cream is poured into the cup?","Shawarma is prepared.","Just before the cream is poured into the cup, a person adds more cheese to the bowl.","What event order"
"9198b9a4-8d8f-4ba6-9924-4c86982d890a","What is the setting of the video clip?","In a kitchen.","The setting of the video clip is a kitchen/INFO, which appears to be a festive Christmas-themed room decorated with colorful lights and decorations.","Scene Summary"
"9198b9a4-8d8f-4ba6-9924-4c86982d890a","What ingredients are combined in the mixture?","Egg, cheese, baking soda, cream, sugar, vegetables.","The mixture includes a yellowish liquid/INFO, which is likely a type of cheese or sauce.","Scene Summary"
"9198b9a4-8d8f-4ba6-9924-4c86982d890a","What utensil is used to stir the mixture?","A spatula.","A blue spatula is used to stir the mixture.","Scene Summary"
"9198b9a4-8d8f-4ba6-9924-4c86982d890a","Where is the dough placed after removal from the fridge?","On a board on a slab in the kitchen.","The dough is placed on a cutting board.","Scene Summary"
"9198b9a4-8d8f-4ba6-9924-4c86982d890a","What does the person do with the dough and mixture?","Stir the mixture; place dough on board.","The person uses a spatula to press the dough into the bowl, preparing it for cooking.","Scene Summary"
"9198b9a4-8d8f-4ba6-9924-4c86982d890a","What preparation is shown in the video clip?","Making some food involving a mixed batter.","The video shows a kitchen/INFO, a traditional Mexican dish made with dough or tortillas filled with meat and vegetables.","Action Caption"
"9198b9a4-8d8f-4ba6-9924-4c86982d890a","What sequence of actions is depicted in the clip?","Stirring mixture, retrieving, placing dough.","The sequence of actions depicted in the clip includes preparing ingredients, mixing dough with a spatula, adding cheese to it, and then placing the mixture into an oven. The scene also shows the preparation of a dish that appears to be a type of stuffed/INFO, which is likely a type of pasta or tortilla wrap.","Action Caption"
"9198b9a4-8d8f-4ba6-9924-4c86982d890a","Does the person whip cream into the mixture?","Yes.","Yes","Whether Something Happened(Y/N)"
"9198b9a4-8d8f-4ba6-9924-4c86982d890a","Does the person transfer the mixture to another container?","No.","Yes","Whether Something Happened(Y/N)"
"9198b9a4-8d8f-4ba6-9924-4c86982d890a","Is the dough placed in an oven?","No.","No, the dough is not placed in an oven/INFO","Whether Something Happened(Y/N)"
"9198b9a4-8d8f-4ba6-9924-4c86982d890a","Does the person knead the dough in the clip?","No.","Yes","Whether Something Happened(Y/N)"
"9198b9a4-8d8f-4ba6-9924-4c86982d890a","Is there a moment when sugar is added to the mixture?","No (sugar was already added before).","Yes, there is a moment when sugarNECT flour and sugar are added to the mixture.","Whether Something Happened(Y/N)"
"9198b9a4-8d8f-4ba6-9924-4c86982d890a","Was the cream poured into a cup before the eggs were cracked?","Yes","Yes, the cream/INFO was poured into a cup before the eggs were cracked.","Order Judging(Y/N)"
"9198b9a4-8d8f-4ba6-9924-4c86982d890a","Was the mixture stirred before the dough was brought out?","Yes","Yes, the mixtureNECTy mixture was stirred with a spatula before being brought out.","Order Judging(Y/N)"
"9198b9a4-8d8f-4ba6-9924-4c86982d890a","Did the whipping of eggs happen after the flour was poured?","Yes","Yes, the flour was poured into a bowl and then whipped until it became stiff peaks.","Order Judging(Y/N)"
"9198b9a4-8d8f-4ba6-9924-4c86982d890a","Is sugar added to the mixture after the egg is whipped?","Yes","Yes.","Order Judging(Y/N)"
"9198b9a4-8d8f-4ba6-9924-4c86982d890a","What happened before the dough was placed on the board?","Stirring the mixture","Before the dough was placed on the board, it was mixed with a white powder and then pressed down to form a ball.","What event order"
"9198b9a4-8d8f-4ba6-9924-4c86982d890a","What occurs just before the eggs are whipped?","Cracking eggs into bowls","Just before the eggs are whipped, a person is seen holding a bowl of shredded/INFO, which appears to be a mixture or batter.","What event order"
"9198b9a4-8d8f-4ba6-9924-4c86982d890a","What is done just before cracking eggs from the fridge?","Pouring cream into a cup","Just before cracking eggs, the person uses a white cloth to wipe their hands and then places the egg into a bowl.","What event order"
"9198b9a4-8d8f-4ba6-9924-4c86982d890a","What is done right before adding grated cheese to the mixture?","Stirring the mixture","Right before adding cheese to the mixture, a person uses a spatula to scrape out the remaining melted cheese from the pot into a bowl.","What event order"
"9198b9a4-8d8f-4ba6-9924-4c86982d890a","In the video, does the cheese get grated before the eggs are cracked?","No","Yes, the cheese is shown being grated/INFO 1 before the eggs are cracked.","Order Judging(Y/N)"
"9198b9a4-8d8f-4ba6-9924-4c86982d890a","Is the heavy whipping cream poured into a cup after the flour?","Yes","No, the heavy/INFO","Order Judging(Y/N)"
"9198b9a4-8d8f-4ba6-9924-4c86982d890a","Does the dough come out of the fridge before the eggs are whipped?","No","Yes, the dough comes out of the fridge/INFO","Order Judging(Y/N)"
"9198b9a4-8d8f-4ba6-9924-4c86982d890a","In the video, is the sugar added to the mixture before the vegetables?","Yes","No, the sugar is not added to the mixture before the vegetables.","Order Judging(Y/N)"
"9198b9a4-8d8f-4ba6-9924-4c86982d890a","Does the mixture get stirred before the eggs are cracked?","No","Yes, the mixture串香包被搅拌/INFO","Order Judging(Y/N)"
"9198b9a4-8d8f-4ba6-9924-4c86982d890a","What happens just before the dough is placed on the board?","The mixture is stirred","Just before the dough is placed on the board, a person uses their hand to scrape out some of the batter from the bowl into the plate.","What event order"
"9198b9a4-8d8f-4ba6-9924-4c86982d890a","In the video sequence, what action is taken before pouring flour into a glass bowl?","Preparing shawarma","Before pouring flour into a bowl, the person in the video uses their hand to scoop some of it from a black container and places it on top of the dough.","What event order"
"9198b9a4-8d8f-4ba6-9924-4c86982d890a","What occurs just before grating the cheese?","Stirring the mixture","Just before grating the cheese, a person is seen holding a bowl of grated/INFO, which appears to be a type of cheese or similar ingredient.","What event order"
"9198b9a4-8d8f-4ba6-9924-4c86982d890a","In the video, what happens right before whipping the egg?","Cracking the eggs","The egg is placed into a black grater.","What event order"
"9198b9a4-8d8f-4ba6-9924-4c86982d890a","What do we see happening before the heavy whipping cream is poured?","Preparing shawarma","Before the heavy cream is poured, we see a person holding a large black pot with a lid on it. The scene transitions to a festive Christmas tree adorned with colorful lights and decorations in the background.","What event order"
"9198b9a4-8d8f-4ba6-9924-4c86982d890a","What is the setting of the video clip?","The setting is a kitchen.","The setting of the video clip is a kitchen with various ingredients and utensils scattered around, including a Christmas tree decoration in the background.","Scene Summary"
"9198b9a4-8d8f-4ba6-9924-4c86982d890a","What ingredients are being used?","Dough and mixtures in bowls.","The ingredients being used include a mixture of flour, beaten eggs, and spices.","Scene Summary"
"9198b9a4-8d8f-4ba6-9924-4c86982d890a","What equipment is being utilized?","Rolling pin and spatulas.","The equipment being utilized includes a large metal mixing bowl, a glass container with a spoon, and various other kitchen utensils.","Scene Summary"
"9198b9a4-8d8f-4ba6-9924-4c86982d890a","What is the main activity occurring?","Preparing dough and mixtures for baking.","The main activity is the preparation of a dish involving dough, filling, and cooking.","Scene Summary"
"9198b9a4-8d8f-4ba6-9924-4c86982d890a","What task is being performed with the dough?","Rolling the dough with a rolling pin.","The task being performed with the dough is rolling it out into a flat, round shape.","Action Caption"
"9198b9a4-8d8f-4ba6-9924-4c86982d890a","What is being done to the mixtures?","The mixtures are being stirred in steel bowls.","The mixtures are being stirred together to ensure they are well combined.","Action Caption"
"9198b9a4-8d8f-4ba6-9924-4c86982d890a","Is the dough being prepared for baking?","Yes.","Yes.","Whether Something Happened(Y/N)"
"9198b9a4-8d8f-4ba6-9924-4c86982d890a","Is only one type of spatula being used?","No, two different spatulas are being used.","Yes, only one type of spatula is being used.","Whether Something Happened(Y/N)"
"9198b9a4-8d8f-4ba6-9924-4c86982d890a","Did the same person handle all tasks shown in the summary?","Yes.","Yes, the same person handled all tasks shown in the summary.","Whether Something Happened(Y/N)"
"9198b9a4-8d8f-4ba6-9924-4c86982d890a","Is anything being cooked in the clip?","No, only preparation steps are shown.","Yes, there is a pot of yellow liquid being stirred in the background.","Whether Something Happened(Y/N)"
"9198b9a4-8d8f-4ba6-9924-4c86982d890a","Is the dough placed on the board before the mixture is stirred?","No","Yes.","Order Judging(Y/N)"
"9198b9a4-8d8f-4ba6-9924-4c86982d890a","Is the doe taken out of the fridge before the rolling pin is used?","Yes","Yes.","Order Judging(Y/N)"
"9198b9a4-8d8f-4ba6-9924-4c86982d890a","What do we see happening before the spatula stirs the mixture in the steel bowls?","The rolling pin rolls on the dough","Before the spatula stirs the mixture in the steel bowls, we see a Christmas tree decorated with lights and ornaments.","What event order"
"9198b9a4-8d8f-4ba6-9924-4c86982d890a","Did I pour heavy whipping cream before cracking eggs?","Yes","Yes, the person cracked eggs into a bowl before pouring heavy whipping cream.","Order Judging(Y/N)"
"9198b9a4-8d8f-4ba6-9924-4c86982d890a","Is the dough rolled before stirring mixtures in bowls?","Yes","Yes.","Order Judging(Y/N)"
"9198b9a4-8d8f-4ba6-9924-4c86982d890a","Do I place the dough on the board after pouring flour?","Yes","Yes, the dough is placed on the board after pouring flour.","Order Judging(Y/N)"
"9198b9a4-8d8f-4ba6-9924-4c86982d890a","What happens just before I place the dough on the board?","I bring out the dough from the fridge.","Just before placing the dough on the board, a person uses their hand to press down and shape it into a ball.","What event order"
"9198b9a4-8d8f-4ba6-9924-4c86982d890a","What is the setting of the video clip?","A kitchen with a board and cooking items.","The setting of the video clip is a kitchen with various ingredients and utensils scattered around, including a Christmas tree in the background.","Scene Summary"
"9198b9a4-8d8f-4ba6-9924-4c86982d890a","What object is primarily shown in the scene?","A doe laid out on a mat on a kitchen board.","The scene primarily shows a kitchen with various ingredients and utensils.","Scene Summary"
"9198b9a4-8d8f-4ba6-9924-4c86982d890a","Which item is used in the scene?","A knife to trim edges of the doe.","A large knife is used in the scene.","Scene Summary"
"9198b9a4-8d8f-4ba6-9924-4c86982d890a","What stage of the process is shown?","Trimming and folding the prepared doe.","The video shows the preparation stage of making tortillas, where the dough is being rolled out and cut into strips.","Scene Summary"
"9198b9a4-8d8f-4ba6-9924-4c86982d890a","Can you describe the main task at hand?","Trimming rough edges of the doe.","The main task at hand is preparing a dish by rolling out dough and adding ingredients to it.","Action Caption"
"9198b9a4-8d8f-4ba6-9924-4c86982d890a","What preparation step is shown in the clip?","Folding the trimmed doe together.","The preparation step shown in the clip is rolling out dough on a floured surface.","Action Caption"
"9198b9a4-8d8f-4ba6-9924-4c86982d890a","Did the person use a knife in the video?","Yes.","Yes, the person used a knife to cut and shape the dough.","Whether Something Happened(Y/N)"
"9198b9a4-8d8f-4ba6-9924-4c86982d890a","Is there any folding action happening?","Yes.","Yes, the person is folding the dough into a circular shape.","Whether Something Happened(Y/N)"
"9198b9a4-8d8f-4ba6-9924-4c86982d890a","Did the person complete the trimming action?","Yes.","Yes, the person completed the trimming action by removing any excess dough from the edges.","Whether Something Happened(Y/N)"
"9198b9a4-8d8f-4ba6-9924-4c86982d890a","Is the dough folded before trimming the rough edges?","No","Yes","Order Judging(Y/N)"
"9198b9a4-8d8f-4ba6-9924-4c86982d890a","Does stirring in the steel bowls happen after folding the dough?","No","Yes, the steel bowls are filled with a yellowish mixture and stirred in the kitchen.","Order Judging(Y/N)"
"9198b9a4-8d8f-4ba6-9924-4c86982d890a","What occurs just before folding the dough?","Trimming the rough edges with a knife","Just before folding the dough, a person is seen holding a small bowl of shredded cheese and placing it on top of the dough.","What event order"
"9198b9a4-8d8f-4ba6-9924-4c86982d890a","What happens before stirring mixtures in steel bowls?","Rolling the pin on the dough","Before stirring mixtures in steel bowls, the dough is rolled out on a floured surface.","What event order"
"9198b9a4-8d8f-4ba6-9924-4c86982d890a","Does rolling the dough with a rolling pin happen before trimming its edges?","Yes","Yes, the rolling pin is used to roll out the dough before trimming its edges.","Order Judging(Y/N)"
"9198b9a4-8d8f-4ba6-9924-4c86982d890a","Is the trimmed dough folded before stirring the mixture?","No","Yes","Order Judging(Y/N)"
"9198b9a4-8d8f-4ba6-9924-4c86982d890a","Do I take out the dough from the fridge before preparing mixtures?","Yes","No, the dough is left in the fridge for a few minutes before being prepared.","Order Judging(Y/N)"
"9198b9a4-8d8f-4ba6-9924-4c86982d890a","What occurs before folding the trimmed dough?","Trimming the rough edges with a knife","Before folding the dough, it is placed on a plate and then cut into strips.","What event order"
"9198b9a4-8d8f-4ba6-9924-4c86982d890a","What is the first thing I do with the dough after taking it out from the fridge?","Placing it on a board","After taking the dough out from the fridge, you first place it on a plate.","What event order"
"0fa75cb3-c4a0-4232-bdc4-15116ed39d88","What is the setting of the video clip?","It is in an outdoor field.","The setting of the video clip is a serene and expansive outdoor area with a large, empty courtyard.","Scene Summary"
"0fa75cb3-c4a0-4232-bdc4-15116ed39d88","Is the scene occurring in an urban or rural environment?","Rural environment.","The scene is occurring in a rural environment, as indicated by the presence of palm trees and buildings.","Scene Summary"
"0fa75cb3-c4a0-4232-bdc4-15116ed39d88","What time of day does the scene appear to be set in?","It appears to be set in the evening.","The scene appears to be set during the early evening or late afternoon, as indicated by the soft lighting and long shadows.","Scene Summary"
"0fa75cb3-c4a0-4232-bdc4-15116ed39d88","How is the subject navigating the outdoor space?","The subject is walking on the field and then heads home.","The subject is walking along the pathway, moving towards the camera.","Action Caption"
"0fa75cb3-c4a0-4232-bdc4-15116ed39d88","Can you provide an overview of the action in this clip?","Subject walks outdoors, across a field, and returns home.","The video begins with a view of an empty, sunlit courtyard under a clear sky. A person wearing a yellow top and black pants walks towards the camera, moving away from the camera's perspective. The scene transitions to show more of the courtyard, now filled with scattered debris on the ground. The person continues their walk, eventually stopping near the edge of the courtyard.","Action Caption"
"0fa75cb3-c4a0-4232-bdc4-15116ed39d88","Does the video show the subject entering a building?","No.","Yes.","Whether Something Happened(Y/N)"
"0fa75cb3-c4a0-4232-bdc4-15116ed39d88","Is the subject interacting with other people in the video?","No.","No, the subject is not interacting with other people in the video.","Whether Something Happened(Y/N)"
"0fa75cb3-c4a0-4232-bdc4-15116ed39d88","Does the video capture the subject engaging in a sport?","No.","Yes, the video captures a person in motion, suggesting that they are engaging in a sport.","Whether Something Happened(Y/N)"
"0fa75cb3-c4a0-4232-bdc4-15116ed39d88","Is the subject seen leaving the field in the video?","Yes.","Yes.","Whether Something Happened(Y/N)"
"0fa75cb3-c4a0-4232-bdc4-15116ed39d88","Does the video show the subject at home?","No, just heading home.","Yes.","Whether Something Happened(Y/N)"
"0fa75cb3-c4a0-4232-bdc4-15116ed39d88","What is the location of the video clip?","The video clip is in a field with a walkway.","The video clip is set in a serene location with a road, water body, and a bridge.","Scene Summary"
"0fa75cb3-c4a0-4232-bdc4-15116ed39d88","What activity is shown in the video?","Walking on a walkway and looking around.","The video shows a person walking along the road, possibly enjoying the view of the water and the sunset.","Scene Summary"
"0fa75cb3-c4a0-4232-bdc4-15116ed39d88","What time of day does the video depict?","The video depicts evening or dusk.","The video depicts either sunrise or sunset, as indicated by the soft lighting and long shadows.","Scene Summary"
"0fa75cb3-c4a0-4232-bdc4-15116ed39d88","What natural features can be seen in the video?","There is a body of water visible.","The video shows a serene landscape with a calm body of water, a road leading towards the horizon, and a distant white building.","Scene Summary"
"0fa75cb3-c4a0-4232-bdc4-15116ed39d88","Does the person stop to observe a specific scene?","Yes.","Yes, the person stops to look at a specific scene on the road.","Whether Something Happened(Y/N)"
"0fa75cb3-c4a0-4232-bdc4-15116ed39d88","In the video, did I look at the scenes before walking on the field?","No","Yes, I looked at the scenes before walking on the field.","Order Judging(Y/N)"
"0fa75cb3-c4a0-4232-bdc4-15116ed39d88","In the video, was I indoors before going to the field?","No","No, I was outdoors before going to the field.","Order Judging(Y/N)"
"0fa75cb3-c4a0-4232-bdc4-15116ed39d88","What happened before I walked on the walkway in the video?","I was in the field","Before I walked on the walkway, there was a person walking in the distance.","What event order"
"0fa75cb3-c4a0-4232-bdc4-15116ed39d88","What is depicted in the current frame?","It shows a sidewalk lined with palm trees and buildings.","The current frame depicts a serene and well-maintained street with palm trees, white buildings, and a clear sky.","Scene Summary"
"0fa75cb3-c4a0-4232-bdc4-15116ed39d88","What activity is taking place in these frames?","Walking along a residential sidewalk.","A person is walking on the sidewalk, possibly heading towards or away from the white building.","Action Caption"
"0fa75cb3-c4a0-4232-bdc4-15116ed39d88","Does this video show a busy city street?","No.","No, the video does not show a busy city street; it focuses on the quiet and serene environment of the residential area.","Whether Something Happened(Y/N)"
"0fa75cb3-c4a0-4232-bdc4-15116ed39d88","Does the clip capture any interaction with people?","No.","No, the clip does not capture any interaction with people.","Whether Something Happened(Y/N)"
"0fa75cb3-c4a0-4232-bdc4-15116ed39d88","Is the person entering a building in this scene?","No.","Yes.","Whether Something Happened(Y/N)"
"0fa75cb3-c4a0-4232-bdc4-15116ed39d88","Was I in the field after walking on the walkway?","No.","Yes, I was in the field after walking on the walkway.","Order Judging(Y/N)"
"0fa75cb3-c4a0-4232-bdc4-15116ed39d88","Did I go home before looking at the scenes?","No.","Yes, the person in the video is seen walking towards a white building with palm trees and red flowers on the right side of the frame.","Order Judging(Y/N)"
"0fa75cb3-c4a0-4232-bdc4-15116ed39d88","What occurs just before I look at the scenes?","I walk on the walkway.","A car drives down the road, and a person walks towards the camera.","What event order"
"0fa75cb3-c4a0-4232-bdc4-15116ed39d88","What do I do before walking on the walkway?","I am in the field.","I should turn left and walk towards the white building.","What event order"
"0fa75cb3-c4a0-4232-bdc4-15116ed39d88","Did I walk on the field before looking at the scenes?","Yes","Yes, the person in the video is seen walking on a field before looking at the scenes.","Order Judging(Y/N)"
"0fa75cb3-c4a0-4232-bdc4-15116ed39d88","Is the walk on the walkway shown before going home in the video?","Yes","Yes.","Order Judging(Y/N)"
"0fa75cb3-c4a0-4232-bdc4-15116ed39d88","In the video, do we see walking through the walkways before walking on the field?","No","No, we do not see walking through the walkways before walking on the field.","Order Judging(Y/N)"
"0fa75cb3-c4a0-4232-bdc4-15116ed39d88","Do I walk along the water before walking under the trees as shown in the clip?","Yes","Yes, you walk along the water before walking under the trees.","Order Judging(Y/N)"
"0fa75cb3-c4a0-4232-bdc4-15116ed39d88","In the video sequence, what occurs before walking on the field?","Being outdoors","Before walking on the field, a person is seen standing near the white building with palm trees and red flowers.","What event order"
"0fa75cb3-c4a0-4232-bdc4-15116ed39d88","What event takes place before walking under the trees in the clip?","Walking along the water","A car is seen driving down the street, indicating that a vehicle is passing by.","What event order"
"0fa75cb3-c4a0-4232-bdc4-15116ed39d88","What is the setting of the scenario seen in the video?","A residential area with palm trees and walkways.","The setting of the scenario is a serene and well-maintained outdoor area, possibly part of a resort or park.","Scene Summary"
"0fa75cb3-c4a0-4232-bdc4-15116ed39d88","What can be seen in the background of the video frame?","Houses, streetlights, and a clear sky.","In the background, there is a road with a car driving away and a building.","Scene Summary"
"0fa75cb3-c4a0-4232-bdc4-15116ed39d88","What are the dominant features of the environment in this clip?","Landscaped pathways, streetlamps, and tropical foliage.","The dominant features of the environment in this clip are a road, palm trees, and a gazebo.","Scene Summary"
"0fa75cb3-c4a0-4232-bdc4-15116ed39d88","Can you characterize the location shown in the video?","A well-maintained suburban neighborhood.","The location shown in the video is a serene and well-maintained public space, likely part of a resort or park. It features palm trees, a gazebo, and a paved walkway with benches, creating an inviting atmosphere for visitors.","Scene Summary"
"0fa75cb3-c4a0-4232-bdc4-15116ed39d88","What action is being undertaken in the new frames?","Walking along a residential street.","A person is walking towards the camera in the new frames.","Action Caption"
"0fa75cb3-c4a0-4232-bdc4-15116ed39d88","Is there any sign of wildlife in the frames provided?","No.","No, there are no signs of wildlife in the frames provided.","Whether Something Happened(Y/N)"
"0fa75cb3-c4a0-4232-bdc4-15116ed39d88","Did the person in the video use any transportation other than walking?","No.","Yes, the person in the video used a bicycle to navigate through the park.","Whether Something Happened(Y/N)"
"0fa75cb3-c4a0-4232-bdc4-15116ed39d88","Does the footage include any sporting activities?","No.","Yes, the footage includes a person walking on the sidewalk.","Whether Something Happened(Y/N)"
"0fa75cb3-c4a0-4232-bdc4-15116ed39d88","Is the person in the video engaging with the environment, like sitting or touching?","No.","Yes, the person in the video is seen sitting on a bench and touching the ground.","Whether Something Happened(Y/N)"
"0fa75cb3-c4a0-4232-bdc4-15116ed39d88","Did I tour the park before walking on the walkways?","Yes","Yes, the person walking on the walkways was seen approaching a bench and sitting down.","Order Judging(Y/N)"
"0fa75cb3-c4a0-4232-bdc4-15116ed39d88","What do I do before touring the park?","Nothing, it is the first activity","I walk towards the camera, take a few steps, and then turn left to approach the park entrance.","What event order"
"0fa75cb3-c4a0-4232-bdc4-15116ed39d88","Did I walk through the park before going home?","Yes","Yes, the person in the video is seen walking through the park before going home.","Order Judging(Y/N)"
"0fa75cb3-c4a0-4232-bdc4-15116ed39d88","What environment is depicted in this video clip?","An outdoor, paved area with street lamps.","The video clip depicts a serene and quiet residential area with palm trees lining the street, a clear sky, and a calm road.","Scene Summary"
"0fa75cb3-c4a0-4232-bdc4-15116ed39d88","What action am I performing in this clip?","Walking on a pavement outdoors.","I am riding a bicycle and passing by the person in the foreground.","Action Caption"
"0fa75cb3-c4a0-4232-bdc4-15116ed39d88","Do I interact with anyone in this video clip?","No.","No, there are no people interacting with each other in this video clip.","Whether Something Happened(Y/N)"
"0fa75cb3-c4a0-4232-bdc4-15116ed39d88","What is the setting of this video clip?","The setting is an outdoor pavement in a residential area.","The setting of the video clip is a residential area with well-maintained lawns, palm trees, and houses.","Scene Summary"
"0fa75cb3-c4a0-4232-bdc4-15116ed39d88","What time of day is depicted in this frame?","It appears to be twilight or early evening.","The time of day depicted in this frame is dusk or early evening, as indicated by the low light and long shadows.","Scene Summary"
"0fa75cb3-c4a0-4232-bdc4-15116ed39d88","What elements indicate that this is a residential area?","The presence of housing structures and lack of commercial signs.","The presence of palm trees, well-maintained lawns, and the architectural style of the buildings suggest that this is a residential area.","Scene Summary"
"0fa75cb3-c4a0-4232-bdc4-15116ed39d88","What type of path is the person on in the video?","The person is on a paved walkway.","The person is on a paved path that curves around the street.","Scene Summary"
"0fa75cb3-c4a0-4232-bdc4-15116ed39d88","Does the scene suggest a leisurely or rushed pace?","The scene suggests a leisurely pace.","The scene suggests a leisurely pace, as there are no people visible in the frame and the overall atmosphere is calm.","Action Caption"
"0fa75cb3-c4a0-4232-bdc4-15116ed39d88","Does the person interact with any objects in the scene?","No.","Yes, the person interacts with a smartphone in one of the frames.","Whether Something Happened(Y/N)"
"0fa75cb3-c4a0-4232-bdc4-15116ed39d88","Is the person traveling with someone else?","No.","Yes.","Whether Something Happened(Y/N)"
"0fa75cb3-c4a0-4232-bdc4-15116ed39d88","Does the video capture any animals in the scene?","No.","No, the video does not capture any animals.","Whether Something Happened(Y/N)"
"0fa75cb3-c4a0-4232-bdc4-15116ed39d88","Does the individual seem to be lost or searching for directions?","No.","Yes, the individual appears to be lost or searching for directions.","Whether Something Happened(Y/N)"
"879dd163-7588-45d1-9466-a5deabc59167","What is depicted in the scene of the video clip?","A person relaxing on a couch holding an e-reader.","The scene depicts a cozy living room with a person sitting on the couch, engrossed in reading a book.","Scene Summary"
"879dd163-7588-45d1-9466-a5deabc59167","What location is shown in the video clip?","Inside a house.","The video clip shows a cozy living room with a dining table and chairs, creating an inviting atmosphere.","Scene Summary"
"879dd163-7588-45d1-9466-a5deabc59167","Describe the setting where the action takes place.","A living room with a dining area in the background.","The setting is a cozy living room with beige walls, a chandelier hanging from the ceiling, and a dining table in the background. The room has curtains on one side and a window that lets in natural light.","Scene Summary"
"879dd163-7588-45d1-9466-a5deabc59167","How is the environment arranged in the video clip?","A cozy arrangement with a couch, curtain, and dining set.","The environment is arranged with a large, comfortable couch in the foreground and a dining area in the background.","Scene Summary"
"879dd163-7588-45d1-9466-a5deabc59167","What is the subject doing in the video?","Resting and perhaps beginning to read an e-book.","The subject is engrossed in reading a book.","Action Caption"
"879dd163-7588-45d1-9466-a5deabc59167","Can you provide an overview of the action in this clip?","Leisurely activities involving electronic devices at home.","The clip features a person sitting on a couch in a well-lit room, holding an open white tablet with text displayed. The individual appears to be reading or looking at the content on the screen while comfortably reclining with their legs crossed and feet resting/INFO","Action Caption"
"879dd163-7588-45d1-9466-a5deabc59167","Does the video capture the person sitting on the couch?","Yes.","Yes, the video captures the person sitting on the couch as they read a book.","Whether Something Happened(Y/N)"
"879dd163-7588-45d1-9466-a5deabc59167","Is the person in the video engaged in a strenuous activity?","No.","No.","Whether Something Happened(Y/N)"
"879dd163-7588-45d1-9466-a5deabc59167","What is the setting of the scene in the clip?","The setting is inside a house.","The setting of the scene is a cozy living room with a large window allowing natural light to fill the space.","Scene Summary"
"879dd163-7588-45d1-9466-a5deabc59167","Where was the reading activity taking place?","The reading took place on a couch.","The reading activity was taking place in a cozy living room.","Scene Summary"
"879dd163-7588-45d1-9466-a5deabc59167","What object is prominently featured in the scene?","A tablet is prominently featured.","A white e-reader is prominently featured in the scene.","Scene Summary"
"879dd163-7588-45d1-9466-a5deabc59167","What is the room's appearance in the video clip?","The room appears to be a living area.","The room has a chandelier hanging from the ceiling, a table with chairs and a lamp, and a window covered by curtains.","Scene Summary"
"879dd163-7588-45d1-9466-a5deabc59167","What activity is the subject engaged in?","The subject is engaged in reading a book.","The subject is engaged in reading a book.","Scene Summary"
"879dd163-7588-45d1-9466-a5deabc59167","Describe the posture of the person in the action.","The person is sitting with legs up on the couch.","The person is sitting cross-legged on the couch, with one leg extended and the other bent at the knee.","Action Caption"
"879dd163-7588-45d1-9466-a5deabc59167","Does the clip show a person reading a physical book?","No.","No, the clip does not show a person reading a physical book; it only shows an individual holding and looking at a white e-reader displaying text.","Whether Something Happened(Y/N)"
"879dd163-7588-45d1-9466-a5deabc59167","Is the subject standing while reading?","No.","No, the subject is sitting on a couch while reading.","Whether Something Happened(Y/N)"
"879dd163-7588-45d1-9466-a5deabc59167","Does the video capture multiple people in the room?","No.","No, the video does not capture multiple people in the room; it focuses on a single person and their interaction with the e-reader.","Whether Something Happened(Y/N)"
"879dd163-7588-45d1-9466-a5deabc59167","Does the video show a daytime setting?","No.","No.","Whether Something Happened(Y/N)"
"879dd163-7588-45d1-9466-a5deabc59167","What setting is shown in the video?","A house interior is shown in the video.","The video shows a cozy indoor setting with a person lounging on a couch, reading a white e-reader.","Scene Summary"
"879dd163-7588-45d1-9466-a5deabc59167","Explain the immediate scene in the video?","The video captures a moment of domestic relaxation.","The video features a person sitting on a couch in a cozy living room, engrossed in reading a white e-reader. The background includes a dining area with chairs and tables, creating a comfortable and inviting atmosphere.","Scene Summary"
"879dd163-7588-45d1-9466-a5deabc59167","Can you describe the motion occurring in the clip?","There is minimal motion, mainly of holding a tablet.","The motion is consistent, with the person occasionally adjusting their position on the couch while reading.","Action Caption"
"879dd163-7588-45d1-9466-a5deabc59167","How would you caption the video's current activity?","Leisure time: Engrossed in digital reading.","The current activity is a person engrossed in reading an e-reader, comfortably seated on a couch with their feet up.","Action Caption"
"879dd163-7588-45d1-9466-a5deabc59167","Does the video show a person standing up?","No.","No.","Whether Something Happened(Y/N)"
"879dd163-7588-45d1-9466-a5deabc59167","Is the video capturing outdoor activities?","No.","No.","Whether Something Happened(Y/N)"
"879dd163-7588-45d1-9466-a5deabc59167","Does the video depict a social gathering?","No.","No, the video does not depict a social gathering; it focuses on the individual's solitary activity of reading.","Whether Something Happened(Y/N)"
"879dd163-7588-45d1-9466-a5deabc59167","Is the individual in the video interacting with others?","No.","No, the individual is not interacting with others; they are focused on their own reading experience.","Whether Something Happened(Y/N)"
"879dd163-7588-45d1-9466-a5deabc59167","Is the scene taking place in a work environment?","No.","No.","Whether Something Happened(Y/N)"
"879dd163-7588-45d1-9466-a5deabc59167","What is the main activity depicted in this video scene?","Reading a book on a tablet.","The main activity depicted in this video scene is a person reading a book on an e-reader.","Scene Summary"
"879dd163-7588-45d1-9466-a5deabc59167","Where is this scene taking place?","Inside a house.","This scene is taking place in a cozy living room.","Scene Summary"
"879dd163-7588-45d1-9466-a5deabc59167","How is the reader positioned in this scenario?","Relaxed on a couch with feet up.","The reader is positioned on the couch with their legs crossed, leaning back slightly.","Scene Summary"
"879dd163-7588-45d1-9466-a5deabc59167","Can you describe the posture of the reader in this clip?","The reader is lying back with feet propped up.","The reader is sitting cross-legged on the couch, with their legs extended and feet resting on the blue cushion.","Action Caption"
"879dd163-7588-45d1-9466-a5deabc59167","What is the focal point of this particular frame?","The tablet displaying text.","The focal point of this particular frame is the white tablet displaying text, which the person is holding with both hands.","Action Caption"
"879dd163-7588-45d1-9466-a5deabc59167","What does the stillness of the frame indicate about the action?","It indicates a calm and stationary activity.","The stillness of the frame indicates that the person is engaged in a quiet and focused activity, likely reading or writing.","Action Caption"
"879dd163-7588-45d1-9466-a5deabc59167","Does the video show any social interaction?","No.","No, the video does not show any social interaction.","Whether Something Happened(Y/N)"
"879dd163-7588-45d1-9466-a5deabc59167","Is the reader changing positions frequently in this clip?","No.","Yes, the reader occasionally shifts their position on the couch.","Whether Something Happened(Y/N)"
"879dd163-7588-45d1-9466-a5deabc59167","Does the environment indicate a public or private space?","A private space.","The environment indicates a public space, as there is another dining table and chairs visible in the background.","Whether Something Happened(Y/N)"
"879dd163-7588-45d1-9466-a5deabc59167","Does the reader make use of any physical book in the scene?","No.","No.","Whether Something Happened(Y/N)"
"879dd163-7588-45d1-9466-a5deabc59167","Is there any indication of the reader being disturbed or interrupted?","No.","Yes, the reader's hand is raised to their face, suggesting they might be reading or writing something.","Whether Something Happened(Y/N)"
"879dd163-7588-45d1-9466-a5deabc59167","What does the video show in the indoor setting?","Someone sitting on a couch using a tablet.","The video shows a cozy indoor setting with a person sitting on the couch, engrossed in reading a book.","Scene Summary"
"879dd163-7588-45d1-9466-a5deabc59167","Where is the person located in the video?","The person is on the couch inside a house.","The person is located in a cozy living room.","Scene Summary"
"879dd163-7588-45d1-9466-a5deabc59167","How is the person positioned in this section of the video?","They are sitting with legs on the couch.","The person is sitting cross-legged on a beige couch, with their legs crossed and feet resting on the armrest.","Scene Summary"
"879dd163-7588-45d1-9466-a5deabc59167","What is the person doing with their legs in the video?","They are moving their legs on the couch.","The person is sitting cross-legged on the couch with their legs extended.","Action Caption"
"879dd163-7588-45d1-9466-a5deabc59167","How is the tablet being utilized in the video?","The tablet is being held and read from.","The tablet is being used to read a book, with the person's hands actively moving across the screen.","Action Caption"
"879dd163-7588-45d1-9466-a5deabc59167","Is the individual in the video eating?","No.","No.","Whether Something Happened(Y/N)"
"879dd163-7588-45d1-9466-a5deabc59167","Does the video show the person lying down on the couch?","No.","No.","Whether Something Happened(Y/N)"
"879dd163-7588-45d1-9466-a5deabc59167","Is there a pet visible in the video clip?","No.","No, there is no pet visible in the video clip.","Whether Something Happened(Y/N)"
"879dd163-7588-45d1-9466-a5deabc59167","Does the video depict any outdoor scenes?","No.","No.","Whether Something Happened(Y/N)"
"879dd163-7588-45d1-9466-a5deabc59167","Is the person in the video talking on the phone?","No.","No.","Whether Something Happened(Y/N)"
"879dd163-7588-45d1-9466-a5deabc59167","Did I sit on the couch before reading the book on the tablet?","Yes","No, the person did not sit on the couch before reading the book on the tablet.","Order Judging(Y/N)"
"879dd163-7588-45d1-9466-a5deabc59167","Did I move my legs on the couch before using the tablet?","Yes","No, the person did not move their legs on the couch before using the tablet.","Order Judging(Y/N)"
"879dd163-7588-45d1-9466-a5deabc59167","Was I in the house before I sat on the couch?","Yes","Yes, I was in the house before I sat on the couch.","Order Judging(Y/N)"
"879dd163-7588-45d1-9466-a5deabc59167","Did I use the tablet before moving my legs on the couch?","No","Yes, you used the tablet before moving your legs on the couch.","Order Judging(Y/N)"
"879dd163-7588-45d1-9466-a5deabc59167","Was the tablet in my hands before I sat on the couch?","No","Yes, the tablet was in my hands before I sat on the couch.","Order Judging(Y/N)"
"879dd163-7588-45d1-9466-a5deabc59167","What happens just before I read the book on the tablet?","Sitting on the couch.","Just before I read the book on the tablet, a person walks into the room and sits down next to me.","What event order"
"879dd163-7588-45d1-9466-a5deabc59167","What setting is depicted in the provided video clip?","A person sitting on a couch in a house.","The setting depicted in the video clip is a cozy living room with a table and chairs, a chandelier hanging from the ceiling, and a window allowing natural light to enter.","Scene Summary"
"879dd163-7588-45d1-9466-a5deabc59167","What furnishings are visible in the video?","A couch, chair, and a dining area in the background.","The video shows a dining table with chairs, a chandelier hanging from the ceiling, and a window in the background.","Scene Summary"
"879dd163-7588-45d1-9466-a5deabc59167","Describe the atmosphere of the room shown in the video?","The room appears to be tidy and comfortably lit.","The room has a cozy and inviting atmosphere, with soft lighting that creates a warm ambiance. The background features a dining table set for two, adorned with various items such as books, a laptop, and decorative elements like curtains and potted plants.","Scene Summary"
"879dd163-7588-45d1-9466-a5deabc59167","Describe the posture of the individual in the video?","They are seated with their legs up on the couch.","The individual is lying on their back with one leg extended and the other bent at the knee, resting comfortably.","Action Caption"
"879dd163-7588-45d1-9466-a5deabc59167","Can you summarize the person's behavior in the video?","They are relaxing and using an electronic device.","The person is sitting on a couch, holding an e-reader with text displayed on the screen. They appear to be reading or looking at the content of the e-reader while occasionally adjusting their position and interacting with it.","Action Caption"
"879dd163-7588-45d1-9466-a5deabc59167","Is there any noticeable movement or gesture in the video?","The person raised their hands at some point.","No, there is no noticeable movement or gesture in the video.","Action Caption"
"879dd163-7588-45d1-9466-a5deabc59167","Did the person in the video adjust their position on the couch?","Not shown in the given frame.","Yes, the person adjusted their position on the couch by moving slightly to the side.","Whether Something Happened(Y/N)"
"879dd163-7588-45d1-9466-a5deabc59167","Is the individual in the video communicating with someone else?","No, not visibly.","Yes, the individual is holding a white tablet with text on it and appears to be communicating or reading something from it.","Whether Something Happened(Y/N)"
"879dd163-7588-45d1-9466-a5deabc59167","Does the video indicate that the person is multitasking?","No, they appear focused on the tablet.","Yes, the video indicates that the person is multitasking by simultaneously reading a book and using their smartphone.","Whether Something Happened(Y/N)"
"879dd163-7588-45d1-9466-a5deabc59167","Is the person standing up at any point in the video?","No, they are seated throughout.","No.","Whether Something Happened(Y/N)"
"879dd163-7588-45d1-9466-a5deabc59167","Did I move my legs on the couch before using the tablet?","Yes","Yes, the person moved their legs on the couch before using the tablet.","Order Judging(Y/N)"
"879dd163-7588-45d1-9466-a5deabc59167","Did I raise my hands before sitting on the couch?","No","No, you didn't raise your hands before sitting on the couch.","Order Judging(Y/N)"
"879dd163-7588-45d1-9466-a5deabc59167","Was I sitting on the couch before raising my hands?","Yes","Yes, you were sitting on the couch before raising your hands.","Order Judging(Y/N)"
"879dd163-7588-45d1-9466-a5deabc59167","Did I use the tablet after sitting on the couch?","Yes","Yes, the tablet was used after sitting on the couch.","Order Judging(Y/N)"
"879dd163-7588-45d1-9466-a5deabc59167","What did I do just before using the tablet in the house?","Sat on the couch","I sat on the couch and read a book.","What event order"
"879dd163-7588-45d1-9466-a5deabc59167","What did I do just before raising my hands?","Used the tablet","I raised my hands to adjust the screen of the e-reader.","What event order"
"879dd163-7588-45d1-9466-a5deabc59167","Is the tablet used after sitting on the couch as shown in the clip?","Yes","Yes, the tablet is shown being used after sitting on the couch.","Order Judging(Y/N)"
"879dd163-7588-45d1-9466-a5deabc59167","In the video, is the tablet picked up before legs are placed on the couch?","Yes","Yes","Order Judging(Y/N)"
"879dd163-7588-45d1-9466-a5deabc59167","Does sitting on the couch happen after raising hands in the sequence?","No","Yes, the person raises their hands to sit on the couch.","Order Judging(Y/N)"
"879dd163-7588-45d1-9466-a5deabc59167","What is the setting of the video clip?","The setting is inside a house.","The setting of the video clip is a cozy living room with a comfortable couch, a table with chairs, and a chandelier hanging from the ceiling.","Scene Summary"
"879dd163-7588-45d1-9466-a5deabc59167","Where is the person situated in this scene?","The person is sitting on the couch.","The person is seated on a couch in the living room.","Scene Summary"
"879dd163-7588-45d1-9466-a5deabc59167","What object is the person interacting with?","The person is holding and using a tablet.","The person is interacting with a white e-reader displaying text.","Scene Summary"
"879dd163-7588-45d1-9466-a5deabc59167","Describe the person's posture in the video.","The person is reclined with feet up on the couch.","The person is lying on a couch with their legs crossed, holding an e-reader in both hands.","Scene Summary"
"879dd163-7588-45d1-9466-a5deabc59167","Is the person reading a book on the tablet?","Yes.","Yes.","Whether Something Happened(Y/N)"
"879dd163-7588-45d1-9466-a5deabc59167","Does the scene show an interaction with digital technology?","Yes.","Yes, the scene shows an interaction with digital technology as the person is holding a white tablet displaying text.","Whether Something Happened(Y/N)"
"879dd163-7588-45d1-9466-a5deabc59167","Is the individual standing while using the tablet?","No.","No.","Whether Something Happened(Y/N)"
"879dd163-7588-45d1-9466-a5deabc59167","Has the person positioned themselves comfortably for tablet use?","Yes.","Yes, the person is comfortably seated on a couch with their legs crossed and feet resting on pillows.","Whether Something Happened(Y/N)"
"879dd163-7588-45d1-9466-a5deabc59167","Does the video show the person watching TV?","No.","No.","Whether Something Happened(Y/N)"
"879dd163-7588-45d1-9466-a5deabc59167","In the video, did I use the tablet before sitting on the couch?","No","No, the person did not use the tablet before sitting on the couch.","Order Judging(Y/N)"
"879dd163-7588-45d1-9466-a5deabc59167","Did I raise my hands before holding the tablet?","No","No, you did not raise your hands before holding the tablet.","Order Judging(Y/N)"
"879dd163-7588-45d1-9466-a5deabc59167","In the video, was I already seated on the couch before using the tablet?","Yes","Yes, I was already seated on the couch before using the tablet.","Order Judging(Y/N)"
"879dd163-7588-45d1-9466-a5deabc59167","Was the tablet in my hand before I used it?","Yes","Yes, the tablet was in my hand before I used it.","Order Judging(Y/N)"
"879dd163-7588-45d1-9466-a5deabc59167","What occurs just before I hold the tablet in the video?","I sit on the couch","Just before I hold the tablet, a person is seen sitting on the couch with their legs crossed and feet resting on the blue cushion.","What event order"
"879dd163-7588-45d1-9466-a5deabc59167","What action takes place before using the tablet?","I hold the tablet","Before using the tablet, the person sits on the couch with their legs crossed and hands resting on their knees.","What event order"
"879dd163-7588-45d1-9466-a5deabc59167","In the video, did I move my legs on the couch before using the tablet?","Yes","No, the person did not move their legs on the couch before using the tablet.","Order Judging(Y/N)"
"879dd163-7588-45d1-9466-a5deabc59167","In the video, is the tablet held before raising hands?","Yes","Yes","Order Judging(Y/N)"
"879dd163-7588-45d1-9466-a5deabc59167","In the video, does sitting on the couch happen before moving legs on the couch?","Yes","Yes, sitting on the couch happens before moving legs on it.","Order Judging(Y/N)"
"879dd163-7588-45d1-9466-a5deabc59167","What happens before I use the tablet in the video?","I sit on the couch and move my legs","Before using the tablet, I place it on the couch and adjust its position.","What event order"
"879dd163-7588-45d1-9466-a5deabc59167","What action is performed just before raising hands in the video?","Using the tablet","Just before raising hands, the person is seen holding a white tablet with text on it.","What event order"
"879dd163-7588-45d1-9466-a5deabc59167","What do I do right before moving my legs on the couch?","I sit on the couch","I adjust the position of my legs on the couch.","What event order"
"879dd163-7588-45d1-9466-a5deabc59167","In the video, what takes place prior to holding the tablet?","I sit on the couch","Prior to holding the tablet, the person is sitting on a couch with their legs crossed and appears relaxed.","What event order"
"879dd163-7588-45d1-9466-a5deabc59167","What is the depicted scenario in this video frame?","A person sitting on a couch using a tablet.","The video frame depicts a person sitting on a couch, holding an e-reader with text displayed on the screen. The background shows a dining area with chairs and tables, creating a cozy indoor setting.","Scene Summary"
"879dd163-7588-45d1-9466-a5deabc59167","Can you summarize the environment in the video clip?","The environment is a cozy living room with a person on the couch.","The video shows a cozy living room with a beige sofa, blue cushions, and various decorative items on the walls. The background features a dining table with chairs and a chandelier hanging from the ceiling.","Scene Summary"
"879dd163-7588-45d1-9466-a5deabc59167","Offer a caption for the ongoing activity in the video?","Enjoying digital content from the comfort of the couch.","'Exploring the world of e-books: A cozy reading session in a well-lit living room.'","Action Caption"
"879dd163-7588-45d1-9466-a5deabc59167","Is the person in the video standing up?","No.","No.","Whether Something Happened(Y/N)"
"879dd163-7588-45d1-9466-a5deabc59167","Does the video capture the individual walking around?","No.","No, the video does not capture the individual walking around; it focuses on the person sitting comfortably in a room.","Whether Something Happened(Y/N)"
"879dd163-7588-45d1-9466-a5deabc59167","Is there a group of people in the video clip?","No.","No.","Whether Something Happened(Y/N)"
"879dd163-7588-45d1-9466-a5deabc59167","Does the frame show the person cooking in the kitchen?","No.","No.","Whether Something Happened(Y/N)"
"879dd163-7588-45d1-9466-a5deabc59167","Is the person in the video engaging in a conversation?","No.","No.","Whether Something Happened(Y/N)"
"879dd163-7588-45d1-9466-a5deabc59167","Did I sit on the couch before using the tablet?","Yes.","Yes, the person was sitting on the couch before using the tablet.","Order Judging(Y/N)"
"879dd163-7588-45d1-9466-a5deabc59167","Did I hold the tablet before sitting on the couch?","No.","Yes, the person was holding the tablet before sitting on the couch.","Order Judging(Y/N)"
"879dd163-7588-45d1-9466-a5deabc59167","Did I sit down after picking up the tablet?","Yes.","Yes, the person sat down after picking up the tablet.","Order Judging(Y/N)"
"879dd163-7588-45d1-9466-a5deabc59167","In the video, what do I do just before sitting on the couch?","There is no information on actions prior.","I adjust the white tablet on my lap to a comfortable viewing angle.","What event order"
"879dd163-7588-45d1-9466-a5deabc59167","In the sequence, what happens before I use the tablet?","I hold the tablet.","Before using the tablet, I first adjust my position on the couch and then sit up.","What event order"
"879dd163-7588-45d1-9466-a5deabc59167","Does the action of sitting on the couch happen before using the tablet?","Yes","No, the action of sitting on the couch happens after using the tablet.","Order Judging(Y/N)"
"879dd163-7588-45d1-9466-a5deabc59167","Does raising hands occur before sitting on the couch?","No","Yes, raising hands occur before sitting on the couch.","Order Judging(Y/N)"
"879dd163-7588-45d1-9466-a5deabc59167","Is using the tablet done after sitting on the couch?","Yes","Yes.","Order Judging(Y/N)"
"879dd163-7588-45d1-9466-a5deabc59167","What happens before using the tablet?","Sitting on the couch and holding the tablet","Before using the tablet, the person is seated on a couch with their legs crossed and one foot resting on the armrest.","What event order"
"879dd163-7588-45d1-9466-a5deabc59167","What occurs just before raising hands?","Using the tablet","Just before raising hands, the person's fingers are poised to touch the screen of the e-reader.","What event order"
"cbfeb6c8-ec1f-4884-bcbf-14d7764c4a36","What environment surrounds the individual in the video?","An apartment setting.","The individual is surrounded by a wooden desk and a chair, creating an environment conducive to studying.","Scene Summary"
"cbfeb6c8-ec1f-4884-bcbf-14d7764c4a36","What activity is taking place in this particular setting?","Writing in a book with a pen.","The activity taking place is studying or working on a study material, as indicated by the open books and notebooks filled with handwritten notes.","Scene Summary"
"cbfeb6c8-ec1f-4884-bcbf-14d7764c4a36","Was the person depicted cooking in the kitchen?","No.","No, the person was not cooking in the kitchen; they were simply writing.","Whether Something Happened(Y/N)"
"cbfeb6c8-ec1f-4884-bcbf-14d7764c4a36","Did any outdoor activity occur in this video?","No.","No, there were no outdoor activities observed in this video.","Whether Something Happened(Y/N)"
"cbfeb6c8-ec1f-4884-bcbf-14d7764c4a36","Was the individual standing while performing the task?","No.","No, the individual was seated while performing the task.","Whether Something Happened(Y/N)"
"cbfeb6c8-ec1f-4884-bcbf-14d7764c4a36","Is there any verbal communication happening in this scene?","No.","No, there is no verbal communication happening in this scene.","Whether Something Happened(Y/N)"
"cbfeb6c8-ec1f-4884-bcbf-14d7764c4a36","Does the video show someone reading a book?","No.","No.","Whether Something Happened(Y/N)"
"cbfeb6c8-ec1f-4884-bcbf-14d7764c4a36","What location is shown in the video?","A room with a table.","The video shows a wooden desk with two open notebooks on it.","Scene Summary"
"cbfeb6c8-ec1f-4884-bcbf-14d7764c4a36","What activity is being done in the clip?","Writing in a notebook.","The activity being done in the clip is studying or working on a study material.","Scene Summary"
"cbfeb6c8-ec1f-4884-bcbf-14d7764c4a36","What object is being used to write?","A pen.","A spiral-bound notebook.","Scene Summary"
"cbfeb6c8-ec1f-4884-bcbf-14d7764c4a36","What item is on the table besides the notebook?","Opened books.","There is a blue pen on the table.","Scene Summary"
"cbfeb6c8-ec1f-4884-bcbf-14d7764c4a36","Is the notebook on a flat surface?","Yes, on a table.","Yes.","Scene Summary"
"cbfeb6c8-ec1f-4884-bcbf-14d7764c4a36","What color is the pen being used?","Blue.","The pen being used is blue.","Action Caption"
"cbfeb6c8-ec1f-4884-bcbf-14d7764c4a36","Is the person using both hands to write?","Yes, one to hold and one to write.","Yes.","Action Caption"
"cbfeb6c8-ec1f-4884-bcbf-14d7764c4a36","Has the pen made contact with the paper?","Yes.","Yes, the pen has made contact with the paper.","Whether Something Happened(Y/N)"
"cbfeb6c8-ec1f-4884-bcbf-14d7764c4a36","Is there a book on the table?","Yes.","No.","Whether Something Happened(Y/N)"
"cbfeb6c8-ec1f-4884-bcbf-14d7764c4a36","In the video, do I flip the book page before writing on it?","No","No, the person does not flip the book page before writing on it.","Order Judging(Y/N)"
"cbfeb6c8-ec1f-4884-bcbf-14d7764c4a36","In the video, do I write with a pen after sitting at the table?","Yes","Yes, you write with a pen after sitting at the table.","Order Judging(Y/N)"
"cbfeb6c8-ec1f-4884-bcbf-14d7764c4a36","Does the writing occur before closing the notebook?","Yes","No, the writing does not occur before closing the notebook.","Order Judging(Y/N)"
"cbfeb6c8-ec1f-4884-bcbf-14d7764c4a36","Do I start writing before opening the book?","No","Yes, you start writing before opening the book.","Order Judging(Y/N)"
"cbfeb6c8-ec1f-4884-bcbf-14d7764c4a36","Before closing the notebook, what event occurs in the video?","Writing on it","Before closing the notebook, the person points to a specific section of text on the right page and then closes it.","What event order"
"cbfeb6c8-ec1f-4884-bcbf-14d7764c4a36","What is done prior to sitting at the table in the video?","Entering the room","Prior to sitting at the table, the person is seen writing in a spiral notebook.","What event order"
"cbfeb6c8-ec1f-4884-bcbf-14d7764c4a36","What is the setting of the scene in the video clip?","In an apartment.","The setting of the scene is a study or work area with wooden flooring and a desk.","Scene Summary"
"cbfeb6c8-ec1f-4884-bcbf-14d7764c4a36","Who is present in this clip?","A woman writing and another woman interacting with her.","Two individuals are present in the clip, one sitting at a table and another standing nearby.","Scene Summary"
"cbfeb6c8-ec1f-4884-bcbf-14d7764c4a36","What objects are noticeable in the video?","A book and a pen.","The video shows a person sitting at a table with open notebooks and books, writing in them.","Scene Summary"
"cbfeb6c8-ec1f-4884-bcbf-14d7764c4a36","What activities are being performed?","Writing in a book and interacting.","The person is engaged in writing and taking notes on a spiral-bound notebook.","Scene Summary"
"cbfeb6c8-ec1f-4884-bcbf-14d7764c4a36","How can we describe the movement in the clip?","Gentle and focused on writing.","The movement in the clip is a series of close-up shots that focus on the person's hands and the open notebooks, capturing their concentration as they write.","Action Caption"
"cbfeb6c8-ec1f-4884-bcbf-14d7764c4a36","Does the individual write with her right hand?","Yes.","Yes, the individual writes with her right hand.","Whether Something Happened(Y/N)"
"cbfeb6c8-ec1f-4884-bcbf-14d7764c4a36","Is there another person besides the one writing?","Yes.","Yes, another person is partially visible on the left side of the frame.","Whether Something Happened(Y/N)"
"cbfeb6c8-ec1f-4884-bcbf-14d7764c4a36","Is the setting a public place?","No.","No.","Whether Something Happened(Y/N)"
"cbfeb6c8-ec1f-4884-bcbf-14d7764c4a36","Do we see any electronic devices being used?","No.","No, no electronic devices are visible in the image.","Whether Something Happened(Y/N)"
"cbfeb6c8-ec1f-4884-bcbf-14d7764c4a36","What happens before picking up the pen in the video?","Sitting at the table","Before picking up the pen, the person is seen writing in a spiral notebook.","What event order"
"cbfeb6c8-ec1f-4884-bcbf-14d7764c4a36","In the video, does the interaction with woman A happen before writing in the notebook?","No","No, the interaction with woman A does not happen before writing in the notebook. The video shows a person actively writing in a spiral-bound notebook while sitting at a table.","Order Judging(Y/N)"
"cbfeb6c8-ec1f-4884-bcbf-14d7764c4a36","Is the book opened before picking up the pen?","Yes","Yes.","Order Judging(Y/N)"
"cbfeb6c8-ec1f-4884-bcbf-14d7764c4a36","What is the main activity depicted in the video clip?","Writing in a book with a pen.","The main activity depicted in the video clip is a person writing on a spiral-bound notebook.","Scene Summary"
"cbfeb6c8-ec1f-4884-bcbf-14d7764c4a36","Where is the individual situated in the video clip?","In a room.","The individual is seated at a wooden desk.","Scene Summary"
"cbfeb6c8-ec1f-4884-bcbf-14d7764c4a36","What object is being utilized in the video clip?","A pen.","A spiral-bound notebook is being utilized in the video clip.","Scene Summary"
"cbfeb6c8-ec1f-4884-bcbf-14d7764c4a36","Does the video show someone studying?","Yes.","Yes","Whether Something Happened(Y/N)"
"cbfeb6c8-ec1f-4884-bcbf-14d7764c4a36","Is the person in the video writing with their left hand?","No.","Yes.","Whether Something Happened(Y/N)"
"cbfeb6c8-ec1f-4884-bcbf-14d7764c4a36","Does the video show a person writing on multiple pages?","Yes.","Yes, the video shows a person writing on multiple pages.","Whether Something Happened(Y/N)"
"cbfeb6c8-ec1f-4884-bcbf-14d7764c4a36","Is pen picked up before writing on the book as shown in the clip?","Yes","Yes, the pen is picked up before writing on the book.","Order Judging(Y/N)"
"cbfeb6c8-ec1f-4884-bcbf-14d7764c4a36","Does writing in the book happen after entering the apartment?","Yes","No, writing in the book happens before entering the apartment.","Order Judging(Y/N)"
"cbfeb6c8-ec1f-4884-bcbf-14d7764c4a36","Is the person at the table before writing in the notebook?","Yes","Yes.","Order Judging(Y/N)"
"cbfeb6c8-ec1f-4884-bcbf-14d7764c4a36","Does the person use a pen after sitting at the table?","Yes","Yes.","Order Judging(Y/N)"
"cbfeb6c8-ec1f-4884-bcbf-14d7764c4a36","Is the person in the apartment before using the pen?","Yes","No.","Order Judging(Y/N)"
"cbfeb6c8-ec1f-4884-bcbf-14d7764c4a36","What happens just before writing in the notebook in the video?","Sitting at the table","Just before writing in the notebook, the person points to a specific section of the page with their index finger.","What event order"
"cbfeb6c8-ec1f-4884-bcbf-14d7764c4a36","In the video sequence, what do we see occurring before sitting at the table?","Being in a room","Before sitting at the table, we see a person writing in a spiral notebook with blue ink.","What event order"
"cbfeb6c8-ec1f-4884-bcbf-14d7764c4a36","What location is shown in the video clip?","An indoor location.","The video clip shows a wooden desk with open notebooks and a book titled 'BROOKS'.","Scene Summary"
"cbfeb6c8-ec1f-4884-bcbf-14d7764c4a36","What activity is depicted in this scene?","Writing in a book.","The scene depicts a person engaged in studying or working on an exam, as indicated by the open notebooks filled with handwritten notes and diagrams.","Scene Summary"
"cbfeb6c8-ec1f-4884-bcbf-14d7764c4a36","Can you caption the person's activity in this clip?","Writing diligently in a notebook.","The person is diligently working on a notebook, writing in it with a blue pen and making notes.","Action Caption"
"cbfeb6c8-ec1f-4884-bcbf-14d7764c4a36","Is there a pen being used for writing in the video?","Yes.","Yes.","Whether Something Happened(Y/N)"
"cbfeb6c8-ec1f-4884-bcbf-14d7764c4a36","Does the clip show a person wearing a watch?","Yes.","Yes, the clip shows a person wearing a watch.","Whether Something Happened(Y/N)"
"cbfeb6c8-ec1f-4884-bcbf-14d7764c4a36","Does the video include any dialogue or conversation?","No, it only depicts writing activity.","No, the video does not include any dialogue or conversation.","Whether Something Happened(Y/N)"
"cbfeb6c8-ec1f-4884-bcbf-14d7764c4a36","In the video, does opening the book happen before writing with a pen?","Yes","No, the video does not show opening the book before writing with a pen. The focus is on the person's hands and the pages of the notebook as they write.","Order Judging(Y/N)"
"cbfeb6c8-ec1f-4884-bcbf-14d7764c4a36","Is the pen picked up after turning the page as shown in the clip?","No","Yes, the pen is picked up after turning the page.","Order Judging(Y/N)"
"cbfeb6c8-ec1f-4884-bcbf-14d7764c4a36","What occurs just before starting to write in the book?","Opening the book","Just before starting to write in the book, the person is seen adjusting their position and positioning of their hands on the table.","What event order"
"cbfeb6c8-ec1f-4884-bcbf-14d7764c4a36","Is the writing in the book shown after being indoor in the clip?","Yes","Yes.","Order Judging(Y/N)"
"cbfeb6c8-ec1f-4884-bcbf-14d7764c4a36","Which room is the person located in while writing?","The person is in a room.","The person is located in a room with a bookshelf, as indicated by the presence of books and other items on shelves.","Scene Summary"
"cbfeb6c8-ec1f-4884-bcbf-14d7764c4a36","Is the person using any tools for writing?","Yes, the person is using a pen.","Yes, the person is using a blue pen for writing.","Scene Summary"
"cbfeb6c8-ec1f-4884-bcbf-14d7764c4a36","Can you describe the setting of the action in the clip?","The action occurs in a room at a desk.","The setting is a well-lit room with wooden flooring, and the person is seated at a desk.","Action Caption"
"cbfeb6c8-ec1f-4884-bcbf-14d7764c4a36","What is the writing tool visible in the frame?","A pen is visible in the frame.","The writing tool visible in the frame is a blue pen.","Action Caption"
"cbfeb6c8-ec1f-4884-bcbf-14d7764c4a36","Is the person sitting at a desk in the video?","Yes.","Yes.","Whether Something Happened(Y/N)"
"cbfeb6c8-ec1f-4884-bcbf-14d7764c4a36","Does the person sit down after opening the book?","Yes","Yes.","Order Judging(Y/N)"
"cbfeb6c8-ec1f-4884-bcbf-14d7764c4a36","Is the book closed before the person starts writing?","No","Yes.","Order Judging(Y/N)"
"cbfeb6c8-ec1f-4884-bcbf-14d7764c4a36","What action is taken before the person caps the pen?","The person finishes writing.","Before the person caps the pen, they make a final check of their work.","What event order"
"cbfeb6c8-ec1f-4884-bcbf-14d7764c4a36","Is the pen placed in the book before writing?","No","Yes.","Order Judging(Y/N)"
"cbfeb6c8-ec1f-4884-bcbf-14d7764c4a36","Does the book close before the pen is picked up?","No","Yes, the book closes before the pen is picked up.","Order Judging(Y/N)"
"cbfeb6c8-ec1f-4884-bcbf-14d7764c4a36","Is the cap of the pen removed after starting to write?","No","Yes.","Order Judging(Y/N)"
"cbfeb6c8-ec1f-4884-bcbf-14d7764c4a36","Does the hand turn the page before picking up the pen?","No","Yes, the hand turns the page before picking up the pen.","Order Judging(Y/N)"
"cbfeb6c8-ec1f-4884-bcbf-14d7764c4a36","Is the pen visible in the scene before writing begins?","Yes","Yes.","Order Judging(Y/N)"
"cbfeb6c8-ec1f-4884-bcbf-14d7764c4a36","What do we see happening before the hand appears in the frame?","The book is open","We see a person sitting at a table, writing on a notebook with a blue pen.","What event order"
"cbfeb6c8-ec1f-4884-bcbf-14d7764c4a36","What happens just before the pen touches the paper?","The hand moves towards the paper","Just before the pen touches the paper, it is shown that the person has already written on the page.","What event order"
"cbfeb6c8-ec1f-4884-bcbf-14d7764c4a36","In the video sequence, what action is performed before turning the page?","Writing on the current page","Before turning the page, the person points to a specific section of the notebook and then starts writing in it.","What event order"
"cbfeb6c8-ec1f-4884-bcbf-14d7764c4a36","In the video, what is done just before the hand finished writing?","Moving the pen across the paper","Just before the hand finished writing, a book titled 'BROOKS' is opened and placed on top of the notebook.","What event order"
"cbfeb6c8-ec1f-4884-bcbf-14d7764c4a36","What does the brief of the depicted scenario show?","The scenario shows a person writing in a book in an apartment.","The brief of the depicted scenario shows a person sitting at a table with two open notebooks, one containing handwritten notes and another featuring an image of a tire.","Scene Summary"
"cbfeb6c8-ec1f-4884-bcbf-14d7764c4a36","What is the setting of this video clip?","The setting is indoors, in a well-lit apartment.","The setting of the video clip is a study or work area with a wooden desk and various open notebooks.","Scene Summary"
"cbfeb6c8-ec1f-4884-bcbf-14d7764c4a36","Does the video capture the person stopping their writing at any point?","No.","Yes, the video captures the person stopping their writing at a specific point on the spiral notebook.","Whether Something Happened(Y/N)"
"cbfeb6c8-ec1f-4884-bcbf-14d7764c4a36","Is the individual in the video using their left hand to write?","No, they are using their right hand.","Yes.","Whether Something Happened(Y/N)"
"cbfeb6c8-ec1f-4884-bcbf-14d7764c4a36","Is there another person present in the scene assisting the writer?","No, the person is writing alone.","Yes, another person is partially visible on the left side of the frame.","Whether Something Happened(Y/N)"
"cbfeb6c8-ec1f-4884-bcbf-14d7764c4a36","In the video, do I write in the book before holding the pen?","No","Yes, you write in the book before holding the pen.","Order Judging(Y/N)"
"cbfeb6c8-ec1f-4884-bcbf-14d7764c4a36","Is the pen in my right hand before I start writing in the book?","Yes","No, the pen is in my left hand before I start writing in the book.","Order Judging(Y/N)"
"cbfeb6c8-ec1f-4884-bcbf-14d7764c4a36","In the sequence, do I open the book before writing on it?","Yes","No, you open the book after writing on it.","Order Judging(Y/N)"
"cbfeb6c8-ec1f-4884-bcbf-14d7764c4a36","In the clip, do I wear a green shirt before writing in the book?","Yes","Yes, the person is wearing a green shirt before writing in the book.","Order Judging(Y/N)"
"cbfeb6c8-ec1f-4884-bcbf-14d7764c4a36","What occurs just before holding the pen in my right hand?","I am wearing a green shirt","Just before holding the pen in my right hand, I notice a blue pen resting on top of the notebook.","What event order"
"cbfeb6c8-ec1f-4884-bcbf-14d7764c4a36","Is the book opened before the pen is held in the right hand?","Yes","Yes.","Order Judging(Y/N)"
"cbfeb6c8-ec1f-4884-bcbf-14d7764c4a36","Is the hand placed on the book after the pen is picked up?","Yes","Yes, the hand is placed on the book after the pen is picked up.","Order Judging(Y/N)"
"cbfeb6c8-ec1f-4884-bcbf-14d7764c4a36","What happens just before the pen starts writing?","The pen is held in the right hand","Just before the pen starts writing, the person's hand moves to rest on their lap.","What event order"
"cbfeb6c8-ec1f-4884-bcbf-14d7764c4a36","What is visible before the wrist with a bracelet appears?","The hand holding the pen","A spiral notebook with a yellow cover and the text ""BROCK"" is visible before the wrist.","What event order"
"cbfeb6c8-ec1f-4884-bcbf-14d7764c4a36","What do we see happening before the hand touches the book?","The book and pen are visible","We see a person sitting at a table, holding an open book titled ""BROCK"" with the cover featuring a graphic of a tire and text that reads ""BROCK PREMIUM."" The person is writing in a notebook next to the book.","What event order"
"cbfeb6c8-ec1f-4884-bcbf-14d7764c4a36","What takes place before the pen is seen in the video?","The apartment and the book are seen","Before the pen is seen in the video, a person is sitting at a table with open notebooks and books.","What event order"
"cbfeb6c8-ec1f-4884-bcbf-14d7764c4a36","What is the setting of the video?","In an apartment.","The setting of the video is a study or work environment with a wooden desk and various open notebooks.","Scene Summary"
"cbfeb6c8-ec1f-4884-bcbf-14d7764c4a36","What activity does the video show?","Writing in a book.","The video shows a person engaged in writing or taking notes on a notebook.","Scene Summary"
"cbfeb6c8-ec1f-4884-bcbf-14d7764c4a36","Which hand is used for writing in the video?","The right hand.","The right hand is used for writing in the video.","Scene Summary"
"cbfeb6c8-ec1f-4884-bcbf-14d7764c4a36","What type of pen is being used?","A ballpoint pen.","The pen being used is blue.","Scene Summary"
"cbfeb6c8-ec1f-4884-bcbf-14d7764c4a36","What object is being used in the action?","A pen.","A blue pen is being used in the action.","Action Caption"
"cbfeb6c8-ec1f-4884-bcbf-14d7764c4a36","Is the writing action fluent or hesitant?","Fluent.","The writing action is fluent.","Action Caption"
"cbfeb6c8-ec1f-4884-bcbf-14d7764c4a36","Which direction is the pen moving?","Left to right.","The pen is moving from the right side of the notebook to the left.","Action Caption"
"cbfeb6c8-ec1f-4884-bcbf-14d7764c4a36","Is the person sitting on a cushion?","Yes.","No.","Whether Something Happened(Y/N)"
"cbfeb6c8-ec1f-4884-bcbf-14d7764c4a36","Does the video show page-turning?","No.","Yes, the video shows page-turning as the person continues to write on the notebook.","Whether Something Happened(Y/N)"
"cbfeb6c8-ec1f-4884-bcbf-14d7764c4a36","Is the person wearing any wrist accessories?","Yes.","Yes, the person is wearing a bracelet on their left wrist.","Whether Something Happened(Y/N)"
"cbfeb6c8-ec1f-4884-bcbf-14d7764c4a36","Did the writing happen in a different location than the apartment?","No","Yes, the writing happened in a different location than the apartment.","Order Judging(Y/N)"
"cbfeb6c8-ec1f-4884-bcbf-14d7764c4a36","Did the use of right hand occur before writing in the book?","No","Yes, the use of right hand occurred before writing in the book.","Order Judging(Y/N)"
"cbfeb6c8-ec1f-4884-bcbf-14d7764c4a36","Was there a pen used after the book was opened?","Yes","Yes, a blue pen was used after the book was opened.","Order Judging(Y/N)"
"cbfeb6c8-ec1f-4884-bcbf-14d7764c4a36","Did any writing in the book occur without the use of a pen?","No","Yes, the writing in the book occurred without the use of a pen.","Order Judging(Y/N)"
"cbfeb6c8-ec1f-4884-bcbf-14d7764c4a36","Was the book closed before writing commenced?","Yes","Yes, the book was closed before writing commenced.","Order Judging(Y/N)"
"cbfeb6c8-ec1f-4884-bcbf-14d7764c4a36","What happened before the writing started?","The book was opened","Before the writing started, the person was seen holding a book titled 'BROOKS & LITWICH' and reading from it.","What event order"
"cbfeb6c8-ec1f-4884-bcbf-14d7764c4a36","Does the writing in the book occur before changing the page?","Yes","Yes, the writing in the book occurs before changing the page.","Order Judging(Y/N)"
"cbfeb6c8-ec1f-4884-bcbf-14d7764c4a36","Does the page turn happen before writing with the pen?","No","No, the page turns before writing with the pen.","Order Judging(Y/N)"
"cbfeb6c8-ec1f-4884-bcbf-14d7764c4a36","What occurs just before changing to a new page in the video?","I finish writing","Just before changing to a new page, the person's hands are seen adjusting their position on the desk.","What event order"
"cbfeb6c8-ec1f-4884-bcbf-14d7764c4a36","What do I do before sitting down to write in the video?","I enter the room","Before sitting down to write, the person is seen holding a blue pen and pointing at something on their notebook.","What event order"
"cbfeb6c8-ec1f-4884-bcbf-14d7764c4a36","What is the setting of the scene in the video clip?","The setting is inside a room.","The setting of the scene is a wooden desk with a book and a spiral notebook.","Scene Summary"
"cbfeb6c8-ec1f-4884-bcbf-14d7764c4a36","What objects are present in the video clip?","A book and a pen are present.","The objects present in the video clip are an open book, a spiral notebook with a yellow highlighter, and a blue pen.","Scene Summary"
"cbfeb6c8-ec1f-4884-bcbf-14d7764c4a36","Can you describe the action the person is performing?","The person is flipping through pages and writing.","The person is meticulously writing on a spiral-bound notebook, making precise notes and calculations.","Action Caption"
"cbfeb6c8-ec1f-4884-bcbf-14d7764c4a36","Does the video show the person closing the book?","No.","No, the video does not show the person closing the book; it only shows them holding and writing on the open book.","Whether Something Happened(Y/N)"
"cbfeb6c8-ec1f-4884-bcbf-14d7764c4a36","Is the person using a pencil to write?","No.","Yes.","Whether Something Happened(Y/N)"
"cbfeb6c8-ec1f-4884-bcbf-14d7764c4a36","Does the video capture the person turning off the light?","No.","Yes, the video captures the person turning off the light.","Whether Something Happened(Y/N)"
"cbfeb6c8-ec1f-4884-bcbf-14d7764c4a36","Does the video show the person taking notes from another text?","No.","Yes, the video shows the person taking notes from another text.","Whether Something Happened(Y/N)"
"cbfeb6c8-ec1f-4884-bcbf-14d7764c4a36","In the video, is the book closed before writing begins?","Yes","Yes.","Order Judging(Y/N)"
"cbfeb6c8-ec1f-4884-bcbf-14d7764c4a36","Does turning the page happen after writing with the pen?","Yes","Yes, turning the page happens after writing with the pen.","Order Judging(Y/N)"
"cbfeb6c8-ec1f-4884-bcbf-14d7764c4a36","In the video, is the pen picked up before the book is opened?","No","Yes.","Order Judging(Y/N)"
"cbfeb6c8-ec1f-4884-bcbf-14d7764c4a36","Does the writing occur before sitting down in the chair?","No","Yes, the writing occurs before sitting down in the chair.","Order Judging(Y/N)"
"cbfeb6c8-ec1f-4884-bcbf-14d7764c4a36","In the video sequence, what occurs before the person starts writing?","The book is opened","Before the person starts writing, they are seen holding a notebook and a pen.","What event order"
"cbfeb6c8-ec1f-4884-bcbf-14d7764c4a36","What action takes place before the book is closed?","The person stops writing","Before the book is closed, a blue pen is used to mark or underline certain sections of the page.","What event order"
"cbfeb6c8-ec1f-4884-bcbf-14d7764c4a36","In the video, is the book closed after the writing is done?","Yes","Yes.","Order Judging(Y/N)"
"cbfeb6c8-ec1f-4884-bcbf-14d7764c4a36","In the video, is there writing on the book's cover before the person writes inside?","Yes","Yes, there is writing on the book's cover before the person writes inside.","Order Judging(Y/N)"
"cbfeb6c8-ec1f-4884-bcbf-14d7764c4a36","What is done before the pen cap is removed?","The person prepares to write","Before the pen cap is removed, the person points to a specific section of the page with their index finger.","What event order"
"cbfeb6c8-ec1f-4884-bcbf-14d7764c4a36","What activity is displayed in the provided image?","Writing in a book.","The image shows a person engaged in writing or taking notes on a spiral notebook.","Scene Summary"
"cbfeb6c8-ec1f-4884-bcbf-14d7764c4a36","Describe the setting where the depicted activity takes place.","In a room.","The activity takes place in a well-lit room with natural light streaming, likely during the daytime. The person is seated at a wooden desk, surrounded by two open notebooks filled with handwritten notes and diagrams.","Scene Summary"
"cbfeb6c8-ec1f-4884-bcbf-14d7764c4a36","What object is being used in conjunction with the book?","A pen.","A blue pen is being used in conjunction with the book.","Scene Summary"
"cbfeb6c8-ec1f-4884-bcbf-14d7764c4a36","How is the person holding the pen in the frame?","With their right hand.","The person is holding the pen with their right hand, pointing it towards the notebook.","Action Caption"
"cbfeb6c8-ec1f-4884-bcbf-14d7764c4a36","What part of the room is visible in the clip?","Only the table area, specifics of the room are not visible.","The room is visible in the clip, with a wooden floor and some items on the table.","Action Caption"
"cbfeb6c8-ec1f-4884-bcbf-14d7764c4a36","Is the person writing with their left hand?","No.","Yes.","Whether Something Happened(Y/N)"
"cbfeb6c8-ec1f-4884-bcbf-14d7764c4a36","Is the person writing on the last page of the book?","No, there are more pages visible.","Yes.","Whether Something Happened(Y/N)"
"cbfeb6c8-ec1f-4884-bcbf-14d7764c4a36","Can we assume the writer is in a public space?","No, it appears to be a private space.","No, the setting is not a public space; it appears to be an indoor environment focused on studying or writing.","Whether Something Happened(Y/N)"
"cbfeb6c8-ec1f-4884-bcbf-14d7764c4a36","In the video, does turning the page happen before writing begins?","No","No, turning the page happens after writing begins.","Order Judging(Y/N)"
"cbfeb6c8-ec1f-4884-bcbf-14d7764c4a36","Is the book opened after the pen is held in the hand?","Yes","Yes.","Order Judging(Y/N)"
"cbfeb6c8-ec1f-4884-bcbf-14d7764c4a36","In the video, does writing in the book happen before closing the book?","Yes","Yes, writing in the book happens before closing the book.","Order Judging(Y/N)"
"cbfeb6c8-ec1f-4884-bcbf-14d7764c4a36","In the video sequence, what do we see occurring just before turning the page?","Writing on the previous page","Just before turning the page, we see a hand holding a pen and pointing towards the right side of the page.","What event order"
"cbfeb6c8-ec1f-4884-bcbf-14d7764c4a36","What action takes place immediately before the pen touches the paper?","Holding the pen above the book","A hand holding a pen appears, poised to write on the paper.","What event order"
"cbfeb6c8-ec1f-4884-bcbf-14d7764c4a36","In the video, what happens right before the book is opened?","Sitting down","The person is seen holding a pen and writing on the book, indicating they are actively engaged in reading or studying.","What event order"
"cbfeb6c8-ec1f-4884-bcbf-14d7764c4a36","Did I write in the book before turning the page?","Yes","Yes, the person wrote in the book before turning the page.","Order Judging(Y/N)"
"cbfeb6c8-ec1f-4884-bcbf-14d7764c4a36","Is the book already opened before I start writing?","Yes","Yes, the book is already opened before I start writing.","Order Judging(Y/N)"
"cbfeb6c8-ec1f-4884-bcbf-14d7764c4a36","Did I place my left hand on the page before writing with the pen?","Yes","Yes, the person placed their left hand on the page before writing with the pen.","Order Judging(Y/N)"
"cbfeb6c8-ec1f-4884-bcbf-14d7764c4a36","What happens before I use the pen to write?","Opening the book","Before writing, the person picks up a pen and begins to write in the spiral notebook.","What event order"
"cbfeb6c8-ec1f-4884-bcbf-14d7764c4a36","Before closing the book, what action is performed?","Turning the page","Before closing the book, the person points to a specific page and then closes it.","What event order"
"cbfeb6c8-ec1f-4884-bcbf-14d7764c4a36","What is the setting of this video clip?","The setting is indoors, at a desk.","The setting of the video clip is a study or work environment, as indicated by the presence of multiple open notebooks and books on the table.","Scene Summary"
"cbfeb6c8-ec1f-4884-bcbf-14d7764c4a36","What objects are present in this scene?","A book, a pen, and a desk.","The objects present in this scene include a spiral-bound notebook, an open book with handwritten notes and diagrams, and a blue pen.","Scene Summary"
"cbfeb6c8-ec1f-4884-bcbf-14d7764c4a36","Is the person writing with their right hand?","Yes.","Yes.","Whether Something Happened(Y/N)"
"cbfeb6c8-ec1f-4884-bcbf-14d7764c4a36","Is the notebook placed on the person's lap?","No.","Yes.","Whether Something Happened(Y/N)"
"cbfeb6c8-ec1f-4884-bcbf-14d7764c4a36","Does this video show any electronic devices being used?","No.","No, the video does not show any electronic devices being used.","Whether Something Happened(Y/N)"
"cbfeb6c8-ec1f-4884-bcbf-14d7764c4a36","Is the person seated while writing in the book?","Yes.","Yes.","Whether Something Happened(Y/N)"
"cbfeb6c8-ec1f-4884-bcbf-14d7764c4a36","Do I sit down before beginning to write?","Yes","Yes, the person sits down before beginning to write.","Order Judging(Y/N)"
"cbfeb6c8-ec1f-4884-bcbf-14d7764c4a36","What happens before the book is opened?","I sit down at the desk.","Before the book is opened, the person's hands are resting on a closed notebook.","What event order"
"cbfeb6c8-ec1f-4884-bcbf-14d7764c4a36","Did I close the book before starting to write?","No","Yes, the person closed the book before starting to write.","Order Judging(Y/N)"
"cbfeb6c8-ec1f-4884-bcbf-14d7764c4a36","Was I seated while writing in the book?","Yes","Yes, the person was seated while writing in the book.","Order Judging(Y/N)"
"cbfeb6c8-ec1f-4884-bcbf-14d7764c4a36","Did I turn the page after finishing writing?","No","Yes, after finishing writing, I turned the page to continue with the next section.","Order Judging(Y/N)"
"cbfeb6c8-ec1f-4884-bcbf-14d7764c4a36","Was the pen put down before closing the book?","No","Yes, the pen was put down before closing the book.","Order Judging(Y/N)"
"cbfeb6c8-ec1f-4884-bcbf-14d7764c4a36","Did I write on the left page before the right one?","No","Yes, the left page was written before the right one.","Order Judging(Y/N)"
"cbfeb6c8-ec1f-4884-bcbf-14d7764c4a36","What is the setting of the scene in this video clip?","The setting is indoors, with a person writing in a notebook.","The setting of the scene is a wooden desk with open notebooks and books, indicating an academic or study environment.","Scene Summary"
"cbfeb6c8-ec1f-4884-bcbf-14d7764c4a36","What activity is being performed in the scene?","Writing on a notebook with a pen.","The activity being performed in the scene is studying or working on a document.","Scene Summary"
"cbfeb6c8-ec1f-4884-bcbf-14d7764c4a36","What can we deduce about the person's task in the video?","The person is engaged in a writing activity.","The person appears to be engaged in a detailed and focused task, possibly related to academic or professional work.","Action Caption"
"cbfeb6c8-ec1f-4884-bcbf-14d7764c4a36","Describe the motion taking place in these frames?","The movement of the hand while writing.","The motion in the frames is a person's hand moving from one notebook to another, with their fingers pressing down on the pages and writing.","Action Caption"
"cbfeb6c8-ec1f-4884-bcbf-14d7764c4a36","Does the person stop writing at any point in the video?","No.","No, the person continues writing at various points throughout the video.","Whether Something Happened(Y/N)"
"cbfeb6c8-ec1f-4884-bcbf-14d7764c4a36","Is there any use of electronic devices in these frames?","No.","No, there are no electronic devices visible in the frames.","Whether Something Happened(Y/N)"
"cbfeb6c8-ec1f-4884-bcbf-14d7764c4a36","In the video sequence, what do we see happening before writing with the pen?","Sitting at the desk","Before writing with the pen, we see a person sitting at a wooden desk, wearing a green and yellow patterned top. The desk is cluttered with open notebooks containing handwritten notes and diagrams, indicating an active study session or research activity.","What event order"
"cbfeb6c8-ec1f-4884-bcbf-14d7764c4a36","What occurs just before opening the notebook in the video?","Sitting at the desk","Just before opening the notebook, a hand points to the page with the word 'BROOKS' written on it.","What event order"
"cbfeb6c8-ec1f-4884-bcbf-14d7764c4a36","In the video, does using the pen happen after sitting at the desk?","Yes","Yes, the pen is used to write on the notebook after sitting at the desk.","Order Judging(Y/N)"
"cbfeb6c8-ec1f-4884-bcbf-14d7764c4a36","What action precedes putting down the pen on the desk?","Writing in the book","The action that precedes putting down the pen on the desk is writing in a notebook.","What event order"
"cbfeb6c8-ec1f-4884-bcbf-14d7764c4a36","What is done just before the writing starts in the video?","Picking up the pen","Just before the writing starts, a person points to the notebook with their right hand.","What event order"
"cbfeb6c8-ec1f-4884-bcbf-14d7764c4a36","Which action is depicted in this frame?","Writing in a book with a pen.","The action depicted in this frame is the person writing on a spiral notebook.","Scene Summary"
"cbfeb6c8-ec1f-4884-bcbf-14d7764c4a36","Describe the surroundings visible in this frame.","Indoors, likely a desk or table.","The surroundings include a wooden desk with two open notebooks, one labeled 'BROOKS' and the other partially visible. The background is softly lit, suggesting an indoor setting.","Scene Summary"
"cbfeb6c8-ec1f-4884-bcbf-14d7764c4a36","Can you specify the object being used by the person?","A pen.","The person is using a blue pen to write on the spiral notebook.","Action Caption"
"cbfeb6c8-ec1f-4884-bcbf-14d7764c4a36","Did the interaction occur in an outdoor location?","No.","No, the interaction occurred indoors.","Whether Something Happened(Y/N)"
"cbfeb6c8-ec1f-4884-bcbf-14d7764c4a36","Is the person predominantly engaged in a physical activity?","No.","No, the person is not engaged in any physical activity; they are focused on writing and reading.","Whether Something Happened(Y/N)"
"cbfeb6c8-ec1f-4884-bcbf-14d7764c4a36","In the video, does writing in the notebook occur before conversing with a woman?","Yes.","Yes, writing in the notebook occurs before conversing with a woman.","Order Judging(Y/N)"
"cbfeb6c8-ec1f-4884-bcbf-14d7764c4a36","In the video, does the conversation with a woman happen before being in an apartment?","No.","Yes, the conversation with a woman happens before being in an apartment.","Order Judging(Y/N)"
"cbfeb6c8-ec1f-4884-bcbf-14d7764c4a36","Is the pen used before entering the apartment as shown in the clip?","No.","Yes, the pen is used before entering the apartment in the clip.","Order Judging(Y/N)"
"cbfeb6c8-ec1f-4884-bcbf-14d7764c4a36","In the video sequence, what do we see happening before conversing with woman X?","Being in an apartment.","Before conversing with woman X, we see a book titled 'BROOKS' open on the desk.","What event order"
"cbfeb6c8-ec1f-4884-bcbf-14d7764c4a36","What happens right before using a pen on the book?","Being indoors.","The person points to the book, indicating they are about to write something.","What event order"
"cbfeb6c8-ec1f-4884-bcbf-14d7764c4a36","In the video, what occurs directly before the pen is picked up?","Being indoors.","The person is seen writing on a spiral notebook, which has the word 'BROOKS' written at the top.","What event order"
"cbfeb6c8-ec1f-4884-bcbf-14d7764c4a36","What happens before the conversation with woman X in the video?","Writing on a book","Before the conversation with woman X, a book titled 'BROOKS' is opened on the table.","What event order"
"6baa36c1-e4d0-4dbd-97b2-dff48ecf796e","What environments surround the individual scrapping the wall?","An outdoor setting with a ladder near a wooden fence.","The individual is surrounded by a residential environment, including a house with a window and a tree-lined street.","Scene Summary"
"6baa36c1-e4d0-4dbd-97b2-dff48ecf796e","What tool is utilized for scrapping in the scene?","A scraper is used.","A metal scraper is utilized for scrapping in the scene.","Scene Summary"
"6baa36c1-e4d0-4dbd-97b2-dff48ecf796e","Is the individual standing on the ground or elevated while scrapping?","The individual is elevated on a ladder.","The individual is standing on the ground while scrapping.","Scene Summary"
"6baa36c1-e4d0-4dbd-97b2-dff48ecf796e","What is the purpose of using a ladder in this scenario?","To reach higher areas of the wall for scrapping.","The purpose of using a ladder is to reach higher areas and access the window frame, which may be damaged or need repair.","Scene Summary"
"6baa36c1-e4d0-4dbd-97b2-dff48ecf796e","How does the individual prepare to scrape the wall?","The individual prepares by stretching out a ladder.","The individual prepares to scrape the wall by holding a scraper and using it to remove small pieces of plaster or paint.","Action Caption"
"6baa36c1-e4d0-4dbd-97b2-dff48ecf796e","Does the video show a person using a ladder?","Yes.","Yes.","Whether Something Happened(Y/N)"
"6baa36c1-e4d0-4dbd-97b2-dff48ecf796e","Is the wall being scraped in the video?","Yes.","Yes.","Whether Something Happened(Y/N)"
"6baa36c1-e4d0-4dbd-97b2-dff48ecf796e","Does the scene involve stretching a ladder before scrapping?","Yes.","Yes","Whether Something Happened(Y/N)"
"6baa36c1-e4d0-4dbd-97b2-dff48ecf796e","Does the individual scrap the wall without any tools?","No.","No, the individual scrapes the wall with a tool.","Whether Something Happened(Y/N)"
"6baa36c1-e4d0-4dbd-97b2-dff48ecf796e","What location is depicted in this video clip?","The video clip depicts an outdoor scene with a wall.","The location depicted in the video clip is a residential area with trees and houses visible through the window.","Scene Summary"
"6baa36c1-e4d0-4dbd-97b2-dff48ecf796e","How does the environment appear in the video clip?","The environment appears to be a porch or exterior of a building.","The environment appears to be a residential area with trees and houses visible in the background.","Scene Summary"
"6baa36c1-e4d0-4dbd-97b2-dff48ecf796e","What structure can be observed in this video clip?","A wall with white paint is observed in this video clip.","The video clip shows a window with a white frame and peeling paint.","Scene Summary"
"6baa36c1-e4d0-4dbd-97b2-dff48ecf796e","How is the exterior space utilized in the video action?","The exterior space provides a background for removal of an object.","The exterior space is utilized by a person standing outside the window, observing and possibly discussing or assisting with the work.","Action Caption"
"6baa36c1-e4d0-4dbd-97b2-dff48ecf796e","Is the object completely removed from the wall in the video?","Yes","No, the object is partially removed from the wall.","Whether Something Happened(Y/N)"
"6baa36c1-e4d0-4dbd-97b2-dff48ecf796e","Does the video clip show a wall being painted?","No","Yes.","Whether Something Happened(Y/N)"
"6baa36c1-e4d0-4dbd-97b2-dff48ecf796e","In the video, is the wall outdoors?","Yes","Yes.","Whether Something Happened(Y/N)"
"6baa36c1-e4d0-4dbd-97b2-dff48ecf796e","In the video, is the ladder stretched before scraping the wall?","Yes","Yes","Order Judging(Y/N)"
"6baa36c1-e4d0-4dbd-97b2-dff48ecf796e","What happens just before the wall is scraped in the video?","The ladder is stretched","Just before the wall is scraped, a person wearing a blue sleeve and a wristwatch is seen holding a tool near the wall.","What event order"
"6baa36c1-e4d0-4dbd-97b2-dff48ecf796e","What exterior work is being performed?","Scraping a wall and smoothing a surface.","Yes, the video shows a person working on an exterior wall with a paint roller and a hammer.","Scene Summary"
"6baa36c1-e4d0-4dbd-97b2-dff48ecf796e","Where is the activity taking place?","Outside a house.","The activity is taking place in a garage/INFO","Scene Summary"
"6baa36c1-e4d0-4dbd-97b2-dff48ecf796e","Which tools are being used for the exterior tasks?","A scraper and a planer.","A red-handled sander and a black-handled hammer are being used for the exterior tasks.","Scene Summary"
"6baa36c1-e4d0-4dbd-97b2-dff48ecf796e","Can you describe the sequence of work shown?","Scraping first, then planing.","The sequence of work begins with the person using a hammer to smooth out the paint on the window frame, followed by applying a red and yellow tool to the wall near the window.","Action Caption"
"6baa36c1-e4d0-4dbd-97b2-dff48ecf796e","Does the video show painting work being done?","No.","Yes","Whether Something Happened(Y/N)"
"6baa36c1-e4d0-4dbd-97b2-dff48ecf796e","Is there any smoothing of surfaces portrayed?","Yes.","Yes, there is a close-up view of the window frame and its surrounding area.","Whether Something Happened(Y/N)"
"6baa36c1-e4d0-4dbd-97b2-dff48ecf796e","Does the scene capture window installation?","No.","Yes","Whether Something Happened(Y/N)"
"6baa36c1-e4d0-4dbd-97b2-dff48ecf796e","Does the clip depict interior renovation?","No.","Yes","Whether Something Happened(Y/N)"
"6baa36c1-e4d0-4dbd-97b2-dff48ecf796e","Does smoothing the surface occur before scraping the wall?","No","Yes, the person continues to smooth out the surface of the wall using a red and yellow scraper tool.","Order Judging(Y/N)"
"6baa36c1-e4d0-4dbd-97b2-dff48ecf796e","Is the removal of plaster seen before the scraping action?","Yes","Yes, the removal of plaster is seen before the scraping action.","Order Judging(Y/N)"
"6baa36c1-e4d0-4dbd-97b2-dff48ecf796e","Does the planer touch the surface after the wall is scrapped?","Yes","Yes, the planer touches the surface after the wall is scrapped.","Order Judging(Y/N)"
"6baa36c1-e4d0-4dbd-97b2-dff48ecf796e","In the video, is the ladder stretched before scraping the wall?","Yes","Yes, the ladder is stretched before scraping the wall.","Order Judging(Y/N)"
"6baa36c1-e4d0-4dbd-97b2-dff48ecf796e","Does the smoothing of the surface occur after scraping the wall?","Yes","Yes, the person continues to smooth out the surface of the wall using a red and yellow tool.","Order Judging(Y/N)"
"6baa36c1-e4d0-4dbd-97b2-dff48ecf796e","Is something removed from the wall before stretching the ladder?","No","Yes, a piece of wood is removed from the wall before stretching the ladder.","Order Judging(Y/N)"
"6baa36c1-e4d0-4dbd-97b2-dff48ecf796e","In the clip, is the ladder stretched after smoothing the surface?","No","Yes","Order Judging(Y/N)"
"6baa36c1-e4d0-4dbd-97b2-dff48ecf796e","What can be seen happening before smoothing the surface?","Scraping the wall","Before smoothing the surface, a person is seen holding a red and black tool with a yellow handle.","What event order"
"6baa36c1-e4d0-4dbd-97b2-dff48ecf796e","In the video, what happens before stretching the ladder?","Nothing, it is the first action","Before stretching the ladder, the person is seen standing on a wooden floor.","What event order"
"6baa36c1-e4d0-4dbd-97b2-dff48ecf796e","What is the setting of the video clip?","Outside a house.","The setting of the video clip is a garage or workshop with a focus on a window frame.","Scene Summary"
"6baa36c1-e4d0-4dbd-97b2-dff48ecf796e","What task is being performed in the video clip?","Smoothing and scraping a surface.","The task performed in the video clip is to remove a white plastic sheet from a window.","Scene Summary"
"6baa36c1-e4d0-4dbd-97b2-dff48ecf796e","What tools are being used in the video clip?","A planer and a scraper.","The tools being used in the video clip include a hammer and a screwdriver.","Scene Summary"
"6baa36c1-e4d0-4dbd-97b2-dff48ecf796e","What is the condition of the surface being worked on?","It is a rough surface.","The surface being worked on appears to be weathered and peeling, with visible patches of paint or plaster.","Scene Summary"
"6baa36c1-e4d0-4dbd-97b2-dff48ecf796e","What is the first action taken on the surface in the clip?","Smoothing it with a planer.","The first action taken is the application of a white substance, likely glue or adhesive, onto the surface.","Action Caption"
"6baa36c1-e4d0-4dbd-97b2-dff48ecf796e","What is the progression of work on the surface in the clip?","From smoothing to scraping.","The progression of work on the surface includes scraping off old paint, removing peeling material, and smoothing out any remaining debris.","Action Caption"
"6baa36c1-e4d0-4dbd-97b2-dff48ecf796e","How is the condition of the surface changing in the clip?","Becoming smoother and cleaner.","The surface is becoming more deteriorated and worn, with peeling paint and exposed wood.","Action Caption"
"6baa36c1-e4d0-4dbd-97b2-dff48ecf796e","Does the person use a planer on the surface?","Yes.","Yes.","Whether Something Happened(Y/N)"
"6baa36c1-e4d0-4dbd-97b2-dff48ecf796e","Is there an action of scraping visible in the new frames?","Yes.","Yes.","Whether Something Happened(Y/N)"
"6baa36c1-e4d0-4dbd-97b2-dff48ecf796e","Does the clip show the complete smoothing of the surface?","No.","No, the clip shows a close-up of the person's hands and the tool being used to smooth out the surface.","Whether Something Happened(Y/N)"
"6baa36c1-e4d0-4dbd-97b2-dff48ecf796e","In the video, is the surface scrapped before it is smoothened with a planer?","No","Yes.","Order Judging(Y/N)"
"6baa36c1-e4d0-4dbd-97b2-dff48ecf796e","In the sequence, is the planer used before the scraper?","Yes","Yes, the planer is used before the scraper.","Order Judging(Y/N)"
"6baa36c1-e4d0-4dbd-97b2-dff48ecf796e","What occurs right before the planer is used on the surface?","Nothing, it's the first action","A person is seen standing on the left side of the frame, with their feet visible.","What event order"
"6baa36c1-e4d0-4dbd-97b2-dff48ecf796e","Did I remove something from the wall before scraping the wall?","Yes","Yes, the person removed a piece of wood from the wall before scraping it.","Order Judging(Y/N)"
"6baa36c1-e4d0-4dbd-97b2-dff48ecf796e","Is the surface smoothened with a planer before scraping with a scraper?","Yes","Yes.","Order Judging(Y/N)"
"6baa36c1-e4d0-4dbd-97b2-dff48ecf796e","Do I smoothen the surface with a planer before removing something from the wall?","No","Yes, the person in the video uses a planer to smooth out the surface of the wall before removing something from it.","Order Judging(Y/N)"
"6baa36c1-e4d0-4dbd-97b2-dff48ecf796e","Is the wall scraped with a scraper before using a planer in one sequence?","No","Yes.","Order Judging(Y/N)"
"6baa36c1-e4d0-4dbd-97b2-dff48ecf796e","What setting is shown in the video clip?","An outdoor scene with window frame paint removal.","The setting shown in the video clip is a garage or workshop, as indicated by the presence of tools and materials on the ground.","Scene Summary"
"6baa36c1-e4d0-4dbd-97b2-dff48ecf796e","Describe the environment shown in the clip.","An outside area, likely a building's exterior.","The environment is a residential setting with a window frame that has been partially painted, revealing the wooden interior. The ground around the window is covered in leaves and debris, indicating an outdoor area.","Scene Summary"
"6baa36c1-e4d0-4dbd-97b2-dff48ecf796e","What tool is being used in the current action?","A paint scraper is being used in the action.","A hammer is being used in the current action.","Action Caption"
"6baa36c1-e4d0-4dbd-97b2-dff48ecf796e","How is the paint being removed in this scene?","The paint is being manually scraped off.","The paint is being removed by scraping it off with a tool, which the person uses to carefully remove the remaining layer of paint.","Action Caption"
"6baa36c1-e4d0-4dbd-97b2-dff48ecf796e","Does the video show a paint removal process?","Yes.","Yes.","Whether Something Happened(Y/N)"
"6baa36c1-e4d0-4dbd-97b2-dff48ecf796e","Is the person successfully removing paint from a window frame?","Yes.","Yes.","Whether Something Happened(Y/N)"
"6baa36c1-e4d0-4dbd-97b2-dff48ecf796e","Does the scene take place indoors?","No.","No.","Whether Something Happened(Y/N)"
"6baa36c1-e4d0-4dbd-97b2-dff48ecf796e","Is the surface smoothed with a planer before scraping with a scraper?","Yes","Yes.","Order Judging(Y/N)"
"6baa36c1-e4d0-4dbd-97b2-dff48ecf796e","Does the removal of paint on the window frame happen after smoothing a surface?","Yes","Yes, the removal of paint on the window frame happens after smoothing a surface.","Order Judging(Y/N)"
"6baa36c1-e4d0-4dbd-97b2-dff48ecf796e","Is the paint scraper used before the planer on any surface?","No","Yes, the paint scraper is used on a surface before the planer.","Order Judging(Y/N)"
"6baa36c1-e4d0-4dbd-97b2-dff48ecf796e","Is the surface smoothed after removing paint from the window frame?","No","Yes.","Order Judging(Y/N)"
"6baa36c1-e4d0-4dbd-97b2-dff48ecf796e","What happens just before using the scraper on the surface?","Smoothing the surface with a planer","Just before using the scraper, the person points at something on the wall or door frame.","What event order"
"6baa36c1-e4d0-4dbd-97b2-dff48ecf796e","What is done just prior to smoothing a surface?","Nothing, it's the first action.","Just prior to smoothing a surface, the person uses a hammer to smooth out the paint on the window frame.","What event order"
"6baa36c1-e4d0-4dbd-97b2-dff48ecf796e","What action takes place before using the paint scraper?","Smoothing and scraping a surface","Before using the paint scraper, the person points to a specific area of the window frame and then uses it to scrape away some paint.","What event order"
"6baa36c1-e4d0-4dbd-97b2-dff48ecf796e","What is the first action performed outside the house?","Smoothing a surface with a planer","The first action performed outside the house is a person using a hammer to remove paint from the window frame.","What event order"
"6baa36c1-e4d0-4dbd-97b2-dff48ecf796e","Did I scrape the wall before smoothing the surface with a planer?","Yes.","Yes, the person used a planer to smooth out the surface of the wall before scraping it.","Order Judging(Y/N)"
"6baa36c1-e4d0-4dbd-97b2-dff48ecf796e","Did I smooth the surface with a planer before removing paint from the window frame?","Yes.","Yes, the person smoothed the surface with a planer before removing paint from the window frame.","Order Judging(Y/N)"
"6baa36c1-e4d0-4dbd-97b2-dff48ecf796e","What do I do before removing paint from the window frame?","Scrape the wall and smooth a surface.","Before removing paint from the window frame, I first use a hammer to remove loose paint and then apply a coat of white primer.","What event order"
"6baa36c1-e4d0-4dbd-97b2-dff48ecf796e","What is the setting of the video clip?","The setting is outside near a window.","The setting of the video clip is a residential area with a window that has been partially painted.","Scene Summary"
"6baa36c1-e4d0-4dbd-97b2-dff48ecf796e","What tool is being used on the window?","A scraper is being used.","A red-handled tool is being used on the window.","Action Caption"
"6baa36c1-e4d0-4dbd-97b2-dff48ecf796e","Does the video show paint being scraped off?","Yes.","Yes.","Whether Something Happened(Y/N)"
"6baa36c1-e4d0-4dbd-97b2-dff48ecf796e","Is the window frame being refinished?","Yes.","Yes.","Whether Something Happened(Y/N)"
"6baa36c1-e4d0-4dbd-97b2-dff48ecf796e","Is a tool being used for paint removal?","Yes.","Yes.","Whether Something Happened(Y/N)"
"6baa36c1-e4d0-4dbd-97b2-dff48ecf796e","Is the person working on interior maintenance?","No.","Yes.","Whether Something Happened(Y/N)"
"6baa36c1-e4d0-4dbd-97b2-dff48ecf796e","Is the window frame being replaced?","No.","Yes.","Whether Something Happened(Y/N)"
"6baa36c1-e4d0-4dbd-97b2-dff48ecf796e","Is the window opened before the paint is scraped?","Yes","Yes.","Order Judging(Y/N)"
"6baa36c1-e4d0-4dbd-97b2-dff48ecf796e","Does the hand touch the window frame before using the scraper?","Yes","Yes, the hand touches the window frame before using the scraper.","Order Judging(Y/N)"
"6baa36c1-e4d0-4dbd-97b2-dff48ecf796e","Is the paint on the window frame removed before the hand is visible?","No","Yes.","Order Judging(Y/N)"
"6baa36c1-e4d0-4dbd-97b2-dff48ecf796e","Does the window frame appear before the scraper is in motion?","Yes","Yes.","Order Judging(Y/N)"
"6baa36c1-e4d0-4dbd-97b2-dff48ecf796e","Is the paint removed from the window frame before using the planer?","No","Yes.","Order Judging(Y/N)"
"6baa36c1-e4d0-4dbd-97b2-dff48ecf796e","Does the surface smoothing with a planer occur before the scraping?","Yes","Yes, the surface smoothing with a planer occurs before the scraping.","Order Judging(Y/N)"
"6baa36c1-e4d0-4dbd-97b2-dff48ecf796e","Is the scraping of the surface completed before removing paint on the window frame?","No","Yes.","Order Judging(Y/N)"
"6baa36c1-e4d0-4dbd-97b2-dff48ecf796e","What occurs just before scraping the surface?","Smoothening with a planer","A person wearing a dark blue shirt is seen reaching up to the window, possibly to adjust or fix something.","What event order"
"6baa36c1-e4d0-4dbd-97b2-dff48ecf796e","What is the main activity taking place outside the house?","Smoothing and scraping surfaces.","The main activity is the person working on a window, using a hammer and chisel to remove or adjust the paint.","Scene Summary"
"6baa36c1-e4d0-4dbd-97b2-dff48ecf796e","Where is the scene set?","Outside a house.","The scene is set in a garage or workshop with a window that has been partially removed, revealing the interior of the building.","Scene Summary"
"6baa36c1-e4d0-4dbd-97b2-dff48ecf796e","What tools are being used in this scene?","A planer and a scraper.","The tools used in this scene include a hammer, a nail gun, and a hammer.","Scene Summary"
"6baa36c1-e4d0-4dbd-97b2-dff48ecf796e","How can you describe the area in which the activity occurs?","It's a woodworking area outside the house.","The area is a residential setting with a window that has been partially demolished, revealing the interior of the house. The ground around the window is littered with debris and construction materials.","Scene Summary"
"6baa36c1-e4d0-4dbd-97b2-dff48ecf796e","What actions are being performed in this video clip?","Smoothing with a planer and scraping with a scraper.","The video shows a person performing various tasks on a window, including scraping the paint off the window frame and using a hammer to remove debris.","Action Caption"
"6baa36c1-e4d0-4dbd-97b2-dff48ecf796e","What is the focus of the activity in these frames?","Wood surface maintenance.","The focus of the activity is on a window with peeling paint, and the person is using a hammer to remove or adjust the paint.","Action Caption"
"6baa36c1-e4d0-4dbd-97b2-dff48ecf796e","What is the sequence of actions performed outside?","First smoothening, then scraping surfaces.","The sequence of actions includes the person using a hammer to smooth out the paint, applying it in a circular motion around the window frame, and then securing the paint with a nail.","Action Caption"
"6baa36c1-e4d0-4dbd-97b2-dff48ecf796e","How does the person handle the tools in the video?","With precision and care for the task.","The person uses the hammer to smooth out the paint, and then uses a screwdriver to adjust the screws on the window frame.","Action Caption"
"6baa36c1-e4d0-4dbd-97b2-dff48ecf796e","What are the visible results of the actions in this clip?","Smooth surfaces and wood shavings scattered.","The visible actions include the person using a hammer to smooth out the paint on the window, applying a coat of white paint over the peeling paint, and adjusting the position of the ladder.","Action Caption"
"6baa36c1-e4d0-4dbd-97b2-dff48ecf796e","Does the video show the use of a woodworking planer?","Yes","Yes, the video shows the use of a woodworking planer to smooth out the surface of the window frame.","Whether Something Happened(Y/N)"
"6baa36c1-e4d0-4dbd-97b2-dff48ecf796e","Is the person scraping a wooden surface?","Yes","Yes.","Whether Something Happened(Y/N)"
"6baa36c1-e4d0-4dbd-97b2-dff48ecf796e","Are the actions performed indoor?","No","Yes, the actions are performed indoors.","Whether Something Happened(Y/N)"
"6baa36c1-e4d0-4dbd-97b2-dff48ecf796e","Does the activity involve painting or staining?","No","Yes, the activity involves painting or staining.","Whether Something Happened(Y/N)"
"6baa36c1-e4d0-4dbd-97b2-dff48ecf796e","Is the person wearing any safety gear?","No","No, the person is not wearing any visible safety gear.","Whether Something Happened(Y/N)"
"6baa36c1-e4d0-4dbd-97b2-dff48ecf796e","Was the window frame scraped before it was planed?","No","Yes, the window frame was scraped before it was planed.","Order Judging(Y/N)"
"6baa36c1-e4d0-4dbd-97b2-dff48ecf796e","Did the scraping of a surface happen after smoothening it?","Yes","Yes, the scraping of a surface happened after smoothening it.","Order Judging(Y/N)"
"6baa36c1-e4d0-4dbd-97b2-dff48ecf796e","What happens just before the scraper is used on the window frame?","The surface is smoothened with a planer","Just before the scraper is used on the window frame, a person wearing a dark-colored sleeve appears and starts to remove the scraper from its holder.","What event order"
"6baa36c1-e4d0-4dbd-97b2-dff48ecf796e","What is the action taken just prior to the planer being used in the video?","There is no action shown before the planer is used","The action is the person using a hammer to smooth out the paint on the window frame.","What event order"
"6baa36c1-e4d0-4dbd-97b2-dff48ecf796e","Was the surface planed before the scraping of paint on the window frame?","Yes","Yes, the surface planed was done before the scraping of paint on the window frame.","Order Judging(Y/N)"
"6baa36c1-e4d0-4dbd-97b2-dff48ecf796e","Was the window frame scraped before planing the surface?","No","Yes, the window frame was scraped before planing the surface.","Order Judging(Y/N)"
"6baa36c1-e4d0-4dbd-97b2-dff48ecf796e","Was the window frame scraped first before using any tools?","No","Yes, the window frame was scraped first before using any tools.","Order Judging(Y/N)"
"6baa36c1-e4d0-4dbd-97b2-dff48ecf796e","What's the brief of the depicted scenario?","A person scrapes a surface outside a house.","The brief of the depicted scenario is a person working on a window, using a hammer to remove peeling paint and debris.","Scene Summary"
"6baa36c1-e4d0-4dbd-97b2-dff48ecf796e","What can be inferred about the location in the video clip?","It's a residential outdoor area by a window.","The location appears to be a residential area, as indicated by the presence of a window with a decorative pot and some outdoor furniture in the background.","Scene Summary"
"6baa36c1-e4d0-4dbd-97b2-dff48ecf796e","How would you describe the environment surrounding the action?","It appears to be tranquil and domestic.","The environment is outdoors, with a grassy area and trees visible in the background.","Scene Summary"
"6baa36c1-e4d0-4dbd-97b2-dff48ecf796e","Is the person in the video using a tool for scraping?","Yes.","Yes.","Whether Something Happened(Y/N)"
"6baa36c1-e4d0-4dbd-97b2-dff48ecf796e","Is the scraping happening indoors?","No.","Yes.","Whether Something Happened(Y/N)"
"6baa36c1-e4d0-4dbd-97b2-dff48ecf796e","Does the footage show the completion of the scraping task?","No.","Yes, the footage shows the completion of the scraping task as the person points at the window frame and the area around it.","Whether Something Happened(Y/N)"
"6baa36c1-e4d0-4dbd-97b2-dff48ecf796e","Is the person wearing gloves while scraping?","No.","No.","Whether Something Happened(Y/N)"
"6baa36c1-e4d0-4dbd-97b2-dff48ecf796e","Did I smoothen the surface with a planer before scraping it with a scraper?","Yes","Yes, the person used a planer to smooth out the surface before scraping it with a scraper.","Order Judging(Y/N)"
"6baa36c1-e4d0-4dbd-97b2-dff48ecf796e","What occurs just before I scrape the surface with the scraper?","Smoothening with a planer","A small object is placed on the window sill.","What event order"
"6baa36c1-e4d0-4dbd-97b2-dff48ecf796e","Is the scraping of the window frame after smoothing the surface?","Yes","Yes.","Order Judging(Y/N)"
"6baa36c1-e4d0-4dbd-97b2-dff48ecf796e","What happens just before the window frame is scraped?","The surface is smoothened with a planer","Just before the window frame is scraped, a person points at something outside the window.","What event order"
"6baa36c1-e4d0-4dbd-97b2-dff48ecf796e","What occurs right before the surface is smoothened?","The paint is removed with a scraper","A person points at the surface, possibly indicating a point of interest or concern.","What event order"
"6baa36c1-e4d0-4dbd-97b2-dff48ecf796e","Can you describe the setting in the video?","The setting is outdoor by the side of a house.","The setting is a residential area with a window that has been partially painted and peeling, indicating wear or damage. The ground around the window is covered in leaves and debris, suggesting an outdoor environment.","Scene Summary"
"6baa36c1-e4d0-4dbd-97b2-dff48ecf796e","Does the person succeed in scraping off the material?","Yes.","Yes, the person successfully removes the material from the window frame.","Whether Something Happened(Y/N)"
"6baa36c1-e4d0-4dbd-97b2-dff48ecf796e","Is the scraping being done on an interior wall?","No.","Yes.","Whether Something Happened(Y/N)"
"6baa36c1-e4d0-4dbd-97b2-dff48ecf796e","Is the person using any tool other than a scraper?","No.","No, the person is using a scraper to scrape off the paint from the window frame.","Whether Something Happened(Y/N)"
"6baa36c1-e4d0-4dbd-97b2-dff48ecf796e","Does the scrapping of the surface start before walking outside the house?","No","Yes, the scrapping of the surface starts before walking outside the house.","Order Judging(Y/N)"
"6baa36c1-e4d0-4dbd-97b2-dff48ecf796e","In the video, is the scraper used on the lower part of the wall before the upper part?","No","Yes.","Order Judging(Y/N)"
"6baa36c1-e4d0-4dbd-97b2-dff48ecf796e","Is the paint removal near the window sill done after removing paint near the flower pot?","Yes","Yes.","Order Judging(Y/N)"
"6baa36c1-e4d0-4dbd-97b2-dff48ecf796e","What action occurs just before the paint near the flower pot is scraped off?","Scraping near the window sill","Just before the paint near the flower pot is scraped off, a person points at something on the wall.","What event order"
"6baa36c1-e4d0-4dbd-97b2-dff48ecf796e","Is the planer used before the scraper?","Yes","Yes.","Order Judging(Y/N)"
"6baa36c1-e4d0-4dbd-97b2-dff48ecf796e","Is the scraping done before smoothing the surface?","No","Yes.","Order Judging(Y/N)"
"6baa36c1-e4d0-4dbd-97b2-dff48ecf796e","Does the planing occur after the scraping?","No","Yes, the planing continues after the scraping.","Order Judging(Y/N)"
"6baa36c1-e4d0-4dbd-97b2-dff48ecf796e","What happens before the scraping begins?","Smoothing with a planer","Before the scraping begins, a person points to a specific area on the wall.","What event order"
"6baa36c1-e4d0-4dbd-97b2-dff48ecf796e","What task is being carried out outside the house?","Smoothening a surface with a planer and scraping.","The task being carried out outside the house is painting or repairing a wooden surface.","Scene Summary"
"6baa36c1-e4d0-4dbd-97b2-dff48ecf796e","What tools are used in the latest frames for the outdoor task?","A planer and a scraper.","A red-handled tool and a black-handled tool are used in the latest frames for the outdoor task.","Scene Summary"
"6baa36c1-e4d0-4dbd-97b2-dff48ecf796e","Describe the surroundings where the task takes place.","Outside a house, likely a work area with debris.","The task takes place in a residential area with bare trees, a house visible through the window, and a cloudy sky.","Scene Summary"
"6baa36c1-e4d0-4dbd-97b2-dff48ecf796e","What process is demonstrated in the recent video footage?","Woodworking involving smoothing and scraping actions.","The video demonstrates the process of applying a substance to a wooden surface, specifically focusing on the application and removal of paint.","Scene Summary"
"6baa36c1-e4d0-4dbd-97b2-dff48ecf796e","What is the likely purpose of the actions shown in the clip?","Preparing a wooden surface, possibly for painting or finishing.","The likely purpose of the actions shown in the clip is to repair or maintain a damaged window.","Scene Summary"
"6baa36c1-e4d0-4dbd-97b2-dff48ecf796e","Describe the sequential actions taken by the individual.","First, using a planer for smoothing, then a scraper.","The individual begins by applying a substance to the wall, which appears to be a type of paint or primer. They then use a tool to scrape off excess material from the surface. The scene continues with the person continuing to work on the wall, using the same tool and substance to remove more of the previous layer.","Action Caption"
"6baa36c1-e4d0-4dbd-97b2-dff48ecf796e","Has the person completed the smoothening task?","Yes.","Yes, the person has finished smoothing out the paint on the window frame.","Whether Something Happened(Y/N)"
"6baa36c1-e4d0-4dbd-97b2-dff48ecf796e","Does the individual use more than one tool?","Yes.","Yes, the individual uses a hammer and a brush to apply paint.","Whether Something Happened(Y/N)"
"6baa36c1-e4d0-4dbd-97b2-dff48ecf796e","Is the work performed indoors in the latest frames?","No, it's outside.","No.","Whether Something Happened(Y/N)"
"6baa36c1-e4d0-4dbd-97b2-dff48ecf796e","Have any painting actions been depicted in the summary?","No, only smoothening and scraping are shown.","Yes, the person has been using a paint roller to apply and smooth out the white paint on the window frame.","Whether Something Happened(Y/N)"
"6baa36c1-e4d0-4dbd-97b2-dff48ecf796e","In the video, is scraping done before smoothing with a planer?","No","Yes, the person is seen scraping the wall surface with a black and white planer before smoothing it with a red-handled planer.","Order Judging(Y/N)"
"6baa36c1-e4d0-4dbd-97b2-dff48ecf796e","Is the surface scraped after the house exterior is shown?","Yes","Yes.","Order Judging(Y/N)"
"6baa36c1-e4d0-4dbd-97b2-dff48ecf796e","What is seen happening before any tool is used on the surface?","Outside of the house shown","Before any tool is used, the surface appears to be a window with paint peeling off.","What event order"
"6baa36c1-e4d0-4dbd-97b2-dff48ecf796e","In the sequence, is the scraper used before the planer?","No","Yes, the scraper is used before the planer.","Order Judging(Y/N)"
"6baa36c1-e4d0-4dbd-97b2-dff48ecf796e","Does the scraping happen outdoors?","Yes","Yes.","Order Judging(Y/N)"
"6baa36c1-e4d0-4dbd-97b2-dff48ecf796e","Is the surface scraped after it is smoothened?","Yes","Yes.","Order Judging(Y/N)"
"6baa36c1-e4d0-4dbd-97b2-dff48ecf796e","Is the scraping performed before standing up?","No","Yes.","Order Judging(Y/N)"
"6baa36c1-e4d0-4dbd-97b2-dff48ecf796e","What is done before using the scraper in the video?","Smoothening the surface with a planer","Before using the scraper, the person is seen holding a red-handled tool and pointing at something on the wall.","What event order"
"6baa36c1-e4d0-4dbd-97b2-dff48ecf796e","What happens just before the second scraping action?","The first scraping action","Just before the second scraping action, the person is seen holding a red-handled tool and pointing at something on the wall.","What event order"
"6baa36c1-e4d0-4dbd-97b2-dff48ecf796e","What occurs just before the surface is smoothened?","Going outside the house","A small object, possibly a piece of debris or a tool, is placed on the surface.","What event order"
"6baa36c1-e4d0-4dbd-97b2-dff48ecf796e","What is the setting of the video clip?","The setting is outdoors, with a person removing unwanted cover.","The setting of the video clip is a residential area with a house and trees visible in the background.","Scene Summary"
"6baa36c1-e4d0-4dbd-97b2-dff48ecf796e","What is the main focus of the video clip?","The main focus is on a person removing a cover from a surface.","The main focus of the video clip is a person's hands using a sander to smooth out paint on a window.","Scene Summary"
"6baa36c1-e4d0-4dbd-97b2-dff48ecf796e","What is the person doing with their hand?","They are rubbing waste off with their hand.","The person is holding a tool, possibly a hammer or a similar object, and appears to be using it to apply paint or adhesive on the wall.","Action Caption"
"6baa36c1-e4d0-4dbd-97b2-dff48ecf796e","What action follows rubbing the waste?","The person climbs a ladder.","The action follows rubbing the waste with a red-handled tool.","Action Caption"
"6baa36c1-e4d0-4dbd-97b2-dff48ecf796e","What tool is the person using in the action?","The person is using a scraper or a similar tool.","The person is using a black-handled, rectangular tool with a red handle to apply paint or adhesive.","Action Caption"
"6baa36c1-e4d0-4dbd-97b2-dff48ecf796e","Did the person climb a ladder in the video?","Yes.","No, the person did not climb a ladder in the video.","Whether Something Happened(Y/N)"
"6baa36c1-e4d0-4dbd-97b2-dff48ecf796e","Does the video show the person successfully removing the cover?","Yes.","Yes, the video shows the person successfully removing the cover and leaving a clean window frame.","Whether Something Happened(Y/N)"
"6baa36c1-e4d0-4dbd-97b2-dff48ecf796e","Was the task performed indoors?","No.","Yes.","Whether Something Happened(Y/N)"
"6baa36c1-e4d0-4dbd-97b2-dff48ecf796e","Did I smoothen the surface with a planer before scraping it with a scraper?","Yes.","Yes, the person used a planer to smooth out the surface before scraping it with a scraper.","Order Judging(Y/N)"
"6baa36c1-e4d0-4dbd-97b2-dff48ecf796e","Did I climb the ladder before rubbing waste with my hand?","No.","No, the ladder was not used before rubbing waste with a hand.","Order Judging(Y/N)"
"6baa36c1-e4d0-4dbd-97b2-dff48ecf796e","Did the removal of unwanted cover happen before climbing the ladder?","No.","Yes, the removal of unwanted cover happened before climbing the ladder.","Order Judging(Y/N)"
"6baa36c1-e4d0-4dbd-97b2-dff48ecf796e","Did I scrape the surface before smoothening it with a planer?","No.","Yes, the person used a planer to smooth out the surface of the paint.","Order Judging(Y/N)"
"6baa36c1-e4d0-4dbd-97b2-dff48ecf796e","Did the drawing a planer happen after climbing the ladder?","No.","Yes, the drawing a planer happened after climbing the ladder.","Order Judging(Y/N)"
"6baa36c1-e4d0-4dbd-97b2-dff48ecf796e","What takes place immediately before drawing a planer across the surface?","Being outside the house.","A person wearing a blue shirt is seen holding the planer, preparing to start drawing.","What event order"
"6baa36c1-e4d0-4dbd-97b2-dff48ecf796e","What do I do before rubbing waste with my hand?","Being outside.","I use a red-handled tool to apply paint or adhesive on the window frame.","What event order"
"6baa36c1-e4d0-4dbd-97b2-dff48ecf796e","Did I scrape the surface before using a planer?","No","Yes, the person used a planer to remove any remaining debris from the surface before using it.","Order Judging(Y/N)"
"6baa36c1-e4d0-4dbd-97b2-dff48ecf796e","Did the planer use happen after the ladder climbing?","No","Yes, the planer used after the ladder climbing was not visible in the video.","Order Judging(Y/N)"
"6baa36c1-e4d0-4dbd-97b2-dff48ecf796e","Was the surface scraped after using the planer?","Yes","Yes, the surface was scraped after using the planer.","Order Judging(Y/N)"
"6baa36c1-e4d0-4dbd-97b2-dff48ecf796e","Was the waste rubbed off before I climbed the ladder?","Yes","Yes, the waste was rubbed off before I climbed the ladder.","Order Judging(Y/N)"
"6baa36c1-e4d0-4dbd-97b2-dff48ecf796e","What happens just before I scrape the surface?","Smoothening with a planer","Just before I scrape the surface, a person in a dark jacket is seen walking by.","What event order"
"6baa36c1-e4d0-4dbd-97b2-dff48ecf796e","What event occurs before using the planer?","Climbing the ladder","Before using the planer, a person is seen working on a window with a paint roller and a tool.","What event order"
"6baa36c1-e4d0-4dbd-97b2-dff48ecf796e","What is the focus of the video's depicted scenario?","Removing unwanted cover from wood surface.","The video focuses on a person diligently working on a window, using a tool to smooth out the paint and prepare it for painting.","Scene Summary"
"6baa36c1-e4d0-4dbd-97b2-dff48ecf796e","Describe the setting shown in the video clip.","Outside, near a window with a wood surface.","The video shows a person working on a window with a paint roller, applying white paint to the wooden frame. The background features a cloudy sky and some trees visible through the window.","Scene Summary"
"6baa36c1-e4d0-4dbd-97b2-dff48ecf796e","What can be observed about the environment in the clip?","It's outdoors, possibly at a residential location.","The environment includes a window with peeling paint, a ladder leaning against the wall, and a car parked outside.","Scene Summary"
"6baa36c1-e4d0-4dbd-97b2-dff48ecf796e","Narrate the activity captured in this clip.","Holding a scraper, staring at, and scraping a wood surface.","The video begins with a person working on a wooden structure, likely a window or door frame. They use a hammer to smooth out the paint and apply it in a zigzag pattern across the surface of the wood. The background shows a cloudy sky and some trees, indicating an outdoor setting. As they continue to work, the person uses a small tool to scrape off excess paint from the surface, ensuring that all areas are evenly coated. The focus remains on their hands as they meticulously clean and prepare the wood for painting.","Action Caption"
"6baa36c1-e4d0-4dbd-97b2-dff48ecf796e","Can you provide a caption for the action taking place?","Scraping Away: Unveiling the Wood Beneath.","A person is meticulously applying a white substance to the wall of a window, ensuring it adheres properly.","Action Caption"
"6baa36c1-e4d0-4dbd-97b2-dff48ecf796e","Did the individual successfully remove some of the unwanted cover?","Yes.","Yes, the individual successfully removed some of the unwanted cover.","Whether Something Happened(Y/N)"
"6baa36c1-e4d0-4dbd-97b2-dff48ecf796e","Is the person using a tool to work on the surface?","Yes.","Yes.","Whether Something Happened(Y/N)"
"6baa36c1-e4d0-4dbd-97b2-dff48ecf796e","Has the person been carefully examining the wood surface?","Yes.","Yes, the person has been carefully examining the wood surface to ensure it is properly aligned and clean.","Whether Something Happened(Y/N)"
"6baa36c1-e4d0-4dbd-97b2-dff48ecf796e","Is the work being performed close to a window?","Yes.","Yes.","Whether Something Happened(Y/N)"
"6baa36c1-e4d0-4dbd-97b2-dff48ecf796e","Did I rub waste with my hand before climbing the ladder?","Yes.","Yes, the person used their hand to rub waste with their fingers before climbing the ladder.","Order Judging(Y/N)"
"6baa36c1-e4d0-4dbd-97b2-dff48ecf796e","Is the unwanted cover removed after I stare at the wood surface?","No.","Yes","Order Judging(Y/N)"
"6baa36c1-e4d0-4dbd-97b2-dff48ecf796e","Do I hold the scraper before removing the unwanted cover?","No.","Yes, the person holds the scraper before removing the unwanted cover.","Order Judging(Y/N)"
"6baa36c1-e4d0-4dbd-97b2-dff48ecf796e","Am I outside when I stare at the wood surface?","Yes.","Yes, you can see the outside view through the window in the video.","Order Judging(Y/N)"
"6baa36c1-e4d0-4dbd-97b2-dff48ecf796e","What happens just before I hold the scraper?","Staring at the wood surface.","Just before I hold the scraper, a person points at something outside the window.","What event order"
"6baa36c1-e4d0-4dbd-97b2-dff48ecf796e","Did I smooth the surface with a planer before scraping it with a scraper?","Yes","Yes, the person used a planer to smooth out the surface before scraping it with a scraper.","Order Judging(Y/N)"
"6baa36c1-e4d0-4dbd-97b2-dff48ecf796e","Did I rub waste with my hand before climbing the ladder?","Yes","Yes, the person used their hand to rub waste with their fingers before climbing the ladder.","Order Judging(Y/N)"
"6baa36c1-e4d0-4dbd-97b2-dff48ecf796e","Did I climb the ladder before removing the unwanted cover from the surface?","Yes","No, the ladder was not used before removing the unwanted cover from the surface.","Order Judging(Y/N)"
"6baa36c1-e4d0-4dbd-97b2-dff48ecf796e","What is the setting depicted in the video clip?","It is an outdoor setting surrounding a window frame.","The setting depicted in the video clip is a garage or workshop, with various tools and equipment scattered around.","Scene Summary"
"6baa36c1-e4d0-4dbd-97b2-dff48ecf796e","What is the state of the window frame in the scene?","The window frame is in the process of being scraped.","The window frame is peeling and has a rough texture.","Scene Summary"
"6baa36c1-e4d0-4dbd-97b2-dff48ecf796e","Describe the immediate environment around the window frame.","There's discarded material on the ground near the window frame.","The immediate environment around the window frame includes a concrete wall with peeling paint, scattered debris on the ground, and a small ladder leaning against it.","Scene Summary"
"6baa36c1-e4d0-4dbd-97b2-dff48ecf796e","What can be inferred about the surface condition in the scene?","The surface likely needed maintenance, as it's being scraped.","The surface appears to be weathered and peeling, indicating it has been exposed to the elements for some time.","Scene Summary"
"6baa36c1-e4d0-4dbd-97b2-dff48ecf796e","Are there any signs of ongoing construction or repair in the video?","Yes, the scraping indicates repair or renovation work.","Yes, there are signs of ongoing construction or repair in the video. The person is using a hammer to work on the wall, and there's debris scattered around, indicating that they might be repairing or maintaining the structure.","Scene Summary"
"6baa36c1-e4d0-4dbd-97b2-dff48ecf796e","What action is the person performing in the new frames?","The person is scraping the surface of a window frame.","The person is using a tool to scrape or remove the old paint from the window frame.","Action Caption"
"6baa36c1-e4d0-4dbd-97b2-dff48ecf796e","How is the person preparing the window frame?","By removing unwanted cover and rubbing the surface.","The person is using a tool to smooth out the peeling paint and prepare the window frame.","Action Caption"
"6baa36c1-e4d0-4dbd-97b2-dff48ecf796e","What maintenance task can be seen happening around a window?","Scraping off old paint or material from the window frame.","The maintenance task involves scraping off the peeling paint from a window, which is being done by using a tool to remove the old paint and then wiping it away.","Action Caption"
"6baa36c1-e4d0-4dbd-97b2-dff48ecf796e","Has the protective cover been removed from the window surface?","Yes.","Yes, the protective cover has been removed from the window surface.","Whether Something Happened(Y/N)"
"6baa36c1-e4d0-4dbd-97b2-dff48ecf796e","Is there any sign of the person completing the scraping action?","No, the person is still holding the scraper.","Yes, the person is seen holding a tool in their right hand and appears to be finishing up the scraping action.","Whether Something Happened(Y/N)"
"6baa36c1-e4d0-4dbd-97b2-dff48ecf796e","Does the footage show a fully renovated window frame?","No, the window is still being worked on.","No, the footage shows a partially renovated window frame with peeling paint and exposed wood.","Whether Something Happened(Y/N)"
"6baa36c1-e4d0-4dbd-97b2-dff48ecf796e","Did the person in the video fully rub the surface?","No, only part of the surface has been rubbed.","Yes, the person in the video fully rubbed the surface to ensure it was thoroughly cleaned.","Whether Something Happened(Y/N)"
"6baa36c1-e4d0-4dbd-97b2-dff48ecf796e","Has all the discarded material been cleared from the ground?","No, the material is still on the ground.","Yes, the ground is now clear of all discarded material.","Whether Something Happened(Y/N)"
"6baa36c1-e4d0-4dbd-97b2-dff48ecf796e","In the video, does staring at the wood surface occur before removing the unwanted cover?","No","Yes, staring at the wood surface occurs before removing the unwanted cover.","Order Judging(Y/N)"
"6baa36c1-e4d0-4dbd-97b2-dff48ecf796e","Is the wood surface rubbed after removing the unwanted cover?","Yes","Yes.","Order Judging(Y/N)"
"6baa36c1-e4d0-4dbd-97b2-dff48ecf796e","In the video, does holding the scraper happen before rubbing the surface?","Yes","Yes, the video shows a person holding the scraper before rubbing the surface.","Order Judging(Y/N)"
"6baa36c1-e4d0-4dbd-97b2-dff48ecf796e","What happens just before rubbing the wood surface in the video?","Removing unwanted cover","Just before rubbing the wood surface, the person points at a small object on the wall and then uses their hand to rub it against the wooden surface.","What event order"
"6baa36c1-e4d0-4dbd-97b2-dff48ecf796e","What happens just before removing the unwanted cover in the video?","Staring at the wood surface.","Just before removing the unwanted cover, the person points at it with their index finger.","What event order"
"6baa36c1-e4d0-4dbd-97b2-dff48ecf796e","Did rubbing the surface happen before staring at the wood surface?","No","Yes, the person rubbed the surface before staring at the wood surface.","Order Judging(Y/N)"
"6baa36c1-e4d0-4dbd-97b2-dff48ecf796e","Was the ladder climbed before removing the unwanted cover?","Yes","Yes, the ladder was climbed before removing the unwanted cover.","Order Judging(Y/N)"
"6baa36c1-e4d0-4dbd-97b2-dff48ecf796e","Was the unwanted cover removed after rubbing waste with hand?","Yes","Yes, the unwanted cover was removed after rubbing waste with a hand.","Order Judging(Y/N)"
"6baa36c1-e4d0-4dbd-97b2-dff48ecf796e","Did staring at the wood surface happen before holding the scraper?","No","Yes, the person was staring at the wood surface before holding the scraper.","Order Judging(Y/N)"
"6baa36c1-e4d0-4dbd-97b2-dff48ecf796e","What is done after staring at the wood surface?","Holding the scraper","The person begins to use the tool, likely a hammer or similar object, to smooth out the wood surface.","What event order"
"6baa36c1-e4d0-4dbd-97b2-dff48ecf796e","What is the overall setting of the video clip?","Outside, near a building with unwanted cover being removed.","The overall setting of the video clip is a garage or workshop with various tools and materials scattered around, including a ladder leaning against the wall.","Scene Summary"
"6baa36c1-e4d0-4dbd-97b2-dff48ecf796e","What's the main focus of the scene?","A person cleaning an area by a building.","The main focus of the scene is a person working on a window, using a hammer and a scraper to smooth out peeling paint.","Scene Summary"
"6baa36c1-e4d0-4dbd-97b2-dff48ecf796e","What kind of location is shown in the video?","An outdoor location by a building.","The video shows a garage or workshop setting.","Scene Summary"
"6baa36c1-e4d0-4dbd-97b2-dff48ecf796e","What task is being performed in the frames?","Scraping off unwanted cover from a surface.","The task being performed is painting a wall with a roller.","Action Caption"
"6baa36c1-e4d0-4dbd-97b2-dff48ecf796e","Can you detail the activity taking place?","A person removing a covering layer from a window.","The video shows a person diligently working on a window, using a tool to smooth out the paint and ensure it is properly aligned. The background reveals an outdoor setting with a car visible through a partially open door, indicating that the work might be taking place in a residential area or garage.","Action Caption"
"6baa36c1-e4d0-4dbd-97b2-dff48ecf796e","What is the immediate action captured?","A hand using a tool to clean a window.","The immediate action captured is the person using a hammer to smooth out the paint on the window frame.","Action Caption"
"6baa36c1-e4d0-4dbd-97b2-dff48ecf796e","What is the implication of the depicted movement?","Preparation or cleaning of a building's exterior.","The implied movement suggests that the person is working diligently to repair or maintain the window, indicating a focus on detail and precision in their work.","Action Caption"
"6baa36c1-e4d0-4dbd-97b2-dff48ecf796e","Did the camera wearer completely remove the unwanted cover?","No.","No, the camera wearer only partially removed the unwanted cover.","Whether Something Happened(Y/N)"
"6baa36c1-e4d0-4dbd-97b2-dff48ecf796e","Did the video contain any interaction with another person?","No, it only shows a person working alone.","No, the video does not contain any interaction with another person.","Whether Something Happened(Y/N)"
"6baa36c1-e4d0-4dbd-97b2-dff48ecf796e","Does the frame convey the completion of the task?","No, the task appears to be in progress.","Yes, the frame shows that the task is complete as the person has finished scraping off the white paint and is now working on securing it to the window.","Whether Something Happened(Y/N)"
"6baa36c1-e4d0-4dbd-97b2-dff48ecf796e","Did the rubbing of the surface happen before walking outside?","No","Yes, the person was seen rubbing their hands against the surface before walking outside.","Order Judging(Y/N)"
"6baa36c1-e4d0-4dbd-97b2-dff48ecf796e","Is the scraper held after removing unwanted cover from the surface?","Yes","Yes.","Order Judging(Y/N)"
"6baa36c1-e4d0-4dbd-97b2-dff48ecf796e","Does the unwanted cover get removed before the surface is rubbed?","Yes","Yes, the unwanted cover is removed before the surface is rubbed.","Order Judging(Y/N)"
"6baa36c1-e4d0-4dbd-97b2-dff48ecf796e","Did walking outside occur before holding the scraper?","Yes","Yes, walking outside occurred before holding the scraper.","Order Judging(Y/N)"
"6baa36c1-e4d0-4dbd-97b2-dff48ecf796e","What happens before the surface is rubbed?","Unwanted cover is removed.","Before the surface is rubbed, a person points at something on the wall.","What event order"
"6baa36c1-e4d0-4dbd-97b2-dff48ecf796e","What occurs just before the scraper is held?","The surface is rubbed.","A person points at the wall, indicating a point of interest or concern.","What event order"
"6baa36c1-e4d0-4dbd-97b2-dff48ecf796e","What takes place just before removing unwanted cover?","Being outside.","Before removing unwanted cover, the person points at a small gap on the wall and uses a hammer to adjust it.","What event order"
"6baa36c1-e4d0-4dbd-97b2-dff48ecf796e","What action occurs before the unwanted cover is removed a second time?","Holding the scraper.","Before the unwanted cover is removed a second time, the person uses a hammer to smooth out any remaining debris on the wall.","What event order"
"6baa36c1-e4d0-4dbd-97b2-dff48ecf796e","Did I stare at the wood surface before removing the unwanted cover?","No","Yes, the person removed the unwanted cover from the wood surface before continuing with their work.","Order Judging(Y/N)"
"6baa36c1-e4d0-4dbd-97b2-dff48ecf796e","Did I rub the surface after removing the unwanted cover?","Yes","Yes, the person removed the unwanted cover and then rubbed it against the surface to remove any remaining debris.","Order Judging(Y/N)"
"6baa36c1-e4d0-4dbd-97b2-dff48ecf796e","Did I remove the unwanted cover before walking outside?","Yes","Yes, the person removed the unwanted cover before walking outside.","Order Judging(Y/N)"
"6baa36c1-e4d0-4dbd-97b2-dff48ecf796e","What happened before I held the scraper?","Removed unwanted cover and stared at the surface","Before I held the scraper, there was a white substance on the wall.","What event order"
"6baa36c1-e4d0-4dbd-97b2-dff48ecf796e","What occurred just before walking outside?","Removed the unwanted cover","Just before walking outside, the person used a hammer to smooth out some of the peeling paint on the wall.","What event order"
"6baa36c1-e4d0-4dbd-97b2-dff48ecf796e","What takes place right before removing the unwanted cover?","Nothing, it's the initial action","A person points at the wall, indicating a point of interest or concern.","What event order"
"6baa36c1-e4d0-4dbd-97b2-dff48ecf796e","What action occurred immediately before rubbing the surface?","Removed unwanted cover","The person began to work on the surface, using a tool to smooth it out.","What event order"
