"video_id","question","answer","pred_answer","task"
"e58207f1-84ec-424b-a997-ff64a57eb13b","What is the setting of the video clip?","The setting is inside a house.","The video clip is set in a modern, well-lit interior space with large windows that offer a view of trees and a clear sky.","Scene Summary"
"e58207f1-84ec-424b-a997-ff64a57eb13b","What activity occurs in the scene?","Walking around and checking items.","A person wearing a black shirt and shorts is seen sitting on the couch, holding an object in their hands.","Scene Summary"
"e58207f1-84ec-424b-a997-ff64a57eb13b","Are there multiple people in the video?","Yes, two people are present.","Yes.","Scene Summary"
"e58207f1-84ec-424b-a997-ff64a57eb13b","Did I exit the house during the video?","No.","Yes, the person exited the house through a door on the left side of the frame.","Whether Something Happened(Y/N)"
"e58207f1-84ec-424b-a997-ff64a57eb13b","Did I ignore any rooms while checking?","No.","No, I checked all rooms.","Whether Something Happened(Y/N)"
"e58207f1-84ec-424b-a997-ff64a57eb13b","Did the interaction with the other person seem hostile?","No.","Yes, the interaction with the other person seemed hostile.","Whether Something Happened(Y/N)"
"e58207f1-84ec-424b-a997-ff64a57eb13b","Did I find anything unusual in the items?","The video does not indicate that.","Yes, there is a red object on the floor near the person.","Whether Something Happened(Y/N)"
"e58207f1-84ec-424b-a997-ff64a57eb13b","What setting is introduced in this video clip?","An interior of a house.","The video clip introduces a cozy living room setting with a person sitting on the couch, reading an open magazine.","Scene Summary"
"e58207f1-84ec-424b-a997-ff64a57eb13b","What objects are central to the scene in this video?","A magazine and a woman.","Central objects include a large magazine with an article about hair care, a television set displaying the same image as before, and a person holding a small object.","Scene Summary"
"e58207f1-84ec-424b-a997-ff64a57eb13b","Describe the layout of the room shown.","Room with large windows and modern lighting.","The room is spacious with a high ceiling, featuring a large window that allows natural light to flood the space. The walls are painted white, and there's a television mounted on one of them. A desk with various items, including a red vacuum cleaner, is positioned against the wall. There's also a chair near the desk. The floor is made of polished wood, reflecting some of the sunlight streaming in from the window.","Scene Summary"
"e58207f1-84ec-424b-a997-ff64a57eb13b","What activity dominates this scene?","Reading and interacting with another person.","The activity that dominates this scene is the person sitting on the couch, reading a magazine.","Scene Summary"
"e58207f1-84ec-424b-a997-ff64a57eb13b","What is the relationship between the primary elements in this scene?","They involve engagement with reading material and human interaction.","The relationship between the primary elements in this scene is that of a serene and comfortable living space, with the person resting on the couch enjoying their time.","Scene Summary"
"e58207f1-84ec-424b-a997-ff64a57eb13b","What action am I performing in these frames?","Holding and looking at a magazine.","In these frames, you are performing the action of reading a magazine.","Action Caption"
"e58207f1-84ec-424b-a997-ff64a57eb13b","What activity follows holding the magazine?","Looking at the magazine.","Following holding the magazine, a hand appears and picks up the magazine from the floor.","Action Caption"
"e58207f1-84ec-424b-a997-ff64a57eb13b","Did I hold the magazine before walking around the house?","No","Yes, the person holding the magazine was walking around the house before they held it.","Order Judging(Y/N)"
"e58207f1-84ec-424b-a997-ff64a57eb13b","Did I look at the magazine before walking around with another person?","Yes","Yes, you can see the magazine's cover in your hand before walking around with another person.","Order Judging(Y/N)"
"e58207f1-84ec-424b-a997-ff64a57eb13b","Was the magazine held after checking on items in the house?","No","Yes, the magazine was held in someone's hand after checking on items in the house.","Order Judging(Y/N)"
"e58207f1-84ec-424b-a997-ff64a57eb13b","What do I do just before interacting with the woman?","Holding the magazine","I turn on the lamp to illuminate the room.","What event order"
"e58207f1-84ec-424b-a997-ff64a57eb13b","What action is performed just before I check on items?","Walking around the house","A hand holding a magazine appears, and the person examines the magazine before checking on items.","What event order"
"e58207f1-84ec-424b-a997-ff64a57eb13b","What happens right before I hold the magazine?","Walking with another person","A hand holding the magazine appears, and I start flipping through it.","What event order"
"e58207f1-84ec-424b-a997-ff64a57eb13b","What is done immediately before walking around the house?","Being inside the house","Immediately before walking around the house, a person is seen holding an open magazine with images of hairstyles and makeup products.","What event order"
"e58207f1-84ec-424b-a997-ff64a57eb13b","What does the environment indicate about the video's setting?","The video is set in a modern, well-lit living space.","The environment indicates a calm and serene setting, with natural light streaming in through large windows, creating a bright and inviting atmosphere.","Scene Summary"
"e58207f1-84ec-424b-a997-ff64a57eb13b","What activity is being undertaken in the living area?","Reading and interacting with another person.","The person in the living area is engaged with a magazine, flipping through its pages.","Scene Summary"
"e58207f1-84ec-424b-a997-ff64a57eb13b","Describe the indoor setting captured in the video.","A living room with a TV unit, books, and seating areas.","The video captures a well-lit, modern office space with white walls and large windows that allow natural light to flood the room. The interior features a television on a stand, several potted plants placed around the room, and a person sitting comfortably in a gray armchair. A magazine titled 'Stand-Up' is open on the armchair, and the person appears to be reading or looking at it while holding a drink.","Scene Summary"
"e58207f1-84ec-424b-a997-ff64a57eb13b","What items in the room indicate leisure activities?","A television and books suggest leisure or relaxation.","Items such as a magazine and a remote control indicate leisure activities.","Scene Summary"
"e58207f1-84ec-424b-a997-ff64a57eb13b","What furnishings can be observed in the video scene?","A TV stand, shelves, and magazines can be seen.","The furnishings include a television on a stand, a small table with a lamp and some books, a couch, and a chair.","Scene Summary"
"e58207f1-84ec-424b-a997-ff64a57eb13b","What actions are performed by the individual regarding the books?","The individual is turning the pages and reading a book.","The individual is seen holding a book and flipping through its pages, appearing to read or examine it.","Action Caption"
"e58207f1-84ec-424b-a997-ff64a57eb13b","How does the person engage with the media in the room?","The person seems to ignore the TV and focuses on the book.","The person engages with the media by holding a magazine titled 'Stand-Up' and flipping through its pages.","Action Caption"
"e58207f1-84ec-424b-a997-ff64a57eb13b","Did the person read a book in the video?","Yes.","Yes, the person was seen holding a book and reading it while sitting on the couch.","Whether Something Happened(Y/N)"
"e58207f1-84ec-424b-a997-ff64a57eb13b","Did the individual change the page of the book at least once?","Yes.","Yes, the individual made a few changes to the page of the book.","Whether Something Happened(Y/N)"
"e58207f1-84ec-424b-a997-ff64a57eb13b","Did the person have an interaction with someone in the room?","Yes.","Yes, the person was seen holding a phone and gesturing with their free hand while sitting on the couch.","Whether Something Happened(Y/N)"
"e58207f1-84ec-424b-a997-ff64a57eb13b","In the video, is the magazine held before turning book pages?","Yes.","Yes","Order Judging(Y/N)"
"e58207f1-84ec-424b-a997-ff64a57eb13b","Is the book read after interacting with a woman?","No.","Yes.","Order Judging(Y/N)"
"e58207f1-84ec-424b-a997-ff64a57eb13b","In the video, does looking around occur before holding the magazine?","No.","Yes, looking around occurs before holding the magazine.","Order Judging(Y/N)"
"e58207f1-84ec-424b-a997-ff64a57eb13b","What is done just before interacting with a woman?","Looking at the magazine.","Just before interacting with a woman, the person is seen holding a magazine titled 'Stand-Up' and appears to be reading or flipping through it.","What event order"
"e58207f1-84ec-424b-a997-ff64a57eb13b","What occurs just before turning book pages?","Looking around.","Just before turning book pages, the person is seen holding a magazine titled 'Stand-Up' and appears to be reading or flipping through it.","What event order"
"e58207f1-84ec-424b-a997-ff64a57eb13b","What is performed just before reading a book?","Turning book pages.","Just before reading a book, the person is seen holding a smartphone and appears to be scrolling through it.","What event order"
"e58207f1-84ec-424b-a997-ff64a57eb13b","In the video sequence, what is done before interacting with a different woman?","Reading a book.","Before interacting with a different woman, the person in the black jacket and sunglasses is seen sitting on a gray couch.","What event order"
"e58207f1-84ec-424b-a997-ff64a57eb13b","Did I walk around the house before holding the magazine?","Yes.","Yes, the person was seen walking around the house before holding the magazine.","Order Judging(Y/N)"
"e58207f1-84ec-424b-a997-ff64a57eb13b","Was the magazine held before reading a book?","Yes.","Yes, the magazine was held before reading a book.","Order Judging(Y/N)"
"e58207f1-84ec-424b-a997-ff64a57eb13b","Did reading a book happen before walking around the house?","No.","Yes, the person was seen holding a book and reading it before walking around the house.","Order Judging(Y/N)"
"e58207f1-84ec-424b-a997-ff64a57eb13b","What occurs just before reading a book?","Turn book pages.","Just before reading a book, the person is seen holding a smartphone and appears to be scrolling through it.","What event order"
"e58207f1-84ec-424b-a997-ff64a57eb13b","What action takes place before walking around the house?","No preceding action mentioned.","Before walking around the house, a person is seen holding a magazine and appears to be reading it.","What event order"
"e58207f1-84ec-424b-a997-ff64a57eb13b","What is the location setting in this video clip?","Inside a house.","The location setting in this video clip is a modern, well-lit living room with white walls and large windows.","Scene Summary"
"e58207f1-84ec-424b-a997-ff64a57eb13b","Describe the atmosphere of the scene.","A casual, indoor environment.","The scene has a calm and serene atmosphere, with natural light streaming in through large windows. The room is well-lit, creating a bright and inviting environment. A person wearing sunglasses sits on the gray sofa, holding a drink and engaging in conversation or observation.","Scene Summary"
"e58207f1-84ec-424b-a997-ff64a57eb13b","What is the relationship between the participants in the video?","They appear to be acquaintances.","The relationship between the participants in the video is not explicitly stated, but they appear to be comfortable and familiar with each other.","Scene Summary"
"e58207f1-84ec-424b-a997-ff64a57eb13b","Did the characters engage in any recreational activity?","Yes, they read magazines.","Yes, the characters engaged in a recreational activity by holding and examining a small object together.","Action Caption"
"e58207f1-84ec-424b-a997-ff64a57eb13b","Did the characters sit down for a formal meeting?","No.","No.","Whether Something Happened(Y/N)"
"e58207f1-84ec-424b-a997-ff64a57eb13b","Are the characters in the video clip outdoors?","No.","No.","Whether Something Happened(Y/N)"
"e58207f1-84ec-424b-a997-ff64a57eb13b","Is there any sign of an argument happening in the video?","No.","No, there is no sign of an argument happening in the video.","Whether Something Happened(Y/N)"
"e58207f1-84ec-424b-a997-ff64a57eb13b","Did the characters watch television in the clip?","No.","Yes, the characters watched television in the clip.","Whether Something Happened(Y/N)"
"e58207f1-84ec-424b-a997-ff64a57eb13b","Is there any physical activity performed by the characters?","No.","No, the characters are not engaged in any physical activity.","Whether Something Happened(Y/N)"
"e58207f1-84ec-424b-a997-ff64a57eb13b","Does reading a book happen before talking to the woman?","Yes.","Yes, the woman is seen holding a book before talking to her.","Order Judging(Y/N)"
"e58207f1-84ec-424b-a997-ff64a57eb13b","Is looking around done before turning book pages?","Yes.","Yes.","Order Judging(Y/N)"
"e58207f1-84ec-424b-a997-ff64a57eb13b","What occurs just before reading the magazines?","Talking to each other.","Just before reading the magazines, a person wearing sunglasses and holding a magazine appears to be in conversation with someone off-camera.","What event order"
"e58207f1-84ec-424b-a997-ff64a57eb13b","What takes place immediately before looking around?","Turning book pages.","Immediately before looking around, the person in the black hoodie and sunglasses is seen holding a drink.","What event order"
"e58207f1-84ec-424b-a997-ff64a57eb13b","What action is performed just before talking to each other?","Looking around.","Just before talking to each other, the person in the black hoodie and sunglasses is seen holding a drink.","What event order"
"e58207f1-84ec-424b-a997-ff64a57eb13b","Did I look around before holding the magazine?","No.","Yes, you can see the magazine on the coffee table in front of you.","Order Judging(Y/N)"
"e58207f1-84ec-424b-a997-ff64a57eb13b","What activities were performed in the room?","Reading a magazine and making coffee.","The room was used for various activities, including a person sitting on the couch reading a book and another person standing near the television.","Scene Summary"
"e58207f1-84ec-424b-a997-ff64a57eb13b","Describe the environment where the actions occurred.","A room with a seated person, magazine, and phone.","The environment is a modern, well-lit room with white walls and large windows that allow natural light to flood the space. The room features a television on a stand, a sofa with multiple cushions, a coffee table with various items including a remote control, a small plant, and a book, and a person sitting in a chair near the window.","Scene Summary"
"e58207f1-84ec-424b-a997-ff64a57eb13b","What devices were used in the scenario?","A magazine and a phone.","A television, a remote control, and a smartphone were used in the scenario.","Scene Summary"
"e58207f1-84ec-424b-a997-ff64a57eb13b","What was the person doing with the magazine?","The person was reading the magazine.","The person was holding the magazine and flipping through its pages.","Action Caption"
"e58207f1-84ec-424b-a997-ff64a57eb13b","What activity followed reading the magazine?","The person operated the phone.","Following reading the magazine, a person sat down on a chair and began to read.","Action Caption"
"e58207f1-84ec-424b-a997-ff64a57eb13b","Did the person remain seated throughout?","No, they got up to make coffee.","Yes, the person remained seated throughout the video.","Action Caption"
"e58207f1-84ec-424b-a997-ff64a57eb13b","Did the person leave the room?","No, the actions happened in the room.","Yes","Whether Something Happened(Y/N)"
"e58207f1-84ec-424b-a997-ff64a57eb13b","Did the person use a laptop?","No, the person used a phone.","Yes, the person used a laptop.","Whether Something Happened(Y/N)"
"e58207f1-84ec-424b-a997-ff64a57eb13b","Did I talk to the woman before reading the magazine?","Yes","Yes, the woman was seen sitting on a chair in front of the television and holding a magazine.","Order Judging(Y/N)"
"e58207f1-84ec-424b-a997-ff64a57eb13b","Did I read the magazine before making coffee?","Yes","Yes, the person in the black shirt was seen holding a magazine before making coffee.","Order Judging(Y/N)"
"e58207f1-84ec-424b-a997-ff64a57eb13b","Did I operate the phone before talking to the woman?","No","Yes, the woman was seen holding a phone in her hand before talking to the camera.","Order Judging(Y/N)"
"e58207f1-84ec-424b-a997-ff64a57eb13b","Did I make coffee before sitting in the room?","No","Yes, you made coffee before sitting in the room.","Order Judging(Y/N)"
"e58207f1-84ec-424b-a997-ff64a57eb13b","Did I make coffee before reading a magazine?","No","Yes, I made coffee before reading a magazine.","Order Judging(Y/N)"
"e58207f1-84ec-424b-a997-ff64a57eb13b","Did I interact with the woman before reading the book?","Yes","Yes, before reading the book, I interacted with the woman by holding a green object and gesturing towards her.","Order Judging(Y/N)"
"e58207f1-84ec-424b-a997-ff64a57eb13b","Was the magazine read before interacting with the woman?","No","Yes, the magazine was read before interacting with the woman.","Order Judging(Y/N)"
"e58207f1-84ec-424b-a997-ff64a57eb13b","Was the phone operated before making coffee?","Yes","Yes, the phone was operated before making coffee.","Order Judging(Y/N)"
"e58207f1-84ec-424b-a997-ff64a57eb13b","What occurs just before I make coffee?","Operate the phone","Just before I make coffee, a person enters the room holding a cup of coffee.","What event order"
"e58207f1-84ec-424b-a997-ff64a57eb13b","What do I do before reading the magazine?","Talk to the woman","Before reading the magazine, I place it on a coffee table in front of the couch.","What event order"
"e58207f1-84ec-424b-a997-ff64a57eb13b","What is done just before looking around?","Turn book pages","Just before looking around, the person is seen holding a small object in their hand.","What event order"
"e58207f1-84ec-424b-a997-ff64a57eb13b","What action takes place before reading the book?","Look around","Before reading the book, a person sits on a chair in front of a television and interacts with it.","What event order"
"e58207f1-84ec-424b-a997-ff64a57eb13b","Describe the setting where the activity is taking place.","The activity is in an indoor room with modern furnishings.","The activity is taking place in a modern, well-lit room with a high ceiling and exposed ductwork. The background features a large window that offers a view of the outside landscape. There are two couches, one on each side of the room, along with various decorative items such as potted plants and books. A television screen mounted on the wall displays an image of mountains.","Scene Summary"
"e58207f1-84ec-424b-a997-ff64a57eb13b","Identify the furniture used by the individuals in the clip.","Chairs are used for seating during the card game.","The individuals are seated on a gray sofa and a white armchair.","Scene Summary"
"e58207f1-84ec-424b-a997-ff64a57eb13b","Did the individual participate in a recreational game?","Yes.","Yes, the individual was seen holding a box of Jenga blocks and engaging in a recreational game.","Whether Something Happened(Y/N)"
"e58207f1-84ec-424b-a997-ff64a57eb13b","Was there any interaction with another person during the game?","Yes.","Yes, the person in the green lanyard was seen holding a smartphone and gesturing with their hand during the game.","Whether Something Happened(Y/N)"
"e58207f1-84ec-424b-a997-ff64a57eb13b","Does the setting include contemporary room decor?","Yes.","Yes.","Whether Something Happened(Y/N)"
"e58207f1-84ec-424b-a997-ff64a57eb13b","Name one activity that is clearly not happening in this scene.","Cooking food is clearly not happening in this scene.","The activity that is clearly not happening in this scene is the person standing outside, as they are not visible.","Scene Summary"
"e58207f1-84ec-424b-a997-ff64a57eb13b","What parallel activity accompanies the main action in this clip?","A discussion with another person accompanies the main action.","The parallel activity is a person holding and interacting with the stack of wooden blocks.","Action Caption"
"e58207f1-84ec-424b-a997-ff64a57eb13b","Is there a creative or construction-related task shown?","Yes, arranging wooden bricks can be considered a construction-related task.","Yes, there is a construction-related task shown where the person uses a tool to assemble a wooden puzzle.","Action Caption"
"e58207f1-84ec-424b-a997-ff64a57eb13b","Does the video show any form of artistic painting?","No.","No, the video does not show any form of artistic painting.","Whether Something Happened(Y/N)"
"e58207f1-84ec-424b-a997-ff64a57eb13b","Is there a solo performance happening in the video?","No.","Yes.","Whether Something Happened(Y/N)"
"e58207f1-84ec-424b-a997-ff64a57eb13b","Did I interact with Lady A after I sat on the chair?","Yes.","Yes, Lady A was seen interacting with someone off-camera to her right.","Order Judging(Y/N)"
"e58207f1-84ec-424b-a997-ff64a57eb13b","What happens just before I sit on the chair?","Entering the room.","Just before I sit on the chair, a person wearing a black shirt and white pants enters the room.","What event order"
"e58207f1-84ec-424b-a997-ff64a57eb13b","What did I engage in right before sitting in a room?","I did not engage in anything; I was already seated.","Before sitting in a room, the person engaged in playing Jenga.","What event order"
"e58207f1-84ec-424b-a997-ff64a57eb13b","Where is this scene set?","In a room with another person.","The scene is set in a modern, well-lit room with a cozy atmosphere.","Scene Summary"
"e58207f1-84ec-424b-a997-ff64a57eb13b","What are the main elements present in this scenario?","A Jenga game and two individuals.","The main elements present in this scenario include a Jenga game, a person wearing glasses and a headset, a television screen displaying the text 'Stand Up!', a TV mounted on the wall, a chair with pillows, a coffee table with various items, a potted plant, a red exit sign, and an open doorway leading to another room.","Scene Summary"
"e58207f1-84ec-424b-a997-ff64a57eb13b","What can be observed on the table in the video?","A Jenga tower and blocks.","The table in the video has a few items on it, including a small plant and some papers.","Scene Summary"
"e58207f1-84ec-424b-a997-ff64a57eb13b","Who is actively participating in the game shown in the video?","The person in the frame and another woman.","The person wearing a green lanyard is actively participating in the game.","Action Caption"
"e58207f1-84ec-424b-a997-ff64a57eb13b","How is the game of Jenga progressing in the clip?","Blocks are being stacked atop the tower.","The game of Jenga is progressing with the person successfully stacking a tower, and another hand appears to be holding up the next stack.","Action Caption"
"e58207f1-84ec-424b-a997-ff64a57eb13b","What is the consequence of the actions performed with the Jenga blocks?","The Jenga tower is becoming taller.","The consequence is that the person's hand moves, causing the Jenga blocks to topple over.","Action Caption"
"e58207f1-84ec-424b-a997-ff64a57eb13b","What action precedes placing a block atop the Jenga tower?","Removing a block from the Jenga tower.","Placing a block atop the Jenga tower before placing another block is shown.","Action Caption"
"e58207f1-84ec-424b-a997-ff64a57eb13b","Does the video show a Jenga tower on a glass table?","Yes.","Yes.","Whether Something Happened(Y/N)"
"e58207f1-84ec-424b-a997-ff64a57eb13b","Are the Jenga blocks being carefully handled?","Yes.","Yes, the Jenga blocks are being carefully handled as the person continues to manipulate them.","Whether Something Happened(Y/N)"
"e58207f1-84ec-424b-a997-ff64a57eb13b","Is the Jenga tower intact at this moment in the video?","Yes.","Yes.","Whether Something Happened(Y/N)"
"e58207f1-84ec-424b-a997-ff64a57eb13b","What action occurred just before placing the blocks atop the Jenga tower?","Took Jenga blocks from the tower","Just before placing the blocks atop the Jenga tower, a hand with a black object was seen holding one of the wooden blocks.","What event order"
"e58207f1-84ec-424b-a997-ff64a57eb13b","What happened just before taking Jenga blocks from the tower?","Played game of Jenga","Just before taking Jenga blocks from the tower, a hand with a black object was seen holding them.","What event order"
"e58207f1-84ec-424b-a997-ff64a57eb13b","Did I arrange wooden bricks before playing a card game?","No","Yes, you arranged wooden bricks before playing a card game.","Order Judging(Y/N)"
"e58207f1-84ec-424b-a997-ff64a57eb13b","Did I sit on a chair before talking to a lady?","Yes","Yes, the person sitting on a gray armchair in front of the TV and holding a remote control was previously sitting on a chair before talking to a lady.","Order Judging(Y/N)"
"e58207f1-84ec-424b-a997-ff64a57eb13b","What activities are occurring inside the house?","Two individuals are playing Jenga.","Inside the house, there are people walking around and a television set.","Scene Summary"
"e58207f1-84ec-424b-a997-ff64a57eb13b","What is on the table between the participants?","A Jenga tower is on the table.","There is a box of cereal and a green cup on the table.","Scene Summary"
"e58207f1-84ec-424b-a997-ff64a57eb13b","How are the participants utilizing the wooden blocks?","They are carefully pulling blocks from the Jenga tower.","The participants are using the wooden blocks to build a tower, with one person holding up the stack and another placing blocks on top.","Action Caption"
"e58207f1-84ec-424b-a997-ff64a57eb13b","Is the Jenga tower still standing?","Yes.","Yes.","Whether Something Happened(Y/N)"
"e58207f1-84ec-424b-a997-ff64a57eb13b","Has a Jenga block just been successfully moved?","Yes.","Yes","Whether Something Happened(Y/N)"
"e58207f1-84ec-424b-a997-ff64a57eb13b","Are the participants seated during the game?","Yes.","Yes, the participants are seated during the game.","Whether Something Happened(Y/N)"
"e58207f1-84ec-424b-a997-ff64a57eb13b","Is there a game being played on the floor?","No.","Yes.","Whether Something Happened(Y/N)"
"e58207f1-84ec-424b-a997-ff64a57eb13b","Does the frame display a competitive match in progress?","Yes.","Yes.","Whether Something Happened(Y/N)"
"e58207f1-84ec-424b-a997-ff64a57eb13b","Did I sit on the chairs before playing Jenga?","Yes.","Yes, the person was sitting on a chair before playing Jenga.","Order Judging(Y/N)"
"e58207f1-84ec-424b-a997-ff64a57eb13b","Did I take Jenga blocks from the tower before adding to its top?","Yes.","Yes, you took Jenga blocks from the tower before adding to its top.","Order Judging(Y/N)"
"e58207f1-84ec-424b-a997-ff64a57eb13b","Did the Jenga game happen before relaxing on the chairs?","No.","Yes, the Jenga game was already in progress before relaxing on the chairs.","Order Judging(Y/N)"
"e58207f1-84ec-424b-a997-ff64a57eb13b","Was placing blocks atop the Jenga tower before taking blocks from it?","No.","Yes, the person placed blocks atop the Jenga tower before taking them from it.","Order Judging(Y/N)"
"e58207f1-84ec-424b-a997-ff64a57eb13b","What occurs just before placing the blocks atop the Jenga tower?","Taking Jenga blocks from the tower.","Just before placing the blocks atop the Jenga tower, a hand appears holding up the Jenga pieces.","What event order"
"e58207f1-84ec-424b-a997-ff64a57eb13b","What happens just before sitting on the chairs to play?","Entering the room.","Just before sitting on the chairs, the person is seen holding a box labeled 'Sorry'.","What event order"
"e58207f1-84ec-424b-a997-ff64a57eb13b","Did the game start before arranging wooden bricks on a block?","No","Yes, the game started with arranging wooden bricks on a block before starting to build the tower.","Order Judging(Y/N)"
"e58207f1-84ec-424b-a997-ff64a57eb13b","What is the setting of the current video clip?","The setting is inside a house.","The setting of the current video clip is a modern living room with a large window that offers a view of trees and greenery outside.","Scene Summary"
"e58207f1-84ec-424b-a997-ff64a57eb13b","Describe the occupants in the house in the video.","There are multiple individuals, both men and women.","The house is inhabited by a person wearing a black jacket and white pants, who enters the room from the left side of the frame.","Scene Summary"
"e58207f1-84ec-424b-a997-ff64a57eb13b","What were the individuals doing with wood in the video?","They were arranging pieces of wood.","The individuals were seen holding and manipulating wooden pieces, possibly for a game or puzzle.","Scene Summary"
"e58207f1-84ec-424b-a997-ff64a57eb13b","What type of interaction occurred among the individuals?","They interacted with each other.","The individuals engaged in a casual conversation, with one person gesturing towards the television and another pointing at something on the TV stand.","Scene Summary"
"e58207f1-84ec-424b-a997-ff64a57eb13b","Are the people stationary or moving about in the clip?","They are moving about the space.","The people are moving about in the clip.","Action Caption"
"e58207f1-84ec-424b-a997-ff64a57eb13b","Is the Jenga game played before arranging wood pieces?","Yes.","Yes, the Jenga game is played before arranging wood pieces.","Order Judging(Y/N)"
"e58207f1-84ec-424b-a997-ff64a57eb13b","Does sitting on chairs happen before interacting with each other?","Yes.","Yes, sitting on chairs happens before interacting with each other.","Order Judging(Y/N)"
"e58207f1-84ec-424b-a997-ff64a57eb13b","Is the wood arrangement completed before the Jenga tower is built?","No.","Yes, the wooden structure is completed before the Jenga tower is built.","Order Judging(Y/N)"
"e58207f1-84ec-424b-a997-ff64a57eb13b","What happens before arranging the wood pieces?","Playing Jenga.","Before arranging the wood pieces, a person walks into the room and places a box on the coffee table.","What event order"
"e58207f1-84ec-424b-a997-ff64a57eb13b","What takes place before the Jenga block is touched?","Sitting down.","Before the Jenga block is touched, a person wearing sunglasses and holding a smartphone appears in the foreground.","What event order"
"e58207f1-84ec-424b-a997-ff64a57eb13b","Did the Jenga game occur before sitting on the chairs?","No.","Yes, the Jenga game was completed before sitting on the chairs.","Order Judging(Y/N)"
"e58207f1-84ec-424b-a997-ff64a57eb13b","Was taking Jenga blocks from the tower after sitting on the chairs?","Yes.","Yes, Jenga blocks were being taken from the tower after sitting on the chairs.","Order Judging(Y/N)"
"e58207f1-84ec-424b-a997-ff64a57eb13b","What happened just before placing blocks atop the Jenga tower?","Taking Jenga blocks from the tower.","Just before placing blocks atop the Jenga tower, a person was seen holding a smartphone and gesturing with their hand.","What event order"
"e58207f1-84ec-424b-a997-ff64a57eb13b","What happens before arranging the pieces of wood?","Playing the Jenga wooden blocks game.","Before arranging the pieces of wood, a person walks into the room and places them on the coffee table.","What event order"
"e58207f1-84ec-424b-a997-ff64a57eb13b","What is the setting of the video clip?","An office.","The setting of the video clip is a modern living room with large windows, adorned with garland and potted plants.","Scene Summary"
"e58207f1-84ec-424b-a997-ff64a57eb13b","What activities are taking place in the clip?","Talking to a person and using a phone.","The activities include a person playing a video game, interacting with a smartphone displaying a text message or social media post, and engaging in a conversation on the phone.","Scene Summary"
"e58207f1-84ec-424b-a997-ff64a57eb13b","What is the primary action in the recent frames?","Engaging in a discussion and using the phone.","The primary action in the recent frames is a person holding two smartphones, one displaying an image of another person and the other showing text.","Action Caption"
"e58207f1-84ec-424b-a997-ff64a57eb13b","What technology is in use in the action?","A phone.","The technology used in the action is a smart TV.","Action Caption"
"e58207f1-84ec-424b-a997-ff64a57eb13b","Is the person alone in the scene?","No.","Yes.","Whether Something Happened(Y/N)"
"e58207f1-84ec-424b-a997-ff64a57eb13b","Did I interact with others after being at the office?","Yes","Yes, after being at the office, I interacted with others through a video call.","Order Judging(Y/N)"
"e58207f1-84ec-424b-a997-ff64a57eb13b","Did the office scene occur before the house activities?","Yes","Yes, the office scene occurred before the house activities.","Order Judging(Y/N)"
"e58207f1-84ec-424b-a997-ff64a57eb13b","What happened right before I was at the office?","I was in the house","Right before I was at the office, a person wearing sunglasses and a VR headset appeared in front of me.","What event order"
"e58207f1-84ec-424b-a997-ff64a57eb13b","Did I play Jenga before arranging pieces of wood?","Yes.","Yes, you played Jenga before arranging pieces of wood.","Order Judging(Y/N)"
"e58207f1-84ec-424b-a997-ff64a57eb13b","Did I use the phone before playing Jenga?","No.","Yes, the person in the foreground used their phone before playing Jenga.","Order Judging(Y/N)"
"e58207f1-84ec-424b-a997-ff64a57eb13b","Was I at the office before playing with the Jenga blocks?","Yes.","Yes, I was at the office before playing with the Jenga blocks.","Order Judging(Y/N)"
"89a95cd8-ca13-4edf-807e-d62138fd30e0","Describe the environment displayed in the video clip.","The video depicts a kitchen scenario.","The video displays a cluttered kitchen counter with various utensils, pots, and containers. The background features white tiled walls and a window with a small gap.","Scene Summary"
"89a95cd8-ca13-4edf-807e-d62138fd30e0","Identify the items being interacted with in the video clip.","Flour and onions are being used with water and a knife.","The items being interacted with include a hand holding an onion, a blue cutting board, and various kitchen utensils.","Scene Summary"
"89a95cd8-ca13-4edf-807e-d62138fd30e0","What's the main activity in the scene?","The main activity is preparing ingredients, mixing and chopping.","The main activity in the scene is a person preparing food, specifically chopping an onion.","Scene Summary"
"89a95cd8-ca13-4edf-807e-d62138fd30e0","What objects are present in the scene related to the activity?","Container of flour, a knife, and mixed dough are noticeable.","The objects present in the scene include a metal pot, a blue cutting board with garlic cloves, and various kitchen utensils.","Scene Summary"
"89a95cd8-ca13-4edf-807e-d62138fd30e0","Did the person use a knife on the onions?","Yes.","Yes, the person used a knife to cut the onions.","Whether Something Happened(Y/N)"
"89a95cd8-ca13-4edf-807e-d62138fd30e0","Was water added to the flour in the video?","Yes.","Yes, water was added to the flour in the video.","Whether Something Happened(Y/N)"
"89a95cd8-ca13-4edf-807e-d62138fd30e0","Did the preparation seem to be for baking?","No, more likely for cooking.","Yes, the preparation seemed to be for baking as there were several bowls and containers on the counter, some of which contained ingredients or utensils.","Whether Something Happened(Y/N)"
"89a95cd8-ca13-4edf-807e-d62138fd30e0","Describe the environment where the cooking is taking place.","The cooking is taking place in a kitchen.","The cooking is taking place in a well-lit kitchen with white tiled walls and a window above the sink. The countertop is cluttered with various kitchen utensils, pots, and containers, indicating an active cooking process.","Scene Summary"
"89a95cd8-ca13-4edf-807e-d62138fd30e0","What step is being performed with the pan?","Oil is being poured into the pan.","The pan is being filled with water/INFO","Scene Summary"
"89a95cd8-ca13-4edf-807e-d62138fd30e0","Are there any other objects visible associated with cooking?","Yes, there are kitchen utensils and containers.","Yes, there are various kitchen/INFO","Scene Summary"
"89a95cd8-ca13-4edf-807e-d62138fd30e0","Are there any ingredients ready to be cooked?","Yes, there are chopped ingredients on the cutting board.","Yes, there are ingredients ready to be cooked on the stove.","Action Caption"
"89a95cd8-ca13-4edf-807e-d62138fd30e0","What is implied by the action of pouring oil in the pan?","The person is preparing to cook or fry food.","The action of pouring the liquid into the pan is a part of the cooking process, likely to be used as a marinade or sauce for the chickpeas.","Action Caption"
"89a95cd8-ca13-4edf-807e-d62138fd30e0","What will likely happen next in the cooking process?","The food will be added to the heated oil for cooking.","The next step in the cooking is likely to add a liquid ingredient, such as water/INFO or oil, into the pot on the stove.","Action Caption"
"89a95cd8-ca13-4edf-807e-d62138fd30e0","Did the person start cooking as soon as the video began?","No.","Yes, the person began cooking as soon as the video began.","Whether Something Happened(Y/N)"
"89a95cd8-ca13-4edf-807e-d62138fd30e0","Has the person used any kitchen utensils yet?","Yes.","Yes, the person has used a spatula to stir the contents of one of the pots.","Whether Something Happened(Y/N)"
"89a95cd8-ca13-4edf-807e-d62138fd30e0","Is the person cooking unattended or seen in the frame?","The person is unattended, not seen in the frame.","The person is seen in the frame, actively engaged in cooking.","Whether Something Happened(Y/N)"
"89a95cd8-ca13-4edf-807e-d62138fd30e0","Has the heat been turned on under the pan yet?","No.","Yes, the heat has been turned on under the pan.","Whether Something Happened(Y/N)"
"89a95cd8-ca13-4edf-807e-d62138fd30e0","In the video, does mixing flour with water happen before cutting onions?","Yes.","Yes, the video shows a hand mixing flour with onions before cutting them.","Order Judging(Y/N)"
"89a95cd8-ca13-4edf-807e-d62138fd30e0","Is cooking the food shown before opening the door in the video?","Yes.","Yes.","Order Judging(Y/N)"
"89a95cd8-ca13-4edf-807e-d62138fd30e0","In the video, does pouring oil in the pan occur after cutting onions?","Yes.","Yes, the video shows a hand pouring oil/INFO","Order Judging(Y/N)"
"89a95cd8-ca13-4edf-807e-d62138fd30e0","In the video, is oil poured into the pan before cooking the food?","No.","Yes","Order Judging(Y/N)"
"89a95cd8-ca13-4edf-807e-d62138fd30e0","What is the setting of the video clip?","The setting is a kitchen.","The setting of the video clip is a kitchen with various cooking utensils and ingredients on the counter.","Scene Summary"
"89a95cd8-ca13-4edf-807e-d62138fd30e0","What tasks are being performed in the scene?","Cooking food, cleaning the counter, rolling dough.","The tasks being performed in the scene include cooking, cleaning, and preparing ingredients.","Scene Summary"
"89a95cd8-ca13-4edf-807e-d62138fd30e0","Can you caption the cleaning action in the clip?","Tidying up the kitchen counter.","Yes, the caption for the cleaning action in the clip would be 'Cleaning action in a kitchen.'","Action Caption"
"89a95cd8-ca13-4edf-807e-d62138fd30e0","How is the dough being prepared?","The dough is being rolled.","The dough is being kneaded on a wooden board.","Action Caption"
"89a95cd8-ca13-4edf-807e-d62138fd30e0","Does the video show someone cooking?","Yes.","Yes","Whether Something Happened(Y/N)"
"89a95cd8-ca13-4edf-807e-d62138fd30e0","Is the counter being cleaned in the video?","Yes.","Yes.","Whether Something Happened(Y/N)"
"89a95cd8-ca13-4edf-807e-d62138fd30e0","Is there a scene of rolling dough in the video?","Yes.","Yes.","Whether Something Happened(Y/N)"
"89a95cd8-ca13-4edf-807e-d62138fd30e0","Does rolling the dough happen before cleaning the counter?","No","Yes, the person is seen rolling the dough on a wooden board before cleaning the counter.","Order Judging(Y/N)"
"89a95cd8-ca13-4edf-807e-d62138fd30e0","Is the food cooked after I clean the counter?","Yes","Yes","Order Judging(Y/N)"
"89a95cd8-ca13-4edf-807e-d62138fd30e0","Before the food is cooked, what do I do?","In the kitchen.","Before the food is cooked, you should wash and prepare the ingredients.","What event order"
"89a95cd8-ca13-4edf-807e-d62138fd30e0","What occurs just before I clean the counter?","Cook food.","Just before I clean the counter, a person is seen pouring water from a pot into a container.","What event order"
"89a95cd8-ca13-4edf-807e-d62138fd30e0","In the video, what takes place right before rolling the dough?","Clean the counter.","Right before rolling the dough, a person places a yellow lid on the container and then starts to roll it.","What event order"
"89a95cd8-ca13-4edf-807e-d62138fd30e0","In the video, does the mixing of flour with water happen before cutting the onions?","Yes","Yes, the mixing of flour with water happens before cutting the onions.","Order Judging(Y/N)"
"89a95cd8-ca13-4edf-807e-d62138fd30e0","What is the setting of the video clip?","Inside a house, in the kitchen.","The setting of the video clip is a kitchen with various cooking utensils and ingredients on the counter.","Scene Summary"
"89a95cd8-ca13-4edf-807e-d62138fd30e0","What activity is depicted in the scene?","Making dough for cooking.","The scene depicts a person preparing food, specifically making dough or batter.","Scene Summary"
"89a95cd8-ca13-4edf-807e-d62138fd30e0","What tools are being utilized in the scene?","Hands, rolling pin, flour container.","A person is using a rolling pin and a bowl to knead the dough.","Scene Summary"
"89a95cd8-ca13-4edf-807e-d62138fd30e0","Where specifically is the dough preparation taking place?","On a newspaper-covered surface.","The dough preparation is taking place on a black countertop.","Scene Summary"
"89a95cd8-ca13-4edf-807e-d62138fd30e0","What is the immediate environment around the dough-making area?","Nearby kitchen appliances and utensils.","The immediate environment around the dough-making area includes a tiled wall, various kitchen utensils and appliances, including a mixer on the left side of the frame.","Scene Summary"
"89a95cd8-ca13-4edf-807e-d62138fd30e0","What is the main action taking place in these frames?","The dough is being rolled out.","The main action is the preparation of a dish, likely for cooking or baking.","Action Caption"
"89a95cd8-ca13-4edf-807e-d62138fd30e0","What action precedes the rolling of the dough?","Dipping the dough in flour.","The action that precedes the rolling of the dough is mixing it with a wooden spoon.","Action Caption"
"89a95cd8-ca13-4edf-807e-d62138fd30e0","How is the dough initially shaped?","It is shaped by hand.","The dough is initially shaped into a small ball.","Action Caption"
"89a95cd8-ca13-4edf-807e-d62138fd30e0","What is the purpose of the flour in the dough rolling process?","To prevent sticking to the rolling pin.","The flour is used to create a dough that will be rolled out and shaped into the desired form.","Action Caption"
"89a95cd8-ca13-4edf-807e-d62138fd30e0","What may likely be the next step after rolling the dough?","Cutting or shaping the dough for cooking.","The next step after rolling the dough is likely to transfer it into a bowl or container for further preparation.","Action Caption"
"89a95cd8-ca13-4edf-807e-d62138fd30e0","Did the person use a rolling pin in the video?","Yes.","Yes, the person used a rolling pin to flatten the dough.","Whether Something Happened(Y/N)"
"89a95cd8-ca13-4edf-807e-d62138fd30e0","Did the dough-making happen on a bare countertop?","No.","Yes, the dough-making happened on a bare countertop.","Whether Something Happened(Y/N)"
"89a95cd8-ca13-4edf-807e-d62138fd30e0","Was an electrical appliance used to roll the dough?","No.","Yes, an electrical appliance was used to roll the dough.","Whether Something Happened(Y/N)"
"89a95cd8-ca13-4edf-807e-d62138fd30e0","Did the person complete the dough rolling in one try?","Not specified, unclear.","Yes, the person completed the dough rolling in one try.","Whether Something Happened(Y/N)"
"89a95cd8-ca13-4edf-807e-d62138fd30e0","Is the flour container closed in the scene?","Yes.","Yes.","Whether Something Happened(Y/N)"
"89a95cd8-ca13-4edf-807e-d62138fd30e0","In the video, is the dough rolled with hands before it's dipped in flour?","Yes","Yes","Order Judging(Y/N)"
"89a95cd8-ca13-4edf-807e-d62138fd30e0","Is the food cooked before the counter is cleaned?","Yes","Yes.","Order Judging(Y/N)"
"89a95cd8-ca13-4edf-807e-d62138fd30e0","Does the dough rolling with a rolling pin happen after hand rolling?","Yes","Yes, the dough is rolled with a rolling pin after hand rolling.","Order Judging(Y/N)"
"89a95cd8-ca13-4edf-807e-d62138fd30e0","Is the counter cleaned before the dough is rolled with hands?","Yes","Yes.","Order Judging(Y/N)"
"89a95cd8-ca13-4edf-807e-d62138fd30e0","In the video, is the rolling pin used before the dough is dipped in flour?","Yes","Yes, the rolling pin is used to scoop out a portion of dough before dipping it in flour.","Order Judging(Y/N)"
"89a95cd8-ca13-4edf-807e-d62138fd30e0","What is done just before the dough is dipped in flour?","Roll dough with hands","Just before the dough is dipped in flour, a hand places a small amount of water into a bowl and then dips it into the flour.","What event order"
"89a95cd8-ca13-4edf-807e-d62138fd30e0","What action is performed before cleaning the counter?","Cook food","Before cleaning the counter, a hand is seen mixing ingredients in a bowl.","What event order"
"89a95cd8-ca13-4edf-807e-d62138fd30e0","What activity happens before the dough is rolled with hands?","Nothing is specified before hand rolling","Before the dough is rolled with hands, a person pours water from a yellow container into a large plastic container filled with flour.","What event order"
"89a95cd8-ca13-4edf-807e-d62138fd30e0","Was the counter cleaned after cooking food?","Yes","Yes, the counter was cleaned after cooking food.","Order Judging(Y/N)"
"89a95cd8-ca13-4edf-807e-d62138fd30e0","Did I roll the dough before dipping it in flour?","No","Yes, the person rolled out the dough before dipping it in flour.","Order Judging(Y/N)"
"89a95cd8-ca13-4edf-807e-d62138fd30e0","Did I roll dough with hands before rolling it with a rolling pin?","Yes","Yes, the person rolled dough with their hands before rolling it with a rolling pin.","Order Judging(Y/N)"
"89a95cd8-ca13-4edf-807e-d62138fd30e0","What happens right before I dip the dough in flour?","Rolling the dough with hands","A hand places a piece of dough on the newspaper.","What event order"
"89a95cd8-ca13-4edf-807e-d62138fd30e0","What action occurs just before I roll the dough with a rolling pin?","Dipping dough in flour","A hand is seen rolling the dough with a rolling pin.","What event order"
"89a95cd8-ca13-4edf-807e-d62138fd30e0","What do I do just before pouring oil in the pan?","Open the door","You should place the oil container on the counter and then pour it into the pan.","What event order"
"89a95cd8-ca13-4edf-807e-d62138fd30e0","What takes place immediately before I clean the counter?","Cook food","A person is seen kneading dough on a piece of parchment paper.","What event order"
"89a95cd8-ca13-4edf-807e-d62138fd30e0","What location is shown in this video clip?","The kitchen.","The location shown in this video clip is a kitchen.","Scene Summary"
"89a95cd8-ca13-4edf-807e-d62138fd30e0","What task is being performed in this scene?","Making dough.","The task being performed in this scene is preparing a mixture by mixing ingredients and then transferring them into a container.","Scene Summary"
"89a95cd8-ca13-4edf-807e-d62138fd30e0","What is the setting of this clip?","A kitchen counter.","The setting of this clip is a kitchen.","Scene Summary"
"89a95cd8-ca13-4edf-807e-d62138fd30e0","What cooking action is taking place?","Rolling dough with a roller.","The cooking action taking place is making a dough or batter, as indicated by the person rolling out dough on a flat surface.","Action Caption"
"89a95cd8-ca13-4edf-807e-d62138fd30e0","Does the frame capture using a rolling pin?","Yes.","Yes, the frame captures a close-up of hands rolling out dough on a flat surface.","Whether Something Happened(Y/N)"
"89a95cd8-ca13-4edf-807e-d62138fd30e0","Is dough being prepared in this scene?","Yes.","Yes.","Whether Something Happened(Y/N)"
"89a95cd8-ca13-4edf-807e-d62138fd30e0","Are there ingredients visible on the kitchen counter?","Yes.","Yes, there are ingredients visible on the kitchen counter.","Whether Something Happened(Y/N)"
"89a95cd8-ca13-4edf-807e-d62138fd30e0","In the video, is the dough cut before it's rolled with hands?","No","Yes","Order Judging(Y/N)"
"89a95cd8-ca13-4edf-807e-d62138fd30e0","Does the dipping of dough in flour happen after using the rolling pin?","No","Yes, the person continues to dip the dough in flour after using the rolling pin.","Order Judging(Y/N)"
"89a95cd8-ca13-4edf-807e-d62138fd30e0","Does rolling the dough with hands happen before cutting the dough?","Yes","Yes, the person rolls the dough with their hands before cutting it.","Order Judging(Y/N)"
"89a95cd8-ca13-4edf-807e-d62138fd30e0","Is the dough rolled with a roller after being dipped in flour?","Yes","Yes","Order Judging(Y/N)"
"89a95cd8-ca13-4edf-807e-d62138fd30e0","What occurs just before rolling dough with a roller in the video?","The dough is cut","A person is seen rolling dough with a roller in the kitchen.","What event order"
"89a95cd8-ca13-4edf-807e-d62138fd30e0","In the video sequence, what happens before rolling dough with hands?","Nothing, it's the first action","Before rolling dough with hands, the person places a bowl of flour on the countertop and pours water from a bottle into it.","What event order"
"89a95cd8-ca13-4edf-807e-d62138fd30e0","What is done just before cutting the dough?","The dough is rolled with hands","Just before cutting the dough, a hand is seen holding a knife and preparing to cut it.","What event order"
"89a95cd8-ca13-4edf-807e-d62138fd30e0","Did I clean the counter before rolling the dough?","Yes","Yes, the person cleaned the counter before rolling the dough.","Order Judging(Y/N)"
"89a95cd8-ca13-4edf-807e-d62138fd30e0","Was the dough cut before being rolled?","Yes","Yes","Order Judging(Y/N)"
"89a95cd8-ca13-4edf-807e-d62138fd30e0","Did I dip the dough in flour before using the rolling pin?","Yes","Yes, the person dipped the dough in flour before using the rolling pin.","Order Judging(Y/N)"
"89a95cd8-ca13-4edf-807e-d62138fd30e0","Did I cook food after rolling the dough with my hands?","No","Yes, you can see the dough being rolled with your hands after cooking food.","Order Judging(Y/N)"
"89a95cd8-ca13-4edf-807e-d62138fd30e0","Was the counter cleaned after the dough was cut?","No","Yes, the counter was cleaned after the dough was cut.","Order Judging(Y/N)"
"89a95cd8-ca13-4edf-807e-d62138fd30e0","What do I do before rolling the dough with a roller?","Cut the dough","Before rolling the dough with a roller, you should first wash your hands and ensure they are clean.","What event order"
"89a95cd8-ca13-4edf-807e-d62138fd30e0","What occurs just before cutting the dough?","Rolling dough with hands","Just before cutting the dough, a hand is seen holding a knife and preparing to cut it.","What event order"
"89a95cd8-ca13-4edf-807e-d62138fd30e0","What do I do before cleaning the counter?","Cook food","Before cleaning the counter, you should first wash your hands and then use a sponge to clean it.","What event order"
"89a95cd8-ca13-4edf-807e-d62138fd30e0","Describe the main activity occurring in this section of video.","Food preparation for a meal.","The main activity involves a person preparing food in the kitchen, specifically rolling out dough and cooking it on a stovetop.","Action Caption"
"89a95cd8-ca13-4edf-807e-d62138fd30e0","What is the current culinary action captured here?","Ready to cook flatbread on the pan.","The current culinary action captured here is the preparation of a dish involving cooking and mixing ingredients.","Action Caption"
"89a95cd8-ca13-4edf-807e-d62138fd30e0","Did the person successfully slice the cucumber?","Yes.","Yes, the person successfully sliced the cucumber into thin pieces.","Whether Something Happened(Y/N)"
"89a95cd8-ca13-4edf-807e-d62138fd30e0","Has the lemon been placed on the cucumber slices?","Yes.","Yes","Whether Something Happened(Y/N)"
"89a95cd8-ca13-4edf-807e-d62138fd30e0","Describe the setting in this video clip.","A kitchen with a person cooking roti on a stove.","The video takes place in a kitchen with white tiled walls and a window above the sink. The countertop is cluttered with various items, including a pot of boiling water, a bowl of chopped vegetables, and some newspapers. A person is seen preparing food on the stove, adding ingredients to a flour dough that has been rolled out into a thin sheet.","Scene Summary"
"89a95cd8-ca13-4edf-807e-d62138fd30e0","What is the visual focal point of this scene?","The pan with the roti being roasted.","The visual focal point of this scene is the person's hands and the cooking process.","Scene Summary"
"89a95cd8-ca13-4edf-807e-d62138fd30e0","Where is the roti being placed after roasting?","In a pot next to the stove.","The roti is being placed on a newspaper.","Scene Summary"
"89a95cd8-ca13-4edf-807e-d62138fd30e0","What kitchen equipment is being utilized in this action?","A frying pan and a stove.","A frying pan, a pot with a lid, and a spoon are being utilized in this action.","Action Caption"
"89a95cd8-ca13-4edf-807e-d62138fd30e0","Does the clip show a person flipping the roti?","No.","Yes, the clip shows a person flipping the roti in the frying pan.","Whether Something Happened(Y/N)"
"89a95cd8-ca13-4edf-807e-d62138fd30e0","Is the roti being taken out of the pan in this frame?","Yes.","No.","Whether Something Happened(Y/N)"
"89a95cd8-ca13-4edf-807e-d62138fd30e0","Does the clip involve any baking activity?","No.","Yes, the clip involves baking activity as well.","Whether Something Happened(Y/N)"
"89a95cd8-ca13-4edf-807e-d62138fd30e0","Is there another person assisting with the cooking?","No.","Yes, another person is visible in the background of the video.","Whether Something Happened(Y/N)"
"89a95cd8-ca13-4edf-807e-d62138fd30e0","Was the flat bread prepared before the roti was roasted?","Yes","Yes, the flat bread was prepared before the roti was roasted.","Order Judging(Y/N)"
"89a95cd8-ca13-4edf-807e-d62138fd30e0","Did I put the roasted roti in the pot before cutting the cucumber?","No","Yes, the person placed the roasted roti in the pot before cutting the cucumber.","Order Judging(Y/N)"
"89a95cd8-ca13-4edf-807e-d62138fd30e0","Did I roast the roti after preparing the flat bread?","Yes","Yes, the roti was roasted after preparing the flat bread.","Order Judging(Y/N)"
"89a95cd8-ca13-4edf-807e-d62138fd30e0","What cooking method is used for tortillas?","They are placed in a hot pot.","The tortillas are being cooked in a deep-fried pan.","Scene Summary"
"89a95cd8-ca13-4edf-807e-d62138fd30e0","Is the person wearing oven mitts?","No.","No.","Whether Something Happened(Y/N)"
"89a95cd8-ca13-4edf-807e-d62138fd30e0","In the video, is the pot closed after the roti is put inside?","Yes","Yes.","Order Judging(Y/N)"
"89a95cd8-ca13-4edf-807e-d62138fd30e0","Did I use a spatula to roast the roti before placing it in the pot?","Yes","Yes, the person used a spatula to roast the roti before placing it in the pot.","Order Judging(Y/N)"
"89a95cd8-ca13-4edf-807e-d62138fd30e0","What activity is shown just before the roti comes in contact with the pan?","The roti is picked up","Just before the roti comes in contact with the pan, a person is seen holding a red plate and using a spatula to spread some flour on the roti.","What event order"
"2bb31b69-fcda-4f54-8338-f590944df999","What activity is depicted in this snapshot?","A card game is being played.","The activity depicted in this snapshot is a card game, specifically playing cards.","Scene Summary"
"2bb31b69-fcda-4f54-8338-f590944df999","Where is this scene likely taking place?","The scene is indoors, possibly in a living room.","This scene is likely taking place in a living room.","Scene Summary"
"2bb31b69-fcda-4f54-8338-f590944df999","What objects are present in this setting?","Cards, a piece of paper, and a plant.","The objects present in this setting include a deck of cards, some papers, and various items scattered on the floor.","Scene Summary"
"2bb31b69-fcda-4f54-8338-f590944df999","How is the room furnished?","With a couch, a rug, and various personal items.","The room is furnished with a couch, a chair, and various items scattered around.","Scene Summary"
"2bb31b69-fcda-4f54-8338-f590944df999","What is the approximate time of day in this scene?","It's not discernible from this image.","The scene appears to be set during the day, as indicated by natural light and shadows.","Scene Summary"
"2bb31b69-fcda-4f54-8338-f590944df999","What action is being performed with the cards?","The cards are being reshuffled.","The action being performed with the cards is counting them, as indicated by the person's hand moving through the cards.","Action Caption"
"2bb31b69-fcda-4f54-8338-f590944df999","What is the person across doing?","The person is holding and possibly organizing cards.","The person across is playing a card game, specifically dealing cards from a deck.","Action Caption"
"2bb31b69-fcda-4f54-8338-f590944df999","What follow-up activity to shuffling is likely?","Dealing the cards to players.","The follow-up activity to shuffling is likely the continuation of the game, as indicated by the person's continued engagement with the cards.","Action Caption"
"2bb31b69-fcda-4f54-8338-f590944df999","Is there more than one participant in the card activity?","Yes.","Yes.","Whether Something Happened(Y/N)"
"2bb31b69-fcda-4f54-8338-f590944df999","Is any reading material involved in the activity?","Yes, there's a piece of paper being held.","Yes, there are some cards and a book lying on the floor near the person.","Whether Something Happened(Y/N)"
"2bb31b69-fcda-4f54-8338-f590944df999","Are any electronic devices being used in the game?","No visible electronic devices are used.","Yes, a smartphone is being used to take pictures of the cards.","Whether Something Happened(Y/N)"
"2bb31b69-fcda-4f54-8338-f590944df999","Has any card been laid out on the floor?","No, they're being held or shuffled.","Yes, a card has been laid out on the floor.","Whether Something Happened(Y/N)"
"2bb31b69-fcda-4f54-8338-f590944df999","What activity is taking place in the room?","Playing poker.","The activity taking place in the room is a card game, with one person playing cards and another holding a piece of paper.","Scene Summary"
"2bb31b69-fcda-4f54-8338-f590944df999","What is the setting of this clip?","Indoors, in a room.","The setting of this clip is a cozy living room with wooden flooring, featuring a patterned rug on the floor. There are various items scattered around, including playing cards, papers, and some small objects that appear to be part of a card game or puzzle.","Scene Summary"
"2bb31b69-fcda-4f54-8338-f590944df999","What objects are visible in the scene?","Cards, a carpet, and furniture.","A deck of cards, a small rectangular/INFO","Scene Summary"
"2bb31b69-fcda-4f54-8338-f590944df999","Describe the atmosphere of the room.","Casual and leisurely.","The room has a cozy and casual atmosphere, with wooden flooring, a patterned rug on the floor, various items scattered around, including a small potted plant, a bookshelf filled with books, and a chair.","Scene Summary"
"2bb31b69-fcda-4f54-8338-f590944df999","What precedes the dealing of cards in poker?","Reshuffling the cards.","The scene begins with a person holding a deck of cards, preparing to deal.","Action Caption"
"2bb31b69-fcda-4f54-8338-f590944df999","Did someone shuffle cards in this video?","Yes.","Yes, someoneNECT/INFO","Whether Something Happened(Y/N)"
"2bb31b69-fcda-4f54-8338-f590944df999","Is the room set up for a large gathering?","No.","Yes.","Whether Something Happened(Y/N)"
"2bb31b69-fcda-4f54-8338-f590944df999","Are the individuals standing in this video?","No.","No, the individuals are sitting on the floor in this video.","Whether Something Happened(Y/N)"
"2bb31b69-fcda-4f54-8338-f590944df999","Was the deck reshuffled before playing the cards?","Yes.","Yes, the deck was reshuffled before playing the cards.","Order Judging(Y/N)"
"2bb31b69-fcda-4f54-8338-f590944df999","What occurs just before picking up the cards?","The cards are spread on floor.","Just before picking up the cards, a hand holding a card appears and picks it up.","What event order"
"2bb31b69-fcda-4f54-8338-f590944df999","What action occurs before the deck is seen in a unified stack?","Separate the cards.","Before the deck is in a unified stack, the person places the cards face down on the table.","What event order"
"2bb31b69-fcda-4f54-8338-f590944df999","What is visible before I separate cards?","Floor and unorganized cards.","Before I separate cards, there are several playing cards scattered on the floor.","What event order"
"2bb31b69-fcda-4f54-8338-f590944df999","What is the setting of the current video clip?","A room with two people playing cards.","The setting of the current video clip is a cozy living room with wooden flooring, where two people are engaged in playing cards.","Scene Summary"
"2bb31b69-fcda-4f54-8338-f590944df999","What objects are prominent in the video scene?","Playing cards, a phone, and a paper.","Prominent objects in the video scene include playing cards, a smartphone, and various other items scattered on the floor.","Scene Summary"
"2bb31b69-fcda-4f54-8338-f590944df999","How would you characterize the atmosphere in the video?","Casual and leisurely.","The atmosphere in the video is casual and relaxed, with a focus on card games.","Scene Summary"
"2bb31b69-fcda-4f54-8338-f590944df999","What actions are being performed in the video clip?","Shuffling, picking, and playing cards.","The actions performed in the video clip include a person holding and examining cards, another person reading from a card, and one person making hand gestures.","Action Caption"
"2bb31b69-fcda-4f54-8338-f590944df999","Did the individuals reshuffle the cards in the video?","Yes.","Yes, the individuals reshuffled the cards in front of them.","Whether Something Happened(Y/N)"
"2bb31b69-fcda-4f54-8338-f590944df999","Was a phone used during the gameplay?","Yes.","Yes, a phone was used to take photos of the cards and other objects.","Whether Something Happened(Y/N)"
"2bb31b69-fcda-4f54-8338-f590944df999","Was a new game started in the video clip?","Yes.","Yes, a new game was started in the video clip.","Whether Something Happened(Y/N)"
"2bb31b69-fcda-4f54-8338-f590944df999","Did the scene capture any form of disagreement?","No.","No, the scene does not capture any form of disagreement; it is a playful and relaxed interaction between the two individuals.","Whether Something Happened(Y/N)"
"2bb31b69-fcda-4f54-8338-f590944df999","In the video, is the poker game started before the cards are reshuffled?","No.","No, the poker game is not started before the cards are reshuffled. The video shows a person holding a deck of cards and counting them in their hands while playing the game.","Order Judging(Y/N)"
"2bb31b69-fcda-4f54-8338-f590944df999","Is the deck spread out on the floor after picking a card?","Yes.","Yes.","Order Judging(Y/N)"
"2bb31b69-fcda-4f54-8338-f590944df999","Does the card shuffling happen before sitting on the floor?","No.","No, the card shuffling happens after sitting on the floor.","Order Judging(Y/N)"
"2bb31b69-fcda-4f54-8338-f590944df999","In the video, is the card game initiated before sitting with the lady?","No.","Yes, the card game is initiated before sitting with the lady.","Order Judging(Y/N)"
"2bb31b69-fcda-4f54-8338-f590944df999","What happens before the poker game is played in the video?","Cards are picked.","Before the poker game is played, a person wearing a pink and blue striped sock sits on the floor with their legs crossed.","What event order"
"2bb31b69-fcda-4f54-8338-f590944df999","What occurs right before reshuffling the cards?","I sit with the lady.","A hand holding a smartphone appears, possibly to take a photo or record the event.","What event order"
"2bb31b69-fcda-4f54-8338-f590944df999","What is done just before spreading the cards on the floor?","Cards are picked.","Just before spreading the cards on the floor, a hand holding a smartphone appears and starts to spread them out.","What event order"
"2bb31b69-fcda-4f54-8338-f590944df999","In the video, did I play cards before shuffling them?","No.","Yes, you played cards before shuffling them.","Order Judging(Y/N)"
"2bb31b69-fcda-4f54-8338-f590944df999","In the video, did I shuffle the cards before picking them?","Yes.","Yes, the person in the video picks up a card and then shuffles it before continuing to shuffle the remaining cards.","Order Judging(Y/N)"
"2bb31b69-fcda-4f54-8338-f590944df999","What is the action before reshuffling the cards in the video?","Separating the cards.","Before reshuffling, the person is holding a deck of cards and appears to be counting or organizing them.","What event order"
"2bb31b69-fcda-4f54-8338-f590944df999","What is the setting of the video?","A room with two people playing poker.","The setting of the video is a cozy living room with wooden flooring, featuring a couch and various items scattered around.","Scene Summary"
"2bb31b69-fcda-4f54-8338-f590944df999","What objects are present in the scene?","Cards, a tablecloth, and personal items on the floor.","The objects present in the scene include a deck of playing cards, a smartphone, and some papers.","Scene Summary"
"2bb31b69-fcda-4f54-8338-f590944df999","What is the main focus of the camera?","The poker game and the players' actions.","The main focus of the camera is on a person playing cards, with their hands moving around and adjusting the cards.","Scene Summary"
"2bb31b69-fcda-4f54-8338-f590944df999","What stage of the game is shown?","The preparation phase, shuffling and dealing cards.","The video shows the game in progress, with cards being dealt and players making hand gestures.","Action Caption"
"2bb31b69-fcda-4f54-8338-f590944df999","Capture the essence of the action in a short phrase.","An intense poker game in progress.","A person is seen holding a card and then places it back on the table.","Action Caption"
"2bb31b69-fcda-4f54-8338-f590944df999","Did the person shuffle the cards more than once?","Yes.","Yes, the person shuffled the cards multiple times.","Whether Something Happened(Y/N)"
"2bb31b69-fcda-4f54-8338-f590944df999","Is there another activity besides poker being portrayed?","No.","Yes, there is another activity portrayed in the video where a person is seen holding and examining a smartphone.","Whether Something Happened(Y/N)"
"2bb31b69-fcda-4f54-8338-f590944df999","Are both players sitting on chairs?","No, they are sitting on the floor.","No, only one player is sitting on a chair.","Whether Something Happened(Y/N)"
"2bb31b69-fcda-4f54-8338-f590944df999","In the video, is the card reshuffling performed before picking the cards?","No","Yes, the card reshuffling is performed before picking the cards.","Order Judging(Y/N)"
"2bb31b69-fcda-4f54-8338-f590944df999","Is the lady X present in the room before I reshuffle the cards?","Yes","Yes.","Order Judging(Y/N)"
"2bb31b69-fcda-4f54-8338-f590944df999","Do I play the cards before lady X picks her phone?","No","No, the video does not show any action of playing the cards before lady X picks her phone.","Order Judging(Y/N)"
"2bb31b69-fcda-4f54-8338-f590944df999","Are the cards picked before they are played?","Yes","Yes, the cards are picked up before they are played.","Order Judging(Y/N)"
"2bb31b69-fcda-4f54-8338-f590944df999","What happens just before the cards are played in the video?","The cards are reshuffled.","Just before the cards are played, a hand holding a white cup appears and places it on the table.","What event order"
"2bb31b69-fcda-4f54-8338-f590944df999","What do we see happening just before the cards are picked?","The cards are reshuffled.","Just before the cards are picked, we see a person holding a smartphone and another hand reaching towards them.","What event order"
"2bb31b69-fcda-4f54-8338-f590944df999","What action takes place before reshuffling the cards?","The cards are picked.","Before reshuffling, the person in the striped sweater is seen holding a white cup and appears to be preparing to shuffle the cards.","What event order"
"2bb31b69-fcda-4f54-8338-f590944df999","Before the poker game begins, what is the last action performed?","The cards are reshuffled.","The last action performed is the person in the striped sweater holding a white cup, possibly to take a sip.","What event order"
"2bb31b69-fcda-4f54-8338-f590944df999","Did the card reshuffling happen before picking the cards?","No","Yes, the card reshuffling happened before picking the cards.","Order Judging(Y/N)"
"2bb31b69-fcda-4f54-8338-f590944df999","Was playing cards done after picking the cards?","Yes","Yes, after picking the cards, both hands were seen holding the playing cards.","Order Judging(Y/N)"
"2bb31b69-fcda-4f54-8338-f590944df999","What happened just before playing poker cards?","Reshuffled the cards","Just before playing poker cards, the person in the striped sweater was seen holding a white cup and gesturing with their hands.","What event order"
"2bb31b69-fcda-4f54-8338-f590944df999","What occurs right before reshuffling the cards?","Picked the cards","A person in a pink and white striped, holding a smartphone, appears to be interacting with the cards.","What event order"
"2bb31b69-fcda-4f54-8338-f590944df999","What action took place just before picking the cards?","Reshuffled the cards","Just before picking the cards, a hand holding a smartphone was seen.","What event order"
"2bb31b69-fcda-4f54-8338-f590944df999","What environment is presented in the video?","A casual indoor space with a card game being played.","The video is set in a cozy, indoor environment with wooden flooring and various items scattered around the room.","Scene Summary"
"2bb31b69-fcda-4f54-8338-f590944df999","What sequence of actions is depicted here?","Selecting, organizing, and using cards in a game is depicted.","The sequence of events depicted in the video is as follows: a person holding a white cup, another person pouring liquid into it, and then both individuals playing cards.","Action Caption"
"2bb31b69-fcda-4f54-8338-f590944df999","How are the participants utilizing the items?","They are using cards for a recreational activity.","The participants are using the items in a playful and interactive manner, with one person holding a card or small object while another holds a drink.","Action Caption"
"2bb31b69-fcda-4f54-8338-f590944df999","Is there a competitive game being played in this scene?","Yes.","No, there is no visible competitive game being played/INFO","Whether Something Happened(Y/N)"
"2bb31b69-fcda-4f54-8338-f590944df999","Has any card been placed face-up on the carpet?","Yes.","Yes, a card has been placed face-up on the carpet.","Whether Something Happened(Y/N)"
"2bb31b69-fcda-4f54-8338-f590944df999","Are there drinks present on the floor beside the players?","Yes.","Yes.","Whether Something Happened(Y/N)"
"2bb31b69-fcda-4f54-8338-f590944df999","Is there a document visible on the floor?","Yes.","Yes.","Whether Something Happened(Y/N)"
"2bb31b69-fcda-4f54-8338-f590944df999","Are both participants actively selecting cards?","Yes.","Yes, both participants are actively selecting cards from the deck.","Whether Something Happened(Y/N)"
"2bb31b69-fcda-4f54-8338-f590944df999","Is the poker game played before reshuffling the cards?","No","Yes, the video shows a hand of cards being shuffled on the table before reshuffling.","Order Judging(Y/N)"
"2bb31b69-fcda-4f54-8338-f590944df999","What action is performed immediately before reshuffling?","Picking the cards","Before reshuffling, the person holding a white cup is seen drinking from it.","What event order"
"2bb31b69-fcda-4f54-8338-f590944df999","Was the poker card played after the cards were picked?","Yes.","Yes, the video shows a hand of poker cards being dealt and then picked up by another person.","Order Judging(Y/N)"
"2bb31b69-fcda-4f54-8338-f590944df999","What action occurs before playing the card game?","Separating cards.","Before playing the card game, a person is seen holding a white cup and drinking/INFO","What event order"
"2bb31b69-fcda-4f54-8338-f590944df999","What is done just before reshuffling the cards?","Picking the cards.","Just before reshuffling the cards, one of the players holds a white cup and drinks from it.","What event order"
"2bb31b69-fcda-4f54-8338-f590944df999","What is the main setting of this scene?","The setting is a room where a poker card game is being played.","The main setting of this scene is a cozy living room where two individuals are engaged in playing cards.","Scene Summary"
"2bb31b69-fcda-4f54-8338-f590944df999","How many participants are involved in the card game?","There are two participants in the card game.","Two participants are involved in the card game.","Scene Summary"
"2bb31b69-fcda-4f54-8338-f590944df999","What objects are primarily visible on the table?","Visible objects include poker cards and scattered items.","The objects primarily visible on the table are a white cup and some scattered papers.","Scene Summary"
"2bb31b69-fcda-4f54-8338-f590944df999","Describe the sequence of actions with the poker cards.","The poker cards are picked up, shuffled, then played in turns.","The sequence of actions begins with the person holding a deck of cards, then they shuffle them and deal one card to each player. The game continues as the players take turns dealing cards from their respective hands.","Action Caption"
"2bb31b69-fcda-4f54-8338-f590944df999","Did I carry out a reshuffle of the poker cards?","Yes.","Yes, the person in the striped socks was seen holding a card and making a reshuffle of the poker cards.","Whether Something Happened(Y/N)"
"2bb31b69-fcda-4f54-8338-f590944df999","Was a complete poker game played in this clip?","Yes.","Yes, the video shows a complete poker game being played by two individuals.","Whether Something Happened(Y/N)"
"2bb31b69-fcda-4f54-8338-f590944df999","Did the game involve more than two players?","No.","Yes, the game involved more than two players as indicated by the presence of multiple hands and cards on the table.","Whether Something Happened(Y/N)"
"2bb31b69-fcda-4f54-8338-f590944df999","Did I participate in dealing the cards?","Yes.","Yes, you were the one who dealt the cards.","Whether Something Happened(Y/N)"
"2bb31b69-fcda-4f54-8338-f590944df999","In the video, did the card shuffling happen before playing the game?","Yes.","Yes, the card shuffling happened before playing the game.","Order Judging(Y/N)"
"2bb31b69-fcda-4f54-8338-f590944df999","Did the playing of poker cards occur before reshuffling the cards?","No.","Yes, the playing of poker cards occurred before reshuffling the cards.","Order Judging(Y/N)"
"2bb31b69-fcda-4f54-8338-f590944df999","Did picking the cards happen after playing the card game?","No.","Yes, the person in the striped socks is seen picking up a card from the deck of cards.","Order Judging(Y/N)"
"2bb31b69-fcda-4f54-8338-f590944df999","What happens just before playing the poker card game in the video?","Reshuffling the cards.","Just before playing the poker card game, one of the players takes a sip from a white cup.","What event order"
"2bb31b69-fcda-4f54-8338-f590944df999","What occurs directly before playing the card game?","Separating the cards.","A person is seen holding a cup, possibly containing a beverage.","What event order"
"2bb31b69-fcda-4f54-8338-f590944df999","In the video, was the poker card played before they were reshuffled?","No","Yes, the poker card was played before they were reshuffled.","Order Judging(Y/N)"
"2bb31b69-fcda-4f54-8338-f590944df999","In the clip, was the poker card reshuffled after card separation?","Yes","Yes, the poker card was reshuffled after card separation.","Order Judging(Y/N)"
"2bb31b69-fcda-4f54-8338-f590944df999","What occurs just before playing the poker card in the video?","Reshuffling the cards","Just before playing the poker card, a person is seen holding a cup and drinking from it.","What event order"
"2bb31b69-fcda-4f54-8338-f590944df999","In the video, what event precedes playing the card game?","Separating cards","The event that precedes playing the card game is a person holding a cup and a drink, possibly indicating they are taking a break or enjoying some refreshments.","What event order"
"2bb31b69-fcda-4f54-8338-f590944df999","What does this video clip depict in the room scene?","The video shows a card game session in a room.","The video clip depicts a person playing a card game, likely a variation of the 'Clue' or 'Poker' card game, with several cards spread out on the floor.","Scene Summary"
"2bb31b69-fcda-4f54-8338-f590944df999","What can you infer about the location in the video?","It is a casual, home-like space with a seated person.","The location appears to be a casual indoor setting, possibly a living room or a similar space.","Scene Summary"
"2bb31b69-fcda-4f54-8338-f590944df999","Do these frames show any specific action with the cards?","Yes, the cards are being reshuffled by the person.","No, the frames do not show any specific action with the cards; they are simply laid out on the table.","Action Caption"
"2bb31b69-fcda-4f54-8338-f590944df999","Did the scene show a game in progress?","Yes.","Yes, the scene showed a game in progress as indicated by the cards being dealt and the player's focused demeanor.","Whether Something Happened(Y/N)"
"2bb31b69-fcda-4f54-8338-f590944df999","Was there a card shuffle taking place?","Yes.","Yes, there was a card shuffle taking place.","Whether Something Happened(Y/N)"
"2bb31b69-fcda-4f54-8338-f590944df999","Did they play the cards on a traditional table?","No.","No, they played the cards on a patterned rug.","Whether Something Happened(Y/N)"
"2bb31b69-fcda-4f54-8338-f590944df999","Was the person alone in this activity?","No.","Yes, the person was alone in this activity.","Whether Something Happened(Y/N)"
"2bb31b69-fcda-4f54-8338-f590944df999","Did the video capture an outdoor event?","No.","No.","Whether Something Happened(Y/N)"
"2bb31b69-fcda-4f54-8338-f590944df999","What action takes place immediately before the carpet is covered?","Sitting down.","Before the carpet is covered, a hand holding a card appears and places it on top of the cards.","What event order"
"2bb31b69-fcda-4f54-8338-f590944df999","Is the card game played before reshuffling the cards?","No","Yes.","Order Judging(Y/N)"
"2bb31b69-fcda-4f54-8338-f590944df999","Is picking the cards shown before separating them?","Yes","Yes, the video shows a close-up of hands holding cards before separating them.","Order Judging(Y/N)"
"2bb31b69-fcda-4f54-8338-f590944df999","Does separating cards happen before reshuffling?","Yes","Yes, before reshuffling, the cards are separated and placed on a table.","Order Judging(Y/N)"
"2bb31b69-fcda-4f54-8338-f590944df999","Is reshuffling the cards shown before playing poker?","Yes","Yes, the video shows a hand of cards being shuffled before starting to play poker.","Order Judging(Y/N)"
"2bb31b69-fcda-4f54-8338-f590944df999","Does picking cards occur before playing the card game?","Yes","Yes, picking cards occurs before playing the card game.","Order Judging(Y/N)"
"2bb31b69-fcda-4f54-8338-f590944df999","What is the current setting in the video clip?","A room where a card game is being played.","The current setting in the video clip is a cozy living room where two people are engaged in playing cards.","Scene Summary"
"2bb31b69-fcda-4f54-8338-f590944df999","What objects are central to the scene in the video?","A deck of poker cards.","The central objects in the scene are a deck of cards, a smartphone, and a small white cup.","Scene Summary"
"2bb31b69-fcda-4f54-8338-f590944df999","What is the main focus of the scene?","The act of playing a poker game.","The main focus of the scene is a card game being played by two individuals.","Scene Summary"
"2bb31b69-fcda-4f54-8338-f590944df999","Detail the sequence of actions with the cards.","Cards are being selected, shuffled, and dealt for poker.","The sequence of actions includes the person holding a card, examining it closely, and then placing it back on the table. The other person is seen reaching out to pick up another card from the table.","Action Caption"
"2bb31b69-fcda-4f54-8338-f590944df999","Does the scene show a poker game in action?","Yes.","Yes.","Whether Something Happened(Y/N)"
"2bb31b69-fcda-4f54-8338-f590944df999","Does the video include a moment of card shuffling?","Yes.","Yes, the video includes a moment of card shuffling where one hand is holding cards and another is reaching for them.","Whether Something Happened(Y/N)"
"2bb31b69-fcda-4f54-8338-f590944df999","Is a card game being organized on a carpet?","Yes.","Yes.","Whether Something Happened(Y/N)"
"2bb31b69-fcda-4f54-8338-f590944df999","Does the clip show someone dealing cards?","Yes.","Yes","Whether Something Happened(Y/N)"
"2bb31b69-fcda-4f54-8338-f590944df999","Is the lady sitting on the floor while playing cards?","Yes.","Yes.","Whether Something Happened(Y/N)"
"2bb31b69-fcda-4f54-8338-f590944df999","Did the card shuffling happen before playing cards?","Yes","Yes, the card shuffling happened before playing cards.","Order Judging(Y/N)"
"2bb31b69-fcda-4f54-8338-f590944df999","Was the room entered before the cards were reshuffled?","Yes","Yes, the room was entered before the cards were reshuffled.","Order Judging(Y/N)"
"2bb31b69-fcda-4f54-8338-f590944df999","Did card shuffling occur before the cards were picked?","No","Yes, the card shuffling occurred before the cards were picked.","Order Judging(Y/N)"
"2bb31b69-fcda-4f54-8338-f590944df999","What action is performed right before playing cards?","Reshuffling the cards","A hand is shown holding a card, likely preparing to shuffle or deal cards.","What event order"
"2bb31b69-fcda-4f54-8338-f590944df999","What happens just before reshuffling the cards?","Picking up the cards","Just before reshuffling, the person in the colorful shirt reaches out to pick up a card from the deck.","What event order"
"2bb31b69-fcda-4f54-8338-f590944df999","What is done immediately before picking up cards?","Entering the room","Before picking up cards, the person is seen holding a card in their hand.","What event order"
"2bb31b69-fcda-4f54-8338-f590944df999","What takes place immediately after reshuffling cards?","Playing cards","After reshuffling cards, the person in the colorful shirt and blue sweater is seen holding a card with a red heart symbol.","What event order"
"2bb31b69-fcda-4f54-8338-f590944df999","In the video, is the poker game started before reshuffling the cards?","No","Yes, the poker game is started before reshuffling the cards.","Order Judging(Y/N)"
"2bb31b69-fcda-4f54-8338-f590944df999","In the video, is the poker game initiated before the cards are spread out on the floor?","Yes","Yes, the poker game is initiated before the cards are spread out on the floor.","Order Judging(Y/N)"
"2bb31b69-fcda-4f54-8338-f590944df999","What happens just before the cards are reshuffled in the video?","The cards are picked up","Just before the cards are reshuffled, a hand holding a card appears and starts to shuffle the deck.","What event order"
"2bb31b69-fcda-4f54-8338-f590944df999","What happens immediately before the cards are spread out on the floor?","Poker game is played","A hand holding a card appears, and the person in the colorful shirt starts to spread out the cards.","What event order"
"2bb31b69-fcda-4f54-8338-f590944df999","What activity is being depicted in this room?","A card game is being played in the room.","The activity depicted in the room is a card game, specifically playing cards.","Scene Summary"
"2bb31b69-fcda-4f54-8338-f590944df999","What can you deduce about the space shown?","It's a lived-in room with a casual, cozy setting.","The space shown is a cozy room with wooden flooring, a television mounted on the wall, and various items scattered around, including a plant in the corner.","Scene Summary"
"2bb31b69-fcda-4f54-8338-f590944df999","Where are the players sitting in the scenario?","The players are seated on the floor.","The players are sitting on the floor in a cozy living room setting.","Scene Summary"
"2bb31b69-fcda-4f54-8338-f590944df999","What are the visible objects associated with the activity?","Playing cards and casual footwear are visible.","The visible objects associated with the activity include a smartphone, playing cards, and a small black object.","Scene Summary"
"2bb31b69-fcda-4f54-8338-f590944df999","Does playing poker occur after picking cards?","Yes","Yes, after picking cards, the person picks up a card and places it on the table.","Order Judging(Y/N)"
"2bb31b69-fcda-4f54-8338-f590944df999","Are cards picked before reshuffling?","Yes","Yes, cards are picked before reshuffling.","Order Judging(Y/N)"
"2bb31b69-fcda-4f54-8338-f590944df999","Is the poker card played after reshuffling?","Yes","Yes, the poker card is played after reshuffling.","Order Judging(Y/N)"
"2bb31b69-fcda-4f54-8338-f590944df999","What happens just before reshuffling the cards?","Picking the cards","Just before reshuffling, the person places a card back on the table.","What event order"
"2bb31b69-fcda-4f54-8338-f590944df999","In the video, is a card picked up before reshuffling the deck?","No","Yes, a card is picked up before reshuffling the deck.","Order Judging(Y/N)"
"2bb31b69-fcda-4f54-8338-f590944df999","In the video, does playing cards occur before picking any card from the deck?","No","Yes, before picking any card from the deck, a hand is seen holding a card and placing it on the table.","Order Judging(Y/N)"
"2bb31b69-fcda-4f54-8338-f590944df999","In the video, what happens before reshuffling the cards?","Picking up the cards","Before reshuffling, the person in the striped socks is seen holding a card and looking at it.","What event order"
"2bb31b69-fcda-4f54-8338-f590944df999","What takes place just after the cards are picked up?","Reshuffling the cards","After the cards are picked up, a hand reaches out to pick up one of the playing cards.","What event order"
"2bb31b69-fcda-4f54-8338-f590944df999","What is done right after reshuffling the deck?","Playing poker cards","After reshuffling the deck, one of the players places a card on the table.","What event order"
"2bb31b69-fcda-4f54-8338-f590944df999","What is the setting of the scene depicted?","The setting is inside a room with two individuals playing poker.","The scene is set in a cozy living room with wooden flooring, featuring a television on the left side and various items scattered around.","Scene Summary"
"2bb31b69-fcda-4f54-8338-f590944df999","What objects are prominent in this scene?","Poker cards and hands are prominent in the scene.","Prominent objects in the scene include a deck of cards, a smartphone, and various other items scattered on the floor.","Scene Summary"
"2bb31b69-fcda-4f54-8338-f590944df999","Is there a card game being played in this video?","Yes.","Yes.","Whether Something Happened(Y/N)"
"2bb31b69-fcda-4f54-8338-f590944df999","Does this video show a person dealing cards?","Yes.","Yes, the video shows a person dealing cards.","Whether Something Happened(Y/N)"
"2bb31b69-fcda-4f54-8338-f590944df999","Are the poker cards being reshuffled in this scene?","Yes.","Yes, the poker cards are being reshuffled in this scene.","Whether Something Happened(Y/N)"
"2bb31b69-fcda-4f54-8338-f590944df999","Did the card reshuffling occur before playing poker?","Yes.","Yes, the card reshuffling occurred before playing poker.","Order Judging(Y/N)"
"2bb31b69-fcda-4f54-8338-f590944df999","Do I wear blue sleeves before the lady reads a card?","Yes.","Yes, the lady is wearing blue sleeves before she reads a card.","Order Judging(Y/N)"
"2bb31b69-fcda-4f54-8338-f590944df999","Are poker cards spread on the carpet before organizing them into rows?","Yes.","Yes, poker cards are spread out on the carpet before organizing them into rows.","Order Judging(Y/N)"
"2bb31b69-fcda-4f54-8338-f590944df999","Is the picking of cards done before reshuffling?","No","Yes, the picking of cards is done before reshuffling.","Order Judging(Y/N)"
"2bb31b69-fcda-4f54-8338-f590944df999","Is playing poker done after reshuffling cards?","Yes","Yes, after reshuffling cards, the game is completed.","Order Judging(Y/N)"
"2bb31b69-fcda-4f54-8338-f590944df999","Does the reshuffling occur before arranging cards on the floor?","Yes","Yes, the reshuffling occurs before arranging cards on the floor.","Order Judging(Y/N)"
"2bb31b69-fcda-4f54-8338-f590944df999","What takes place right before picking cards?","Sitting in the room","A hand reaches out to pick up a card from the deck.","What event order"
"2bb31b69-fcda-4f54-8338-f590944df999","What activity is taking place in this clip?","Playing cards with a woman.","The activity taking place in this clip is a card game, specifically playing cards.","Scene Summary"
"2bb31b69-fcda-4f54-8338-f590944df999","What is the setting of this scene?","Inside a house.","The setting of this scene is a cozy living room with wooden flooring, where two people are engaged in playing cards.","Scene Summary"
"2bb31b69-fcda-4f54-8338-f590944df999","What objects are prominently featured in this clip?","Cards and a carpet.","Prominently featured objects include a deck of cards, a small white cup with a straw, and a pair of shoes.","Scene Summary"
"2bb31b69-fcda-4f54-8338-f590944df999","What is the atmosphere in this scene?","Casual indoor leisure.","The atmosphere in this scene is casual and relaxed, with the participants enjoying a card game.","Scene Summary"
"2bb31b69-fcda-4f54-8338-f590944df999","Is there any interaction between the players?","Yes, they are playing a game together.","Yes, the players are seen making hand gestures and pointing at cards, indicating a discussion or exchange of information.","Action Caption"
"2bb31b69-fcda-4f54-8338-f590944df999","Can you describe the table setup for the game?","Cards are spread out haphazardly on the carpet.","The table setup includes a white mug, a pink cup, and some scattered papers.","Action Caption"
"2bb31b69-fcda-4f54-8338-f590944df999","How are the players seated during the game?","They are sitting cross-legged on the floor.","The players are seated on the floor, with one player sitting cross-legged and holding a card in their hand.","Action Caption"
"2bb31b69-fcda-4f54-8338-f590944df999","Did the game just start?","No, it is in progress as cards are already spread out.","Yes, the game started as indicated by the person's hand gesture and the cards being laid out on the table.","Whether Something Happened(Y/N)"
"2bb31b69-fcda-4f54-8338-f590944df999","Did reshuffling the cards happen before playing the poker cards?","Yes.","Yes, the cards were reshuffled before playing the poker cards.","Order Judging(Y/N)"
"2bb31b69-fcda-4f54-8338-f590944df999","Did laying out the cards on the floor occur after sitting down?","Yes.","Yes, the cards were laid out on the floor after sitting down.","Order Judging(Y/N)"
"2bb31b69-fcda-4f54-8338-f590944df999","Did the game of cards start after the cards were laid out?","Yes.","Yes, the game of cards started after the cards were laid out.","Order Judging(Y/N)"
"2bb31b69-fcda-4f54-8338-f590944df999","Did I play cards before reshuffling them?","No","Yes, you played cards before reshuffling them.","Order Judging(Y/N)"
"2bb31b69-fcda-4f54-8338-f590944df999","Was the rug visible before I dealt the cards?","Yes","Yes, the rug was visible before I dealt the cards.","Order Judging(Y/N)"
"2bb31b69-fcda-4f54-8338-f590944df999","Did I spread cards on the floor before sitting down?","Yes","Yes, the person sitting down spread cards on the floor before sitting down.","Order Judging(Y/N)"
"2bb31b69-fcda-4f54-8338-f590944df999","Were cards in my hand before reshuffling?","No","Yes, cards were in their original positions before reshuffling.","Order Judging(Y/N)"
"2bb31b69-fcda-4f54-8338-f590944df999","Was I seated before the cards were displayed face-up?","Yes","Yes, you were seated before the cards were displayed face-up.","Order Judging(Y/N)"
"2bb31b69-fcda-4f54-8338-f590944df999","What happened just before playing cards?","Reshuffled the cards","Just before playing cards, the person in the purple shirt was seen holding a card and gesturing with their hand.","What event order"
"2bb31b69-fcda-4f54-8338-f590944df999","What happened before reshuffling the cards?","Sat in the room","Before reshuffling, the person was seen holding a card and gesturing with their hand.","What event order"
"2bb31b69-fcda-4f54-8338-f590944df999","What did I do before spreading cards on the floor?","Reshuffled them","Before spreading cards on the floor, you were playing a card game.","What event order"
"2bb31b69-fcda-4f54-8338-f590944df999","What action took place before sitting down?","Entered the room","Before sitting down, the person was seen holding a card and gesturing with their hand.","What event order"
"2bb31b69-fcda-4f54-8338-f590944df999","What activity is being performed in the scene?","Playing cards is the activity.","The activity being performed in the scene is playing cards, with one person holding a deck of cards and another person receiving them.","Scene Summary"
"2bb31b69-fcda-4f54-8338-f590944df999","How many individuals are participating in the activity?","Two individuals are participating.","Two individuals are participating in the activity.","Scene Summary"
"2bb31b69-fcda-4f54-8338-f590944df999","Can you describe the setting of the video clip?","The setting is indoors, on the floor with a rug.","The video clip takes place in a cozy living room setting, with a person sitting on the floor and another person standing nearby. The background includes a couch, a potted plant, and some scattered items like a cup and a bottle.","Scene Summary"
"2bb31b69-fcda-4f54-8338-f590944df999","What is the gender composition of the participants?","One male and one female are participating.","The participants are a woman and a man.","Scene Summary"
"2bb31b69-fcda-4f54-8338-f590944df999","How are the participants positioned in the clip?","They are sitting on the floor.","The participants are positioned on the floor, with one person sitting and holding a deck of cards.","Action Caption"
"2bb31b69-fcda-4f54-8338-f590944df999","Describe the interaction between the individuals.","They are engaged in a card game.","The interaction between the individuals is focused and engaging, with one person holding a deck of cards and another person actively playing cards. The atmosphere appears to be casual and friendly, as indicated by their relaxed postures and the presence of a potted plant in the background.","Action Caption"
"2bb31b69-fcda-4f54-8338-f590944df999","Are there any other objects involved in the action?","Yes, a deck of cards is involved.","Yes, there is a small black object on the floor near the person's feet.","Action Caption"
"2bb31b69-fcda-4f54-8338-f590944df999","Is there a competitive activity occurring in the video?","Yes.","Yes.","Whether Something Happened(Y/N)"
"2bb31b69-fcda-4f54-8338-f590944df999","Is there a visible winner in the card game?","No.","Yes, the person in the striped shirt is seen holding up a card with a red heart symbol, indicating they have won.","Whether Something Happened(Y/N)"
"2bb31b69-fcda-4f54-8338-f590944df999","Did I pick up a card before shuffling the deck?","No","Yes, the person on the right is holding a card before shuffling.","Order Judging(Y/N)"
"2bb31b69-fcda-4f54-8338-f590944df999","Was the woman seen holding cards before I laid mine on the floor?","Yes","Yes, the woman was seen holding cards before I laid mine on the floor.","Order Judging(Y/N)"
"2bb31b69-fcda-4f54-8338-f590944df999","Did I deal cards to the woman before sitting down?","No","Yes, the woman was seen holding a deck of cards before sitting down.","Order Judging(Y/N)"
"2bb31b69-fcda-4f54-8338-f590944df999","Did the woman adjust her glasses before smiling at me?","Yes","Yes, she adjusted her glasses before smiling at me.","Order Judging(Y/N)"
"2bb31b69-fcda-4f54-8338-f590944df999","Was the woman's sock visible before she crossed her legs?","Yes","Yes, the woman's sock was visible before she crossed her legs.","Order Judging(Y/N)"
"2bb31b69-fcda-4f54-8338-f590944df999","What did the woman do before looking at her hand of cards?","She crossed her legs","She was seen holding a small object, possibly a phone or a remote control.","What event order"
"2bb31b69-fcda-4f54-8338-f590944df999","What occurred before the woman adjusted her glasses?","She held her cards","Before adjusting her glasses, the woman was seen holding a deck of cards and looking at them intently.","What event order"
"2bb31b69-fcda-4f54-8338-f590944df999","What action took place before I dealt the cards?","I picked up the deck","Before I dealt the cards, a hand of black and red playing cards was shown to me.","What event order"
"2bb31b69-fcda-4f54-8338-f590944df999","In the video, is the poker game started before reshuffling the cards?","No","Yes, the poker game is started before reshuffling the cards.","Order Judging(Y/N)"
"2bb31b69-fcda-4f54-8338-f590944df999","In the sequence, does the lady pick up her cards before the cards are laid out on the floor?","Yes","Yes, the lady picks up her cards before the cards are laid out on the floor.","Order Judging(Y/N)"
"2bb31b69-fcda-4f54-8338-f590944df999","In the clip, do the cards get scattered on the table before being picked up?","Yes","Yes, the cards get scattered on the table before being picked up.","Order Judging(Y/N)"
"2bb31b69-fcda-4f54-8338-f590944df999","Does the video show the lady with cards in hand before the cards are shuffled?","No","Yes, the video shows the lady with cards in hand before the cards are shuffled.","Order Judging(Y/N)"
"2bb31b69-fcda-4f54-8338-f590944df999","What occurs just before the lady picks up her cards?","Cards are laid out on the floor","Just before picking up her cards, the lady is seen holding a small object in her hand.","What event order"
"2bb31b69-fcda-4f54-8338-f590944df999","In the video, what happens before the cards are reshuffled?","A round of poker is played","Before the cards are reshuffled, a hand holding a black object appears and starts to shuffle the deck of playing cards.","What event order"
"2bb31b69-fcda-4f54-8338-f590944df999","What event happens before the cards get scattered on the table?","The lady picks up her cards","Before the cards get scattered, a hand holding a card with a red heart is shown.","What event order"
"2bb31b69-fcda-4f54-8338-f590944df999","What do we see happening before the cards are laid out on the floor?","Reshuffling of cards","Before the cards are laid out on the floor, we see a person holding a deck of playing cards and another hand reaching towards them.","What event order"
"2bb31b69-fcda-4f54-8338-f590944df999","What action takes place before the poker game starts?","Cards are reshuffled","Before the poker game starts, a hand of cards is dealt from the deck.","What event order"
"2bb31b69-fcda-4f54-8338-f590944df999","What is the setting of this video clip?","I played cards with a woman inside a house.","The setting of the video clip is a cozy indoor environment, likely a living room or a similar space.","Scene Summary"
"2bb31b69-fcda-4f54-8338-f590944df999","How many people are involved in the scene?","Two people are involved in the scene.","Two people are involved in the scene.","Scene Summary"
"2bb31b69-fcda-4f54-8338-f590944df999","Is there a competitive element visible here?","Yes, the card game implies a competitive interaction.","Yes, there is a competitive element visible in the scene as one of the players appears to be making a move or decision while holding cards.","Action Caption"
"2bb31b69-fcda-4f54-8338-f590944df999","Did the individuals rearrange the furniture for playing?","No.","Yes, the individuals rearranged the furniture-Methods","Whether Something Happened(Y/N)"
"2bb31b69-fcda-4f54-8338-f590944df999","Did someone draw a card in the clip?","Yes.","Yes, someone was seen drawing a card from the deck.","Whether Something Happened(Y/N)"
"2bb31b69-fcda-4f54-8338-f590944df999","Did the scene involve any form of digital technology?","No.","Yes, the scene involved a smartphone being held by one of the players.","Whether Something Happened(Y/N)"
"2bb31b69-fcda-4f54-8338-f590944df999","Did the people appear to be outdoors?","No.","No, the setting appears to be indoors.","Whether Something Happened(Y/N)"
"2bb31b69-fcda-4f54-8338-f590944df999","In the video, did the shoe appear before the card deck on the carpet?","Yes","No, the shoe was not visible before the card deck on the carpet.","Order Judging(Y/N)"
"2bb31b69-fcda-4f54-8338-f590944df999","Was the hand holding cards before the bottle was seen?","Yes","Yes, the hand holding cards was seen/INFO","Order Judging(Y/N)"
"2bb31b69-fcda-4f54-8338-f590944df999","In the clip, did the playing of cards happen before the plant was visible?","No","Yes, the playing of cards happened before the plant was visible.","Order Judging(Y/N)"
"2bb31b69-fcda-4f54-8338-f590944df999","What is shown before the bottle on the left side of the frame?","Cards on the floor","A bottle of wine is shown before the bottle on the left side of the frame.","What event order"
"2bb31b69-fcda-4f54-8338-f590944df999","What do you see before the plant in the video's background?","A sofa","Before the plant, there is a wooden floor and part of a white wall.","What event order"
"2bb31b69-fcda-4f54-8338-f590944df999","Was the rug straightened before I sat down to play?","No.","Yes, the rug was straightened before I sat down to play/INFO","Order Judging(Y/N)"
"2bb31b69-fcda-4f54-8338-f590944df999","Did I touch my foot before picking more cards from the pile?","No.","Yes, the person picked up a card from the pile and placed it on their foot before picking more cards.","Order Judging(Y/N)"
"2bb31b69-fcda-4f54-8338-f590944df999","Were the cards spread out on the rug before the game started?","No.","Yes, the cards were spread out on the rug before the game started.","Order Judging(Y/N)"
"2bb31b69-fcda-4f54-8338-f590944df999","Did I pick a card from my hand before the woman looked at hers?","Yes.","Yes, the woman picked a card from her hand before looking at hers.","Order Judging(Y/N)"
"2bb31b69-fcda-4f54-8338-f590944df999","What occurs just before I look at my cards?","I pick them up.","Just before looking at the cards, the person is seen holding a card in their hand.","What event order"
"2bb31b69-fcda-4f54-8338-f590944df999","What action takes place before the game begins?","Sitting down on the rug.","Before the game begins, a hand is shown holding a deck of cards.","What event order"
"2bb31b69-fcda-4f54-8338-f590944df999","What happens before more cards are picked from the pile?","Playing a round of cards.","Before more cards are picked from the pile, a black object is placed on the floor.","What event order"
"2bb31b69-fcda-4f54-8338-f590944df999","What activity takes place in this scene?","Playing cards in the house.","A card game involving playing cards and money is taking place.","Scene Summary"
"2bb31b69-fcda-4f54-8338-f590944df999","Where are the individuals in this scene?","Inside a house.","The individuals are sitting on the floor in a room.","Scene Summary"
"2bb31b69-fcda-4f54-8338-f590944df999","What objects are central in this scenario?","Cards on the floor.","The central objects in this scenario are the playing cards, money, and a smartphone.","Scene Summary"
"2bb31b69-fcda-4f54-8338-f590944df999","How is the room in the clip furnished?","There's a bookshelf and a couch.","The room is furnished with a wooden floor, a white wall, and various items scattered around.","Scene Summary"
"2bb31b69-fcda-4f54-8338-f590944df999","What action is the person opposite performing?","Holding and presumably playing cards.","The person opposite is holding a smartphone and appears to be interacting with it, possibly reading or typing something.","Action Caption"
"2bb31b69-fcda-4f54-8338-f590944df999","What seems to be the immediate action captured in the frame?","Dealing or picking up cards.","The immediate action captured in the frame includes a person holding money, another person holding cards, and an individual pointing at something on the table.","Action Caption"
"2bb31b69-fcda-4f54-8338-f590944df999","What can be said about the card game's progression?","It looks mid-game with several cards played.","The card game progresses with the person in the colorful shirt making hand gestures and pointing at cards, while the other player is holding a deck of cards. The scene suggests an ongoing game where both players are actively participating and interacting with each other.","Action Caption"
"2bb31b69-fcda-4f54-8338-f590944df999","Is there a card game occurring?","Yes.","Yes.","Whether Something Happened(Y/N)"
"2bb31b69-fcda-4f54-8338-f590944df999","Is there more than one participant in the game?","Yes.","Yes.","Whether Something Happened(Y/N)"
"2bb31b69-fcda-4f54-8338-f590944df999","Have any cards been laid out on the floor?","Yes.","Yes, several cards have been laid out on the floor.","Whether Something Happened(Y/N)"
"2bb31b69-fcda-4f54-8338-f590944df999","Is the activity taking place indoors?","Yes.","Yes.","Whether Something Happened(Y/N)"
"2bb31b69-fcda-4f54-8338-f590944df999","Does it appear to be a formal card-playing setting?","No.","No, the setting appears informal and relaxed.","Whether Something Happened(Y/N)"
"2bb31b69-fcda-4f54-8338-f590944df999","Was the rug visible before I started playing cards?","Yes.","Yes, the rug was visible before I started playing cards.","Order Judging(Y/N)"
"2bb31b69-fcda-4f54-8338-f590944df999","Did the plant appear in the frame before the game began?","Yes.","Yes, the plant appears in the frame near the person holding a smartphone.","Order Judging(Y/N)"
"2bb31b69-fcda-4f54-8338-f590944df999","What happens before I sit on the floor?","The setting of the room is displayed.","Before sitting on the floor, a person is seen holding money and a smartphone.","What event order"
"2bb31b69-fcda-4f54-8338-f590944df999","In the video, does the arrangement of cards on the floor change before a new card is drawn?","No","Yes, the arrangement of cards on the floor changes before a new card is drawn.","Order Judging(Y/N)"
"2bb31b69-fcda-4f54-8338-f590944df999","In the video, is the heart card shown before a player picks more cards?","Yes","Yes, the heart card is shown before a player picks more cards.","Order Judging(Y/N)"
"2bb31b69-fcda-4f54-8338-f590944df999","Does the woman put down a card before all cards are laid out?","Yes","Yes, the woman puts down a card before all cards are laid out.","Order Judging(Y/N)"
"2bb31b69-fcda-4f54-8338-f590944df999","What occurs just before a new card is drawn from the deck?","Players examine their cards","Just before a new card is drawn, the person in the colorful shirt places their hand on their knee and gestures with their other hand.","What event order"
"2bb31b69-fcda-4f54-8338-f590944df999","In the video sequence, what do we see happening before the cards are spread out?","A card is being placed down","Before the cards are spread out, we see a person holding a smartphone and another person pointing at something on the floor.","What event order"
"2bb31b69-fcda-4f54-8338-f590944df999","What takes place right before more cards are picked from the deck?","The woman sorts her cards","A hand holding a card is shown, indicating the start of another round in the game.","What event order"
"af400f98-3c57-46ad-acac-eaca6f940180","What location is shown in the video frame?","It shows a road.","The video frame shows a paved road with a white line marking the edge.","Scene Summary"
"af400f98-3c57-46ad-acac-eaca6f940180","Are there other people present in this scene?","Yes, people are present.","Yes, there are other people present in the background.","Scene Summary"
"af400f98-3c57-46ad-acac-eaca6f940180","Is the environment urban or rural?","The environment appears to be urban.","The environment is urban, as indicated by the presence of a vehicle and other pedestrians.","Scene Summary"
"af400f98-3c57-46ad-acac-eaca6f940180","Is the road busy or empty?","The road is busy with movement.","The road is empty, with only a few people and a motorcycle visible.","Scene Summary"
"af400f98-3c57-46ad-acac-eaca6f940180","What is the weather like in the scene?","The weather information is not provided.","The weather appears to be overcast.","Scene Summary"
"af400f98-3c57-46ad-acac-eaca6f940180","Who is walking in this clip?","I am walking along the road.","A person wearing a patterned dress and red shoes is walking in this clip.","Action Caption"
"af400f98-3c57-46ad-acac-eaca6f940180","What is the camera angle capturing?","The camera angle captures from the walker's perspective.","The camera angle is capturing the movement of two individuals walking on a paved road.","Action Caption"
"af400f98-3c57-46ad-acac-eaca6f940180","Is there interaction with the passerby?","No interaction is mentioned or shown.","Yes.","Action Caption"
"af400f98-3c57-46ad-acac-eaca6f940180","Do any vehicles pass by closely?","The summary indicates vehicles move past, but closeness isn't specified.","Yes, a motorcycle passes by closely.","Action Caption"
"af400f98-3c57-46ad-acac-eaca6f940180","Is there an accident occurring in the video?","No, no accident is mentioned.","Yes.","Whether Something Happened(Y/N)"
"af400f98-3c57-46ad-acac-eaca6f940180","Is there any construction work shown in the video?","No, no construction is mentioned.","No.","Whether Something Happened(Y/N)"
"af400f98-3c57-46ad-acac-eaca6f940180","Does the video frame show clear skies?","The video frame does not provide this information.","No.","Whether Something Happened(Y/N)"
"af400f98-3c57-46ad-acac-eaca6f940180","What is the main event depicted in this video clip?","A walk on the road with a woman and interactions with passersby.","The main event depicted in the video clip is a person holding a cigarette and smoking it, with another individual walking beside them.","Scene Summary"
"af400f98-3c57-46ad-acac-eaca6f940180","Which location is primarily featured in this video clip?","The video clip features a road.","The primary location featured in this video clip is a dirt road.","Scene Summary"
"af400f98-3c57-46ad-acac-eaca6f940180","How many main subjects are involved in this video scenario?","Two main subjects, a man and a woman.","Three main subjects are involved: the person in the blue and white patterned dress, the person with red shoes, and another individual wearing a dark outfit.","Scene Summary"
"af400f98-3c57-46ad-acac-eaca6f940180","Are there other individuals present in this video scene besides the subjects?","Yes, there are passersby present.","Yes, there is another person in a blue and white patterned dress walking behind the subjects.","Scene Summary"
"af400f98-3c57-46ad-acac-eaca6f940180","What actions are shown in these new frames?","A person is seen walking and reaching out to others.","The new frames show the person in a white shirt and blue patterned pants holding a stick, walking towards the camera with their hand extended as if to throw something.","Action Caption"
"af400f98-3c57-46ad-acac-eaca6f940180","Is there any communication depicted in the clip?","Yes, there is interaction with passersby.","Yes, there is a hand gesture that appears to be part of the communication between the two individuals.","Action Caption"
"af400f98-3c57-46ad-acac-eaca6f940180","Can you describe the physical posture in this frame?","The person's arm is extended forward as if reaching out.","The person in the white shirt is holding a stick, and their posture suggests they are walking or standing still.","Action Caption"
"af400f98-3c57-46ad-acac-eaca6f940180","Are the movements in the video leisurely or hurried?","They appear leisurely.","The movements in the video are leisurely.","Action Caption"
"af400f98-3c57-46ad-acac-eaca6f940180","Does the person in the video come into physical contact with others?","It is implied but not visible.","No, the person in the video does not come into physical contact with others.","Whether Something Happened(Y/N)"
"af400f98-3c57-46ad-acac-eaca6f940180","Is the person in the video engaging in a conversation?","Yes.","Yes.","Whether Something Happened(Y/N)"
"af400f98-3c57-46ad-acac-eaca6f940180","Does the person walk on a grassy path in the video?","No.","Yes.","Whether Something Happened(Y/N)"
"af400f98-3c57-46ad-acac-eaca6f940180","Does the person in the video interact with more than one passerby?","Yes.","Yes, the person in the video interacts with at least one other passerby.","Whether Something Happened(Y/N)"
"af400f98-3c57-46ad-acac-eaca6f940180","What is the setting of this video clip?","It's on a road with a person walking and interacting with a woman.","The setting of the video clip is a narrow, wet road with patches of water and mud.","Scene Summary"
"af400f98-3c57-46ad-acac-eaca6f940180","Is there any physical contact between the two individuals?","No.","Yes, the person in the blue and white patterned dress is holding onto the other individual's hand as they walk.","Whether Something Happened(Y/N)"
"af400f98-3c57-46ad-acac-eaca6f940180","Did the person in the video stop walking while interacting?","No.","Yes, the person in the video stopped walking while interacting with another individual.","Whether Something Happened(Y/N)"
"af400f98-3c57-46ad-acac-eaca6f940180","Is the communication friendly and non-threatening?","Yes.","Yes, the communication is friendly and non-threatening.","Whether Something Happened(Y/N)"
"af400f98-3c57-46ad-acac-eaca6f940180","In the video, do I interact with some passersby before walking with the woman on the road?","No","Yes, I interact with some passersby before walking with the woman on the road.","Order Judging(Y/N)"
"af400f98-3c57-46ad-acac-eaca6f940180","In the video, do I walk alone on the road before interacting with a woman?","Yes","Yes, you walk alone on the road before interacting with a woman.","Order Judging(Y/N)"
"af400f98-3c57-46ad-acac-eaca6f940180","What do I do just before interacting with the woman on the road in the video?","Walk alone","You should hold the woman's hand and then turn to face her.","What event order"
"20bc995f-c3de-4789-bd7a-34cf1a313b0c","Who is involved in the scene?","A man and some girls.","The scene involves a person preparing food, likely in a street food setting.","Scene Summary"
"20bc995f-c3de-4789-bd7a-34cf1a313b0c","What activity is taking place?","Food preparation.","The activity taking place is the preparation of a dish, likely for serving or consumption.","Scene Summary"
"20bc995f-c3de-4789-bd7a-34cf1a313b0c","What can be seen on the table in the scene?","Ingredients and cooking utensils.","The table is cluttered with various food items, including a large metal bowl filled with a yellowish mixture and a small metal bowl containing white rice.","Scene Summary"
"20bc995f-c3de-4789-bd7a-34cf1a313b0c","What is the camera wearer doing with the spoon?","Cooking food.","The camera wearer is using the spoon to scoop and mix the contents of a bowl, which contains a mixture of ingredients.","Action Caption"
"20bc995f-c3de-4789-bd7a-34cf1a313b0c","What can be assumed about the pace of the activity?","It is fast-paced.","The activity appears to be fast-paced, as indicated by the close-up shots of hands working with various ingredients and utensils.","Action Caption"
"20bc995f-c3de-4789-bd7a-34cf1a313b0c","Does the video show any monetary transaction?","No.","Yes, the video shows a transaction of money being exchanged between the person and another individual.","Whether Something Happened(Y/N)"
"20bc995f-c3de-4789-bd7a-34cf1a313b0c","Is the food prepared for a large group?","Yes.","Yes.","Whether Something Happened(Y/N)"
"20bc995f-c3de-4789-bd7a-34cf1a313b0c","Does the camera wearer handle more than one dish?","Yes.","Yes, the camera wearer handles two dishes.","Whether Something Happened(Y/N)"
"20bc995f-c3de-4789-bd7a-34cf1a313b0c","What is the setting in this video clip?","A food tent with servings of food.","The setting is a bustling street food stall at night, with various dishes and ingredients on display.","Scene Summary"
"20bc995f-c3de-4789-bd7a-34cf1a313b0c","Is the person serving food to more than one person?","Yes.","Yes, the person is serving food to more than one person.","Whether Something Happened(Y/N)"
"20bc995f-c3de-4789-bd7a-34cf1a313b0c","Is there a pot included in the food items being served?","Yes.","Yes, there is a pot included in the food items being served.","Whether Something Happened(Y/N)"
"20bc995f-c3de-4789-bd7a-34cf1a313b0c","Is the setting of this video during a nighttime event?","Yes.","Yes.","Whether Something Happened(Y/N)"
"20bc995f-c3de-4789-bd7a-34cf1a313b0c","Is the food made for a man and some girls before serving food under the tent?","Yes","Yes, the food is made for a man and some girls before serving food under the tent.","Order Judging(Y/N)"
"20bc995f-c3de-4789-bd7a-34cf1a313b0c","What is the setting of the video clip?","At a roadside food stall.","The setting of the video clip is a bustling street food stall with various dishes and ingredients on display, including fried snacks, pickled vegetables, and other food items.","Scene Summary"
"20bc995f-c3de-4789-bd7a-34cf1a313b0c","Who is the main person interacting with others in the scene?","A food stall vendor.","The main person interacting with others is a child.","Scene Summary"
"20bc995f-c3de-4789-bd7a-34cf1a313b0c","What type of interaction occurs between the vendor and customers?","Serving food and conversing.","The vendor interacts with customers by offering them food and engaging in a conversation.","Scene Summary"
"20bc995f-c3de-4789-bd7a-34cf1a313b0c","How is the stall vendor engaging with the customers besides serving food?","Talking with them.","The stall vendor is engaging with the customers by interacting with them through a mobile phone, possibly checking on their orders or sharing updates.","Action Caption"
"20bc995f-c3de-4789-bd7a-34cf1a313b0c","Is the vendor wearing gloves while handling food?","No.","Yes, the vendor is wearing gloves while handling food.","Whether Something Happened(Y/N)"
"20bc995f-c3de-4789-bd7a-34cf1a313b0c","Does the video show a customer receiving change after payment?","No.","Yes, the video shows a customer receiving change after payment.","Whether Something Happened(Y/N)"
"20bc995f-c3de-4789-bd7a-34cf1a313b0c","Is there any interaction between the customers in the frame?","No.","Yes, a customer is seen holding an item and interacting with the person at the counter.","Whether Something Happened(Y/N)"
"20bc995f-c3de-4789-bd7a-34cf1a313b0c","Does the stall have a digital payment option displayed?","Yes.","Yes, the stall has a QR code displayed on its wall.","Whether Something Happened(Y/N)"
"20bc995f-c3de-4789-bd7a-34cf1a313b0c","Does the interaction with woman B happen before serving to woman C?","Yes","Yes, the interaction with woman B happens before serving to woman C.","Order Judging(Y/N)"
"20bc995f-c3de-4789-bd7a-34cf1a313b0c","Do I serve food to a group of people before the roadside food stall scene?","No","Yes, the person in a black shirt is seen serving food to a group of people before the roadside food stall scene.","Order Judging(Y/N)"
"20bc995f-c3de-4789-bd7a-34cf1a313b0c","In the video, did I serve food under the tent before talking to man A at the stand?","No","Yes, the man A at the stand was seen talking to someone before serving food under the tent.","Order Judging(Y/N)"
"20bc995f-c3de-4789-bd7a-34cf1a313b0c","In the video, does serving pani puri occur before making food for the man and girls?","Yes","Yes, the video shows a person serving pani puri to another individual before making food for them.","Order Judging(Y/N)"
"20bc995f-c3de-4789-bd7a-34cf1a313b0c","What happens before interacting with woman A, B, and C at the roadside stall?","I serve food to a group of people.","Before interacting with woman A, B, and C at the roadside stall, a person wearing a black shirt is seen holding a smartphone.","What event order"
"20bc995f-c3de-4789-bd7a-34cf1a313b0c","Describe the setting of this video clip.","A roadside food stall at night.","The video takes place in a bustling street food stall, characterized by vibrant colors and an array of colorful dishes. The scene is illuminated by artificial lighting, creating a lively atmosphere. A person wearing a blue shirt is seen interacting with the food items on display, including scooping up some of the curry paste from a large bowl.","Scene Summary"
"20bc995f-c3de-4789-bd7a-34cf1a313b0c","Could you summarize the depicted scenario?","A person serving and conversing at a food stall.","The image captures a bustling street food stall at night, with various dishes and ingredients on display. A person is seen holding a smartphone, possibly checking the menu or navigating through an app. The scene includes multiple bowls filled with different types of food, including what appears to be dosas and other fried items. The background features more food items and containers, contributing to the vibrant atmosphere of the market.","Scene Summary"
"20bc995f-c3de-4789-bd7a-34cf1a313b0c","Did the vendor converse with two individuals?","Yes.","Yes, the vendor engaged in a conversation with two individuals.","Whether Something Happened(Y/N)"
"20bc995f-c3de-4789-bd7a-34cf1a313b0c","In the sequence, is food served at the roadside stall before the food tent?","No","Yes.","Order Judging(Y/N)"
"20bc995f-c3de-4789-bd7a-34cf1a313b0c","What scene is captured in the video clip?","A food stand with cooking in progress.","The video captures a bustling street food stall at night, filled with vibrant colors and various dishes being prepared. The scene is illuminated by bright lights that highlight the colorful array of food items on display.","Scene Summary"
"20bc995f-c3de-4789-bd7a-34cf1a313b0c","What's the brief of the depicted scenario?","Food preparation at a stand with a customer waiting.","The brief of the depicted scenario is a person preparing food at an outdoor street food stall, with various dishes and ingredients on display.","Scene Summary"
"20bc995f-c3de-4789-bd7a-34cf1a313b0c","Does the scene capture a customer receiving their order?","No.","Yes","Whether Something Happened(Y/N)"
"20bc995f-c3de-4789-bd7a-34cf1a313b0c","Is there any indication of a payment transaction in the video?","No.","Yes, there is a person holding a small object in the foreground of the video, which could be a phone or a wallet.","Whether Something Happened(Y/N)"
"20bc995f-c3de-4789-bd7a-34cf1a313b0c","Does the video show the cook finishing the dish?","No.","Yes, the cook is seen holding a small container and placing it into one of the bowls on the table.","Whether Something Happened(Y/N)"
"20bc995f-c3de-4789-bd7a-34cf1a313b0c","Is the cook multitasking between cooking and another activity?","Yes.","Yes, the cook is seen handling a small container and another object in their hands while cooking.","Whether Something Happened(Y/N)"
"20bc995f-c3de-4789-bd7a-34cf1a313b0c","Does the cook appear to be preparing food for more than one person?","Yes.","Yes, the cook appears to be preparing food for more than one person.","Whether Something Happened(Y/N)"
"20bc995f-c3de-4789-bd7a-34cf1a313b0c","Did the discussion with man X and man Y happen before serving woman Z?","No","Yes, the discussion with man X and man Y happened before serving woman Z.","Order Judging(Y/N)"
"20bc995f-c3de-4789-bd7a-34cf1a313b0c","What event happened before the phone conversation?","Serving a different customer","Before the phone conversation, a person was seen preparing food at an outdoor stall.","What event order"
"20bc995f-c3de-4789-bd7a-34cf1a313b0c","Was food made for woman A after the interaction with woman B?","Yes","Yes, food was made for woman A after the interaction with woman B.","Order Judging(Y/N)"
"20bc995f-c3de-4789-bd7a-34cf1a313b0c","Did the phone conversation occur before discussing with man Y?","Yes","Yes, the phone conversation occurred before discussing with man Y.","Order Judging(Y/N)"
"20bc995f-c3de-4789-bd7a-34cf1a313b0c","What is seen happening before making food for man B?","Talked on the phone","Before making food for man B, the scene shows a person preparing and serving food on a table.","What event order"
"20bc995f-c3de-4789-bd7a-34cf1a313b0c","What took place just before making food for woman A?","Talked on the phone","Just before making food for woman A, a person was seen holding a small container and preparing to pour some liquid into the bowl.","What event order"
"20bc995f-c3de-4789-bd7a-34cf1a313b0c","What is the location of the scene in the video?","The location is at a food stand.","The scene is set in a bustling street food stall.","Scene Summary"
"20bc995f-c3de-4789-bd7a-34cf1a313b0c","How many customers are being interacted with?","Three customers are being interacted with.","Two customers are being interacted with.","Scene Summary"
"20bc995f-c3de-4789-bd7a-34cf1a313b0c","Does the frame show the server handing pani puris to a customer?","Yes.","Yes","Whether Something Happened(Y/N)"
"20bc995f-c3de-4789-bd7a-34cf1a313b0c","Is the shown frame depicting an indoor activity?","No.","No.","Whether Something Happened(Y/N)"
"20bc995f-c3de-4789-bd7a-34cf1a313b0c","Does the video involve interaction between the server and customers?","Yes.","Yes, the server interacts with customers by offering them food and engaging in a phone call.","Whether Something Happened(Y/N)"
"20bc995f-c3de-4789-bd7a-34cf1a313b0c","Is the phone conversation happening before making food for woman A?","Yes","Yes.","Order Judging(Y/N)"
"20bc995f-c3de-4789-bd7a-34cf1a313b0c","Does man Z get served before the phone conversation starts?","No","Yes, man Z gets served before the phone conversation starts.","Order Judging(Y/N)"
"20bc995f-c3de-4789-bd7a-34cf1a313b0c","In the video, is the interaction with man X and Y before the food preparation for woman A and man B?","No","Yes, the interaction with man X and Y before the food preparation for woman A and man B is not shown in the video.","Order Judging(Y/N)"
"20bc995f-c3de-4789-bd7a-34cf1a313b0c","Do I talk to man Z before making food for woman A and man B?","No.","Yes, you are talking to the man Z before making food for woman A and man B.","Order Judging(Y/N)"
"20bc995f-c3de-4789-bd7a-34cf1a313b0c","Is the food prepared for woman Z before the interaction with man Z?","Yes.","Yes, the food is prepared for woman Z before the interaction with man Z.","Order Judging(Y/N)"
"20bc995f-c3de-4789-bd7a-34cf1a313b0c","What do I do before making food for woman A and man B?","Talking on the phone.","Before making food for woman A and man B, you should prepare the dish by adding ingredients to a pot or pan.","What event order"
"20bc995f-c3de-4789-bd7a-34cf1a313b0c","How many individuals does the camera wearer interact with?","Three individuals.","The camera wearer interacts with two individuals.","Scene Summary"
"20bc995f-c3de-4789-bd7a-34cf1a313b0c","Are there any objects visible in the scene?","Yes, food and serving utensils.","Yes, there are various objects visible in the scene, including a large yellow container with a spoon inside, a red and white container, a black bottle, and other containers.","Scene Summary"
"20bc995f-c3de-4789-bd7a-34cf1a313b0c","Is the environment depicted busy or calm?","Busy, with serving and conversation happening.","The environment depicted is calm.","Scene Summary"
"20bc995f-c3de-4789-bd7a-34cf1a313b0c","Did the camera wearer carry out more than one task?","Yes, serving and conversing.","Yes, the camera wearer was seen holding a phone and interacting with it while standing near the food stall.","Action Caption"
"20bc995f-c3de-4789-bd7a-34cf1a313b0c","Did the serving of food appear organized or haphazard?","Organized, with food laid out.","The serving of food appeared organized, with the ingredients and containers neatly arranged on the table.","Action Caption"
"20bc995f-c3de-4789-bd7a-34cf1a313b0c","Are all men engaged in eating or just conversing?","Only one is shown eating, others converse.","The video shows a man eating from a bowl, but there is also a hand reaching towards the food on the table.","Action Caption"
"20bc995f-c3de-4789-bd7a-34cf1a313b0c","Was there verbal exchange under the tent?","Yes.","Yes, there was verbal exchange under the tent.","Whether Something Happened(Y/N)"
"20bc995f-c3de-4789-bd7a-34cf1a313b0c","Is there visible evidence of food being consumed in the frame?","Yes.","Yes, there is a hand holding a small container of food in the frame.","Whether Something Happened(Y/N)"
"20bc995f-c3de-4789-bd7a-34cf1a313b0c","Does the scene suggest any sign of a rush or urgency?","No, it appears orderly.","Yes, the scene suggests a rush or urgency due to the blurred background and the person's hand reaching out towards the food.","Whether Something Happened(Y/N)"
"20bc995f-c3de-4789-bd7a-34cf1a313b0c","Is the preparation of pani puris shown before serving them to man X and Y?","Yes","Yes, the preparation of pani puris is shown before serving them to man X and Y.","Order Judging(Y/N)"
"20bc995f-c3de-4789-bd7a-34cf1a313b0c","Do I talk on the phone prior to serving food under the food tent?","Yes","Yes, the person is seen holding a phone in their hand before serving food under the food tent.","Order Judging(Y/N)"
"20bc995f-c3de-4789-bd7a-34cf1a313b0c","What occurs just before serving food to man A under the food tent?","Preparing food","Just before serving food to man A, the food tent is filled with various dishes and containers.","What event order"
"20bc995f-c3de-4789-bd7a-34cf1a313b0c","What activity is taking place at the stall?","A person is serving potato balls and gruel.","The activity taking place at the stall is preparing and serving food, with a person pouring a dark liquid into a bowl of chickpeas.","Scene Summary"
"20bc995f-c3de-4789-bd7a-34cf1a313b0c","Who is interacting at the food stall?","A server, a woman, and a girl.","A person wearing a blue shirt is interacting at the food stall.","Scene Summary"
"20bc995f-c3de-4789-bd7a-34cf1a313b0c","What type of service is depicted at the stall?","Food service involving potato balls and gruel.","The service depicted at the stall is a mobile food service, as indicated by the various containers and utensils visible on the table.","Scene Summary"
"20bc995f-c3de-4789-bd7a-34cf1a313b0c","Who is preparing the food in the video clip?","The server at the stall.","The person preparing the food is wearing a blue shirt and holding a smartphone.","Action Caption"
"20bc995f-c3de-4789-bd7a-34cf1a313b0c","What actions can be seen in the frame provided?","Preparing and serving food at the stall.","The actions include the preparation of a dish, pouring liquid into it, scooping and adding ingredients to it, and handling food items.","Action Caption"
"20bc995f-c3de-4789-bd7a-34cf1a313b0c","Is the food being freshly prepared or pre-packaged?","Freshly prepared, as seen in the video.","The food is being freshly prepared, as indicated by the hand holding a small container and the ongoing process of adding ingredients to the dish.","Action Caption"
"20bc995f-c3de-4789-bd7a-34cf1a313b0c","Does the server use any special tools for serving?","Not evident in the provided frame.","Yes, the server uses a small spoon to scoop up the food and then uses a spatula to transfer it onto plates.","Action Caption"
"20bc995f-c3de-4789-bd7a-34cf1a313b0c","Does the video show the server using a foam plate for serving?","Yes.","Yes, the server is seen using a foam plate to scoop and serve the food.","Whether Something Happened(Y/N)"
"20bc995f-c3de-4789-bd7a-34cf1a313b0c","Can we see any cooking equipment in the video?","Yes, in the provided frame.","Yes, there are various cooking equipment visible in the video.","Whether Something Happened(Y/N)"
"20bc995f-c3de-4789-bd7a-34cf1a313b0c","Did the serving of potato balls occur before serving gruel?","Yes","Yes, the serving of potato balls occurred before serving gruel.","Order Judging(Y/N)"
"20bc995f-c3de-4789-bd7a-34cf1a313b0c","Was the conversation with man E before serving food to the woman Z?","No","Yes, the conversation with man E was before serving food to the woman Z.","Order Judging(Y/N)"
"20bc995f-c3de-4789-bd7a-34cf1a313b0c","What event occurs just before serving food to man A?","Being under a food tent","Just before serving food to man A, the scene transitions from a busy street-side food stall to an indoor setting where a person is seen holding a smartphone.","What event order"
"20bc995f-c3de-4789-bd7a-34cf1a313b0c","What happens right before serving potato balls?","Interacting with a group of people","A person picks up a potato ball and places it into the bowl of chickpeas.","What event order"
"20bc995f-c3de-4789-bd7a-34cf1a313b0c","What event happens before interacting with a group of people?","Being at a stall","Before interacting with a group of people, the person is seen preparing food at an outdoor street food stall.","What event order"
"20bc995f-c3de-4789-bd7a-34cf1a313b0c","Did the serving of potato balls happen before the gruel in foam plates?","No","Yes, the serving of potato balls happened before the gruel in foam plates.","Order Judging(Y/N)"
"20bc995f-c3de-4789-bd7a-34cf1a313b0c","In the video, is the food tent scene before the interaction with the group of people?","No","Yes, the food tent scene is before the interaction with the group of people.","Order Judging(Y/N)"
"20bc995f-c3de-4789-bd7a-34cf1a313b0c","What do we see happening just before the food stand scene?","Serving at a stall","Just before the food stand scene, we see a person holding a small container and interacting with the food on the table.","What event order"
"20bc995f-c3de-4789-bd7a-34cf1a313b0c","What's the setting of the video clip?","Inside a food kiosk.","The setting of the video clip is a bustling street food stall in India, characterized by vibrant colors and colorful decorations.","Scene Summary"
"20bc995f-c3de-4789-bd7a-34cf1a313b0c","What is the primary activity occurring?","Food preparation and sales.","The primary activity is the preparation and serving of food at a street food stall.","Scene Summary"
"20bc995f-c3de-4789-bd7a-34cf1a313b0c","Are there any customers present in the video?","Yes, a group of people.","No, there are no customers present in the video.","Scene Summary"
"20bc995f-c3de-4789-bd7a-34cf1a313b0c","What can be seen in the kiosk besides the food?","Food ingredients and cooking utensils.","The kiosk is adorned with colorful decorations and has a variety of foodNECTA snacks, including chips and other fried items.","Scene Summary"
"20bc995f-c3de-4789-bd7a-34cf1a313b0c","What type of food is being sold?","It is not specified.","The video does not provide information about the specific type of food being sold.","Action Caption"
"20bc995f-c3de-4789-bd7a-34cf1a313b0c","Is the food seller working alone?","It's not clear from the clip.","Yes, the food seller is working alone in a busy street food stall.","Action Caption"
"20bc995f-c3de-4789-bd7a-34cf1a313b0c","Does the video show the exchange of goods for payment?","It is not confirmed.","Yes, the video shows a person in the foreground holding a small container and placing it into the pot on the stove.","Action Caption"
"20bc995f-c3de-4789-bd7a-34cf1a313b0c","Does the video show the food being cooked?","No.","Yes, the video shows the food being cooked on a large metal plate.","Whether Something Happened(Y/N)"
"20bc995f-c3de-4789-bd7a-34cf1a313b0c","Does the video show the food being packaged?","No, it shows it being prepared.","Yes, the video shows the food being packaged in a container.","Whether Something Happened(Y/N)"
"20bc995f-c3de-4789-bd7a-34cf1a313b0c","Is there any indication of the kiosk's location being outdoors?","No.","Yes, the background of the image shows a street scene with buildings and other establishments, suggesting an outdoor setting.","Whether Something Happened(Y/N)"
"20bc995f-c3de-4789-bd7a-34cf1a313b0c","In the video, is the gruel served after the interaction with the group of people?","Yes","Yes, the gruel is served after the interaction with the group of people.","Order Judging(Y/N)"
"20bc995f-c3de-4789-bd7a-34cf1a313b0c","Was I at the kiosk before serving potato balls and gruel?","No","Yes, you were at the kiosk before serving potato balls and gruel.","Order Judging(Y/N)"
"20bc995f-c3de-4789-bd7a-34cf1a313b0c","Did I sell food before I prepared it in the kiosk?","No","Yes, the video shows a person preparing food in front of a kiosk with various dishes on display.","Order Judging(Y/N)"
"20bc995f-c3de-4789-bd7a-34cf1a313b0c","Is the food sold to the group of people after I prepared it?","Yes","Yes, the food is served to the group of people after I prepared it.","Order Judging(Y/N)"
"20bc995f-c3de-4789-bd7a-34cf1a313b0c","What event took place before serving food to a group of people?","Prepared food in the kiosk","Yes, the video shows a person preparing food in front of a group of people.","What event order"
"20bc995f-c3de-4789-bd7a-34cf1a313b0c","Did I serve gruel before serving potato balls?","No","Yes, the person in the video is seen serving a bowl of gruel before serving potato balls.","Order Judging(Y/N)"
