"video_id","question","answer","pred_answer","task"
"000000","What task is being performed with vegetables?","Chopping vegetables.","The task being performed with vegetables is chopping and preparing them for the next step in the cooking process.","Scene Summary"
"000000","What step is being taken with flatbread?","Wrapping sauce in flatbread.","The person is preparing to place the flatbread into a pan filled with chili.","Scene Summary"
"000000","What kitchen fixture is being utilized?","Opening a cabinet.","A stove is being utilized in the kitchen.","Scene Summary"
"000000","What's the overview of the action in the clip?","Preparing ingredients for a meal.","The clip shows a person preparing food in a kitchen, specifically making tortillas filled with meat and beans. The scene includes the preparation of tortillas on a stovetop, cooking them in a pot, and then transferring them to a cutting board for further preparation or serving.","Action Caption"
"000000","Does the video show someone chopping vegetables?","Yes.","Yes","Whether Something Happened(Y/N)"
"000000","Did the individual successfully open a kitchen cabinet?","Yes.","Yes, the individual successfully opened a kitchen cabinet to retrieve an ingredient.","Whether Something Happened(Y/N)"
"000000","Is the flatbread being seasoned with sauce?","Yes.","Yes.","Whether Something Happened(Y/N)"
"000000","Is there an occurrence of food being wrapped?","Yes.","Yes.","Whether Something Happened(Y/N)"
"000000","Is the person using a knife for cooking tasks?","Yes.","Yes.","Whether Something Happened(Y/N)"
"000001","What is the location in the video clip?","A kitchen.","The location is a kitchenNECTA kitchen.","Scene Summary"
"000001","What kitchen activity is underway in the clip?","Cutting vegetables.","The activity underway in the clip is preparing a dish that involves slicing tomatoes/INFO","Scene Summary"
"000001","What tool does the person in the video use?","Knives.","The person uses a large knife to cut the tomatoes/INFO","Scene Summary"
"000001","What appliance does the person in the video handle?","The heat regulator of the cooker.","The person in the video handles a large knife and a bowl of chopped/INFO, which is likely a type of vegetable or fruit.","Scene Summary"
"000001","What part of the kitchen furniture does the person interact with?","Drawers.","The person interacts with the kitchen串子, which is a type of vegetable.","Scene Summary"
"000001","How is the person controlling the cooking temperature?","Operating the heat regulator.","The person is using a stove/INFO 200W induction cooktop with an electric range hood above it.","Action Caption"
"000001","What can be inferred from the person's actions with the drawers?","Searching or organizing.","The person is using the drawer/INFO 100% natural, organic, and non-GMO flour to make tortillas.","Action Caption"
"000001","Does the clip show any cooking taking place?","No direct cooking, only preparation.","Yes, the clip shows a close-up of the kitchen/INFO","Action Caption"
"000001","Did the person successfully cut the vegetables?","Yes.","Yes, the person successfully cut the tomatoes/INFO","Whether Something Happened(Y/N)"
"000001","Was the heat regulator adjusted to a specific level?","Yes, it was operated.","Yes, the heat regulator was adjusted/INFO","Whether Something Happened(Y/N)"
"000001","Did the person use any other kitchen tools besides knives?","Heat regulator only mentioned.","Yes, the person used a spatula and a fork to mix the ingredients they had already chopped/INFO","Whether Something Happened(Y/N)"
"000001","Is the cabinet opened before wrapping the sauce in flat bread?","No","Yes.","Order Judging(Y/N)"
"000001","Do I cut vegetables before operating the heat regulator on the cooker?","Yes","Yes, the person is seen cutting tomatoes/INFO","Order Judging(Y/N)"
"000001","Is the drawer opened before the vegetables are chopped?","No","No, the person is not yet ready to use the knife.","Order Judging(Y/N)"
"000001","Does wrapping sauce in flat bread happen after cutting vegetables?","Yes","After cutting the tomatoesNECTARO","Order Judging(Y/N)"
"000001","Do I open the cabinet before chopping the vegetables?","No","No, you open the cabinet before chopping the vegetables/INFO","Order Judging(Y/N)"
"000001","What occurs just before wrapping the sauce in flat bread?","Chopping vegetables","Just before wrapping the tortillas in flat bread, the person is seen placing a tomato on top of the tortilla/INFO and then slicing it into thin slices.","What event order"
"000001","What takes place right before operating the heat regulator of the cooker?","Cutting vegetables with knives","A person is seen opening the ovenNECTO oven door, revealing a pot on the stovetop.","What event order"
"000002","What setting is shown in this video clip?","A kitchen.","The setting shown in the video clip is a kitchen/INFO","Scene Summary"
"000002","What task is being performed with tomatoes?","Cutting tomatoes.","The task performed is preparing a dish that involves cooking and cooking (possibly a burrito (or tortilla) wrap, as indicated by the presence of rolled-up tortillas, onions, and other ingredients (likely beans or rice).","Scene Summary"
"000002","Is there an electronic device being used in this scene?","Yes, a mobile phone.","Yes.","Scene Summary"
"000002","How is the sauce being utilized in the cooking process?","By spreading it on flatbreads.","The sauce is being poured into the tortillas/INFO's, which are rolled up and ready to be cooked.","Action Caption"
"000002","What activity is occurring aside from food preparation?","Operating a mobile phone.","Aside from food preparation, there is a person using a spatula to scoop and spread the filling of the tortillas onto the rolled enchiladas.","Action Caption"
"000002","What manual task is depicted involving food items?","Cutting vegetables, specifically tomatoes.","The manual task depicted involves rolling tortillas and scooping filling from a pot.","Action Caption"
"000002","Is someone chopping vegetables in the video?","Yes.","No, the video does not show any chopping of vegetables. The focus is on the cooking process and the preparation of the food/INFO","Whether Something Happened(Y/N)"
"000002","Is the sauce being poured into a bowl?","No, it's being rolled in flatbreads.","No, the sauce is being poured into a pan on the stove.","Whether Something Happened(Y/N)"
"000002","Is a cooking activity happening in a bedroom?","No, it's happening in a kitchen.","No, the kitchen is in a kitchen/INFO","Whether Something Happened(Y/N)"
"000002","Does the frame capture the act of grilling or frying?","No.","Yes, the frame captures the act of grilling.","Whether Something Happened(Y/N)"
"000002","In the video, are vegetables cut before the heat regulator is operated?","Yes","Yes, the vegetables are cut before the heat regulator is operated.","Order Judging(Y/N)"
"000002","Does rolling sauce in flatbreads occur after cutting tomatoes?","Yes","Yes, after cutting tomatoes, the rolling sauce is added to the flatbreads.","Order Judging(Y/N)"
"000002","Does the opening of the drawers happen before using the mobile phone?","No","Yes, the opening of the drawers/INFO drawers happens before using the mobile phone.","Order Judging(Y/N)"
"000002","Is the heat regulator operated before rolling sauce in flatbreads?","No","Yes, the heat regulator is turned on before rolling sauce in flatbreads.","Order Judging(Y/N)"
"000002","What occurs just before rolling sauce in flatbreads?","Cutting tomatoes with a knife.","Just before rolling sauce in flatbreads, the person uses a spatula to spread some of the sauce evenly over the dough.","What event order"
"000002","What happens just before operating the heat regulator?","Cutting vegetables with knives.","Just before operating the heat regulator, the person is seen/INFO","What event order"
"000002","What is done just before opening drawers in the kitchen?","Operating the heat regulator of the cooker.","Just before opening drawers, the person places a tortilla wrap on a tray and begins to open it.","What event order"
"000002","What activity occurs just before operating a mobile phone?","Rolling sauce in flatbreads.","Just before operating a mobile phone, the person is seen preparing to cook by rolling out dough on a tray.","What event order"
"000002","Is the cabinet opened before the vegetables are chopped?","No","Yes.","Order Judging(Y/N)"
"000002","Does operating the heat regulator happen after chopping vegetables?","Yes","Yes, the person is seen/INFO","Order Judging(Y/N)"
"000002","Is wrapping sauce in flat bread before cutting vegetables?","No","Yes.","Order Judging(Y/N)"
"000002","Do I use the mobile phone before opening drawers?","Yes","Yes, the mobile phone is placed on a drawer/INFO","Order Judging(Y/N)"
"000002","What happens just before the cabinet is opened in the video?","Chopping vegetables","Just before the cabinet is opened, a person is seen.)","What event order"
"000002","What occurs immediately before operating the heat regulator?","Cutting vegetables with knives","The person places the tortillas/INFO con carne asparagus on a plate.","What event order"
"000002","What do I do right before rolling sauce in flat breads?","Cutting tomatoes","You should roll the sauce in a small bowl to ensure it is evenly smooth and well-coated.","What event order"
"000002","What action takes place just before using the mobile phone?","Rolling sauce in flat breads","Just before using the mobile phone, a hand is seen holding a red container with a spoon inside.","What event order"
"000002","What is done directly before opening drawers in the kitchen?","Operating the heat regulator.","The person is seen/INFO","What event order"
"000003","What is the setting of the latest video frame?","A kitchen.","The setting of the latest video frame is a kitchen with various cooking utensils and ingredients on the counter.","Scene Summary"
"000003","What can be seen on the stove in the video clip?","A pan with shawarma filling and bread.","On the stove, there are two tortillas being rolled up and placed on a tray.","Scene Summary"
"000003","How many pans are on the stove in the video?","Two pans.","There are two pans on the stove in the video.","Scene Summary"
"000003","What objects are visible on the kitchen counter in the video?","Ingredients and utensils.","Visible objects on the kitchen counter include a cutting board with chopped vegetables, a bowl of diced tomatoes, and a container labeled 'TIGER'.","Scene Summary"
"000003","What cooking process is happening in the new frames?","Shawarma filling is being prepared.","The new frames show the person preparing tortillas, adding toppings to them and then placing them on a pan with a mixture of meat and vegetables.","Action Caption"
"000003","What action was the cook performing?","Adding bread to the shawarma filling.","The cook was preparing food, specifically rolling tortillas and adding ingredients to them.","Action Caption"
"000003","How is the cook interacting with the food?","By stirring and combining ingredients.","The cook is actively engaged in the cooking process, using various utensils and ingredients to prepare the food.","Action Caption"
"000003","Describe the cook's technique in the video clip.","Carefully scooping and spreading filling onto bread.","The cook demonstrates a meticulous technique by carefully placing the tortillas on the griddle, ensuring they are evenly cooked. The cooking process is well-coordinated and visually appealing, with the vibrant colors of the ingredients contrasting against the dark stovetop.","Action Caption"
"000003","Is there more than one dish being cooked simultaneously?","Yes.","Yes.","Whether Something Happened(Y/N)"
"000003","Is the cook wearing any protective gloves in the video?","No.","No.","Whether Something Happened(Y/N)"
"000003","Does the video capture the addition of toppings to the shawarma?","No.","Yes, the video captures the addition of toppings to the shawarma by placing a dollop of white cheese on top and adding chopped green herbs.","Whether Something Happened(Y/N)"
"000003","Is the mobile phone operated before rolling sauce in flat breads?","No","No, the mobile phone is not operated before rolling sauce in flat breads.","Order Judging(Y/N)"
"000003","Do I cut the tomatoes before preparing the shawarma?","Yes","Yes, the person in the video is seen cutting the tomatoes before preparing the shawarma.","Order Judging(Y/N)"
"000003","Is the shawarma prepared before cutting tomatoes?","No","Yes.","Order Judging(Y/N)"
"000003","Do I roll sauce in flat breads after cutting tomatoes?","Yes","Yes, you roll sauce in flat breads after cutting tomatoes.","Order Judging(Y/N)"
"000003","Is the mobile phone operated after preparing the shawarma?","Yes","Yes.","Order Judging(Y/N)"
"000003","What action occurs just before I operated the mobile phone?","Rolling sauce in flat breads","Just before I operated the mobile phone, a person is seen holding a bowl of chopped tomatoes.","What event order"
"000003","What do I do before cutting the tomatoes?","Nothing, it is the first action.","Before cutting the tomatoes, you should chop them into small pieces.","What event order"
"000003","What occurs just before preparing the shawarma?","Operating the mobile phone","Just before preparing the shawarma, a person is seen holding a bowl of chopped tomatoes and garlic.","What event order"
"000003","In the video, did I open the kitchen drawers before cutting vegetables?","No","Yes, the person in the video opens a drawer to retrieve some vegetables before cutting them.","Order Judging(Y/N)"
"000003","Does the cooking of shawarma happen before regulating the cooker's heat?","Yes","Yes, the cooking of shawarma happens before regulating the cooker's heat.","Order Judging(Y/N)"
"000003","In the video, is the mobile phone operated after the sauce is rolled in flatbreads?","Yes","Yes, the mobile phone is operated after the sauce is rolled in flatbreads.","Order Judging(Y/N)"
"000003","Is heat regulation done before cutting tomatoes with a knife?","No","Yes, the person is seen holding a knife and cutting tomatoes with a spatula before starting to cut them into smaller pieces.","Order Judging(Y/N)"
"000003","In the video sequence, what do I do before cooking shawarma?","Cut vegetables","Before cooking shawarma, I open the microwave and place a bowl of chopped tomatoes on the countertop.","What event order"
"000004","Describe the setting shown in the video clip.","A kitchen where shawarma is being prepared.","The video takes place in a kitchen with a Christmas tree decorated with lights and ornaments, creating a festive atmosphere. The countertop is cluttered with various ingredients and cooking utensils, including a large pot of chili, a bowl of shredded cheese, and several bottles of spices. A person wearing red nail polish is seen preparing food on the counter, adding more ingredients to the dish.","Scene Summary"
"000004","What is happening in these new frames?","Shawarma is being filled with ingredients.","In these new frames, a person is seen holding a smartphone with the camera facing them. They are likely taking a photo or recording a video of the cooking process.","Action Caption"
"000004","Is the person in the video making a meal?","Yes.","Yes.","Whether Something Happened(Y/N)"
"000004","Is the kitchen the main location in these frames?","Yes.","Yes.","Whether Something Happened(Y/N)"
"000004","Does the video capture the moment of grilling meat for the shawarma?","No.","Yes, the video captures the moment of grilling meat for the shawarma.","Whether Something Happened(Y/N)"
"000004","Are spices being added to the food in this clip?","No.","Yes, spices are being added to the food in this clip.","Whether Something Happened(Y/N)"
"000004","In the video, is the shawarma filling added to the bread before wrapping it?","Yes","Yes","Order Judging(Y/N)"
"000004","Does the chopping of vegetables occur before heating the pan?","No","Yes, the chopping of vegetables occurs before heating the pan.","Order Judging(Y/N)"
"000004","Is the stove turned off before removing the pan from heat?","Yes","Yes.","Order Judging(Y/N)"
"000004","In the video, is the bread placed on the pan before adding fillings?","Yes","Yes","Order Judging(Y/N)"
"000004","Is the shawarma served before adding sauce?","No","Yes.","Order Judging(Y/N)"
"000004","What do I do before adding the shawarma filling to the bread?","Chop vegetables","Before adding the shawarma filling to the bread, you should first prepare the tortillas.","What event order"
"000004","What is done before turning off the stove?","Cook shawarma","Before turning off the stove, the person places a red container on the counter and adjusts the spatula to ensure it is properly positioned.","What event order"
"000004","What is the immediate step before serving the shawarma?","Add sauce","The immediate step before serving the shawarma is placing the rolled-up wraps on a tray.","What event order"
"000004","In the video, is the sauce added to the flat bread before cutting the tomatoes?","No","Yes","Order Judging(Y/N)"
"000004","Does the person operate the mobile phone after rolling the sauce in the flat breads?","Yes","Yes, the person operates the mobile phone after rolling the sauce in the flat breads.","Order Judging(Y/N)"
"000004","Is the shawarma prepared before the tomatoes are cut with a knife?","Yes","Yes.","Order Judging(Y/N)"
"000004","In the video, does rolling the sauce happen before the shawarma preparation?","No","No, the sauce is added to the shawarma before rolling it.","Order Judging(Y/N)"
"000004","Is the flat bread used before operating the mobile phone?","Yes","Yes.","Order Judging(Y/N)"
"000005","What setting is portrayed in the latest clip?","A kitchen setting.","The latest clip portrays a festive setting, likely Christmas, with the kitchen decorated and adorned with Christmas decorations.","Scene Summary"
"000005","What activity is featured in the frame?","Preparing shawarma.","The activity featured in the frame is cooking, specifically preparing a dish that includes tortillas and green leafy vegetables.","Scene Summary"
"000005","Is the shawarma preparation process completed in the clip?","No.","Yes.","Whether Something Happened(Y/N)"
"000005","Is there more than one person visible in the kitchen?","No.","Yes.","Whether Something Happened(Y/N)"
"000005","Does the clip show any cooking appliances being used?","No.","Yes, the clip shows a microwave being used to heat up some of the ingredients.","Whether Something Happened(Y/N)"
"000005","Is there any sign of food already cooked in the scene?","No.","Yes, there is a bowl of chili in the background that suggests some food has already been cooked.","Whether Something Happened(Y/N)"
"000005","Is the person in the frame wearing gloves?","No.","No.","Whether Something Happened(Y/N)"
"000005","In the video, is the meat added to the shawarma wrap before chopping the herbs?","No","No, the meat is not added to the shawarma wrap before chopping the herbs.","Order Judging(Y/N)"
"000005","In the video, is the shawarma wrap prepared before the vegetables are chopped?","Yes","Yes.","Order Judging(Y/N)"
"000005","Does chopping herbs happen after the vegetables are mixed in the bowl?","No","Yes, the person continues to chop herbs on the cutting board after mixing the vegetables in the bowl.","Order Judging(Y/N)"
"000005","Is the shawarma meat cooked before the vegetables are cut?","Yes","No, the shawarma meat is not cooked before the vegetables are cut.","Order Judging(Y/N)"
"000005","What happens just before the shawarma meat is added to the wrap in the video?","The vegetables are mixed in a bowl","Just before the shawarma meat is added to the wrap, a person adds fresh green herbs from a bowl into a metal bowl.","What event order"
"000005","What action takes place before the wrap is rolled up in the video?","The meat and vegetables are added to it","Before the wrap is rolled up, a person places the green leaves into a bowl and then uses their hands to roll it.","What event order"
"000005","In the video, is the meat placed on the bread before adding vegetables?","No","No, the meat is not placed on the bread before adding vegetables.","Order Judging(Y/N)"
"000005","Is the bread toasted before spreading the meat on it?","No","No, the bread is not toasted before spreading the meat on it.","Order Judging(Y/N)"
"000005","In the clip, is the chopping of vegetables shown before the frying of meat?","Yes","Yes","Order Judging(Y/N)"
"000005","Does the video show adding condiments after the meat is placed on the bread?","Yes","No, the video does not show adding condiments after the meat is placed on the bread.","Order Judging(Y/N)"
"000005","What occurs just before the meat is added to the bread in the video?","Vegetables are chopped","Just before the meat is added to the bread, a person with red nail polish adds more green leaves from the lettuce into a bowl.","What event order"
"000005","In the video sequence, what do we see happening before the bread is picked up?","Vegetables being sautéed","Before the bread is picked up, we see a person standing in front of a Christmas tree decorated with lights and ornaments. The kitchen counter is cluttered with various ingredients and utensils, including bowls, bottles, and a cutting board.","What event order"
"000005","Before the chopping of vegetables, what event is shown in the clip?","Preparing other ingredients","The clip shows a Christmas tree decorated with lights and ornaments, indicating the event is likely around the holiday season.","What event order"
"000005","What does the cook do before adding condiments to the shawarma?","Place meat on the bread","The cook adds a red spice to the shawarma before adding condiments.","What event order"
"000006","What is the setting of this scene?","A kitchen.","The setting of this scene is a kitchen with various cooking utensils and ingredients on the counter.","Scene Summary"
"000006","What culinary activity is taking place?","Preparing shawarma.","The culinary activity is the preparation of a dish involving tortillas, meat, and a sauce.","Scene Summary"
"000006","Which type of cuisine is being worked on?","Middle Eastern, specifically shawarma.","The cuisine being worked on is likely Mexican, as indicated by the ingredients and cooking process.","Scene Summary"
"000006","Are any other tasks being carried out besides cooking?","No, just cooking.","Yes, the person is also preparing tortillas and adding them to the pot of chili.","Scene Summary"
"000006","Is the kitchen residential or commercial?","It appears residential.","The kitchen is residential.","Scene Summary"
"000006","Is any equipment being used in the action?","Yes, a knife for chopping.","Yes, a microwave is visible in the background.","Action Caption"
"000006","Is the person cooking alone or with others?","The clip only shows one person cooking.","The person is cooking alone, as there are no other people visible in the image.","Action Caption"
"000006","Is there more than one person in this scene?","No.","Yes, there is another person visible in the background of the scene.","Whether Something Happened(Y/N)"
"000006","Has the meal been completed in this frame?","No.","Yes, the meal appears to be complete with all ingredients and preparations in progress.","Whether Something Happened(Y/N)"
"000006","Is the person in the video cleaning?","No.","No.","Whether Something Happened(Y/N)"
"000006","Does this clip show the finished shawarma dish?","No.","Yes, the clip shows the finished shawarma dish with a bowl of sauce and additional ingredients on the counter.","Whether Something Happened(Y/N)"
"000006","Are there any children present in this video?","No.","No, there are no children present in the video.","Whether Something Happened(Y/N)"
"000006","In the video, is the shawarma prepared after I washed the vegetables?","No","Yes","Order Judging(Y/N)"
"000006","In the video, do I chop the parsley before assembling the shawarma?","Yes","Yes, the person chops the parsley before assembling the shawarma.","Order Judging(Y/N)"
"000006","Does cutting tomatoes occur before the marinating of meat?","Yes","Yes, the person is seen cutting tomatoes before the marinating of meat.","Order Judging(Y/N)"
"000006","In the clip, is the garlic crushed before the tzatziki sauce is mixed?","Yes","Yes","Order Judging(Y/N)"
"000006","Is the lettuce shredded after the hummus is spread on the bread?","Yes","No, the lettuce is not shredded after the hummus is spread on the bread.","Order Judging(Y/N)"
"000006","What happens before I season the shawarma meat?","Chopping onions","Before seasoning the shawarma meat, a person places a tortilla on a plate and adds a portion of the cooked meat to it.","What event order"
"000006","What do I do just before wrapping the shawarma?","Adding sauces","You should place the shawarma on a plate or tray and roll it up.","What event order"
"000006","What occurs before I put the shawarma on the grill?","Skewing meat","Before placing the shawarma on the grill, the person is seen preparing a bowl of chili and adding it to the pan.","What event order"
"000006","In the video, what action precedes slicing the cooked shawarma?","Removing from heat","Slicing the cooked shawarma is preceded by placing a tortilla on top of it.","What event order"
"000006","What task is completed before garnishing the dish with parsley?","Placing the shawarma on the plate.","Before garnishing the dish with parsley, the task of spreading a mixture on the tortillas is completed.","What event order"
"000006","In the kitchen, is shawarma added to the pita before chopping the herbs?","No","Yes","Order Judging(Y/N)"
"000006","Are the herbs chopped before the shawarma is cooked?","Yes","Yes, the herbs are chopped before the shawarma is cooked.","Order Judging(Y/N)"
"000006","Is the pita prepared before any cooking starts?","No","Yes, the pita is prepared and placed on a tray before any cooking starts.","Order Judging(Y/N)"
"000006","Is the pan on the stove before chopping the herbs?","Yes","No.","Order Judging(Y/N)"
"000006","What happens before the pita is filled with shawarma?","Shawarma is cooked.","Before filling the pita with shawarma, it is first rolled out and then filled with a mixture of meat and vegetables.","What event order"
"000006","What is the action performed after placing the pan on the stove?","Cooking shawarma.","The action performed after placing the pan on the stove is stirring a mixture of cooked meat and vegetables in the pan.","What event order"
"000007","What is the setting shown in the video clip?","A kitchen.","The setting shown in the video clip is a kitchen with various ingredients and utensils scattered around, including bowls of food, bottles, jars, and a Christmas tree decoration.","Scene Summary"
"000007","Which dish is being prepared in this video?","Shawarma.","The dish being prepared in this video is tortillas.","Scene Summary"
"000007","Are there any decorations visible in the video scene?","Yes, a Christmas tree.","Yes, there is a Christmas tree visible in the background of the video scene.","Scene Summary"
"000007","What appliances are present in the video scene?","A stove and fridge are visible.","The appliances present in the video scene include a stove, a blender, and an oven.","Scene Summary"
"000007","Is the kitchen depicted as clean or messy?","It appears clean.","The kitchen is described as being messy, with various ingredients and utensils scattered around.","Scene Summary"
"000007","Is any cooking appliance being used in the frames?","The stove is being used.","Yes, a blender is being used in the frames.","Action Caption"
"000007","Is there any evidence of recent cooking in the video?","Yes, a pan is on the stovetop.","Yes, there are several bowls and containers with food items that suggest recent cooking activity.","Action Caption"
"000007","Is food being cooked or assembled?","Assembled, as shawarma is being prepared.","Yes, food is being cooked or assembled.","Action Caption"
"000007","Does the clip show any ingredient being chopped or sliced?","No, not depicted in the clip.","Yes, the clip shows a person chopping or slicing ingredients on a cutting board.","Action Caption"
"000007","Is there a person visible in the video clip?","No.","Yes.","Whether Something Happened(Y/N)"
"000007","Does the clip include any festive decorations?","Yes.","Yes.","Whether Something Happened(Y/N)"
"000007","Can you see any finished dish in the clip?","No.","Yes, the finished dish is a plate of tacos with various toppings.","Whether Something Happened(Y/N)"
"000007","Does the clip show someone doing the dishes?","No.","Yes, the clip shows someone washing dishes in a sink.","Whether Something Happened(Y/N)"
"000007","Is there any visible flame or food being cooked directly?","No.","Yes, there is visible smoke or steam rising from the pot on the stove.","Whether Something Happened(Y/N)"
"000008","What is the setting of the latest video clip?","The setting is a kitchen.","The setting of the latest video clip is a kitchen with Christmas decorations in the background.","Scene Summary"
"000008","Describe the activity being carried out.","Cooking or food preparation is being performed.","The activity being carried out is preparing a meal, specifically making tortillas and adding cheese to them. The person is using a grater to grate cheese into a bowl, then placing the grated cheese back into the bowl with the tortillas.","Scene Summary"
"000008","Does the person open the refrigerator in the video?","Yes.","Yes.","Whether Something Happened(Y/N)"
"000008","In the video, is the refrigerator opened before the cheese is retrieved?","Yes","Yes.","Order Judging(Y/N)"
"000008","Is the kitchen light turned on after I enter the room?","No","Yes.","Order Judging(Y/N)"
"000008","Do I start preparing shawarma before setting the ingredients on the counter?","No","Yes, you start preparing shawarma before setting the ingredients on the counter.","Order Judging(Y/N)"
"000008","In the video, is the tree decorated before I begin cooking?","Yes","Yes, the tree is decorated with Christmas lights and ornaments before I begin cooking.","Order Judging(Y/N)"
"000009","What's the setting of the video clip?","In a kitchen.","The setting of the video clip is a kitchen with Christmas decorations in the background.","Scene Summary"
"000009","What objects are present in this scene?","Glass cup, glass bowls, steel bowls, whipping cream, flour, eggs, whisker.","The objects present in this scene include a Christmas tree decorated with lights and ornaments, various kitchen items such as bottles of spices, bowls, eggs, flour, cheese, and a cutting board.","Scene Summary"
"000009","What is the main activity taking place?","Baking preparation.","The main activity is preparing a dish by mixing ingredients and adding cheese to it.","Scene Summary"
"000009","Are there any kitchen appliances visible?","Yes, a stove and a sink.","Yes, there are kitchen appliances visible in the background.","Scene Summary"
"000009","Can you identify the ingredients used?","Heavy whipping cream, flour, and eggs.","Yes, the ingredients used include a bowl of shredded cheese, a container of eggs, and a bowl of flour.","Scene Summary"
"000009","What is being prepared in the kitchen?","A baking recipe.","A dish that appears to be a burrito or wrap is being prepared in the kitchen.","Action Caption"
"000009","What action does the person perform with the eggs?","Cracking and whipping them.","The person pours the eggs into a mixing bowl and mixes them with a whisk.","Action Caption"
"000009","What tool is used for whipping the eggs?","A whisker.","A whisk is used for whipping the eggs.","Action Caption"
"000009","Where are the ingredients placed after being prepared?","In glass and steel bowls.","The ingredients are placed in a plastic container on the counter.","Action Caption"
"000009","How are the ingredients combined?","Poured into bowls and whipped.","The ingredients are combined by mixing the yellow mixture with the red ingredient, then pouring it into a bowl and whisking until well combined.","Action Caption"
"000009","Is there an egg crate visible in the scene?","Yes.","Yes.","Whether Something Happened(Y/N)"
"000009","Did the person crack eggs from both a slab and the fridge?","Yes.","Yes, the person cracked eggs from both a slab and the fridge.","Whether Something Happened(Y/N)"
"000009","Were the flour and whipping cream poured into separate containers?","Yes.","Yes, the flour and whipping cream were poured into separate containers.","Whether Something Happened(Y/N)"
"000009","Is the heavy whipping cream poured before cracking the eggs?","Yes","Yes.","Order Judging(Y/N)"
"000009","Is the flour added to the bowl before the eggs are cracked?","Yes","No, the flour is added to the bowl after the eggs are cracked.","Order Judging(Y/N)"
"000009","What did I do just before whipping the eggs in the video?","Crack the eggs into steel bowls","You did nothing before whipping the eggs.","What event order"
"000009","What takes place just before flour is poured into a bowl?","Pouring cream into a glass cup","Before flour is poured into a bowl, the person uses their hands to mix ingredients in a yellow mixture.","What event order"
"000009","What do we see happening before the egg crate is put in the fridge?","Cracking eggs on the slab","Before the egg crate is put in the fridge, we see a Christmas tree decorated with lights and ornaments.","What event order"
"000009","What occurs just before the shawarma preparation in the video?","Taking the egg crate out of the fridge","Just before the shawarma preparation, a person is seen opening an open refrigerator to retrieve ingredients.","What event order"
"000009","In the video, is the egg cracked into the bowl before the cream is poured?","No","Yes.","Order Judging(Y/N)"
"000009","Does the egg crate go back into the fridge after the eggs are cracked?","Yes","No, the egg crate is left on the counter after the eggs are cracked.","Order Judging(Y/N)"
"000009","In the video, is the flour poured into the bowl after the egg is cracked?","Yes","No, the flour is poured into the bowl after the egg is cracked.","Order Judging(Y/N)"
"000009","Does the preparation of shawarma occur before the cream is poured into the cup?","Yes","Yes, the preparation of shawarma occurs before the cream is poured into the cup.","Order Judging(Y/N)"
"000009","What happens just before the egg crate is put back in the fridge?","The eggs are cracked.","Just before the egg crate is put back in the fridge, a person opens the refrigerator and retrieves an empty container.","What event order"
"000009","What occurs just before the whipping of the egg?","The egg is cracked into the bowl.","Just before the whipping of the egg, a person opens a plastic container filled with shredded cheese and adds it to the bowl.","What event order"
"000009","In the video, what do we see happening before the flour is poured into the bowl?","The cream is poured into a cup.","Before the flour is poured into the bowl, we see a person with red nail polish mixing ingredients in two bowls.","What event order"
"000009","What happens just before the cream is poured into the cup?","Shawarma is prepared.","Just before the cream is poured into the cup, a person places a red nail polish on their nails.","What event order"
"000010","What is the setting of the video clip?","In a kitchen.","The setting of the video clip is a kitchen with various ingredients and utensils scattered on the counter.","Scene Summary"
"000010","What ingredients are combined in the mixture?","Egg, cheese, baking soda, cream, sugar, vegetables.","The mixture includes a red ingredient, possibly tomatoes or chili peppers, and is topped with shredded cheese.","Scene Summary"
"000010","What utensil is used to stir the mixture?","A spatula.","A blue spatula is used to stir the mixture.","Scene Summary"
"000010","Where is the dough placed after removal from the fridge?","On a board on a slab in the kitchen.","The dough is placed on the counter.","Scene Summary"
"000010","What does the person do with the dough and mixture?","Stir the mixture; place dough on board.","The person mixes the dough and mixture in a bowl, then transfers it to a plate.","Scene Summary"
"000010","What preparation is shown in the video clip?","Making some food involving a mixed batter.","The preparation shown in the video clip includes preparing a dish by mixing ingredients, adding cheese to it, and then placing the mixture into an oven.","Action Caption"
"000010","What sequence of actions is depicted in the clip?","Stirring mixture, retrieving, placing dough.","The sequence of actions depicted in the clip includes preparing ingredients, cooking a dish, and then cleaning up.","Action Caption"
"000010","Does the person whip cream into the mixture?","Yes.","Yes, the person whisks cream into the mixture.","Whether Something Happened(Y/N)"
"000010","Does the person transfer the mixture to another container?","No.","Yes","Whether Something Happened(Y/N)"
"000010","Is the dough placed in an oven?","No.","No, the dough is not placed in an oven; it is being prepared on a countertop.","Whether Something Happened(Y/N)"
"000010","Does the person knead the dough in the clip?","No.","Yes, the person kneads the dough in the clip.","Whether Something Happened(Y/N)"
"000010","Is there a moment when sugar is added to the mixture?","No (sugar was already added before).","Yes, there is a moment when sugar is added to the mixture in the final scene.","Whether Something Happened(Y/N)"
"000010","Was the cream poured into a cup before the eggs were cracked?","Yes","Yes, the cream was poured into a cup before the eggs were cracked.","Order Judging(Y/N)"
"000010","Was the mixture stirred before the dough was brought out?","Yes","Yes, the mixture was stirred before the dough was brought out.","Order Judging(Y/N)"
"000010","Did the whipping of eggs happen after the flour was poured?","Yes","Yes, the flour was poured into a bowl of eggs after the whisking process.","Order Judging(Y/N)"
"000010","Is sugar added to the mixture after the egg is whipped?","Yes","Yes.","Order Judging(Y/N)"
"000010","What happened before the dough was placed on the board?","Stirring the mixture","Before the dough was placed on the board, it was mixed with other ingredients and then pressed down to form a ball.","What event order"
"000010","What occurs just before the eggs are whipped?","Cracking eggs into bowls","Just before the eggs are whipped, a person is seen holding a bowl of shredded cheese and a white cloth.","What event order"
"000010","What is done just before cracking eggs from the fridge?","Pouring cream into a cup","Just before cracking eggs from the fridge, a person uses a spatula to scrape out the contents of the egg bowl into another bowl.","What event order"
"000010","What is done right before adding grated cheese to the mixture?","Stirring the mixture","Right before adding grated cheese to the mixture, the person mixes a yellowish batter with a black spatula.","What event order"
"000010","In the video, does the cheese get grated before the eggs are cracked?","No","Yes, the cheese is grated before the eggs are cracked.","Order Judging(Y/N)"
"000010","Is the heavy whipping cream poured into a cup after the flour?","Yes","No, the heavy whipping cream is poured into a bowl after the flour.","Order Judging(Y/N)"
"000010","Does the dough come out of the fridge before the eggs are whipped?","No","Yes, the dough comes out of the fridge before the eggs are whipped.","Order Judging(Y/N)"
"000010","In the video, is the sugar added to the mixture before the vegetables?","Yes","No, the sugar is added to the mixture after the vegetables are mixed.","Order Judging(Y/N)"
"000010","Does the mixture get stirred before the eggs are cracked?","No","Yes, the mixture is stirred before the eggs are cracked.","Order Judging(Y/N)"
"000010","What happens just before the dough is placed on the board?","The mixture is stirred","Just before the dough is placed on the board, a person uses a spatula to scrape out the remaining batter from the bowl into the plate.","What event order"
"000010","In the video sequence, what action is taken before pouring flour into a glass bowl?","Preparing shawarma","Before pouring flour into a glass bowl, the person places a peeled onion on a cutting board.","What event order"
"000010","What occurs just before grating the cheese?","Stirring the mixture","Just before grating the cheese, a person is seen holding a bowl of grated cheese and a white cloth.","What event order"
"000010","In the video, what happens right before whipping the egg?","Cracking the eggs","Right before whipping the egg, a person is seen holding a black spatula and a white cloth.","What event order"
"000010","What do we see happening before the heavy whipping cream is poured?","Preparing shawarma","Before the heavy whipping cream is poured, we see a person with red nail polish holding a bowl of dough and another person in a black apron standing near the sink.","What event order"
"000011","What is the setting of the video clip?","The setting is a kitchen.","The setting of the video clip is a kitchen with various ingredients and utensils scattered on the counter.","Scene Summary"
"000011","What ingredients are being used?","Dough and mixtures in bowls.","The ingredients being used include a yellow mixture, chopped green herbs, and various spices.","Scene Summary"
"000011","What equipment is being utilized?","Rolling pin and spatulas.","The equipment being utilized includes a large metal pot, a stainless steel oven, and various kitchen utensils.","Scene Summary"
"000011","What is the main activity occurring?","Preparing dough and mixtures for baking.","The main activity is the preparation of a dish, specifically making tortillas.","Scene Summary"
"000011","What task is being performed with the dough?","Rolling the dough with a rolling pin.","The task being performed with the dough is spreading it evenly over a pan.","Action Caption"
"000011","What is being done to the mixtures?","The mixtures are being stirred in steel bowls.","The mixture is being stirred and mixed together.","Action Caption"
"000011","Is the dough being prepared for baking?","Yes.","Yes.","Whether Something Happened(Y/N)"
"000011","Is only one type of spatula being used?","No, two different spatulas are being used.","No, two types of spatulas are being used.","Whether Something Happened(Y/N)"
"000011","Did the same person handle all tasks shown in the summary?","Yes.","Yes, the same person is seen handling all tasks shown in the summary.","Whether Something Happened(Y/N)"
"000011","Is anything being cooked in the clip?","No, only preparation steps are shown.","Yes, there are two large pots on the stove with a yellowish mixture being cooked.","Whether Something Happened(Y/N)"
"000011","Is the dough placed on the board before the mixture is stirred?","No","Yes.","Order Judging(Y/N)"
"000011","Is the doe taken out of the fridge before the rolling pin is used?","Yes","Yes.","Order Judging(Y/N)"
"000011","What do we see happening before the spatula stirs the mixture in the steel bowls?","The rolling pin rolls on the dough","Before the spatula stirs the mixture in the steel bowls, we see a Christmas tree decorated with lights and ornaments.","What event order"
"000011","Did I pour heavy whipping cream before cracking eggs?","Yes","Yes, you poured heavy whipping cream before cracking eggs.","Order Judging(Y/N)"
"000011","Is the dough rolled before stirring mixtures in bowls?","Yes","Yes.","Order Judging(Y/N)"
"000011","Do I place the dough on the board after pouring flour?","Yes","Yes, you place the dough on the board after pouring flour.","Order Judging(Y/N)"
"000011","What happens just before I place the dough on the board?","I bring out the dough from the fridge.","Just before placing the dough on the board, a person with red nail polish is seen holding a small container of oil.","What event order"
"000012","What is the setting of the video clip?","A kitchen with a board and cooking items.","The setting of the video clip is a kitchen with various ingredients and utensils scattered on the counter.","Scene Summary"
"000012","What object is primarily shown in the scene?","A doe laid out on a mat on a kitchen board.","The primary object shown in the scene is a large, round dough.","Scene Summary"
"000012","Which item is used in the scene?","A knife to trim edges of the doe.","A yellow liquid is used in the scene.","Scene Summary"
"000012","What stage of the process is shown?","Trimming and folding the prepared doe.","The video shows the final stages of preparing a dough, including folding it into a circular shape and adding toppings.","Scene Summary"
"000012","Can you describe the main task at hand?","Trimming rough edges of the doe.","The main task at hand is preparing dough for cooking, including spreading it out on a baking sheet and shaping it into a round form.","Action Caption"
"000012","What preparation step is shown in the clip?","Folding the trimmed doe together.","The preparation step shown in the clip is making a dough ball.","Action Caption"
"000012","Did the person use a knife in the video?","Yes.","Yes, the person used a knife to cut and shape the dough.","Whether Something Happened(Y/N)"
"000012","Is there any folding action happening?","Yes.","Yes.","Whether Something Happened(Y/N)"
"000012","Did the person complete the trimming action?","Yes.","Yes, the person trimmed off some of the cheese and then placed it back on the dough.","Whether Something Happened(Y/N)"
"000012","Is the dough folded before trimming the rough edges?","No","Yes.","Order Judging(Y/N)"
"000012","Does stirring in the steel bowls happen after folding the dough?","No","Yes, the steel bowls are stirred in after folding the dough.","Order Judging(Y/N)"
"000012","What occurs just before folding the dough?","Trimming the rough edges with a knife","Just before folding the dough, a person uses their hands to press and fold it.","What event order"
"000012","What happens before stirring mixtures in steel bowls?","Rolling the pin on the dough","Before stirring mixtures in steel bowls, the dough is kneaded and shaped into a round shape.","What event order"
"000012","Does rolling the dough with a rolling pin happen before trimming its edges?","Yes","Yes, the rolling pin is used to roll out the dough before trimming its edges.","Order Judging(Y/N)"
"000012","Is the trimmed dough folded before stirring the mixture?","No","Yes.","Order Judging(Y/N)"
"000012","Do I take out the dough from the fridge before preparing mixtures?","Yes","Yes, the dough is taken out of the fridge before preparing mixtures.","Order Judging(Y/N)"
"000012","What occurs before folding the trimmed dough?","Trimming the rough edges with a knife","Before folding the dough, it is placed on a cutting board and then cut into smaller pieces.","What event order"
"000012","What is the first thing I do with the dough after taking it out from the fridge?","Placing it on a board","After taking the dough out from the fridge, you first place it on a plate.","What event order"
"000013","What activity is depicted in this snapshot?","A card game is being played.","The activity depicted in this snapshot is a card game, specifically playing cards.","Scene Summary"
"000013","Where is this scene likely taking place?","The scene is indoors, possibly in a living room.","This scene is likely taking place in a living room.","Scene Summary"
"000013","What objects are present in this setting?","Cards, a piece of paper, and a plant.","The objects present in this setting include a deck of cards, some papers, and various items scattered on the floor.","Scene Summary"
"000013","How is the room furnished?","With a couch, a rug, and various personal items.","The room is furnished with a couch, a chair, and various items scattered around.","Scene Summary"
"000013","What is the approximate time of day in this scene?","It's not discernible from this image.","The scene appears to be set during the day, as indicated by natural light and shadows.","Scene Summary"
"000013","What action is being performed with the cards?","The cards are being reshuffled.","The action being performed with the cards is counting them, as indicated by the person's hand moving through the cards.","Action Caption"
"000013","What is the person across doing?","The person is holding and possibly organizing cards.","The person across is playing a card game, specifically dealing cards from a deck.","Action Caption"
"000013","What follow-up activity to shuffling is likely?","Dealing the cards to players.","The follow-up activity to shuffling is likely the person in the pink mask and blue shirt continuing to shuffle the cards.","Action Caption"
"000013","Is there more than one participant in the card activity?","Yes.","Yes.","Whether Something Happened(Y/N)"
"000013","Is any reading material involved in the activity?","Yes, there's a piece of paper being held.","Yes, there are some cards and a book lying on the floor near the person.","Whether Something Happened(Y/N)"
"000013","Are any electronic devices being used in the game?","No visible electronic devices are used.","Yes, a smartphone is being used to take pictures of the cards.","Whether Something Happened(Y/N)"
"000013","Has any card been laid out on the floor?","No, they're being held or shuffled.","Yes, a card has been laid out on the floor.","Whether Something Happened(Y/N)"
"000014","What activity is taking place in the room?","Playing poker.","A card game is taking place in the room.","Scene Summary"
"000014","What is the setting of this clip?","Indoors, in a room.","The setting of this clip is a cozy living room with wooden flooring, adorned with various items such as books and a plant.","Scene Summary"
"000014","What objects are visible in the scene?","Cards, a carpet, and furniture.","A deck of cards, a small object resembling a phone or remote control, and some papers are visible in the scene.","Scene Summary"
"000014","Describe the atmosphere of the room.","Casual and leisurely.","The room has a cozy and casual atmosphere, with wooden flooring, a potted plant in the corner, and various items scattered around.","Scene Summary"
"000014","What precedes the dealing of cards in poker?","Reshuffling the cards.","The card dealing begins with a hand of cards being shown to the camera.","Action Caption"
"000014","Did someone shuffle cards in this video?","Yes.","Yes, someone in the video is seen shuffling cards.","Whether Something Happened(Y/N)"
"000014","Is the room set up for a large gathering?","No.","Yes.","Whether Something Happened(Y/N)"
"000014","Are the individuals standing in this video?","No.","No, the individuals are sitting on the floor in this video.","Whether Something Happened(Y/N)"
"000014","Was the deck reshuffled before playing the cards?","Yes.","Yes, the deck was reshuffled before playing the cards.","Order Judging(Y/N)"
"000014","What occurs just before picking up the cards?","The cards are spread on floor.","Just before picking up the cards, a hand holding a card appears and picks it up.","What event order"
"000014","What action occurs before the deck is seen in a unified stack?","Separate the cards.","Before the deck is seen in a unified stack, the person places their hand on their knee and gestures with their other hand.","What event order"
"000014","What is visible before I separate cards?","Floor and unorganized cards.","Before I separate cards, there are several playing cards visible on the floor.","What event order"
"000015","What is the setting of the current video clip?","A room with two people playing cards.","The setting of the current video clip is a cozy living room with wooden flooring, adorned with various items such as books, a plant, and a small table.","Scene Summary"
"000015","What objects are prominent in the video scene?","Playing cards, a phone, and a paper.","Prominent objects in the video scene include a deck of cards, playing cards, money, and various other items scattered on the floor.","Scene Summary"
"000015","How would you characterize the atmosphere in the video?","Casual and leisurely.","The atmosphere in the video is casual and relaxed, with a focus on the card game.","Scene Summary"
"000015","What actions are being performed in the video clip?","Shuffling, picking, and playing cards.","The actions include the person playing cards, examining a small object, and interacting with someone off-screen.","Action Caption"
"000015","Did the individuals reshuffle the cards in the video?","Yes.","Yes, the individuals reshuffled the cards in the video.","Whether Something Happened(Y/N)"
"000015","Was a phone used during the gameplay?","Yes.","Yes, a phone was used to take photos of the cards and other objects.","Whether Something Happened(Y/N)"
"000015","Was a new game started in the video clip?","Yes.","Yes, a new game was started in the video clip.","Whether Something Happened(Y/N)"
"000015","Did the scene capture any form of disagreement?","No.","No, the scene does not capture any form of disagreement.","Whether Something Happened(Y/N)"
"000015","In the video, is the poker game started before the cards are reshuffled?","No.","Yes, the poker game is started before the cards are reshuffled.","Order Judging(Y/N)"
"000015","Is the deck spread out on the floor after picking a card?","Yes.","Yes.","Order Judging(Y/N)"
"000015","Does the card shuffling happen before sitting on the floor?","No.","No, the card shuffling happens after sitting on the floor.","Order Judging(Y/N)"
"000015","In the video, is the card game initiated before sitting with the lady?","No.","Yes, the card game is initiated before sitting with the lady.","Order Judging(Y/N)"
"000015","What happens before the poker game is played in the video?","Cards are picked.","Before the poker game is played, a person wearing a pink shirt and blue jeans sits on the floor with their legs crossed. They are holding a deck of cards in one hand while gesturing with the other hand.","What event order"
"000015","What occurs right before reshuffling the cards?","I sit with the lady.","A hand holding a smartphone appears, possibly to take a photo or record the event.","What event order"
"000015","What is done just before spreading the cards on the floor?","Cards are picked.","Just before spreading the cards on the floor, a hand holding a smartphone is seen.","What event order"
"000015","In the video, did I play cards before shuffling them?","No.","Yes, you played cards before shuffling them.","Order Judging(Y/N)"
"000015","In the video, did I shuffle the cards before picking them?","Yes.","Yes, the person in the video picks up a card and then shuffles it before continuing to shuffle the remaining cards.","Order Judging(Y/N)"
"000015","What is the action before reshuffling the cards in the video?","Separating the cards.","Before reshuffling, the person is seen holding a card and looking at it intently.","What event order"
"000016","What is the setting of the video?","A room with two people playing poker.","The setting of the video is a cozy living/INFO","Scene Summary"
"000016","What objects are present in the scene?","Cards, a tablecloth, and personal items on the floor.","The objects present in the scene they are playing cards with include a deck of playing cards, a white cup, and some papers.","Scene Summary"
"000016","What is the main focus of the camera?","The poker game and the players' actions.","The main focus of the camera is on a person playing cards, with their hands moving around and adjusting the cards.","Scene Summary"
"000016","What stage of the game is shown?","The preparation phase, shuffling and dealing cards.","The video shows the game in progress, with one player/INFO","Action Caption"
"000016","Capture the essence of the action in a short phrase.","An intense poker game in progress.","A person is holding a card and then places it on the table.","Action Caption"
"000016","Did the person shuffle the cards more than once?","Yes.","Yes, the person shuffled the cards multiple times.","Whether Something Happened(Y/N)"
"000016","Is there another activity besides poker being portrayed?","No.","Yes, there is another activity portrayed in the video where a person is holding a smartphone and appears to be taking a selfie or recording something.","Whether Something Happened(Y/N)"
"000016","Are both players sitting on chairs?","No, they are sitting on the floor.","No, only one playerNECTED","Whether Something Happened(Y/N)"
"000016","In the video, is the card reshuffling performed before picking the cards?","No","Yes, the card reshuffling is performed before picking the cards.","Order Judging(Y/N)"
"000016","Is the lady X present in the room before I reshuffle the cards?","Yes","Yes","Order Judging(Y/N)"
"000016","Do I play the cards before lady X picks her phone?","No","No, you play the cards before lady/INFO picks her phone.","Order Judging(Y/N)"
"000016","Are the cards picked before they are played?","Yes","Yes, the cards are picked up from the table before they are played.","Order Judging(Y/N)"
"000016","What happens just before the cards are played in the video?","The cards are reshuffled.","Just before the cards are played, a person in a pink and blue/INFO sweater is seen holding a white cup with a straw.","What event order"
"000016","What do we see happening just before the cards are picked?","The cards are reshuffled.","Just before the cards are picked up, a person is seen holding a smartphone in their right hand.","What event order"
"000016","What action takes place before reshuffling the cards?","The cards are picked.","Before reshuffling, the person in the striped/INFO sweater is seen holding a white object and appears to be shaking hands with another individual.","What event order"
"000016","Before the poker game begins, what is the last action performed?","The cards are reshuffled.","The last action performed is the person in the striped/INFO","What event order"
"000016","Did the card reshuffling happen before picking the cards?","No","Yes, the card reshuffling happened before picking the cards.","Order Judging(Y/N)"
"000016","Was playing cards done after picking the cards?","Yes","Yes, after picking the cards, the person picked up a card and began to shuffle it.","Order Judging(Y/N)"
"000016","What happened just before playing poker cards?","Reshuffled the cards","Just before playing poker cards, the person in the striped/INFO sweater was seen holding a white cup and gestNECTING a card.","What event order"
"000016","What occurs right before reshuffling the cards?","Picked the cards","A person in a pink (represented by the hand holding a white card) is seen shuffling the cards.","What event order"
"000016","What action took place just before picking the cards?","Reshuffled the cards","Just before picking the cards, a hand holding a smartphone was seen.","What event order"
"000017","What environment is presented in the video?","A casual indoor space with a card game being played.","The video is set in a cozy living room with wooden flooring, adorned with various items such as books, shoes, and a potted plant.","Scene Summary"
"000017","What sequence of actions is depicted here?","Selecting, organizing, and using cards in a game is depicted.","First, the person is seen holding a white cup and drinking from it. Then, they are shown examining a deck of cards in front of them. Finally, another person appears to be playing with a small object, possibly a card or a game piece, while the first person continues to drink from their cup.","Action Caption"
"000017","How are the participants utilizing the items?","They are using cards for a recreational activity.","The participants are using the items to engage in a card game, with one person holding cards and another holding a white cup.","Action Caption"
"000017","Is there a competitive game being played in this scene?","Yes.","Yes.","Whether Something Happened(Y/N)"
"000017","Has any card been placed face-up on the carpet?","Yes.","Yes, a card has been placed face-up on the carpet.","Whether Something Happened(Y/N)"
"000017","Are there drinks present on the floor beside the players?","Yes.","Yes.","Whether Something Happened(Y/N)"
"000017","Is there a document visible on the floor?","Yes.","Yes.","Whether Something Happened(Y/N)"
"000017","Are both participants actively selecting cards?","Yes.","Yes, both participants are actively selecting cards.","Whether Something Happened(Y/N)"
"000017","Is the poker game played before reshuffling the cards?","No","Yes.","Order Judging(Y/N)"
"000017","What action is performed immediately before reshuffling?","Picking the cards","Before reshuffling, the person holding a white cup is shown drinking from it.","What event order"
"000017","Was the poker card played after the cards were picked?","Yes.","Yes, the cards were played after the poker card was picked up.","Order Judging(Y/N)"
"000017","What action occurs before playing the card game?","Separating cards.","Before playing the card game, a person is seen holding a white cup and drinking from it.","What event order"
"000017","What is done just before reshuffling the cards?","Picking the cards.","Just before reshuffling the cards, one of the players places a card back into their hand.","What event order"
"000018","What is the main setting of this scene?","The setting is a room where a poker card game is being played.","The main setting of this scene is a cozy living room.","Scene Summary"
"000018","How many participants are involved in the card game?","There are two participants in the card game.","Two participants are involved in the card game.","Scene Summary"
"000018","What objects are primarily visible on the table?","Visible objects include poker cards and scattered items.","The objects primarily visible on the table are playing cards, a white cup, and some scattered papers.","Scene Summary"
"000018","Describe the sequence of actions with the poker cards.","The poker cards are picked up, shuffled, then played in turns.","The sequence of actions begins with the person holding a deck of cards, then they shuffle them and deal one card to each player. The game continues as the players take turns dealing cards from their respective hands.","Action Caption"
"000018","Did I carry out a reshuffle of the poker cards?","Yes.","Yes, the person in the pink shirt was seen holding a card and making a reshuffle of the poker cards.","Whether Something Happened(Y/N)"
"000018","Was a complete poker game played in this clip?","Yes.","Yes, a complete poker game was played in this clip.","Whether Something Happened(Y/N)"
"000018","Did the game involve more than two players?","No.","Yes, the game involved more than two players.","Whether Something Happened(Y/N)"
"000018","Did I participate in dealing the cards?","Yes.","Yes, you participated in dealing the cards.","Whether Something Happened(Y/N)"
"000018","In the video, did the card shuffling happen before playing the game?","Yes.","Yes, the card shuffling happened before playing the game.","Order Judging(Y/N)"
"000018","Did the playing of poker cards occur before reshuffling the cards?","No.","Yes, the playing of poker cards occurred before reshuffling the cards.","Order Judging(Y/N)"
"000018","Did picking the cards happen after playing the card game?","No.","Yes, the person picked up a card from the table and began to shuffle it.","Order Judging(Y/N)"
"000018","What happens just before playing the poker card game in the video?","Reshuffling the cards.","Just before playing the poker card game, the person in the pink and white striped shirt takes a sip from their drink.","What event order"
"000018","What occurs directly before playing the card game?","Separating the cards.","A person is seen holding a cup, possibly containing a beverage.","What event order"
"000018","In the video, was the poker card played before they were reshuffled?","No","Yes, the poker card was played before they were reshuffled.","Order Judging(Y/N)"
"000018","In the clip, was the poker card reshuffled after card separation?","Yes","Yes, the poker card was reshuffled after card separation.","Order Judging(Y/N)"
"000018","What occurs just before playing the poker card in the video?","Reshuffling the cards","Just before playing the poker card, a person is seen holding a cup and drinking from it.","What event order"
"000018","In the video, what event precedes playing the card game?","Separating cards","The event that precedes playing the card game is a person holding a cup and a drink, possibly enjoying a beverage while watching the game.","What event order"
"000019","What does this video clip depict in the room scene?","The video shows a card game session in a room.","The video clip depicts a person sitting on the floor in a room, playing cards with money scattered around them.","Scene Summary"
"000019","What can you infer about the location in the video?","It is a casual, home-like space with a seated person.","The location appears to be a cozy indoor setting, possibly a living room or a similar space.","Scene Summary"
"000019","Do these frames show any specific action with the cards?","Yes, the cards are being reshuffled by the person.","Yes, the frames show the cards being dealt and the hands of the players moving around.","Action Caption"
"000019","Did the scene show a game in progress?","Yes.","Yes, the scene showed a game in progress as indicated by the cards being dealt and the person's focused demeanor.","Whether Something Happened(Y/N)"
"000019","Was there a card shuffle taking place?","Yes.","Yes, the person was seen holding a card and looking at it while another hand held a deck of cards.","Whether Something Happened(Y/N)"
"000019","Did they play the cards on a traditional table?","No.","No, they played the cards on a rug.","Whether Something Happened(Y/N)"
"000019","Was the person alone in this activity?","No.","Yes, the person was alone in this activity.","Whether Something Happened(Y/N)"
"000019","Did the video capture an outdoor event?","No.","No.","Whether Something Happened(Y/N)"
"000019","What action takes place immediately before the carpet is covered?","Sitting down.","Before the carpet is covered, a hand holding a smartphone appears and starts to interact with it.","What event order"
"000019","Is the card game played before reshuffling the cards?","No","Yes.","Order Judging(Y/N)"
"000019","Is picking the cards shown before separating them?","Yes","Yes, the person is seen picking up a card from the deck and then placing it back on the table.","Order Judging(Y/N)"
"000019","Does separating cards happen before reshuffling?","Yes","Yes, before reshuffling, the cards are separated and placed on a table.","Order Judging(Y/N)"
"000019","Is reshuffling the cards shown before playing poker?","Yes","Yes, the cards are reshuffled before playing poker.","Order Judging(Y/N)"
"000019","Does picking cards occur before playing the card game?","Yes","Yes, picking cards occurs before playing the card game.","Order Judging(Y/N)"
"000020","What is the current setting in the video clip?","A room where a card game is being played.","The current setting is a cozy living room with wooden flooring, where two people are engaged in playing cards.","Scene Summary"
"000020","What objects are central to the scene in the video?","A deck of poker cards.","The central objects in the scene are a deck of playing cards, a cup with a straw and a black lid, and a small white container.","Scene Summary"
"000020","What is the main focus of the scene?","The act of playing a poker game.","The main focus of the scene is a card game being played by two individuals.","Scene Summary"
"000020","Detail the sequence of actions with the cards.","Cards are being selected, shuffled, and dealt for poker.","The sequence of actions includes the person holding a deck of cards, counting them, and then placing them back on the table. They also interact with another card being dealt from the deck. The person continues to count and place more cards on the table.","Action Caption"
"000020","Does the scene show a poker game in action?","Yes.","No, the scene does not show a poker game in action; it is focused on playing cards and money.","Whether Something Happened(Y/N)"
"000020","Does the video include a moment of card shuffling?","Yes.","Yes, the video includes a moment of card shuffling where one hand is holding cards and another is placing them on the table.","Whether Something Happened(Y/N)"
"000020","Is a card game being organized on a carpet?","Yes.","Yes.","Whether Something Happened(Y/N)"
"000020","Does the clip show someone dealing cards?","Yes.","Yes","Whether Something Happened(Y/N)"
"000020","Is the lady sitting on the floor while playing cards?","Yes.","Yes.","Whether Something Happened(Y/N)"
"000020","Did the card shuffling happen before playing cards?","Yes","Yes, the card shuffling happened before playing cards.","Order Judging(Y/N)"
"000020","Was the room entered before the cards were reshuffled?","Yes","Yes, the room was entered before the cards were reshuffled.","Order Judging(Y/N)"
"000020","Did card shuffling occur before the cards were picked?","No","Yes, card shuffling occurred before the cards were picked.","Order Judging(Y/N)"
"000020","What action is performed right before playing cards?","Reshuffling the cards","A hand is shown holding a card, likely preparing to deal or shuffle the deck.","What event order"
"000020","What happens just before reshuffling the cards?","Picking up the cards","Just before reshuffling, the person in the colorful shirt is seen holding a card and looking at it intently.","What event order"
"000020","What is done immediately before picking up cards?","Entering the room","Before picking up cards, the person is seen holding a smartphone and looking at it.","What event order"
"000020","What takes place immediately after reshuffling cards?","Playing cards","After reshuffling cards, the person in the colorful shirt is seen holding a card and gesturing with their hand.","What event order"
"000020","In the video, is the poker game started before reshuffling the cards?","No","Yes, the poker game is started before reshuffling the cards.","Order Judging(Y/N)"
"000020","In the video, is the poker game initiated before the cards are spread out on the floor?","Yes","Yes","Order Judging(Y/N)"
"000020","What happens just before the cards are reshuffled in the video?","The cards are picked up","Just before the cards are reshuffled, a hand holding a card appears to be about to shuffle it.","What event order"
"000020","What happens immediately before the cards are spread out on the floor?","Poker game is played","A hand holding a card appears, and the person starts to spread out the cards on the floor.","What event order"
"000021","What activity is being depicted in this room?","A card game is being played in the room.","The activity depicted in the room is a card game, specifically playing cards.","Scene Summary"
"000021","What can you deduce about the space shown?","It's a lived-in room with a casual, cozy setting.","The space shown is a cozy room with wooden flooring, and there are various items scattered around the floor, including a plant in the background.","Scene Summary"
"000021","Where are the players sitting in the scenario?","The players are seated on the floor.","The players are sitting on the floor in a living room.","Scene Summary"
"000021","What are the visible objects associated with the activity?","Playing cards and casual footwear are visible.","The visible objects include playing cards, a smartphone, and a cup.","Scene Summary"
"000021","Does playing poker occur after picking cards?","Yes","Yes, after picking cards, the person picks up a card and starts to shuffle it.","Order Judging(Y/N)"
"000021","Are cards picked before reshuffling?","Yes","Yes, cards are picked before reshuffling.","Order Judging(Y/N)"
"000021","Is the poker card played after reshuffling?","Yes","Yes.","Order Judging(Y/N)"
"000021","What happens just before reshuffling the cards?","Picking the cards","Just before reshuffling, the person places a card back into the deck.","What event order"
"000021","In the video, is a card picked up before reshuffling the deck?","No","Yes.","Order Judging(Y/N)"
"000021","In the video, does playing cards occur before picking any card from the deck?","No","Yes, the video shows a person picking up cards from the deck before starting to play.","Order Judging(Y/N)"
"000021","In the video, what happens before reshuffling the cards?","Picking up the cards","Before reshuffling, the person is seen holding a card and looking at it intently.","What event order"
"000021","What takes place just after the cards are picked up?","Reshuffling the cards","After the cards are picked up, a hand reaches out to pick up one of the playing cards.","What event order"
"000021","What is done right after reshuffling the deck?","Playing poker cards","The deck is shuffled again, and the person places a card into their hand.","What event order"
"000022","What is the setting of the scene depicted?","The setting is inside a room with two individuals playing poker.","The setting of the scene is a cozy living room with wooden flooring, adorned with various items such as a plant and some books.","Scene Summary"
"000022","What objects are prominent in this scene?","Poker cards and hands are prominent in the scene.","A deck of cards, a glass with a straw, and some scattered papers are prominent objects in this scene.","Scene Summary"
"000022","Is there a card game being played in this video?","Yes.","Yes.","Whether Something Happened(Y/N)"
"000022","Does this video show a person dealing cards?","Yes.","Yes, the video shows a person dealing cards.","Whether Something Happened(Y/N)"
"000022","Are the poker cards being reshuffled in this scene?","Yes.","Yes.","Whether Something Happened(Y/N)"
"000022","Did the card reshuffling occur before playing poker?","Yes.","Yes, the card reshuffling occurred before playing poker.","Order Judging(Y/N)"
"000022","Do I wear blue sleeves before the lady reads a card?","Yes.","Yes, she wears blue sleeves before reading a card.","Order Judging(Y/N)"
"000022","Are poker cards spread on the carpet before organizing them into rows?","Yes.","Yes, the cards are spread out on the carpet before organizing them into rows.","Order Judging(Y/N)"
"000022","Is the picking of cards done before reshuffling?","No","Yes, the picking of cards is done before reshuffling.","Order Judging(Y/N)"
"000022","Is playing poker done after reshuffling cards?","Yes","Yes.","Order Judging(Y/N)"
"000022","Does the reshuffling occur before arranging cards on the floor?","Yes","Yes, the reshuffling occurs before arranging cards on the floor.","Order Judging(Y/N)"
"000022","What takes place right before picking cards?","Sitting in the room","A hand holding a smartphone appears, and the person picks up one of the cards.","What event order"
"000023","What activity is taking place in this clip?","Playing cards with a woman.","The activity taking place in this clip is playing cards, specifically a game of poker or card games.","Scene Summary"
"000023","What is the setting of this scene?","Inside a house.","The setting of this scene is a cozy living room with wooden flooring, featuring a patterned rug on which the playing cards are spread out.","Scene Summary"
"000023","What objects are prominently featured in this clip?","Cards and a carpet.","The objects prominently featured in this clip are a deck of cards, money, and a smartphone.","Scene Summary"
"000023","What is the atmosphere in this scene?","Casual indoor leisure.","The atmosphere in this scene is casual and relaxed, with the participants enjoying a card game.","Scene Summary"
"000023","Is there any interaction between the players?","Yes, they are playing a game together.","Yes, the player on the right is seen making hand gestures and pointing at cards, indicating an active discussion or decision-making process.","Action Caption"
"000023","Can you describe the table setup for the game?","Cards are spread out haphazardly on the carpet.","The table is adorned with a colorful rug, and there are various items scattered around, including a glass of water, a pink shoe, and some papers.","Action Caption"
"000023","How are the players seated during the game?","They are sitting cross-legged on the floor.","The players are seated on the floor, with one player sitting cross-legged and holding a deck of cards.","Action Caption"
"000023","Did the game just start?","No, it is in progress as cards are already spread out.","Yes, the game appears to be in progress as indicated by the cards being dealt and the players' focused expressions.","Whether Something Happened(Y/N)"
"000023","Did reshuffling the cards happen before playing the poker cards?","Yes.","Yes, the cards were reshuffled before playing the poker cards.","Order Judging(Y/N)"
"000023","Did laying out the cards on the floor occur after sitting down?","Yes.","Yes, the cards were laid out on the floor after sitting down.","Order Judging(Y/N)"
"000023","Did the game of cards start after the cards were laid out?","Yes.","Yes, the game of cards started after the cards were laid out.","Order Judging(Y/N)"
"000023","Did I play cards before reshuffling them?","No","Yes, you played cards before reshuffling them.","Order Judging(Y/N)"
"000023","Was the rug visible before I dealt the cards?","Yes","Yes, the rug was visible before I dealt the cards.","Order Judging(Y/N)"
"000023","Did I spread cards on the floor before sitting down?","Yes","Yes, the person sitting down spread cards on the floor before sitting down.","Order Judging(Y/N)"
"000023","Were cards in my hand before reshuffling?","No","No, the cards were not in your hand before reshuffling.","Order Judging(Y/N)"
"000023","Was I seated before the cards were displayed face-up?","Yes","Yes, you were seated before the cards were displayed face-up.","Order Judging(Y/N)"
"000023","What happened just before playing cards?","Reshuffled the cards","Just before playing cards, the person in the pink and blue striped shirt was seen holding a card and gesturing with their hand.","What event order"
"000023","What happened before reshuffling the cards?","Sat in the room","Before reshuffling, the cards were shuffled and dealt to each player.","What event order"
"000023","What did I do before spreading cards on the floor?","Reshuffled them","Before spreading cards on the floor, you were playing a card game.","What event order"
"000023","What action took place before sitting down?","Entered the room","Before sitting down, the person was seen holding a card and gesturing with their hand.","What event order"
"000024","What activity is being performed in the scene?","Playing cards is the activity.","The activity being performed in the scene is playing cards, specifically a game of poker.","Scene Summary"
"000024","How many individuals are participating in the activity?","Two individuals are participating.","Two individuals are participating in the activity.","Scene Summary"
"000024","Can you describe the setting of the video clip?","The setting is indoors, on the floor with a rug.","The video is set in a cozy living room with wooden flooring, where two people are engaged in playing cards. The room has a comfortable and relaxed atmosphere, with various items scattered around the floor, including a plant, a cup, and some shoes.","Scene Summary"
"000024","What is the gender composition of the participants?","One male and one female are participating.","The participants are a woman and another person.","Scene Summary"
"000024","How are the participants positioned in the clip?","They are sitting on the floor.","The participants are positioned on the floor, with one person sitting and holding a smartphone.","Action Caption"
"000024","Describe the interaction between the individuals.","They are engaged in a card game.","The interaction between the individuals is engaging and focused on the game of cards. The person in the foreground, holding a deck of cards, appears to be explaining or discussing something with the other individual who is also holding cards. Both are seated comfortably on the floor, surrounded by scattered playing cards and some personal items like a drink can and a pair of shoes.","Action Caption"
"000024","Are there any other objects involved in the action?","Yes, a deck of cards is involved.","Yes, there is a small black object on the floor near the person holding the money.","Action Caption"
"000024","Is there a competitive activity occurring in the video?","Yes.","Yes.","Whether Something Happened(Y/N)"
"000024","Is there a visible winner in the card game?","No.","Yes.","Whether Something Happened(Y/N)"
"000024","Did I pick up a card before shuffling the deck?","No","Yes, you picked up a card before shuffling the deck.","Order Judging(Y/N)"
"000024","Was the woman seen holding cards before I laid mine on the floor?","Yes","Yes, the woman was seen holding cards before I laid mine on the floor.","Order Judging(Y/N)"
"000024","Did I deal cards to the woman before sitting down?","No","Yes, the woman was seen holding a deck of cards before sitting down.","Order Judging(Y/N)"
"000024","Did the woman adjust her glasses before smiling at me?","Yes","Yes, she adjusted her glasses before smiling at me.","Order Judging(Y/N)"
"000024","Was the woman's sock visible before she crossed her legs?","Yes","Yes, the woman's sock was visible before she crossed her legs.","Order Judging(Y/N)"
"000024","What did the woman do before looking at her hand of cards?","She crossed her legs","She raised her hand to the camera, possibly gesturing or pointing.","What event order"
"000024","What occurred before the woman adjusted her glasses?","She held her cards","Before the woman adjusted her glasses, she was holding a deck of cards and gesturing with one hand.","What event order"
"000024","What action took place before I dealt the cards?","I picked up the deck","Before I dealt the cards, a hand of black and red playing cards was shown to me.","What event order"
"000024","In the video, is the poker game started before reshuffling the cards?","No","Yes, the poker game is started before reshuffling the cards.","Order Judging(Y/N)"
"000024","In the sequence, does the lady pick up her cards before the cards are laid out on the floor?","Yes","Yes, the lady picks up her cards before the cards are laid out on the floor.","Order Judging(Y/N)"
"000024","In the clip, do the cards get scattered on the table before being picked up?","Yes","Yes, the cards get scattered on the table before being picked up.","Order Judging(Y/N)"
"000024","Does the video show the lady with cards in hand before the cards are shuffled?","No","Yes, the video shows the lady with cards in hand before the cards are shuffled.","Order Judging(Y/N)"
"000024","What occurs just before the lady picks up her cards?","Cards are laid out on the floor","Just before the lady picks up her cards, a hand holding a smartphone appears and points towards the camera.","What event order"
"000024","In the video, what happens before the cards are reshuffled?","A round of poker is played","Before the cards are reshuffled, a hand holding a smartphone appears and points towards the cards.","What event order"
"000024","What event happens before the cards get scattered on the table?","The lady picks up her cards","Before the cards get scattered, a person is seen holding a smartphone and interacting with it.","What event order"
"000024","What do we see happening before the cards are laid out on the floor?","Reshuffling of cards","Before the cards are laid out on the floor, a person is seen holding a smartphone and interacting with it.","What event order"
"000024","What action takes place before the poker game starts?","Cards are reshuffled","Before the poker game starts, a hand of cards is dealt from the deck.","What event order"
"000025","What is the setting of this video clip?","I played cards with a woman inside a house.","The setting of the video clip is a cozy living room with wooden flooring, featuring a couch and various items scattered around.","Scene Summary"
"000025","How many people are involved in the scene?","Two people are involved in the scene.","Two people are involved in the scene.","Scene Summary"
"000025","Is there a competitive element visible here?","Yes, the card game implies a competitive interaction.","Yes, the person in the foreground is holding a card and appears to be making a hand gesture, suggesting they might be playing a game or participating in a challenge.","Action Caption"
"000025","Did the individuals rearrange the furniture for playing?","No.","Yes, the individuals rearranged the furniture to create a more comfortable playing area.","Whether Something Happened(Y/N)"
"000025","Did someone draw a card in the clip?","Yes.","Yes, someone drew a card from the deck of cards.","Whether Something Happened(Y/N)"
"000025","Did the scene involve any form of digital technology?","No.","Yes, the scene involved a smartphone being held by one of the players.","Whether Something Happened(Y/N)"
"000025","Did the people appear to be outdoors?","No.","No.","Whether Something Happened(Y/N)"
"000025","In the video, did the shoe appear before the card deck on the carpet?","Yes","No, the shoe did not appear before the card deck on the carpet.","Order Judging(Y/N)"
"000025","Was the hand holding cards before the bottle was seen?","Yes","Yes, the hand holding cards was seen before the bottle.","Order Judging(Y/N)"
"000025","In the clip, did the playing of cards happen before the plant was visible?","No","Yes, the playing of cards happened before the plant was visible.","Order Judging(Y/N)"
"000025","What is shown before the bottle on the left side of the frame?","Cards on the floor","Before the bottle, there is a small black object on the floor.","What event order"
"000025","What do you see before the plant in the video's background?","A sofa","Before the plant, there is a wooden floor and part of a white door frame.","What event order"
"000025","Was the rug straightened before I sat down to play?","No.","Yes, the rug was straightened before I sat down to play.","Order Judging(Y/N)"
"000025","Did I touch my foot before picking more cards from the pile?","No.","Yes, you touched your foot before picking more cards from the pile.","Order Judging(Y/N)"
"000025","Were the cards spread out on the rug before the game started?","No.","Yes, the cards were spread out on the rug before the game started.","Order Judging(Y/N)"
"000025","Did I pick a card from my hand before the woman looked at hers?","Yes.","Yes, the woman picked a card from her hand before she looked at hers.","Order Judging(Y/N)"
"000025","What occurs just before I look at my cards?","I pick them up.","Just before I look at my cards, the person in the pink and blue striped shirt is seen holding a card.","What event order"
"000025","What action takes place before the game begins?","Sitting down on the rug.","Before the game begins, a hand is shown holding a deck of cards.","What event order"
"000025","What happens before more cards are picked from the pile?","Playing a round of cards.","Before more cards are picked from the pile, a hand is shown holding a card.","What event order"
"000026","What activity takes place in this scene?","Playing cards in the house.","A card game involving playing cards and cash is taking place.","Scene Summary"
"000026","Where are the individuals in this scene?","Inside a house.","The individuals are sitting on the floor in a living room.","Scene Summary"
"000026","What objects are central in this scenario?","Cards on the floor.","The central objects in this scenario are the playing cards, money, and a smartphone.","Scene Summary"
"000026","How is the room in the clip furnished?","There's a bookshelf and a couch.","The room is furnished with a wooden floor, a couch against the wall, and various items scattered around.","Scene Summary"
"000026","What action is the person opposite performing?","Holding and presumably playing cards.","The person opposite is holding a smartphone and appears to be interacting with it, possibly taking a photo or recording the game.","Action Caption"
"000026","What seems to be the immediate action captured in the frame?","Dealing or picking up cards.","The immediate action captured in the frame includes a person holding money, another person holding cards, and an individual interacting with the money.","Action Caption"
"000026","What can be said about the card game's progression?","It looks mid-game with several cards played.","The card game progresses with the person in the foreground holding a deck of cards, while the other person is seen moving around and interacting with the cards.","Action Caption"
"000026","Is there a card game occurring?","Yes.","Yes.","Whether Something Happened(Y/N)"
"000026","Is there more than one participant in the game?","Yes.","Yes.","Whether Something Happened(Y/N)"
"000026","Have any cards been laid out on the floor?","Yes.","Yes, several cards have been laid out on the floor.","Whether Something Happened(Y/N)"
"000026","Is the activity taking place indoors?","Yes.","Yes.","Whether Something Happened(Y/N)"
"000026","Does it appear to be a formal card-playing setting?","No.","No, it appears to be a casual and relaxed setting.","Whether Something Happened(Y/N)"
"000026","Was the rug visible before I started playing cards?","Yes.","Yes, the rug was visible before I started playing cards.","Order Judging(Y/N)"
"000026","Did the plant appear in the frame before the game began?","Yes.","Yes, the plant appeared in the frame before the game began.","Order Judging(Y/N)"
"000026","What happens before I sit on the floor?","The setting of the room is displayed.","Before sitting on the floor, the person is seen holding a smartphone and interacting with it.","What event order"
"000026","In the video, does the arrangement of cards on the floor change before a new card is drawn?","No","Yes, the arrangement of cards on the floor changes before a new card is drawn.","Order Judging(Y/N)"
"000026","In the video, is the heart card shown before a player picks more cards?","Yes","Yes, the heart card is shown before a player picks more cards.","Order Judging(Y/N)"
"000026","Does the woman put down a card before all cards are laid out?","Yes","Yes","Order Judging(Y/N)"
"000026","What occurs just before a new card is drawn from the deck?","Players examine their cards","Just before a new card is drawn, the person places their hand on their knee and adjusts their socks.","What event order"
"000026","In the video sequence, what do we see happening before the cards are spread out?","A card is being placed down","Before the cards are spread out, we see a person holding a smartphone and interacting with it.","What event order"
"000026","What takes place right before more cards are picked from the deck?","The woman sorts her cards","A hand holding a card appears, and the person in the pink shirt starts to pick up more cards from the deck.","What event order"
"000027","What environment surrounds the individual in the video?","An apartment setting.","The individual is surrounded by a wooden desk and a chair, creating an environment conducive to studying.","Scene Summary"
"000027","What activity is taking place in this particular setting?","Writing in a book with a pen.","The activity taking place is studying or working on a study material, as indicated by the open books and notebooks filled with handwritten notes.","Scene Summary"
"000027","Was the person depicted cooking in the kitchen?","No.","No, the person was not cooking in the kitchen; they were simply writing.","Whether Something Happened(Y/N)"
"000027","Did any outdoor activity occur in this video?","No.","No, there were no outdoor activities observed in this video.","Whether Something Happened(Y/N)"
"000027","Was the individual standing while performing the task?","No.","No.","Whether Something Happened(Y/N)"
"000027","Is there any verbal communication happening in this scene?","No.","No, there is no verbal communication happening in this scene.","Whether Something Happened(Y/N)"
"000027","Does the video show someone reading a book?","No.","No.","Whether Something Happened(Y/N)"
"000028","What location is shown in the video?","A room with a table.","The video is set in a room with wooden flooring and furniture.","Scene Summary"
"000028","What activity is being done in the clip?","Writing in a notebook.","The activity being done in the clip is studying or working on a study material.","Scene Summary"
"000028","What object is being used to write?","A pen.","A spiral-bound notebook.","Scene Summary"
"000028","What item is on the table besides the notebook?","Opened books.","The item on the notebook is a blue pen.","Scene Summary"
"000028","Is the notebook on a flat surface?","Yes, on a table.","Yes.","Scene Summary"
"000028","What color is the pen being used?","Blue.","The pen being used is blue.","Action Caption"
"000028","Is the person using both hands to write?","Yes, one to hold and one to write.","Yes","Action Caption"
"000028","Has the pen made contact with the paper?","Yes.","No, the pen has not made contact with the paper.","Whether Something Happened(Y/N)"
"000028","Is there a book on the table?","Yes.","No.","Whether Something Happened(Y/N)"
"000028","In the video, do I flip the book page before writing on it?","No","No, the person does not flip the book page before writing on it.","Order Judging(Y/N)"
"000028","In the video, do I write with a pen after sitting at the table?","Yes","Yes, you write with a pen after sitting at the table.","Order Judging(Y/N)"
"000028","Does the writing occur before closing the notebook?","Yes","No, the writing does not occur before closing the notebook.","Order Judging(Y/N)"
"000028","Do I start writing before opening the book?","No","Yes, you start writing before opening the book.","Order Judging(Y/N)"
"000028","Before closing the notebook, what event occurs in the video?","Writing on it","Before closing the notebook, the person writes something on the right page.","What event order"
"000028","What is done prior to sitting at the table in the video?","Entering the room","Prior to sitting at the table, the person is seen writing in a spiral notebook.","What event order"
"000029","What is the setting of the scene in the video clip?","In an apartment.","The setting of the scene is a wooden desk with open notebooks and books, suggesting an academic or study environment.","Scene Summary"
"000029","Who is present in this clip?","A woman writing and another woman interacting with her.","A person wearing a green and yellow outfit is present in the clip.","Scene Summary"
"000029","What objects are noticeable in the video?","A book and a pen.","The video shows a person sitting at a table, writing in a spiral notebook. The objects noticeable include the open book with handwritten notes and diagrams on its pages, a blue pen, and a black pen.","Scene Summary"
"000029","What activities are being performed?","Writing in a book and interacting.","The person is writing in a notebook, taking notes or calculations, and possibly solving problems.","Scene Summary"
"000029","How can we describe the movement in the clip?","Gentle and focused on writing.","The movement is a series of close-up shots that focus on the person's hands and the open notebooks, capturing their interaction with the pages.","Action Caption"
"000029","Does the individual write with her right hand?","Yes.","Yes, the individual writes with her right hand.","Whether Something Happened(Y/N)"
"000029","Is there another person besides the one writing?","Yes.","Yes, there is another person partially visible on the left side of the frame.","Whether Something Happened(Y/N)"
"000029","Is the setting a public place?","No.","No.","Whether Something Happened(Y/N)"
"000029","Do we see any electronic devices being used?","No.","No, there are no electronic devices being used in the image.","Whether Something Happened(Y/N)"
"000029","What happens before picking up the pen in the video?","Sitting at the table","Before picking up the pen, the person is seen holding a blue pen in their right hand.","What event order"
"000029","In the video, does the interaction with woman A happen before writing in the notebook?","No","No, the interaction with woman A does not happen before writing in the notebook. The video shows her actively writing in a spiral notebook while sitting at a table.","Order Judging(Y/N)"
"000029","Is the book opened before picking up the pen?","Yes","Yes.","Order Judging(Y/N)"
"000030","What is the main activity depicted in the video clip?","Writing in a book with a pen.","The main activity depicted in the video clip is a person writing on a spiral-bound notebook.","Scene Summary"
"000030","Where is the individual situated in the video clip?","In a room.","The individual is seated at a wooden desk.","Scene Summary"
"000030","What object is being utilized in the video clip?","A pen.","A spiral-bound notebook is being utilized in the video clip.","Scene Summary"
"000030","Does the video show someone studying?","Yes.","Yes","Whether Something Happened(Y/N)"
"000030","Is the person in the video writing with their left hand?","No.","Yes.","Whether Something Happened(Y/N)"
"000030","Does the video show a person writing on multiple pages?","Yes.","Yes, the video shows a person writing on multiple pages.","Whether Something Happened(Y/N)"
"000030","Is pen picked up before writing on the book as shown in the clip?","Yes","Yes, the pen is picked up before writing on the book.","Order Judging(Y/N)"
"000030","Does writing in the book happen after entering the apartment?","Yes","No, writing in the book happens before entering the apartment.","Order Judging(Y/N)"
"000030","Is the person at the table before writing in the notebook?","Yes","Yes.","Order Judging(Y/N)"
"000030","Does the person use a pen after sitting at the table?","Yes","Yes.","Order Judging(Y/N)"
"000030","Is the person in the apartment before using the pen?","Yes","No.","Order Judging(Y/N)"
"000030","What happens just before writing in the notebook in the video?","Sitting at the table","Just before writing in the notebook, the person adjusts their position slightly and looks at the pages of the notebook.","What event order"
"000030","In the video sequence, what do we see occurring before sitting at the table?","Being in a room","Before sitting at the table, we see a person writing in a spiral-bound notebook with blue ink.","What event order"
"000031","What location is shown in the video clip?","An indoor location.","The video clip shows a wooden desk with open notebooks and a book titled 'BROOKS'.","Scene Summary"
"000031","What activity is depicted in this scene?","Writing in a book.","The scene depicts a person engaged in studying or working on an exam, as indicated by the open notebooks filled with handwritten notes and mathematical equations.","Scene Summary"
"000031","Can you caption the person's activity in this clip?","Writing diligently in a notebook.","Absolutely! The person is meticulously writing in a notebook, focusing on the task at hand.","Action Caption"
"000031","Is there a pen being used for writing in the video?","Yes.","Yes.","Whether Something Happened(Y/N)"
"000031","Does the clip show a person wearing a watch?","Yes.","Yes.","Whether Something Happened(Y/N)"
"000031","Does the video include any dialogue or conversation?","No, it only depicts writing activity.","No, the video does not include any dialogue or conversation.","Whether Something Happened(Y/N)"
"000031","In the video, does opening the book happen before writing with a pen?","Yes","No, the book is closed before writing with a pen.","Order Judging(Y/N)"
"000031","Is the pen picked up after turning the page as shown in the clip?","No","Yes","Order Judging(Y/N)"
"000031","What occurs just before starting to write in the book?","Opening the book","Just before starting to write in the book, the person is seen adjusting their position slightly.","What event order"
"000031","Is the writing in the book shown after being indoor in the clip?","Yes","Yes.","Order Judging(Y/N)"
"000032","Which room is the person located in while writing?","The person is in a room.","The person is located in a room with wooden flooring.","Scene Summary"
"000032","Is the person using any tools for writing?","Yes, the person is using a pen.","Yes, the person is using a blue pen for writing.","Scene Summary"
"000032","Can you describe the setting of the action in the clip?","The action occurs in a room at a desk.","The setting appears to be a study or work area, with the person sitting at a wooden desk.","Action Caption"
"000032","What is the writing tool visible in the frame?","A pen is visible in the frame.","The writing tool visible in the frame is a blue pen.","Action Caption"
"000032","Is the person sitting at a desk in the video?","Yes.","Yes.","Whether Something Happened(Y/N)"
"000032","Does the person sit down after opening the book?","Yes","Yes.","Order Judging(Y/N)"
"000032","Is the book closed before the person starts writing?","No","Yes.","Order Judging(Y/N)"
"000032","What action is taken before the person caps the pen?","The person finishes writing.","Before the person caps the pen, they make a final check of their notebook.","What event order"
"000032","Is the pen placed in the book before writing?","No","Yes.","Order Judging(Y/N)"
"000032","Does the book close before the pen is picked up?","No","Yes, the book closes before the pen is picked up.","Order Judging(Y/N)"
"000032","Is the cap of the pen removed after starting to write?","No","Yes.","Order Judging(Y/N)"
"000032","Does the hand turn the page before picking up the pen?","No","Yes, the hand turns the page before picking up the pen.","Order Judging(Y/N)"
"000032","Is the pen visible in the scene before writing begins?","Yes","Yes.","Order Judging(Y/N)"
"000032","What do we see happening before the hand appears in the frame?","The book is open","Before the hand appears, we see a book titled 'BROOKS & DAVID'S PREMIUM BICYCLE TIRE SPECIAL' with an image of a bicycle on its cover.","What event order"
"000032","What happens just before the pen touches the paper?","The hand moves towards the paper","Just before the pen touches the paper, the person points to a specific section of the notebook.","What event order"
"000032","In the video sequence, what action is performed before turning the page?","Writing on the current page","Before turning the page, the person points to a specific section of the notebook and then starts writing on it.","What event order"
"000032","In the video, what is done just before the hand finished writing?","Moving the pen across the paper","Just before the hand finished writing, a book titled 'BROOKS' is opened and placed on top of the notebook.","What event order"
"000033","What does the brief of the depicted scenario show?","The scenario shows a person writing in a book in an apartment.","The brief of the depicted scenario shows a person sitting at a desk, writing in a notebook with a pen. The notebook has a yellow cover featuring an image of a tire and text that reads ""BROOKS PREMIUM.""","Scene Summary"
"000033","What is the setting of this video clip?","The setting is indoors, in a well-lit apartment.","The setting of the video clip is a study or work area with wooden desks and various notebooks.","Scene Summary"
"000033","Does the video capture the person stopping their writing at any point?","No.","Yes, the video captures the person stopping their writing at a specific point on the notebook.","Whether Something Happened(Y/N)"
"000033","Is the individual in the video using their left hand to write?","No, they are using their right hand.","Yes","Whether Something Happened(Y/N)"
"000033","Is there another person present in the scene assisting the writer?","No, the person is writing alone.","Yes, another person is partially visible on the left side of the frame.","Whether Something Happened(Y/N)"
"000033","In the video, do I write in the book before holding the pen?","No","Yes, you write in the book before holding the pen.","Order Judging(Y/N)"
"000033","Is the pen in my right hand before I start writing in the book?","Yes","Yes, the pen is in my right hand before I start writing in the book.","Order Judging(Y/N)"
"000033","In the sequence, do I open the book before writing on it?","Yes","No, you open the book after writing on it.","Order Judging(Y/N)"
"000033","In the clip, do I wear a green shirt before writing in the book?","Yes","Yes, you can see a green shirt worn by the person in the clip.","Order Judging(Y/N)"
"000033","What occurs just before holding the pen in my right hand?","I am wearing a green shirt","Just before holding the pen in my right hand, I notice a blue pen lying on the table.","What event order"
"000033","Is the book opened before the pen is held in the right hand?","Yes","Yes.","Order Judging(Y/N)"
"000033","Is the hand placed on the book after the pen is picked up?","Yes","Yes, the hand is placed on the book after the pen is picked up.","Order Judging(Y/N)"
"000033","What happens just before the pen starts writing?","The pen is held in the right hand","Just before the pen starts writing, the person's hand moves to rest on their lap.","What event order"
"000033","What is visible before the wrist with a bracelet appears?","The hand holding the pen","A notebook with handwritten notes and a blue pen.","What event order"
"000033","What do we see happening before the hand touches the book?","The book and pen are visible","Before the hand touches the book, we see a closed notebook with handwritten notes and diagrams on its pages.","What event order"
"000033","What takes place before the pen is seen in the video?","The apartment and the book are seen","Before the pen is seen, a person is sitting at a table with open notebooks and a book titled 'BROOKS' in front of them.","What event order"
"000034","What is the setting of the video?","In an apartment.","The setting of the video is a study or work environment with wooden desks and open notebooks.","Scene Summary"
"000034","What activity does the video show?","Writing in a book.","The video shows a person engaged in studying or working on an open book, with the focus on their hands and the pages of the book.","Scene Summary"
"000034","Which hand is used for writing in the video?","The right hand.","The right hand is used for writing in the video.","Scene Summary"
"000034","What type of pen is being used?","A ballpoint pen.","The pen being used is blue.","Scene Summary"
"000034","What object is being used in the action?","A pen.","A blue pen is being used in the action.","Action Caption"
"000034","Is the writing action fluent or hesitant?","Fluent.","The writing action is fluent.","Action Caption"
"000034","Which direction is the pen moving?","Left to right.","The pen is moving from the right side of the notebook to the left.","Action Caption"
"000034","Is the person sitting on a cushion?","Yes.","No.","Whether Something Happened(Y/N)"
"000034","Does the video show page-turning?","No.","Yes, the video shows page-turning as the person continues to write on the notebook.","Whether Something Happened(Y/N)"
"000034","Is the person wearing any wrist accessories?","Yes.","Yes, the person is wearing a bracelet on their left wrist.","Whether Something Happened(Y/N)"
"000034","Did the writing happen in a different location than the apartment?","No","No, the writing happened in a different location than the apartment.","Order Judging(Y/N)"
"000034","Did the use of right hand occur before writing in the book?","No","Yes, the use of right hand occurred before writing in the book.","Order Judging(Y/N)"
"000034","Was there a pen used after the book was opened?","Yes","Yes, a blue pen was used after the book was opened.","Order Judging(Y/N)"
"000034","Did any writing in the book occur without the use of a pen?","No","Yes, the writing in the book occurred without the use of a pen.","Order Judging(Y/N)"
"000034","Was the book closed before writing commenced?","Yes","Yes, the book was closed before writing commenced.","Order Judging(Y/N)"
"000034","What happened before the writing started?","The book was opened","Before the writing started, a person was seen sitting at a desk with an open book and a notebook.","What event order"
"000034","Does the writing in the book occur before changing the page?","Yes","Yes, the writing in the book occurs before changing the page.","Order Judging(Y/N)"
"000034","Does the page turn happen before writing with the pen?","No","No, the page turns before writing with the pen.","Order Judging(Y/N)"
"000034","What occurs just before changing to a new page in the video?","I finish writing","Just before changing to a new page, the person points at something on the notebook and gestures with their hands.","What event order"
"000034","What do I do before sitting down to write in the video?","I enter the room","Before sitting down to write, the person is seen holding a blue pen and pointing at something on their notebook.","What event order"
"000035","What is the setting of the scene in the video clip?","The setting is inside a room.","The setting of the scene is a study area with wooden flooring and a bookshelf in the background.","Scene Summary"
"000035","What objects are present in the video clip?","A book and a pen are present.","The objects present in the video clip are a notebook, an open book with handwritten notes and diagrams, and a spiral-bound notebook.","Scene Summary"
"000035","Can you describe the action the person is performing?","The person is flipping through pages and writing.","The person is actively engaged in writing or marking on a notebook, with their hands moving swiftly across the pages.","Action Caption"
"000035","Does the video show the person closing the book?","No.","No, the video does not show the person closing the book; it only shows them holding and writing on the open book.","Whether Something Happened(Y/N)"
"000035","Is the person using a pencil to write?","No.","Yes.","Whether Something Happened(Y/N)"
"000035","Does the video capture the person turning off the light?","No.","No, the video does not capture the person turning off the light.","Whether Something Happened(Y/N)"
"000035","Does the video show the person taking notes from another text?","No.","Yes, the video shows the person taking notes from another text.","Whether Something Happened(Y/N)"
"000035","In the video, is the book closed before writing begins?","Yes","No, the book is open before writing begins.","Order Judging(Y/N)"
"000035","Does turning the page happen after writing with the pen?","Yes","No, turning the page happens after writing with the pen.","Order Judging(Y/N)"
"000035","In the video, is the pen picked up before the book is opened?","No","Yes, the pen is picked up before the book is opened.","Order Judging(Y/N)"
"000035","Does the writing occur before sitting down in the chair?","No","No, the writing does not occur before sitting down in the chair.","Order Judging(Y/N)"
"000035","In the video sequence, what occurs before the person starts writing?","The book is opened","Before the person starts writing, they are seen holding a pencil and working on an open book.","What event order"
"000035","What action takes place before the book is closed?","The person stops writing","Before the book is closed, a blue pen is placed on top of the page.","What event order"
"000035","In the video, is the book closed after the writing is done?","Yes","Yes, the book is closed after the writing is done.","Order Judging(Y/N)"
"000035","In the video, is there writing on the book's cover before the person writes inside?","Yes","Yes, there is writing on the book's cover before the person writes inside.","Order Judging(Y/N)"
"000035","What is done before the pen cap is removed?","The person prepares to write","The pen cap is removed before the person starts writing on the page.","What event order"
"000036","What activity is displayed in the provided image?","Writing in a book.","The image displays a person engaged in studying or working on an open book, with the focus on their hands and the pages of the book.","Scene Summary"
"000036","Describe the setting where the depicted activity takes place.","In a room.","The activity takes place in a well-lit room with wooden flooring, creating a calm and focused atmosphere conducive to studying.","Scene Summary"
"000036","What object is being used in conjunction with the book?","A pen.","A blue pen is being used in conjunction with the book.","Scene Summary"
"000036","How is the person holding the pen in the frame?","With their right hand.","The person is holding the pen with their right hand, pointing it towards the notebook.","Action Caption"
"000036","What part of the room is visible in the clip?","Only the table area, specifics of the room are not visible.","The room is well-lit, with natural light coming in from the left side of the frame.","Action Caption"
"000036","Is the person writing with their left hand?","No.","Yes.","Whether Something Happened(Y/N)"
"000036","Is the person writing on the last page of the book?","No, there are more pages visible.","Yes.","Whether Something Happened(Y/N)"
"000036","Can we assume the writer is in a public space?","No, it appears to be a private space.","Yes, the presence of a chair and other items on the desk suggests that the setting could be in a public space.","Whether Something Happened(Y/N)"
"000036","In the video, does turning the page happen before writing begins?","No","No, turning the page happens after writing begins.","Order Judging(Y/N)"
"000036","Is the book opened after the pen is held in the hand?","Yes","Yes.","Order Judging(Y/N)"
"000036","In the video, does writing in the book happen before closing the book?","Yes","Yes, writing in the book happens before closing the book.","Order Judging(Y/N)"
"000036","In the video sequence, what do we see occurring just before turning the page?","Writing on the previous page","Just before turning the page, we see a person pointing to something on the right side of the frame with their left hand.","What event order"
"000036","What action takes place immediately before the pen touches the paper?","Holding the pen above the book","A hand with a blue nail polish touches the paper.","What event order"
"000036","In the video, what happens right before the book is opened?","Sitting down","The person points to the open book, indicating they are about to start reading or referencing it.","What event order"
"000036","Did I write in the book before turning the page?","Yes","Yes, you wrote in the book before turning the page.","Order Judging(Y/N)"
"000036","Is the book already opened before I start writing?","Yes","Yes, the book is already opened before I start writing.","Order Judging(Y/N)"
"000036","Did I place my left hand on the page before writing with the pen?","Yes","Yes, you placed your left hand on the page before writing with the pen.","Order Judging(Y/N)"
"000036","What happens before I use the pen to write?","Opening the book","Before using the pen to write, the person points at something on the notebook and gestures with their other hand.","What event order"
"000036","Before closing the book, what action is performed?","Turning the page","Before closing the book, a hand points to something on the page.","What event order"
"000037","What is the setting of this video clip?","The setting is indoors, at a desk.","The setting of the video clip is a study or work environment, as indicated by the presence of multiple open notebooks and books on the table.","Scene Summary"
"000037","What objects are present in this scene?","A book, a pen, and a desk.","The objects present in this scene include a notebook, an open book with text and diagrams, a pen, a blue notepad, and a pair of glasses.","Scene Summary"
"000037","Is the person writing with their right hand?","Yes.","Yes.","Whether Something Happened(Y/N)"
"000037","Is the notebook placed on the person's lap?","No.","No, the notebook is placed on a wooden surface in front of the person.","Whether Something Happened(Y/N)"
"000037","Does this video show any electronic devices being used?","No.","No, the video does not show any electronic devices being used.","Whether Something Happened(Y/N)"
"000037","Is the person seated while writing in the book?","Yes.","Yes.","Whether Something Happened(Y/N)"
"000037","Do I sit down before beginning to write?","Yes","Yes, you should sit down before beginning to write.","Order Judging(Y/N)"
"000037","What happens before the book is opened?","I sit down at the desk.","Before the book is opened, a person points to the open book and gestures towards it.","What event order"
"000037","Did I close the book before starting to write?","No","Yes, the person closed the book before starting to write.","Order Judging(Y/N)"
"000037","Was I seated while writing in the book?","Yes","Yes, the person was seated while writing in the book.","Order Judging(Y/N)"
"000037","Did I turn the page after finishing writing?","No","Yes, you turned the page after finishing writing.","Order Judging(Y/N)"
"000037","Was the pen put down before closing the book?","No","Yes, the pen was put down before closing the book.","Order Judging(Y/N)"
"000037","Did I write on the left page before the right one?","No","Yes, you wrote on the left page before the right one.","Order Judging(Y/N)"
"000038","What is the setting of the scene in this video clip?","The setting is indoors, with a person writing in a notebook.","The setting of the scene is a wooden desk with two open notebooks and a spiral-bound notebook labeled 'BROOKS'.","Scene Summary"
"000038","What activity is being performed in the scene?","Writing on a notebook with a pen.","The activity being performed is studying or working on a book titled 'BROOKS'.","Scene Summary"
"000038","What can we deduce about the person's task in the video?","The person is engaged in a writing activity.","The person appears to be engaged in a study or homework session, as indicated by the open notebooks and the focused attention on the task at hand.","Action Caption"
"000038","Describe the motion taking place in these frames?","The movement of the hand while writing.","The motion in the frames is a person's hand moving from pointing to writing on a notebook, indicating an active engagement with the content.","Action Caption"
"000038","Does the person stop writing at any point in the video?","No.","No, the person continues writing in the notebook throughout the video.","Whether Something Happened(Y/N)"
"000038","Is there any use of electronic devices in these frames?","No.","No, there are no electronic devices visible in these frames.","Whether Something Happened(Y/N)"
"000038","In the video sequence, what do we see happening before writing with the pen?","Sitting at the desk","Before writing with the pen, we see a person sitting at a desk, holding an open book titled 'BROOKS'.","What event order"
"000038","What occurs just before opening the notebook in the video?","Sitting at the desk","Just before opening the notebook, a hand points to something on it.","What event order"
"000038","In the video, does using the pen happen after sitting at the desk?","Yes","Yes, the pen is used to write on the notebook after sitting at the desk.","Order Judging(Y/N)"
"000038","What action precedes putting down the pen on the desk?","Writing in the book","The action that precedes putting down the pen on the desk is writing in a notebook.","What event order"
"000038","What is done just before the writing starts in the video?","Picking up the pen","Just before the writing starts, a pair of glasses is placed on the desk.","What event order"
"000039","Which action is depicted in this frame?","Writing in a book with a pen.","The action depicted in this frame is the person writing on a spiral notebook.","Scene Summary"
"000039","Describe the surroundings visible in this frame.","Indoors, likely a desk or table.","The surroundings include a wooden desk with open notebooks and books, indicating an academic setting.","Scene Summary"
"000039","Can you specify the object being used by the person?","A pen.","The person is using a blue pen to write on the notebook.","Action Caption"
"000039","Did the interaction occur in an outdoor location?","No.","No.","Whether Something Happened(Y/N)"
"000039","Is the person predominantly engaged in a physical activity?","No.","No.","Whether Something Happened(Y/N)"
"000039","In the video, does writing in the notebook occur before conversing with a woman?","Yes.","Yes, writing in the notebook occurs before conversing with a woman.","Order Judging(Y/N)"
"000039","In the video, does the conversation with a woman happen before being in an apartment?","No.","Yes, the conversation with a woman happens before being in an apartment.","Order Judging(Y/N)"
"000039","Is the pen used before entering the apartment as shown in the clip?","No.","Yes.","Order Judging(Y/N)"
"000039","In the video sequence, what do we see happening before conversing with woman X?","Being in an apartment.","Before conversing with woman X, we see a person sitting at the table writing on a notebook.","What event order"
"000039","What happens right before using a pen on the book?","Being indoors.","A hand with blue nail polish points to the book, indicating a pause or decision-making process.","What event order"
"000039","In the video, what occurs directly before the pen is picked up?","Being indoors.","The person is seen writing on a notebook, which is placed in front of them.","What event order"
"000039","What happens before the conversation with woman X in the video?","Writing on a book","Before the conversation with woman X, a person is seen writing on a notebook.","What event order"
"000040","What environments surround the individual scrapping the wall?","An outdoor setting with a ladder near a wooden fence.","The individual is surrounded by a serene suburban environment with trees and houses in the background.","Scene Summary"
"000040","What tool is utilized for scrapping in the scene?","A scraper is used.","A metal scraper is utilized for scrapping in the scene.","Scene Summary"
"000040","Is the individual standing on the ground or elevated while scrapping?","The individual is elevated on a ladder.","The individual is standing on the ground while scrapping.","Scene Summary"
"000040","What is the purpose of using a ladder in this scenario?","To reach higher areas of the wall for scrapping.","The purpose of using a ladder in this scenario is to reach higher areas and access the window frame, which may be damaged or obscured by debris.","Scene Summary"
"000040","How does the individual prepare to scrape the wall?","The individual prepares by stretching out a ladder.","The individual uses a scraper to scrape the wall, removing small pieces of plaster and paint.","Action Caption"
"000040","Does the video show a person using a ladder?","Yes.","Yes, the video shows a person using a ladder to reach up and adjust or fix something on the window frame.","Whether Something Happened(Y/N)"
"000040","Is the wall being scraped in the video?","Yes.","Yes.","Whether Something Happened(Y/N)"
"000040","Does the scene involve stretching a ladder before scrapping?","Yes.","Yes","Whether Something Happened(Y/N)"
"000040","Does the individual scrap the wall without any tools?","No.","No, the individual scrapes the wall with a tool.","Whether Something Happened(Y/N)"
"000041","What location is depicted in this video clip?","The video clip depicts an outdoor scene with a wall.","The video clip depicts a residential area with trees and houses in the background.","Scene Summary"
"000041","How does the environment appear in the video clip?","The environment appears to be a porch or exterior of a building.","The environment appears to be a residential area with trees.)","Scene Summary"
"000041","What structure can be observed in this video clip?","A wall with white paint is observed in this video clip.","The video shows a window with a white frame and a wooden.)","Scene Summary"
"000041","How is the exterior space utilized in the video action?","The exterior space provides a background for removal of an object.","The exterior space is utilized by a person standing.)","Action Caption"
"000041","Is the object completely removed from the wall in the video?","Yes","No, the object is partially removed from the wall.","Whether Something Happened(Y/N)"
"000041","Does the video clip show a wall being painted?","No","Yes.","Whether Something Happened(Y/N)"
"000041","In the video, is the wall outdoors?","Yes","No, the wall is indoors.","Whether Something Happened(Y/N)"
"000041","In the video, is the ladder stretched before scraping the wall?","Yes","Yes","Order Judging(Y/N)"
"000041","What happens just before the wall is scraped in the video?","The ladder is stretched","Just before the wall is scraped, the person is seen holding a piece of wood.)","What event order"
"000042","What exterior work is being performed?","Scraping a wall and smoothing a surface.","The exterior work being performed involves scraping and sanding the window frame.","Scene Summary"
"000042","Where is the activity taking place?","Outside a house.","The activity is taking place in a garage or workshop.","Scene Summary"
"000042","Which tools are being used for the exterior tasks?","A scraper and a planer.","A hammer and a red-handled tool, possibly a sander or sanding rod, are being used for the exterior tasks.","Scene Summary"
"000042","Can you describe the sequence of work shown?","Scraping first, then planing.","The sequence of work begins with the person using a hammer to smooth out the paint on the window, followed by applying a red and yellow tool to the window frame.","Action Caption"
"000042","Does the video show painting work being done?","No.","Yes.","Whether Something Happened(Y/N)"
"000042","Is there any smoothing of surfaces portrayed?","Yes.","Yes.","Whether Something Happened(Y/N)"
"000042","Does the scene capture window installation?","No.","Yes","Whether Something Happened(Y/N)"
"000042","Does the clip depict interior renovation?","No.","Yes.","Whether Something Happened(Y/N)"
"000042","Does smoothing the surface occur before scraping the wall?","No","Yes, the person continues to smooth the surface of the wall before scraping it.","Order Judging(Y/N)"
"000042","Is the removal of plaster seen before the scraping action?","Yes","Yes.","Order Judging(Y/N)"
"000042","Does the planer touch the surface after the wall is scrapped?","Yes","Yes, the planer touches the surface after the wall is scrapped.","Order Judging(Y/N)"
"000042","In the video, is the ladder stretched before scraping the wall?","Yes","Yes.","Order Judging(Y/N)"
"000042","Does the smoothing of the surface occur after scraping the wall?","Yes","Yes, the person continues to smooth out the surface after scraping the wall.","Order Judging(Y/N)"
"000042","Is something removed from the wall before stretching the ladder?","No","Yes.","Order Judging(Y/N)"
"000042","In the clip, is the ladder stretched after smoothing the surface?","No","Yes.","Order Judging(Y/N)"
"000042","What can be seen happening before smoothing the surface?","Scraping the wall","Before smoothing the surface, a person is seen holding a red and black tool, possibly a scraper or sander.","What event order"
"000042","In the video, what happens before stretching the ladder?","Nothing, it is the first action","Before stretching the ladder, the person is seen adjusting and securing it to a wall.","What event order"
"000043","What is the setting of the video clip?","Outside a house.","The setting of the video clip is a workshop or garage, with various tools and materials scattered around.","Scene Summary"
"000043","What task is being performed in the video clip?","Smoothing and scraping a surface.","The task being performed in the video clip is to remove a white plastic sheet from a window.","Scene Summary"
"000043","What tools are being used in the video clip?","A planer and a scraper.","The tools being used in the video clip include a hammer, a screwdriver, and a small tool.","Scene Summary"
"000043","What is the condition of the surface being worked on?","It is a rough surface.","The surface being worked on is peeling and has patches of white paint or plaster.","Scene Summary"
"000043","What is the first action taken on the surface in the clip?","Smoothing it with a planer.","The first action taken on the surface is scraping it with a tool.","Action Caption"
"000043","What is the progression of work on the surface in the clip?","From smoothing to scraping.","The progression of work involves scraping off the old paint, removing the old window frame, and then applying a new layer of paint to cover the exposed areas.","Action Caption"
"000043","How is the condition of the surface changing in the clip?","Becoming smoother and cleaner.","The surface is becoming more deteriorated and worn, with peeling paint and exposed wood.","Action Caption"
"000043","Does the person use a planer on the surface?","Yes.","Yes.","Whether Something Happened(Y/N)"
"000043","Is there an action of scraping visible in the new frames?","Yes.","Yes.","Whether Something Happened(Y/N)"
"000043","Does the clip show the complete smoothing of the surface?","No.","No, the clip shows only a close-up of the person's hands and the surface being smoothed.","Whether Something Happened(Y/N)"
"000043","In the video, is the surface scrapped before it is smoothened with a planer?","No","Yes.","Order Judging(Y/N)"
"000043","In the sequence, is the planer used before the scraper?","Yes","Yes, the planer is used before the scraper.","Order Judging(Y/N)"
"000043","What occurs right before the planer is used on the surface?","Nothing, it's the first action","A person is seen standing on the left side of the frame, with their feet visible.","What event order"
"000043","Did I remove something from the wall before scraping the wall?","Yes","Yes, you removed something from the wall before scraping it.","Order Judging(Y/N)"
"000043","Is the surface smoothened with a planer before scraping with a scraper?","Yes","Yes.","Order Judging(Y/N)"
"000043","Do I smoothen the surface with a planer before removing something from the wall?","No","Yes, you can use a planer to smooth out the surface before removing something from the wall.","Order Judging(Y/N)"
"000043","Is the wall scraped with a scraper before using a planer in one sequence?","No","Yes.","Order Judging(Y/N)"
"000044","What setting is shown in the video clip?","An outdoor scene with window frame paint removal.","The setting shown in the video clip is a workshop or garage, with tools and materials visible on the floor.","Scene Summary"
"000044","Describe the environment shown in the clip.","An outside area, likely a building's exterior.","The environment is a workshop or garage, with various tools and materials scattered around. The focus is on the person's hands as they work on the window frame, using a hammer to adjust it.","Scene Summary"
"000044","What tool is being used in the current action?","A paint scraper is being used in the action.","A small, grey-handled tool is being used in the current action.","Action Caption"
"000044","How is the paint being removed in this scene?","The paint is being manually scraped off.","The paint is being removed by scraping it off with a small tool, which the person uses to carefully remove the remaining layer of paint.","Action Caption"
"000044","Does the video show a paint removal process?","Yes.","Yes.","Whether Something Happened(Y/N)"
"000044","Is the person successfully removing paint from a window frame?","Yes.","Yes.","Whether Something Happened(Y/N)"
"000044","Does the scene take place indoors?","No.","No.","Whether Something Happened(Y/N)"
"000044","Is the surface smoothed with a planer before scraping with a scraper?","Yes","Yes.","Order Judging(Y/N)"
"000044","Does the removal of paint on the window frame happen after smoothing a surface?","Yes","Yes, the removal of paint on the window frame happens after smoothing a surface.","Order Judging(Y/N)"
"000044","Is the paint scraper used before the planer on any surface?","No","Yes, the paint scraper is used to scrape off the old paint from the window frame before using the planer.","Order Judging(Y/N)"
"000044","Is the surface smoothed after removing paint from the window frame?","No","Yes.","Order Judging(Y/N)"
"000044","What happens just before using the scraper on the surface?","Smoothing the surface with a planer","Just before using the scraper, the person points at something on the wall or window frame.","What event order"
"000044","What is done just prior to smoothing a surface?","Nothing, it's the first action.","Just prior to smoothing a surface, the person uses a tool to smooth out the paint on the window frame.","What event order"
"000044","What action takes place before using the paint scraper?","Smoothing and scraping a surface","Before using the paint scraper, the person points to a specific area of the window frame and then uses it to scrape off some paint.","What event order"
"000044","What is the first action performed outside the house?","Smoothing a surface with a planer","The first action performed outside the house is a person using a hammer to scrape off paint from the window frame.","What event order"
"000044","Did I scrape the wall before smoothing the surface with a planer?","Yes.","Yes, the person used a planer to smooth out the surface of the wall before scraping it.","Order Judging(Y/N)"
"000044","Did I smooth the surface with a planer before removing paint from the window frame?","Yes.","Yes, the person smooths the surface with a planer before removing paint from the window frame.","Order Judging(Y/N)"
"000044","What do I do before removing paint from the window frame?","Scrape the wall and smooth a surface.","Before removing paint from the window frame, you should first clean the area with a cloth or paper towel to remove any dirt or debris.","What event order"
"000045","What is the setting of the video clip?","The setting is outside near a window.","The setting of the video clip is a workshop or garage, with various tools and materials scattered around.","Scene Summary"
"000045","What tool is being used on the window?","A scraper is being used.","A red-handled tool is being used on the window.","Action Caption"
"000045","Does the video show paint being scraped off?","Yes.","Yes","Whether Something Happened(Y/N)"
"000045","Is the window frame being refinished?","Yes.","Yes.","Whether Something Happened(Y/N)"
"000045","Is a tool being used for paint removal?","Yes.","Yes.","Whether Something Happened(Y/N)"
"000045","Is the person working on interior maintenance?","No.","Yes.","Whether Something Happened(Y/N)"
"000045","Is the window frame being replaced?","No.","Yes.","Whether Something Happened(Y/N)"
"000045","Is the window opened before the paint is scraped?","Yes","Yes.","Order Judging(Y/N)"
"000045","Does the hand touch the window frame before using the scraper?","Yes","Yes, the hand touches the window frame before using the scraper.","Order Judging(Y/N)"
"000045","Is the paint on the window frame removed before the hand is visible?","No","Yes.","Order Judging(Y/N)"
"000045","Does the window frame appear before the scraper is in motion?","Yes","Yes.","Order Judging(Y/N)"
"000045","Is the paint removed from the window frame before using the planer?","No","Yes.","Order Judging(Y/N)"
"000045","Does the surface smoothing with a planer occur before the scraping?","Yes","Yes, the surface smoothing with a planer occurs before the scraping.","Order Judging(Y/N)"
"000045","Is the scraping of the surface completed before removing paint on the window frame?","No","Yes.","Order Judging(Y/N)"
"000045","What occurs just before scraping the surface?","Smoothening with a planer","Just before scraping the surface, a person points to something on the wall.","What event order"
"000046","What is the main activity taking place outside the house?","Smoothing and scraping surfaces.","The main activity is the person working on a window, using a hammer and chisel to remove or adjust the paint.","Scene Summary"
"000046","Where is the scene set?","Outside a house.","The scene is set in a garage or workshop.","Scene Summary"
"000046","What tools are being used in this scene?","A planer and a scraper.","A hammer and a screwdriver are being used in this scene.","Scene Summary"
"000046","How can you describe the area in which the activity occurs?","It's a woodworking area outside the house.","The area is outdoors, with a window frame and surrounding debris visible.","Scene Summary"
"000046","What actions are being performed in this video clip?","Smoothing with a planer and scraping with a scraper.","The actions performed in this video clip include scraping the window, removing paint from the window frame, and using a hammer to adjust or fix something on the window.","Action Caption"
"000046","What is the focus of the activity in these frames?","Wood surface maintenance.","The focus of the activity is on a window with peeling paint, and the person is using a hammer to remove or adjust the paint.","Action Caption"
"000046","What is the sequence of actions performed outside?","First smoothening, then scraping surfaces.","First, the person uses a hammer to remove nails from the window frame. Then, they use another tool to smooth out any remaining debris or paint.","Action Caption"
"000046","How does the person handle the tools in the video?","With precision and care for the task.","The person handles the tools with precision and care, using them to smooth out the paint on the window frame.","Action Caption"
"000046","What are the visible results of the actions in this clip?","Smooth surfaces and wood shavings scattered.","The visible results include the window being repaired, with a partially completed frame and a ladder leaning against it.","Action Caption"
"000046","Does the video show the use of a woodworking planer?","Yes","Yes, the video shows a close-up of the person using a woodworking planer to smooth out the surface of the window frame.","Whether Something Happened(Y/N)"
"000046","Is the person scraping a wooden surface?","Yes","Yes.","Whether Something Happened(Y/N)"
"000046","Are the actions performed indoor?","No","Yes.","Whether Something Happened(Y/N)"
"000046","Does the activity involve painting or staining?","No","Yes, the activity involves painting or staining.","Whether Something Happened(Y/N)"
"000046","Is the person wearing any safety gear?","No","No, the person is not wearing any visible safety gear.","Whether Something Happened(Y/N)"
"000046","Was the window frame scraped before it was planed?","No","Yes, the window frame was scraped before it was planed.","Order Judging(Y/N)"
"000046","Did the scraping of a surface happen after smoothening it?","Yes","Yes, the scraping of a surface happened after smoothening it.","Order Judging(Y/N)"
"000046","What happens just before the scraper is used on the window frame?","The surface is smoothened with a planer","A person's hand appears, and the scraper is used to scrape off some of the paint from the window frame.","What event order"
"000046","What is the action taken just prior to the planer being used in the video?","There is no action shown before the planer is used","The action taken just prior to the planer being used is a person pointing at something on the wall, possibly indicating where they are planning to place the planer.","What event order"
"000046","Was the surface planed before the scraping of paint on the window frame?","Yes","Yes, the surface was planed before the scraping of paint on the window frame.","Order Judging(Y/N)"
"000046","Was the window frame scraped before planing the surface?","No","Yes, the window frame was scraped before planing the surface.","Order Judging(Y/N)"
"000046","Was the window frame scraped first before using any tools?","No","Yes, the window frame was scraped first before using any tools.","Order Judging(Y/N)"
"000047","What's the brief of the depicted scenario?","A person scrapes a surface outside a house.","The brief of the depicted scenario is a person diligently working on a window, using a hammer to remove peeling paint and sand away stubborn marks.","Scene Summary"
"000047","What can be inferred about the location in the video clip?","It's a residential outdoor area by a window.","The location appears to be a residential area, as indicated by the presence of a window with a decorative pot and some outdoor elements visible in the background.","Scene Summary"
"000047","How would you describe the environment surrounding the action?","It appears to be tranquil and domestic.","The environment is outdoors, with a grassy area and trees visible in the background.","Scene Summary"
"000047","Is the person in the video using a tool for scraping?","Yes.","Yes.","Whether Something Happened(Y/N)"
"000047","Is the scraping happening indoors?","No.","Yes.","Whether Something Happened(Y/N)"
"000047","Does the footage show the completion of the scraping task?","No.","Yes, the footage shows the completion of the scraping task as the person is no longer visible in the frame.","Whether Something Happened(Y/N)"
"000047","Is the person wearing gloves while scraping?","No.","No.","Whether Something Happened(Y/N)"
"000047","Did I smoothen the surface with a planer before scraping it with a scraper?","Yes","Yes, the person used a planer to smooth out the surface before scraping it with a scraper.","Order Judging(Y/N)"
"000047","What occurs just before I scrape the surface with the scraper?","Smoothening with a planer","A person wearing a blue sleeve is seen standing near the window, holding a small object in their hand.","What event order"
"000047","Is the scraping of the window frame after smoothing the surface?","Yes","Yes.","Order Judging(Y/N)"
"000047","What happens just before the window frame is scraped?","The surface is smoothened with a planer","A person points at the window frame, indicating a point of interest or concern.","What event order"
"000047","What occurs right before the surface is smoothened?","The paint is removed with a scraper","A person points at the surface, indicating a point of interest or concern.","What event order"
"000048","Can you describe the setting in the video?","The setting is outdoor by the side of a house.","The setting is a residential area with a garage or shed, characterized by a window frame that has been partially painted and now needs to be repaired. The ground around the window frame is covered in leaves and debris, indicating an outdoor environment.","Scene Summary"
"000048","Does the person succeed in scraping off the material?","Yes.","Yes, the person successfully removes the material from the window frame.","Whether Something Happened(Y/N)"
"000048","Is the scraping being done on an interior wall?","No.","Yes.","Whether Something Happened(Y/N)"
"000048","Is the person using any tool other than a scraper?","No.","No, the person is using only a scraper to scrape off the white paint from the window frame.","Whether Something Happened(Y/N)"
"000048","Does the scrapping of the surface start before walking outside the house?","No","Yes, the scrapping of the surface starts before walking outside the house.","Order Judging(Y/N)"
"000048","In the video, is the scraper used on the lower part of the wall before the upper part?","No","Yes.","Order Judging(Y/N)"
"000048","Is the paint removal near the window sill done after removing paint near the flower pot?","Yes","Yes.","Order Judging(Y/N)"
"000048","What action occurs just before the paint near the flower pot is scraped off?","Scraping near the window sill","Just before the paint near the flower pot is scraped off, a person points to the area where the paint was previously applied.","What event order"
"000048","Is the planer used before the scraper?","Yes","Yes.","Order Judging(Y/N)"
"000048","Is the scraping done before smoothing the surface?","No","Yes.","Order Judging(Y/N)"
"000048","Does the planing occur after the scraping?","No","Yes, the planing continues after the scraping.","Order Judging(Y/N)"
"000048","What happens before the scraping begins?","Smoothing with a planer","Before the scraping begins, a person points to a specific area on the window frame.","What event order"
"000049","What task is being carried out outside the house?","Smoothening a surface with a planer and scraping.","The task being carried out outside the house is painting or repairing a window.","Scene Summary"
"000049","What tools are used in the latest frames for the outdoor task?","A planer and a scraper.","A red-handled tool and a black-handled tool are used for the outdoor task.","Scene Summary"
"000049","Describe the surroundings where the task takes place.","Outside a house, likely a work area with debris.","The task takes place in a residential area with trees and houses visible through the window.","Scene Summary"
"000049","What process is demonstrated in the recent video footage?","Woodworking involving smoothing and scraping actions.","The video demonstrates the process of applying and smoothing down a white paint or coating on a wooden surface, likely to prepare it for painting.","Scene Summary"
"000049","What is the likely purpose of the actions shown in the clip?","Preparing a wooden surface, possibly for painting or finishing.","The likely purpose of the actions shown in the clip is to repair or maintain a damaged window.","Scene Summary"
"000049","Describe the sequential actions taken by the individual.","First, using a planer for smoothing, then a scraper.","The individual starts by applying a substance to the window frame, then uses a tool to smooth out the paint. They continue this process until they have finished smoothing and painting the entire surface of the window.","Action Caption"
"000049","Has the person completed the smoothening task?","Yes.","Yes, the person has finished smoothing out the paint on the window frame.","Whether Something Happened(Y/N)"
"000049","Does the individual use more than one tool?","Yes.","Yes, the individual uses a hammer and a paint roller to apply the white substance.","Whether Something Happened(Y/N)"
"000049","Is the work performed indoors in the latest frames?","No, it's outside.","No.","Whether Something Happened(Y/N)"
"000049","Have any painting actions been depicted in the summary?","No, only smoothening and scraping are shown.","Yes, the person has been seen applying paint to a wooden surface and using a brush to apply it.","Whether Something Happened(Y/N)"
"000049","In the video, is scraping done before smoothing with a planer?","No","Yes, the video shows the person scraping off the paint from the window frame before smoothing it with a planer.","Order Judging(Y/N)"
"000049","Is the surface scraped after the house exterior is shown?","Yes","Yes.","Order Judging(Y/N)"
"000049","What is seen happening before any tool is used on the surface?","Outside of the house shown","Before any tool is used, the surface has a large area of peeling paint.","What event order"
"000049","In the sequence, is the scraper used before the planer?","No","Yes, the scraper is used before the planer.","Order Judging(Y/N)"
"000049","Does the scraping happen outdoors?","Yes","Yes.","Order Judging(Y/N)"
"000049","Is the surface scraped after it is smoothened?","Yes","Yes.","Order Judging(Y/N)"
"000049","Is the scraping performed before standing up?","No","Yes.","Order Judging(Y/N)"
"000049","What is done before using the scraper in the video?","Smoothening the surface with a planer","Before using the scraper, the person is seen working on a window with peeling paint.","What event order"
"000049","What happens just before the second scraping action?","The first scraping action","Just before the second scraping action, the person is seen holding a red-handled tool and pointing at something on the wall.","What event order"
"000049","What occurs just before the surface is smoothened?","Going outside the house","A small bird is seen on the surface, adding a touch of nature to the scene.","What event order"
"000050","What is the setting of the video clip?","The setting is outdoors, with a person removing unwanted cover.","The setting of the video clip is a garage or workshop with a window and a ladder.","Scene Summary"
"000050","What is the main focus of the video clip?","The main focus is on a person removing a cover from a surface.","The main focus of the video clip is a person working on a window, specifically focusing on peeling paint and applying a new coat.","Scene Summary"
"000050","What is the person doing with their hand?","They are rubbing waste off with their hand.","The person is pointing towards the wall, possibly indicating a specific area of interest or concern.","Action Caption"
"000050","What action follows rubbing the waste?","The person climbs a ladder.","The action follows rubbing the waste with a red-handled tool.","Action Caption"
"000050","What tool is the person using in the action?","The person is using a scraper or a similar tool.","The person is using a black and red tool, likely a sander or similar surface preparation device.","Action Caption"
"000050","Did the person climb a ladder in the video?","Yes.","No, the person did not climb a ladder in the video.","Whether Something Happened(Y/N)"
"000050","Does the video show the person successfully removing the cover?","Yes.","Yes, the video shows the person successfully removing the cover from the window frame.","Whether Something Happened(Y/N)"
"000050","Was the task performed indoors?","No.","Yes.","Whether Something Happened(Y/N)"
"000050","Did I smoothen the surface with a planer before scraping it with a scraper?","Yes.","Yes, the person used a planer to smooth out the surface before scraping it with a scraper.","Order Judging(Y/N)"
"000050","Did I climb the ladder before rubbing waste with my hand?","No.","Yes, the ladder was used to reach up and rub waste with your hand.","Order Judging(Y/N)"
"000050","Did the removal of unwanted cover happen before climbing the ladder?","No.","Yes, the removal of unwanted cover happened before climbing the ladder.","Order Judging(Y/N)"
"000050","Did I scrape the surface before smoothening it with a planer?","No.","Yes, the person used a planer to smooth out the surface before scraping it.","Order Judging(Y/N)"
"000050","Did the drawing a planer happen after climbing the ladder?","No.","No, the drawing a planer happened before climbing the ladder.","Order Judging(Y/N)"
"000050","What takes place immediately before drawing a planer across the surface?","Being outside the house.","A person points to a specific area of the wall, possibly indicating where they are drawing a planer.","What event order"
"000050","What do I do before rubbing waste with my hand?","Being outside.","Before rubbing waste with your hand, you should first clean the area thoroughly to remove any dirt or debris.","What event order"
"000050","Did I scrape the surface before using a planer?","No","Yes, the person used a planer to remove any remaining debris from the surface.","Order Judging(Y/N)"
"000050","Did the planer use happen after the ladder climbing?","No","No, the planer did not use after the ladder climbing.","Order Judging(Y/N)"
"000050","Was the surface scraped after using the planer?","Yes","Yes, the surface was scraped after using the planer.","Order Judging(Y/N)"
"000050","Was the waste rubbed off before I climbed the ladder?","Yes","Yes, the waste was rubbed off before I climbed the ladder.","Order Judging(Y/N)"
"000050","What happens just before I scrape the surface?","Smoothening with a planer","Just before I scrape the surface, a person wearing a blue shirt and a black wristwatch points towards the camera.","What event order"
"000050","What event occurs before using the planer?","Climbing the ladder","Before using the planer, a person points to an area of the wall that is being worked on.","What event order"
"000051","What is the focus of the video's depicted scenario?","Removing unwanted cover from wood surface.","The focus of the video's depicted scenario is on a person diligently working to repair or maintain a window, with an emphasis on the meticulous process and the surrounding environment.","Scene Summary"
"000051","Describe the setting shown in the video clip.","Outside, near a window with a wood surface.","The video shows a person working on a window in an outdoor setting, with the background featuring bare trees and a cloudy sky.","Scene Summary"
"000051","What can be observed about the environment in the clip?","It's outdoors, possibly at a residential location.","The environment includes a garage or workshop with various tools and materials visible, such as a ladder leaning against the wall.","Scene Summary"
"000051","Narrate the activity captured in this clip.","Holding a scraper, staring at, and scraping a wood surface.","The video begins with a view of a garage or workshop where a person is working on a window. The individual uses a hammer to smooth out the paint on the window frame, ensuring it is clean and free from any marks or drips. They carefully remove small pieces of paint using their hands, focusing on areas that require more precision. The background shows a residential area with houses and trees, indicating an outdoor setting. As the video progresses, the person continues to work diligently, making sure every corner of the window frame is polished to perfection. The focus remains on the meticulous process of painting the window, highlighting the attention to detail and the skill involved in achieving a clean and even finish.","Action Caption"
"000051","Can you provide a caption for the action taking place?","Scraping Away: Unveiling the Wood Beneath.","A person is meticulously scraping off the white paint from a window.","Action Caption"
"000051","Did the individual successfully remove some of the unwanted cover?","Yes.","Yes, the individual successfully removed some of the unwanted cover.","Whether Something Happened(Y/N)"
"000051","Is the person using a tool to work on the surface?","Yes.","Yes.","Whether Something Happened(Y/N)"
"000051","Has the person been carefully examining the wood surface?","Yes.","Yes, the person has been carefully examining the wood surface to ensure it is clean and free of any debris.","Whether Something Happened(Y/N)"
"000051","Is the work being performed close to a window?","Yes.","Yes.","Whether Something Happened(Y/N)"
"000051","Did I rub waste with my hand before climbing the ladder?","Yes.","Yes, the person used their hand to rub waste with their fingers before climbing the ladder.","Order Judging(Y/N)"
"000051","Is the unwanted cover removed after I stare at the wood surface?","No.","Yes","Order Judging(Y/N)"
"000051","Do I hold the scraper before removing the unwanted cover?","No.","Yes, you hold the scraper before removing the unwanted cover.","Order Judging(Y/N)"
"000051","Am I outside when I stare at the wood surface?","Yes.","Yes, you can see the outside view through the window in the video.","Order Judging(Y/N)"
"000051","What happens just before I hold the scraper?","Staring at the wood surface.","Just before I hold the scraper, a person points at something outside the window.","What event order"
"000051","Did I smooth the surface with a planer before scraping it with a scraper?","Yes","Yes, the person used a planer to smooth out the surface before scraping it with a scraper.","Order Judging(Y/N)"
"000051","Did I rub waste with my hand before climbing the ladder?","Yes","Yes, the person used their hand to rub waste with their fingers before climbing the ladder.","Order Judging(Y/N)"
"000051","Did I climb the ladder before removing the unwanted cover from the surface?","Yes","No, the ladder was not used to reach the surface.","Order Judging(Y/N)"
"000052","What is the setting depicted in the video clip?","It is an outdoor setting surrounding a window frame.","The setting depicted in the video clip is a garage or workshop with a focus on a window frame.","Scene Summary"
"000052","What is the state of the window frame in the scene?","The window frame is in the process of being scraped.","The window frame is peeling and has a rough texture.","Scene Summary"
"000052","Describe the immediate environment around the window frame.","There's discarded material on the ground near the window frame.","The immediate environment around the window frame includes a ladder leaning against it, some scattered leaves and debris on the ground, and a car parked in the background.","Scene Summary"
"000052","What can be inferred about the surface condition in the scene?","The surface likely needed maintenance, as it's being scraped.","The surface appears to be weathered and peeling, indicating that it has been exposed to the elements for some time.","Scene Summary"
"000052","Are there any signs of ongoing construction or repair in the video?","Yes, the scraping indicates repair or renovation work.","Yes, the presence of tools and a ladder in the background suggests ongoing construction or repair work.","Scene Summary"
"000052","What action is the person performing in the new frames?","The person is scraping the surface of a window frame.","The person is performing a series of actions, including scraping the paint off the window frame and using a tool to smooth out the surface.","Action Caption"
"000052","How is the person preparing the window frame?","By removing unwanted cover and rubbing the surface.","The person is using a hammer to smooth out the paint on the window frame.","Action Caption"
"000052","What maintenance task can be seen happening around a window?","Scraping off old paint or material from the window frame.","The maintenance task involves scraping off the white paint from a window, which is part of the process to restore it.","Action Caption"
"000052","Has the protective cover been removed from the window surface?","Yes.","Yes, the protective cover has been removed from the window surface.","Whether Something Happened(Y/N)"
"000052","Is there any sign of the person completing the scraping action?","No, the person is still holding the scraper.","Yes, the person's hand is visible in the frame as they continue to work on the wall.","Whether Something Happened(Y/N)"
"000052","Does the footage show a fully renovated window frame?","No, the window is still being worked on.","No, the footage shows a partially renovated window frame with peeling paint and exposed wood.","Whether Something Happened(Y/N)"
"000052","Did the person in the video fully rub the surface?","No, only part of the surface has been rubbed.","Yes, the person fully rubbed the surface with their hands.","Whether Something Happened(Y/N)"
"000052","Has all the discarded material been cleared from the ground?","No, the material is still on the ground.","Yes, the ground is now clear of all discarded material.","Whether Something Happened(Y/N)"
"000052","In the video, does staring at the wood surface occur before removing the unwanted cover?","No","Yes, staring at the wood surface occurs before removing the unwanted cover.","Order Judging(Y/N)"
"000052","Is the wood surface rubbed after removing the unwanted cover?","Yes","Yes.","Order Judging(Y/N)"
"000052","In the video, does holding the scraper happen before rubbing the surface?","Yes","Yes, the person holds the scraper before rubbing the surface.","Order Judging(Y/N)"
"000052","What happens just before rubbing the wood surface in the video?","Removing unwanted cover","Just before rubbing the wood surface, the person points at something on the wall and then uses a tool to smooth out some of the peeling paint.","What event order"
"000052","What happens just before removing the unwanted cover in the video?","Staring at the wood surface.","Just before removing the unwanted cover, the person points at it with their left hand and gestures towards a nearby object.","What event order"
"000052","Did rubbing the surface happen before staring at the wood surface?","No","Yes, the person rubbed the surface before staring at the wood surface.","Order Judging(Y/N)"
"000052","Was the ladder climbed before removing the unwanted cover?","Yes","Yes, the ladder was climbed before removing the unwanted cover.","Order Judging(Y/N)"
"000052","Was the unwanted cover removed after rubbing waste with hand?","Yes","Yes, the unwanted cover was removed after rubbing waste with a hand.","Order Judging(Y/N)"
"000052","Did staring at the wood surface happen before holding the scraper?","No","Yes, staring at the wood surface happened before holding the scraper.","Order Judging(Y/N)"
"000052","What is done after staring at the wood surface?","Holding the scraper","The person begins to work on the wood, using a hammer and a small tool.","What event order"
"000053","What is the overall setting of the video clip?","Outside, near a building with unwanted cover being removed.","The overall setting of the video clip is a garage or workshop with various tools and materials scattered around, including a ladder leaning against a wall.","Scene Summary"
"000053","What's the main focus of the scene?","A person cleaning an area by a building.","The main focus of the scene is a person working on a window, specifically focusing on peeling off paint and sanding it away.","Scene Summary"
"000053","What kind of location is shown in the video?","An outdoor location by a building.","The video shows a residential area with a garage or shed, as indicated by the presence of a car and various tools scattered around.","Scene Summary"
"000053","What task is being performed in the frames?","Scraping off unwanted cover from a surface.","The task being performed is painting a window with a gray paint roller.","Action Caption"
"000053","Can you detail the activity taking place?","A person removing a covering layer from a window.","The video shows a person working on a window, using a tool to smooth out the paint and remove any marks or debris. The scene includes various tools and materials scattered around, such as a ladder leaning against the wall and some leaves on the ground.","Action Caption"
"000053","What is the immediate action captured?","A hand using a tool to clean a window.","The immediate action captured is the person using a hammer to smooth out the paint on the window frame.","Action Caption"
"000053","What is the implication of the depicted movement?","Preparation or cleaning of a building's exterior.","The implied movement suggests that the person is working diligently to repair or maintain the window, indicating a sense of dedication and attention to detail.","Action Caption"
"000053","Did the camera wearer completely remove the unwanted cover?","No.","No, the camera wearer did not completely remove the unwanted cover.","Whether Something Happened(Y/N)"
"000053","Did the video contain any interaction with another person?","No, it only shows a person working alone.","No, the video does not contain any interaction with another person.","Whether Something Happened(Y/N)"
"000053","Does the frame convey the completion of the task?","No, the task appears to be in progress.","Yes, the frame shows the person's hands finishing up their work on the window, indicating that they have completed the task.","Whether Something Happened(Y/N)"
"000053","Did the rubbing of the surface happen before walking outside?","No","Yes, the person was seen rubbing their hands against the surface before walking outside.","Order Judging(Y/N)"
"000053","Is the scraper held after removing unwanted cover from the surface?","Yes","Yes.","Order Judging(Y/N)"
"000053","Does the unwanted cover get removed before the surface is rubbed?","Yes","Yes, the unwanted cover is removed before the surface is rubbed.","Order Judging(Y/N)"
"000053","Did walking outside occur before holding the scraper?","Yes","Yes, walking outside occurred before holding the scraper.","Order Judging(Y/N)"
"000053","What happens before the surface is rubbed?","Unwanted cover is removed.","Before the surface is rubbed, a person points to the wall and gestures towards it.","What event order"
"000053","What occurs just before the scraper is held?","The surface is rubbed.","A person points towards the camera, indicating a change in focus or perspective.","What event order"
"000053","What takes place just before removing unwanted cover?","Being outside.","Before removing unwanted cover, the person points at a small gap on the wall and then removes it.","What event order"
"000053","What action occurs before the unwanted cover is removed a second time?","Holding the scraper.","Before the unwanted cover is removed a second time, the person uses a hammer to remove the white plastic sheeting from the window.","What event order"
"000053","Did I stare at the wood surface before removing the unwanted cover?","No","Yes, you stared at the wood surface before removing the unwanted cover.","Order Judging(Y/N)"
"000053","Did I rub the surface after removing the unwanted cover?","Yes","Yes, the person removed the unwanted cover and then rubbed it against the surface to remove any remaining debris.","Order Judging(Y/N)"
"000053","Did I remove the unwanted cover before walking outside?","Yes","Yes, the person removed the unwanted cover before walking outside.","Order Judging(Y/N)"
"000053","What happened before I held the scraper?","Removed unwanted cover and stared at the surface","Before I held the scraper, a person was working on peeling off paint from a window.","What event order"
"000053","What occurred just before walking outside?","Removed the unwanted cover","Just before walking outside, the person was seen using a hammer to smooth out the paint on the window frame.","What event order"
"000053","What takes place right before removing the unwanted cover?","Nothing, it's the initial action","A person points to the wall, indicating a point of interest or concern.","What event order"
"000053","What action occurred immediately before rubbing the surface?","Removed unwanted cover","The person began to rub the surface with a tool, likely a scraper or similar object.","What event order"
"000054","Describe the environment displayed in the video clip.","The video depicts a kitchen scenario.","The video shows a cluttered kitchen counter with various cooking utensils and ingredients, including a large metal pot on the left side. The background features white tiled walls and a window above the sink area. A person is seen reaching for an item from a blue cutting board near the counter.","Scene Summary"
"000054","Identify the items being interacted with in the video clip.","Flour and onions are being used with water and a knife.","The items being interacted with include a blue cutting board, a yellow container with a lid, and various kitchen/INFO tools.","Scene Summary"
"000054","What's the main activity in the scene?","The main activity is preparing ingredients, mixing and chopping.","The main activity in the scene is a person preparing food/INFO","Scene Summary"
"000054","What objects are present in the scene related to the activity?","Container of flour, a knife, and mixed dough are noticeable.","The scene shows a kitchen/INFO","Scene Summary"
"000054","Did the person use a knife on the onions?","Yes.","Yes, the person used a knife to cut or chop an onion on the countertop.","Whether Something Happened(Y/N)"
"000054","Was water added to the flour in the video?","Yes.","Yes, water was added to the flour in the video.","Whether Something Happened(Y/N)"
"000054","Did the preparation seem to be for baking?","No, more likely for cooking.","Yes, the preparation of the dough seems to be for baking.","Whether Something Happened(Y/N)"
"000055","Describe the environment where the cooking is taking place.","The cooking is taking place in a kitchen.","The cooking is taking place in a kitchen with white tiled walls and a window above the sink. The countertop is cluttered with various utensils, pots, and containers, indicating an active cooking process.","Scene Summary"
"000055","What step is being performed with the pan?","Oil is being poured into the pan.","The person is pouring a liquid from the metal container into the pan.","Scene Summary"
"000055","Are there any other objects visible associated with cooking?","Yes, there are kitchen utensils and containers.","Yes, there are other objects visible associated with cooking in the background.","Scene Summary"
"000055","Are there any ingredients ready to be cooked?","Yes, there are chopped ingredients on the cutting board.","Yes, there are ingredients oranges/INFO","Action Caption"
"000055","What is implied by the action of pouring oil in the pan?","The person is preparing to cook or fry food.","The action of pouring oil in the pan is part of a cooking process, likely for sautéing or frying.","Action Caption"
"000055","What will likely happen next in the cooking process?","The food will be added to the heated oil for cooking.","The next step in the cooking process is likely to add a liquid ingredient, such as water/INFO or oil, into the pot on the stove.","Action Caption"
"000055","Did the person start cooking as soon as the video began?","No.","Yes, the person began cooking as soon as the video began.","Whether Something Happened(Y/N)"
"000055","Has the person used any kitchen utensils yet?","Yes.","Yes, the person has used a spatula to stir the contents of one of the pots.","Whether Something Happened(Y/N)"
"000055","Is the person cooking unattended or seen in the frame?","The person is unattended, not seen in the frame.","The person is seen/INFO","Whether Something Happened(Y/N)"
"000055","Has the heat been turned on under the pan yet?","No.","Yes, the heat has been turned on under the pan.","Whether Something Happened(Y/N)"
"000055","In the video, does mixing flour with water happen before cutting onions?","Yes.","Yes, the video shows a hand mixing flour with onions before cutting them.","Order Judging(Y/N)"
"000055","Is cooking the food shown before opening the door in the video?","Yes.","Yes, the video shows cooking in progress before opening the door to reveal a kitchen setting.","Order Judging(Y/N)"
"000055","In the video, does pouring oil in the pan occur after cutting onions?","Yes.","Yes, the video shows a hand pouring oil into the pan after cutting onions.","Order Judging(Y/N)"
"000055","In the video, is oil poured into the pan before cooking the food?","No.","Yes","Order Judging(Y/N)"
"000056","What is the setting of the video clip?","The setting is a kitchen.","The setting of the video clip is a kitchen with various cooking utensils and ingredients on the counter.","Scene Summary"
"000056","What tasks are being performed in the scene?","Cooking food, cleaning the counter, rolling dough.","The tasks include preparing ingredients, cooking or baking, and cleaning up.","Scene Summary"
"000056","Can you caption the cleaning action in the clip?","Tidying up the kitchen counter.","Yes, the caption for the cleaning action in the clip would be 'Cleaning action in a kitchen.'","Action Caption"
"000056","How is the dough being prepared?","The dough is being rolled.","The dough is being kneaded on a wooden board.","Action Caption"
"000056","Does the video show someone cooking?","Yes.","Yes","Whether Something Happened(Y/N)"
"000056","Is the counter being cleaned in the video?","Yes.","Yes.","Whether Something Happened(Y/N)"
"000056","Is there a scene of rolling dough in the video?","Yes.","Yes.","Whether Something Happened(Y/N)"
"000056","Does rolling the dough happen before cleaning the counter?","No","Yes, the person is seen rolling the dough on a wooden board before cleaning the counter.","Order Judging(Y/N)"
"000056","Is the food cooked after I clean the counter?","Yes","Yes","Order Judging(Y/N)"
"000056","Before the food is cooked, what do I do?","In the kitchen.","Before the food is cooked, you should pour the flour into a bowl and mix it with your hands.","What event order"
"000056","What occurs just before I clean the counter?","Cook food.","A person pours a bowl of chickpeas into the pot on the stove.","What event order"
"000056","In the video, what takes place right before rolling the dough?","Clean the counter.","Right before rolling the dough, a person pours water from a pot into a bowl and then adds it to the flour container.","What event order"
"000056","In the video, does the mixing of flour with water happen before cutting the onions?","Yes","Yes, the mixing of flour with water happens before cutting the onions.","Order Judging(Y/N)"
"000057","What is the setting of the video clip?","Inside a house, in the kitchen.","The setting of the video clip is a kitchen with various cooking utensils and ingredients on the counter.","Scene Summary"
"000057","What activity is depicted in the scene?","Making dough for cooking.","The scene depicts a person preparing food, specifically kneading dough and adding ingredients to it.","Scene Summary"
"000057","What tools are being utilized in the scene?","Hands, rolling pin, flour container.","A person is using a wooden rolling pin and a metal bowl to knead the dough.","Scene Summary"
"000057","Where specifically is the dough preparation taking place?","On a newspaper-covered surface.","The dough preparation is taking place on a black countertop.","Scene Summary"
"000057","What is the immediate environment around the dough-making area?","Nearby kitchen appliances and utensils.","The immediate environment around the dough-making area includes a tiled wall, various kitchen utensils and appliances, including a blender, a rice cooker, and other cooking items.","Scene Summary"
"000057","What is the main action taking place in these frames?","The dough is being rolled out.","The main action is the preparation of a dish, specifically making dough or batter.","Action Caption"
"000057","What action precedes the rolling of the dough?","Dipping the dough in flour.","The action that precedes the rolling of the dough is kneading it.","Action Caption"
"000057","How is the dough initially shaped?","It is shaped by hand.","The dough is initially shaped into a small ball.","Action Caption"
"000057","What is the purpose of the flour in the dough rolling process?","To prevent sticking to the rolling pin.","The flour is used to knead the dough, which helps in achieving a smooth and elastic texture.","Action Caption"
"000057","What may likely be the next step after rolling the dough?","Cutting or shaping the dough for cooking.","The next step after rolling the dough is likely to add more ingredients or spices, as indicated by the presence of a bowl and other kitchen utensils on the counter.","Action Caption"
"000057","Did the person use a rolling pin in the video?","Yes.","Yes, the person used a rolling pin to press down on the dough.","Whether Something Happened(Y/N)"
"000057","Did the dough-making happen on a bare countertop?","No.","No, the dough-making happened on a countertop with various kitchen utensils and ingredients.","Whether Something Happened(Y/N)"
"000057","Was an electrical appliance used to roll the dough?","No.","Yes, an electrical appliance was used to roll the dough.","Whether Something Happened(Y/N)"
"000057","Did the person complete the dough rolling in one try?","Not specified, unclear.","Yes, the person completed the dough rolling in one try.","Whether Something Happened(Y/N)"
"000057","Is the flour container closed in the scene?","Yes.","Yes.","Whether Something Happened(Y/N)"
"000057","In the video, is the dough rolled with hands before it's dipped in flour?","Yes","Yes","Order Judging(Y/N)"
"000057","Is the food cooked before the counter is cleaned?","Yes","Yes.","Order Judging(Y/N)"
"000057","Does the dough rolling with a rolling pin happen after hand rolling?","Yes","Yes, the dough is rolled with a rolling pin after hand rolling.","Order Judging(Y/N)"
"000057","Is the counter cleaned before the dough is rolled with hands?","Yes","Yes, the counter is clean before the dough is rolled with hands.","Order Judging(Y/N)"
"000057","In the video, is the rolling pin used before the dough is dipped in flour?","Yes","Yes, the rolling pin is used to scoop out some of the dough before dipping it in flour.","Order Judging(Y/N)"
"000057","What is done just before the dough is dipped in flour?","Roll dough with hands","Just before the dough is dipped in flour, a hand places a piece of dough on the newspaper.","What event order"
"000057","What action is performed before cleaning the counter?","Cook food","Before cleaning the counter, a hand is seen kneading dough on it.","What event order"
"000057","What activity happens before the dough is rolled with hands?","Nothing is specified before hand rolling","Before the dough is rolled with hands, a person pours water into a pot on the stove.","What event order"
"000057","Was the counter cleaned after cooking food?","Yes","Yes, the counter was cleaned after cooking food.","Order Judging(Y/N)"
"000057","Did I roll the dough before dipping it in flour?","No","Yes, the person rolled out the dough before dipping it in flour.","Order Judging(Y/N)"
"000057","Did I roll dough with hands before rolling it with a rolling pin?","Yes","Yes, the person rolled dough with their hands before rolling it with a rolling pin.","Order Judging(Y/N)"
"000057","What happens right before I dip the dough in flour?","Rolling the dough with hands","A hand places the dough on a piece of parchment paper.","What event order"
"000057","What action occurs just before I roll the dough with a rolling pin?","Dipping dough in flour","A hand is seen rolling the dough with a rolling pin.","What event order"
"000057","What do I do just before pouring oil in the pan?","Open the door","You should place the bowl with the oil in a suitable location, such as on the stove or countertop.","What event order"
"000057","What takes place immediately before I clean the counter?","Cook food","A person is seen kneading dough on a flat surface, likely preparing to cook or bake.","What event order"
"000058","What location is shown in this video clip?","The kitchen.","The video shows a kitchen setting.","Scene Summary"
"000058","What task is being performed in this scene?","Making dough.","The task being performed in this scene is preparing a mixture by mixing ingredients and then transferring them into a container.","Scene Summary"
"000058","What is the setting of this clip?","A kitchen counter.","The setting of this clip is a kitchen with various utensils, containers, and cooking ingredients.","Scene Summary"
"000058","What cooking action is taking place?","Rolling dough with a roller.","The cooking action taking place is likely the preparation of a dish, as indicated by the presence of flour and other ingredients on the countertop.","Action Caption"
"000058","Does the frame capture using a rolling pin?","Yes.","Yes, the frame captures a rolling pin being used to press down on dough.","Whether Something Happened(Y/N)"
"000058","Is dough being prepared in this scene?","Yes.","Yes.","Whether Something Happened(Y/N)"
"000058","Are there ingredients visible on the kitchen counter?","Yes.","Yes, there are ingredients visible on the kitchen counter, including a container with a yellow lid and some spices.","Whether Something Happened(Y/N)"
"000058","In the video, is the dough cut before it's rolled with hands?","No","Yes","Order Judging(Y/N)"
"000058","Does the dipping of dough in flour happen after using the rolling pin?","No","Yes, the dipping of dough in flour happens after using the rolling pin.","Order Judging(Y/N)"
"000058","Does rolling the dough with hands happen before cutting the dough?","Yes","Yes, the person starts rolling the dough with their hands before cutting it.","Order Judging(Y/N)"
"000058","Is the dough rolled with a roller after being dipped in flour?","Yes","Yes.","Order Judging(Y/N)"
"000058","What occurs just before rolling dough with a roller in the video?","The dough is cut","Just before rolling dough with a roller, the person places the rolled-out dough into a container and then uses a spoon to scoop out some of it.","What event order"
"000058","In the video sequence, what happens before rolling dough with hands?","Nothing, it's the first action","Before rolling dough with hands, the person places a bowl of flour on the countertop and then uses their hands to roll it.","What event order"
"000058","What is done just before cutting the dough?","The dough is rolled with hands","Just before cutting the dough, a hand is seen holding a knife and preparing to cut it.","What event order"
"000058","Did I clean the counter before rolling the dough?","Yes","Yes, the person cleaned the counter before rolling the dough.","Order Judging(Y/N)"
"000058","Was the dough cut before being rolled?","Yes","Yes, the dough was cut before being rolled.","Order Judging(Y/N)"
"000058","Did I dip the dough in flour before using the rolling pin?","Yes","Yes, the person dipped the dough in flour before using the rolling pin.","Order Judging(Y/N)"
"000058","Did I cook food after rolling the dough with my hands?","No","Yes, after rolling the dough with your hands, you placed it into a container and then poured its contents into a bowl.","Order Judging(Y/N)"
"000058","Was the counter cleaned after the dough was cut?","No","Yes, the counter was cleaned after the dough was cut.","Order Judging(Y/N)"
"000058","What do I do before rolling the dough with a roller?","Cut the dough","Before rolling the dough with a roller, I need to add flour and knead it.","What event order"
"000058","What occurs just before cutting the dough?","Rolling dough with hands","Just before cutting the dough, a hand is seen holding a knife and preparing to cut it.","What event order"
"000058","What do I do before cleaning the counter?","Cook food","Before cleaning the counter, I first open the cabinet and take out a container of flour.","What event order"
"000059","Describe the main activity occurring in this section of video.","Food preparation for a meal.","The main activity involves a person preparing food in the kitchen, specifically cooking dough on a stove.","Action Caption"
"000059","What is the current culinary action captured here?","Ready to cook flatbread on the pan.","The current culinary action captured here is the preparation of a dough, likely for making a type of flatbread or pancake.","Action Caption"
"000059","Did the person successfully slice the cucumber?","Yes.","Yes, the person successfully sliced/INFO","Whether Something Happened(Y/N)"
"000059","Has the lemon been placed on the cucumber slices?","Yes.","No, the lemon has not been placed on the cucumber slices.","Whether Something Happened(Y/N)"
"000060","Describe the setting in this video clip.","A kitchen with a person cooking roti on a stove.","The video takes place in a kitchen with white tiled walls adorned with small, orange-colored designs. The countertop is cluttered with various items including newspapers and cooking utensils. A person is seen preparing food on the stove, specifically stirring a mixture in a frying pan.","Scene Summary"
"000060","What is the visual focal point of this scene?","The pan with the roti being roasted.","The visual focal point of this scene is the person's hands and the cooking process, with a close-up view of the frying pan on the stove.","Scene Summary"
"000060","Where is the roti being placed after roasting?","In a pot next to the stove.","The roti is placed on a newspaper in the kitchen.","Scene Summary"
"000060","What kitchen equipment is being utilized in this action?","A frying pan and a stove.","A black frying pan is being used to cook the dough.","Action Caption"
"000060","Does the clip show a person flipping the roti?","No.","Yes","Whether Something Happened(Y/N)"
"000060","Is the roti being taken out of the pan in this frame?","Yes.","Yes.","Whether Something Happened(Y/N)"
"000060","Does the clip involve any baking activity?","No.","Yes, the clip involves baking activity as well.","Whether Something Happened(Y/N)"
"000060","Is there another person assisting with the cooking?","No.","Yes, another person is visible in the background of the video.","Whether Something Happened(Y/N)"
"000060","Was the flat bread prepared before the roti was roasted?","Yes","Yes, the flat bread was prepared before the roti was roasted.","Order Judging(Y/N)"
"000060","Did I put the roasted roti in the pot before cutting the cucumber?","No","Yes, the person cut the cucumber before placing it into the pot.","Order Judging(Y/N)"
"000060","Did I roast the roti after preparing the flat bread?","Yes","Yes, the roti was roasted after preparing the flat bread.","Order Judging(Y/N)"
"000061","What cooking method is used for tortillas?","They are placed in a hot pot.","The tortillas are being cooked in a deep-fried pan.","Scene Summary"
"000061","Is the person wearing oven mitts?","No.","No.","Whether Something Happened(Y/N)"
"000061","In the video, is the pot closed after the roti is put inside?","Yes","Yes.","Order Judging(Y/N)"
"000061","Did I use a spatula to roast the roti before placing it in the pot?","Yes","Yes, the person used a spatula to roast the roti before placing it in the pot.","Order Judging(Y/N)"
"000061","What activity is shown just before the roti comes in contact with the pan?","The roti is picked up","Just before the roti comes in contact with the pan, a person is seen holding a red plate and using a spatula to spread some batter on the roti.","What event order"
"000062","Who is involved in the scene?","A man and some girls.","The scene involves a person preparing food, likely in a street food setting.","Scene Summary"
"000062","What activity is taking place?","Food preparation.","The activity taking place is the preparation of a dish, likely for serving or consumption.","Scene Summary"
"000062","What can be seen on the table in the scene?","Ingredients and cooking utensils.","The table is cluttered with various food items, including a large metal bowl filled with a yellowish mixture and another bowl containing white rice.","Scene Summary"
"000062","What is the camera wearer doing with the spoon?","Cooking food.","The camera wearer is using the spoon to scoop and mix the contents of a bowl, which contains a mixture of ingredients.","Action Caption"
"000062","What can be assumed about the pace of the activity?","It is fast-paced.","The activity appears to be fast-paced, as indicated by the close-up shots of hands working with various ingredients and utensils.","Action Caption"
"000062","Does the video show any monetary transaction?","No.","Yes, the video shows a transaction of money being exchanged between the person and another individual.","Whether Something Happened(Y/N)"
"000062","Is the food prepared for a large group?","Yes.","Yes.","Whether Something Happened(Y/N)"
"000062","Does the camera wearer handle more than one dish?","Yes.","Yes, the camera wearer handles two dishes.","Whether Something Happened(Y/N)"
"000063","What is the setting in this video clip?","A food tent with servings of food.","The setting in this video clip is a bustling street food stall.","Scene Summary"
"000063","Is the person serving food to more than one person?","Yes.","Yes, the person is serving food to more than one person.","Whether Something Happened(Y/N)"
"000063","Is there a pot included in the food items being served?","Yes.","Yes, there is a pot included in the food items being served.","Whether Something Happened(Y/N)"
"000063","Is the setting of this video during a nighttime event?","Yes.","Yes.","Whether Something Happened(Y/N)"
"000063","Is the food made for a man and some girls before serving food under the tent?","Yes","Yes, the food is made for a man and some girls before serving food under the tent.","Order Judging(Y/N)"
"000064","What is the setting of the video clip?","At a roadside food stall.","The setting of the video clip is a bustling street food stall with various dishes and ingredients on display.","Scene Summary"
"000064","Who is the main person interacting with others in the scene?","A food stall vendor.","The main person interacting with others is a child wearing a black shirt.","Scene Summary"
"000064","What type of interaction occurs between the vendor and customers?","Serving food and conversing.","The vendor interacts with customers by offering them food and engaging in a casual conversation.","Scene Summary"
"000064","How is the stall vendor engaging with the customers besides serving food?","Talking with them.","The stall vendor is engaging with the customers by interacting with them through a mobile phone, possibly checking on their orders or sharing updates.","Action Caption"
"000064","Is the vendor wearing gloves while handling food?","No.","Yes.","Whether Something Happened(Y/N)"
"000064","Does the video show a customer receiving change after payment?","No.","Yes, the video shows a customer receiving change after paying for their food.","Whether Something Happened(Y/N)"
"000064","Is there any interaction between the customers in the frame?","No.","Yes, a customer is seen holding an item and interacting with the person at the counter.","Whether Something Happened(Y/N)"
"000064","Does the stall have a digital payment option displayed?","Yes.","Yes.","Whether Something Happened(Y/N)"
"000064","Does the interaction with woman B happen before serving to woman C?","Yes","Yes, the interaction with woman B happens before serving to woman C.","Order Judging(Y/N)"
"000064","Do I serve food to a group of people before the roadside food stall scene?","No","Yes, the person in a black shirt is seen serving food to a group of people before the roadside food stall scene.","Order Judging(Y/N)"
"000064","In the video, did I serve food under the tent before talking to man A at the stand?","No","Yes, the man A at the stand served food under the tent before talking to him.","Order Judging(Y/N)"
"000064","In the video, does serving pani puri occur before making food for the man and girls?","Yes","Yes, the video shows a person serving pani puri to another individual before making food for them.","Order Judging(Y/N)"
"000064","What happens before interacting with woman A, B, and C at the roadside stall?","I serve food to a group of people.","Before interacting with woman A, B, and C at the roadside stall, a person wearing a black shirt is seen holding a smartphone.","What event order"
"000065","Describe the setting of this video clip.","A roadside food stall at night.","The video takes place in a bustling street food stall at night, illuminated by artificial lighting. The scene is filled with vibrant colors and lively interactions between the vendor and customers. Various dishes are being prepared on metal grills, including a large bowl of chickpea curry, a small bowl of chopped vegetables, and a plate of doskas (deep-fried snacks). A person wearing a blue shirt is seen holding a smartphone, possibly checking messages or navigating through an app. The background features other stalls and people walking by, contributing to the busy atmosphere.","Scene Summary"
"000065","Could you summarize the depicted scenario?","A person serving and conversing at a food stall.","The video showcases a bustling street food stall at night, where a person is seen preparing and serving various dishes. The scene includes an array of colorful bowls filled with different types of food, such as chickpeas, carrots, and other vibrant ingredients. A large metal tray holds the main dish, which appears to be a type of curry or stew. The person is using a smartphone to take photos or videos of the food preparation process, possibly for social media sharing or review purposes. In the background, another individual can be seen standing near the stall, adding to the lively atmosphere.","Scene Summary"
"000065","Did the vendor converse with two individuals?","Yes.","Yes, the vendor engaged in conversation with two individuals.","Whether Something Happened(Y/N)"
"000065","In the sequence, is food served at the roadside stall before the food tent?","No","Yes, the food is served at the roadside stall before the food tent.","Order Judging(Y/N)"
"000066","What scene is captured in the video clip?","A food stand with cooking in progress.","The video captures a bustling street food stall at night, filled with vibrant colors and various dishes being prepared. The scene is illuminated by bright lights, highlighting the colorful array of food items on display.","Scene Summary"
"000066","What's the brief of the depicted scenario?","Food preparation at a stand with a customer waiting.","The brief of the depicted scenario is a person preparing food at an outdoor street food stall, with various items such as fried snacks and a large bowl filled with a mixture being stirred.","Scene Summary"
"000066","Does the scene capture a customer receiving their order?","No.","Yes, the scene captures a customer receiving their order from another person in the background.","Whether Something Happened(Y/N)"
"000066","Is there any indication of a payment transaction in the video?","No.","Yes, there is a person holding a small object in the foreground of the video, which could be a phone or a remote control.","Whether Something Happened(Y/N)"
"000066","Does the video show the cook finishing the dish?","No.","Yes, the cook is seen finishing the dish by scooping out a portion of it with a spoon.","Whether Something Happened(Y/N)"
"000066","Is the cook multitasking between cooking and another activity?","Yes.","Yes, the cook is seen handling a small container and another object in their hands while cooking.","Whether Something Happened(Y/N)"
"000066","Does the cook appear to be preparing food for more than one person?","Yes.","Yes, the cook appears to be preparing food for more than one person.","Whether Something Happened(Y/N)"
"000066","Did the discussion with man X and man Y happen before serving woman Z?","No","Yes, the discussion with man X and man Y happened before serving woman Z.","Order Judging(Y/N)"
"000066","What event happened before the phone conversation?","Serving a different customer","Before the phone conversation, a person was seen preparing food at an outdoor street food stall.","What event order"
"000066","Was food made for woman A after the interaction with woman B?","Yes","Yes, food was made for woman A after the interaction with woman B.","Order Judging(Y/N)"
"000066","Did the phone conversation occur before discussing with man Y?","Yes","Yes, the phone conversation occurred before discussing with man Y.","Order Judging(Y/N)"
"000066","What is seen happening before making food for man B?","Talked on the phone","Before making food for man B, the person is seen preparing a dish with various ingredients on a table.","What event order"
"000066","What took place just before making food for woman A?","Talked on the phone","Just before making food for woman A, a person was seen holding a small container and preparing to pour some liquid into the bowl.","What event order"
"000067","What is the location of the scene in the video?","The location is at a food stand.","The scene is set in a bustling street food stall at night.","Scene Summary"
"000067","How many customers are being interacted with?","Three customers are being interacted with.","Two customers are being interacted with.","Scene Summary"
"000067","Does the frame show the server handing pani puris to a customer?","Yes.","Yes","Whether Something Happened(Y/N)"
"000067","Is the shown frame depicting an indoor activity?","No.","No.","Whether Something Happened(Y/N)"
"000067","Does the video involve interaction between the server and customers?","Yes.","Yes, the server interacts with customers by offering them food and engaging in a phone call.","Whether Something Happened(Y/N)"
"000067","Is the phone conversation happening before making food for woman A?","Yes","Yes, the phone conversation is happening before making food for woman A.","Order Judging(Y/N)"
"000067","Does man Z get served before the phone conversation starts?","No","Yes, man Z gets served before the phone conversation starts.","Order Judging(Y/N)"
"000067","In the video, is the interaction with man X and Y before the food preparation for woman A and man B?","No","Yes, the interaction with man X and Y is before the food preparation for woman A and man B.","Order Judging(Y/N)"
"000067","Do I talk to man Z before making food for woman A and man B?","No.","Yes, you are talking to the man Z before making food for woman A and man B.","Order Judging(Y/N)"
"000067","Is the food prepared for woman Z before the interaction with man Z?","Yes.","Yes, the food is prepared for woman Z before the interaction with man Z.","Order Judging(Y/N)"
"000067","What do I do before making food for woman A and man B?","Talking on the phone.","Before making food for woman A and man B, you should make sure the table is clean.","What event order"
"000068","How many individuals does the camera wearer interact with?","Three individuals.","The camera wearer interacts with two individuals.","Scene Summary"
"000068","Are there any objects visible in the scene?","Yes, food and serving utensils.","Yes, there are various objects visible in the scene, including a small bowl of food, a phone, and some containers.","Scene Summary"
"000068","Is the environment depicted busy or calm?","Busy, with serving and conversation happening.","The environment is described as busy, with people walking by and vehicles passing by in the background.","Scene Summary"
"000068","Did the camera wearer carry out more than one task?","Yes, serving and conversing.","Yes, the camera wearer was seen holding a phone and interacting with it while standing near the food stall.","Action Caption"
"000068","Did the serving of food appear organized or haphazard?","Organized, with food laid out.","The serving of food appeared organized, with the items neatly arranged on the table.","Action Caption"
"000068","Are all men engaged in eating or just conversing?","Only one is shown eating, others converse.","No, the video shows a man eating from a small bowl while another person is engaged in conversation.","Action Caption"
"000068","Was there verbal exchange under the tent?","Yes.","Yes, there was a hand holding a phone and another person's hand reaching towards the food stall.","Whether Something Happened(Y/N)"
"000068","Is there visible evidence of food being consumed in the frame?","Yes.","Yes, a hand holding a small container is visible in the frame, suggesting that someone might be eating or about to eat something.","Whether Something Happened(Y/N)"
"000068","Does the scene suggest any sign of a rush or urgency?","No, it appears orderly.","Yes, the blurred motion of people walking by and the presence of a person holding a phone suggest that there might be some activity or urgency in the scene.","Whether Something Happened(Y/N)"
"000068","Is the preparation of pani puris shown before serving them to man X and Y?","Yes","Yes, the preparation of pani puris is shown before serving them to man X and Y.","Order Judging(Y/N)"
"000068","Do I talk on the phone prior to serving food under the food tent?","Yes","Yes, you can talk on the phone while serving food under the food tent.","Order Judging(Y/N)"
"000068","What occurs just before serving food to man A under the food tent?","Preparing food","Just before serving food to man A, the food tent is filled with various dishes and utensils.","What event order"
"000069","What activity is taking place at the stall?","A person is serving potato balls and gruel.","The activity taking place at the stall is preparing and serving food, with a person pouring a dark liquid into a bowl of chickpeas.","Scene Summary"
"000069","Who is interacting at the food stall?","A server, a woman, and a girl.","A person wearing a blue and white striped shirt is interacting at the food stall.","Scene Summary"
"000069","What type of service is depicted at the stall?","Food service involving potato balls and gruel.","The service depicted at the stall is a communal one, with people interacting and eating from the food.","Scene Summary"
"000069","Who is preparing the food in the video clip?","The server at the stall.","A person wearing a blue and white striped shirt is preparing the food.","Action Caption"
"000069","What actions can be seen in the frame provided?","Preparing and serving food at the stall.","The actions include the preparation of a dish, pouring liquid into it, scooping out small pieces with a spoon, and adding them to another bowl. The person is seen holding a smartphone in one hand and interacting with the food on the table in the other.","Action Caption"
"000069","Is the food being freshly prepared or pre-packaged?","Freshly prepared, as seen in the video.","The food is being freshly prepared, as indicated by the person holding a small piece of food and preparing it in a bowl.","Action Caption"
"000069","Does the server use any special tools for serving?","Not evident in the provided frame.","Yes, the server uses a small spoon to scoop up the food from the bowl.","Action Caption"
"000069","Does the video show the server using a foam plate for serving?","Yes.","Yes, the server uses a foam plate to serve the food.","Whether Something Happened(Y/N)"
"000069","Can we see any cooking equipment in the video?","Yes, in the provided frame.","Yes, there is a large metal bowl filled with various ingredients and a small metal bowl containing a yellow liquid.","Whether Something Happened(Y/N)"
"000069","Did the serving of potato balls occur before serving gruel?","Yes","Yes, the serving of potato balls occurred before serving gruel.","Order Judging(Y/N)"
"000069","Was the conversation with man E before serving food to the woman Z?","No","Yes, the conversation with man E before serving food to the woman Z was about the food preparation process.","Order Judging(Y/N)"
"000069","What event occurs just before serving food to man A?","Being under a food tent","Just before serving food to man A, the scene transitions to a bustling street market with people walking by and various vendors selling their goods.","What event order"
"000069","What happens right before serving potato balls?","Interacting with a group of people","A person picks up a potato ball and places it into the bowl of chickpeas.","What event order"
"000069","What event happens before interacting with a group of people?","Being at a stall","Before interacting with a group of people, the person is seen preparing food at an outdoor street food stall.","What event order"
"000069","Did the serving of potato balls happen before the gruel in foam plates?","No","Yes, the serving of potato balls happened before the gruel in foam plates.","Order Judging(Y/N)"
"000069","In the video, is the food tent scene before the interaction with the group of people?","No","Yes, the food tent scene is before the interaction with the group of people.","Order Judging(Y/N)"
"000069","What do we see happening just before the food stand scene?","Serving at a stall","Just before the food stand scene, we see a person holding a small container and interacting with the food on the table.","What event order"
"000070","What's the setting of the video clip?","Inside a food kiosk.","The setting of the video clip is a bustling street food stall at night, illuminated by bright lights.","Scene Summary"
"000070","What is the primary activity occurring?","Food preparation and sales.","The primary activity is the preparation and serving of food at a street food stall.","Scene Summary"
"000070","Are there any customers present in the video?","Yes, a group of people.","Yes, there are people in the background who appear to be customers.","Scene Summary"
"000070","What can be seen in the kiosk besides the food?","Food ingredients and cooking utensils.","Besides the food, there are various items such as a bottle of water and a bowl on the counter.","Scene Summary"
"000070","What type of food is being sold?","It is not specified.","The food being sold is a variety of snacks and street foods, including fried items and other colorful dishes.","Action Caption"
"000070","Is the food seller working alone?","It's not clear from the clip.","Yes","Action Caption"
"000070","Does the video show the exchange of goods for payment?","It is not confirmed.","Yes, the video shows a person placing a coin into one of the containers on the counter.","Action Caption"
"000070","Does the video show the food being cooked?","No.","Yes, the video shows the food being cooked on a large metal pan.","Whether Something Happened(Y/N)"
"000070","Does the video show the food being packaged?","No, it shows it being prepared.","Yes, the video shows the food being packaged in a small metal bowl.","Whether Something Happened(Y/N)"
"000070","Is there any indication of the kiosk's location being outdoors?","No.","Yes, the presence of a street lamp and other people in the background suggests that the kiosk is located outdoors.","Whether Something Happened(Y/N)"
"000070","In the video, is the gruel served after the interaction with the group of people?","Yes","Yes, the gruel is served after the interaction with the group of people.","Order Judging(Y/N)"
"000070","Was I at the kiosk before serving potato balls and gruel?","No","Yes, you were at the kiosk before serving potato balls and gruel.","Order Judging(Y/N)"
"000070","Did I sell food before I prepared it in the kiosk?","No","Yes, the person in the video is seen holding a small container and preparing food on a table.","Order Judging(Y/N)"
"000070","Is the food sold to the group of people after I prepared it?","Yes","Yes, the food is served to the group of people after I prepared it.","Order Judging(Y/N)"
"000070","What event took place before serving food to a group of people?","Prepared food in the kiosk","A night market event took place before serving food to a group of people.","What event order"
"000070","Did I serve gruel before serving potato balls?","No","Yes, you served gruel before serving potato balls.","Order Judging(Y/N)"
"000071","What location is shown in the video frame?","It shows a road.","The video frame shows a paved road with a white line on the right side.","Scene Summary"
"000071","Are there other people present in this scene?","Yes, people are present.","Yes, there are other people present in the background.","Scene Summary"
"000071","Is the environment urban or rural?","The environment appears to be urban.","The environment is urban, as indicated by the presence of a vehicle and other pedestrians.","Scene Summary"
"000071","Is the road busy or empty?","The road is busy with movement.","The road is empty, with only a few people and a motorcycle visible.","Scene Summary"
"000071","What is the weather like in the scene?","The weather information is not provided.","The weather appears to be overcast.","Scene Summary"
"000071","Who is walking in this clip?","I am walking along the road.","A person wearing a patterned dress and dark pants is walking in this clip.","Action Caption"
"000071","What is the camera angle capturing?","The camera angle captures from the walker's perspective.","The camera angle is from a high vantage point, looking down the length of the road.","Action Caption"
"000071","Is there interaction with the passerby?","No interaction is mentioned or shown.","Yes.","Action Caption"
"000071","Do any vehicles pass by closely?","The summary indicates vehicles move past, but closeness isn't specified.","Yes, a motorcycle passes by closely in the distance.","Action Caption"
"000071","Is there an accident occurring in the video?","No, no accident is mentioned.","Yes.","Whether Something Happened(Y/N)"
"000071","Is there any construction work shown in the video?","No, no construction is mentioned.","No.","Whether Something Happened(Y/N)"
"000071","Does the video frame show clear skies?","The video frame does not provide this information.","No, the video frame shows a cloudy sky.","Whether Something Happened(Y/N)"
"000072","What is the main event depicted in this video clip?","A walk on the road with a woman and interactions with passersby.","The main event depicted in the video clip is a person holding a cigarette and smoking it, with another individual walking beside them.","Scene Summary"
"000072","Which location is primarily featured in this video clip?","The video clip features a road.","The primary location featured in this video clip is a paved path or road.","Scene Summary"
"000072","How many main subjects are involved in this video scenario?","Two main subjects, a man and a woman.","Three main subjects are involved: the person in the blue and white patterned outfit, the person in red shoes, and another individual wearing a black top.","Scene Summary"
"000072","Are there other individuals present in this video scene besides the subjects?","Yes, there are passersby present.","Yes, there is another person in a blue and white patterned outfit walking behind the subjects.","Scene Summary"
"000072","What actions are shown in these new frames?","A person is seen walking and reaching out to others.","The new frames show the person in a blue and white patterned outfit holding a stick, walking on the road with their foot raised, and another person wearing red shoes.","Action Caption"
"000072","Is there any communication depicted in the clip?","Yes, there is interaction with passersby.","Yes, there is a hand gesture that appears to be part of the communication between the two individuals.","Action Caption"
"000072","Can you describe the physical posture in this frame?","The person's arm is extended forward as if reaching out.","The person in the blue and white patterned dress is holding a stick, while the person in red shoes is walking behind them.","Action Caption"
"000072","Are the movements in the video leisurely or hurried?","They appear leisurely.","The movements in the video are leisurely.","Action Caption"
"000072","Does the person in the video come into physical contact with others?","It is implied but not visible.","Yes, the person in the video occasionally touches or points at someone else's foot.","Whether Something Happened(Y/N)"
"000072","Is the person in the video engaging in a conversation?","Yes.","Yes.","Whether Something Happened(Y/N)"
"000072","Does the person walk on a grassy path in the video?","No.","Yes.","Whether Something Happened(Y/N)"
"000072","Does the person in the video interact with more than one passerby?","Yes.","Yes, the person in the video interacts with at least one other passerby.","Whether Something Happened(Y/N)"
"000073","What is the setting of this video clip?","It's on a road with a person walking and interacting with a woman.","The setting of the video clip is a narrow, muddy path surrounded by greenery.","Scene Summary"
"000073","Is there any physical contact between the two individuals?","No.","Yes, the person in the blue and white patterned dress is holding onto the other individual's hand as they walk.","Whether Something Happened(Y/N)"
"000073","Did the person in the video stop walking while interacting?","No.","Yes, the person in the video stopped walking while interacting with another individual.","Whether Something Happened(Y/N)"
"000073","Is the communication friendly and non-threatening?","Yes.","Yes.","Whether Something Happened(Y/N)"
"000073","In the video, do I interact with some passersby before walking with the woman on the road?","No","Yes, I interact with some passersby before walking with the woman on the road.","Order Judging(Y/N)"
"000073","In the video, do I walk alone on the road before interacting with a woman?","Yes","Yes, you walk alone on the road before interacting with a woman.","Order Judging(Y/N)"
"000073","What do I do just before interacting with the woman on the road in the video?","Walk alone","You should approach the woman on the road, possibly to get closer or to help her.","What event order"
"000074","What is the setting of the video clip?","It is in an outdoor field.","The setting of the video clip is a serene and expansive outdoor area with a large, empty courtyard.","Scene Summary"
"000074","Is the scene occurring in an urban or rural environment?","Rural environment.","The scene is occurring in a rural environment, as indicated by the presence of palm trees and buildings.","Scene Summary"
"000074","What time of day does the scene appear to be set in?","It appears to be set in the evening.","The scene appears to be set during the early evening or late afternoon, as indicated by the soft lighting and long shadows.","Scene Summary"
"000074","How is the subject navigating the outdoor space?","The subject is walking on the field and then heads home.","The subject is walking along the pathway, moving towards the camera.","Action Caption"
"000074","Can you provide an overview of the action in this clip?","Subject walks outdoors, across a field, and returns home.","The video begins with a view of an empty, sunlit courtyard under a clear sky. A person wearing a yellow top and dark pants walks towards the camera, moving away from the camera's perspective. The scene transitions to show more of the courtyard, now filled with scattered debris on the ground. The person continues walking towards the camera, still in the same attire. The video then shifts focus back to the courtyard, showing it empty again, but this time with some buildings visible in the background.","Action Caption"
"000074","Does the video show the subject entering a building?","No.","Yes.","Whether Something Happened(Y/N)"
"000074","Is the subject interacting with other people in the video?","No.","No, the subject is not interacting with other people in the video.","Whether Something Happened(Y/N)"
"000074","Does the video capture the subject engaging in a sport?","No.","Yes, the video captures a person in motion, suggesting that they are engaging in a sport.","Whether Something Happened(Y/N)"
"000074","Is the subject seen leaving the field in the video?","Yes.","Yes.","Whether Something Happened(Y/N)"
"000074","Does the video show the subject at home?","No, just heading home.","Yes.","Whether Something Happened(Y/N)"
"000075","What is the location of the video clip?","The video clip is in a field with a walkway.","The location of the video clip is a serene coastal area with a road, street lamps, and buildings in the background.","Scene Summary"
"000075","What activity is shown in the video?","Walking on a walkway and looking around.","The video shows a person walking along the road.","Scene Summary"
"000075","What time of day does the video depict?","The video depicts evening or dusk.","The video depicts either sunrise or sunset, as indicated by the soft lighting and long shadows.","Scene Summary"
"000075","What natural features can be seen in the video?","There is a body of water visible.","The video shows a serene landscape with a calm body of water, a road leading towards the horizon, and a bridge over it.","Scene Summary"
"000075","Does the person stop to observe a specific scene?","Yes.","Yes, the person stops to look at a specific scene on the road.","Whether Something Happened(Y/N)"
"000075","In the video, did I look at the scenes before walking on the field?","No","No, you didn't look at the scenes before walking on the field.","Order Judging(Y/N)"
"000075","In the video, was I indoors before going to the field?","No","No, I was outdoors before going to the field.","Order Judging(Y/N)"
"000075","What happened before I walked on the walkway in the video?","I was in the field","Before I walked on the walkway, there was a person walking in the distance.","What event order"
"000076","What is depicted in the current frame?","It shows a sidewalk lined with palm trees and buildings.","The current frame depicts a serene and well-maintained street with white buildings, palm trees, and a clear sky.","Scene Summary"
"000076","What activity is taking place in these frames?","Walking along a residential sidewalk.","A person is walking on the sidewalk, possibly heading towards or away from a parked car.","Action Caption"
"000076","Does this video show a busy city street?","No.","No.","Whether Something Happened(Y/N)"
"000076","Does the clip capture any interaction with people?","No.","No, the clip does not capture any interaction with people.","Whether Something Happened(Y/N)"
"000076","Is the person entering a building in this scene?","No.","Yes.","Whether Something Happened(Y/N)"
"000076","Was I in the field after walking on the walkway?","No.","Yes, you were in the field after walking on the walkway.","Order Judging(Y/N)"
"000076","Did I go home before looking at the scenes?","No.","No, you didn't go home before looking at the scenes.","Order Judging(Y/N)"
"000076","What occurs just before I look at the scenes?","I walk on the walkway.","A person appears in the frame, walking towards the camera.","What event order"
"000076","What do I do before walking on the walkway?","I am in the field.","Before walking on the walkway, you should turn left and look at the palm trees.","What event order"
"000076","Did I walk on the field before looking at the scenes?","Yes","Yes, you walked on the field before looking at the scenes.","Order Judging(Y/N)"
"000076","Is the walk on the walkway shown before going home in the video?","Yes","No.","Order Judging(Y/N)"
"000076","In the video, do we see walking through the walkways before walking on the field?","No","No, we do not see walking through the walkways before walking on the field.","Order Judging(Y/N)"
"000076","Do I walk along the water before walking under the trees as shown in the clip?","Yes","Yes, you walk along the water before walking under the trees.","Order Judging(Y/N)"
"000076","In the video sequence, what occurs before walking on the field?","Being outdoors","Before walking on the field, a person is seen standing near the palm trees and looking towards the camera.","What event order"
"000076","What event takes place before walking under the trees in the clip?","Walking along the water","A sunset event takes place before walking under the trees.","What event order"
"000077","What is the setting of the scenario seen in the video?","A residential area with palm trees and walkways.","The setting of the scenario is a serene and well-maintained outdoor area, possibly part of a residential or recreational complex.","Scene Summary"
"000077","What can be seen in the background of the video frame?","Houses, streetlights, and a clear sky.","In the background, there are palm trees and a gazebo.","Scene Summary"
"000077","What are the dominant features of the environment in this clip?","Landscaped pathways, streetlamps, and tropical foliage.","The dominant features of the environment in this clip are a well-maintained road, palm trees, and a serene park setting.","Scene Summary"
"000077","Can you characterize the location shown in the video?","A well-maintained suburban neighborhood.","The location shown in the video is a serene and well-maintained outdoor area with palm trees, a gazebo, and a paved pathway.","Scene Summary"
"000077","What action is being undertaken in the new frames?","Walking along a residential street.","A person is walking towards the camera in the new frames.","Action Caption"
"000077","Is there any sign of wildlife in the frames provided?","No.","No, there are no signs of wildlife in the frames provided.","Whether Something Happened(Y/N)"
"000077","Did the person in the video use any transportation other than walking?","No.","Yes, the person in the video used a bicycle.","Whether Something Happened(Y/N)"
"000077","Does the footage include any sporting activities?","No.","Yes, the footage includes a person walking on the sidewalk.","Whether Something Happened(Y/N)"
"000077","Is the person in the video engaging with the environment, like sitting or touching?","No.","No, the person is not engaging with the environment; they are walking and moving around.","Whether Something Happened(Y/N)"
"000077","Did I tour the park before walking on the walkways?","Yes","Yes, the person walking on the walkways was seen earlier in the video.","Order Judging(Y/N)"
"000077","What do I do before touring the park?","Nothing, it is the first activity","Before touring the park, I should walk around the perimeter of the park and observe the palm trees.","What event order"
"000077","Did I walk through the park before going home?","Yes","Yes, the person was seen walking through the park before going home.","Order Judging(Y/N)"
"000078","What environment is depicted in this video clip?","An outdoor, paved area with street lamps.","The video depicts a serene and quiet environment with palm trees lining the street, a clear sky, and a calm road.","Scene Summary"
"000078","What action am I performing in this clip?","Walking on a pavement outdoors.","I am riding a bicycle and passing by the person in the foreground.","Action Caption"
"000078","Do I interact with anyone in this video clip?","No.","Yes, a person wearing an orange shirt is seen interacting with the child on the bicycle.","Whether Something Happened(Y/N)"
"000079","What is the setting of this video clip?","The setting is an outdoor pavement in a residential area.","The setting of the video clip is an empty street at dusk or early evening, with a row of buildings and palm trees lining the sides.","Scene Summary"
"000079","What time of day is depicted in this frame?","It appears to be twilight or early evening.","The sky is clear and the sun appears to be setting, indicating that it's either early morning or late evening.","Scene Summary"
"000079","What elements indicate that this is a residential area?","The presence of housing structures and lack of commercial signs.","The presence of palm trees, well-maintained lawns, and a row of houses with balconies indicate that this is a residential area.","Scene Summary"
"000079","What type of path is the person on in the video?","The person is on a paved walkway.","The person is on a pedestrian path.","Scene Summary"
"000079","Does the scene suggest a leisurely or rushed pace?","The scene suggests a leisurely pace.","The scene suggests a leisurely pace, as there are no people visible in the frame and the overall atmosphere is calm.","Action Caption"
"000079","Does the person interact with any objects in the scene?","No.","Yes, the person is seen walking on the sidewalk and interacting with a mobile phone.","Whether Something Happened(Y/N)"
"000079","Is the person traveling with someone else?","No.","Yes","Whether Something Happened(Y/N)"
"000079","Does the video capture any animals in the scene?","No.","No, the video does not capture any animals.","Whether Something Happened(Y/N)"
"000079","Does the individual seem to be lost or searching for directions?","No.","Yes, the individual appears to be lost or searching for directions as they walk along the sidewalk.","Whether Something Happened(Y/N)"
"000080","What is depicted in the scene of the video clip?","A person relaxing on a couch holding an e-reader.","The scene depicts a person sitting on a couch, holding an electronic device with text displayed on the screen. The background shows a dining area with chairs and tables, and there is also a view of another room through a window in the distance.","Scene Summary"
"000080","What location is shown in the video clip?","Inside a house.","The video clip shows a living room with a dining table and chairs in the background.","Scene Summary"
"000080","Describe the setting where the action takes place.","A living room with a dining area in the background.","The setting is a cozy living room with a chandelier hanging from the ceiling, a dining table with chairs, and a window in the background. The walls are adorned with decorative elements such as wall hangings and curtains.","Scene Summary"
"000080","How is the environment arranged in the video clip?","A cozy arrangement with a couch, curtain, and dining set.","The environment is arranged with a large, comfortable couch in the foreground and a dining area visible in the background.","Scene Summary"
"000080","What is the subject doing in the video?","Resting and perhaps beginning to read an e-book.","The subject is engrossed in reading a book.","Action Caption"
"000080","Can you provide an overview of the action in this clip?","Leisurely activities involving electronic devices at home.","The clip features a person sitting on a couch, holding an open white tablet with text displayed. The background shows a dining area with chairs and tables, creating a cozy indoor setting.","Action Caption"
"000080","Does the video capture the person sitting on the couch?","Yes.","Yes, the video captures the person sitting on the couch as they read a book.","Whether Something Happened(Y/N)"
"000080","Is the person in the video engaged in a strenuous activity?","No.","No.","Whether Something Happened(Y/N)"
"000081","What is the setting of the scene in the clip?","The setting is inside a house.","The setting of the scene is a cozy living room with a dining table and chairs, a chandelier hanging from the ceiling, and a window in the background.","Scene Summary"
"000081","Where was the reading activity taking place?","The reading took place on a couch.","The activity was taking place in a cozy living room with a modern decor, featuring a dining table and chairs.","Scene Summary"
"000081","What object is prominently featured in the scene?","A tablet is prominently featured.","The object prominently featured in the scene is a white e-reader.","Scene Summary"
"000081","What is the room's appearance in the video clip?","The room appears to be a living area.","The room has a modern decor with beige walls, a chandelier hanging from the ceiling, and a large window that lets in natural light.","Scene Summary"
"000081","What activity is the subject engaged in?","The subject is engaged in reading a book.","The subject is engaged in reading a book.","Scene Summary"
"000081","Describe the posture of the person in the action.","The person is sitting with legs up on the couch.","The person is sitting cross-legged on the couch, with one leg crossed over the other.","Action Caption"
"000081","Does the clip show a person reading a physical book?","No.","No, the clip does not show a person reading a physical book. The focus is on the device and its screen displaying text.","Whether Something Happened(Y/N)"
"000081","Is the subject standing while reading?","No.","No, the subject is sitting on a couch while reading.","Whether Something Happened(Y/N)"
"000081","Does the video capture multiple people in the room?","No.","No, the video does not capture multiple people in the room. It focuses on a single person reading a book while sitting on a couch.","Whether Something Happened(Y/N)"
"000081","Does the video show a daytime setting?","No.","No.","Whether Something Happened(Y/N)"
"000082","What setting is shown in the video?","A house interior is shown in the video.","The video shows a cozy indoor setting with a person lounging on a couch, surrounded by comfortable furniture and decor.","Scene Summary"
"000082","Explain the immediate scene in the video?","The video captures a moment of domestic relaxation.","The video features a person sitting on a couch in a cozy living room, engrossed in reading a white e-reader. The background includes a dining area with chairs and tables, creating a comfortable and inviting atmosphere. The person is dressed casually in blue jeans and has their feet propped up on the couch. As they continue to read, the text on the e-reader appears to be in Russian, indicating that the scene takes place in a Russian-speaking country or region.","Scene Summary"
"000082","Can you describe the motion occurring in the clip?","There is minimal motion, mainly of holding a tablet.","The motion is consistent, with the person occasionally adjusting their position on the couch and holding the e-reader.","Action Caption"
"000082","How would you caption the video's current activity?","Leisure time: Engrossed in digital reading.","The caption could be 'A cozy evening spent with a book' or 'Enjoying the quiet moments of reading'.","Action Caption"
"000082","Does the video show a person standing up?","No.","No.","Whether Something Happened(Y/N)"
"000082","Is the video capturing outdoor activities?","No.","No.","Whether Something Happened(Y/N)"
"000082","Does the video depict a social gathering?","No.","No, the video does not depict a social gathering; it focuses on the individual's solitary activity of reading.","Whether Something Happened(Y/N)"
"000082","Is the individual in the video interacting with others?","No.","No, the individual is not interacting with others in the video.","Whether Something Happened(Y/N)"
"000082","Is the scene taking place in a work environment?","No.","No.","Whether Something Happened(Y/N)"
"000083","What is the main activity depicted in this video scene?","Reading a book on a tablet.","The main activity depicted in this video scene is a person reading a book on an e-reader.","Scene Summary"
"000083","Where is this scene taking place?","Inside a house.","This scene is taking place in a cozy living room.","Scene Summary"
"000083","How is the reader positioned in this scenario?","Relaxed on a couch with feet up.","The reader is positioned on the couch with their legs crossed, leaning back slightly.","Scene Summary"
"000083","Can you describe the posture of the reader in this clip?","The reader is lying back with feet propped up.","The reader is seated comfortably on the couch, with their legs crossed and hands resting on their lap.","Action Caption"
"000083","What is the focal point of this particular frame?","The tablet displaying text.","The focal point of this particular frame is the white e-reader displaying text, which the person is holding and reading.","Action Caption"
"000083","What does the stillness of the frame indicate about the action?","It indicates a calm and stationary activity.","The stillness of the frame indicates that the person is engaged in a quiet and focused activity, likely reading or writing.","Action Caption"
"000083","Does the video show any social interaction?","No.","No, the video does not show any social interaction.","Whether Something Happened(Y/N)"
"000083","Is the reader changing positions frequently in this clip?","No.","Yes, the reader occasionally shifts their position on the couch.","Whether Something Happened(Y/N)"
"000083","Does the environment indicate a public or private space?","A private space.","The environment indicates a public space, as there is another dining table and chairs visible in the background.","Whether Something Happened(Y/N)"
"000083","Does the reader make use of any physical book in the scene?","No.","No, the reader does not make use of any physical book in the scene.","Whether Something Happened(Y/N)"
"000083","Is there any indication of the reader being disturbed or interrupted?","No.","Yes, the reader's hand is raised to their face, suggesting they might be reading or writing something.","Whether Something Happened(Y/N)"
"000084","What does the video show in the indoor setting?","Someone sitting on a couch using a tablet.","The video shows a person sitting on the couch, engrossed in reading a white e-reader with blue text.","Scene Summary"
"000084","Where is the person located in the video?","The person is on the couch inside a house.","The person is located in a living room.","Scene Summary"
"000084","How is the person positioned in this section of the video?","They are sitting with legs on the couch.","The person is sitting on the couch with their legs crossed, holding a white tablet in front of them.","Scene Summary"
"000084","What is the person doing with their legs in the video?","They are moving their legs on the couch.","The person is sitting cross-legged on the couch with their legs crossed.","Action Caption"
"000084","How is the tablet being utilized in the video?","The tablet is being held and read from.","The tablet is being used to read a book, with the person's hands actively moving across the screen.","Action Caption"
"000084","Is the individual in the video eating?","No.","No.","Whether Something Happened(Y/N)"
"000084","Does the video show the person lying down on the couch?","No.","No.","Whether Something Happened(Y/N)"
"000084","Is there a pet visible in the video clip?","No.","No, there is no pet visible in the video clip.","Whether Something Happened(Y/N)"
"000084","Does the video depict any outdoor scenes?","No.","No.","Whether Something Happened(Y/N)"
"000084","Is the person in the video talking on the phone?","No.","No.","Whether Something Happened(Y/N)"
"000084","Did I sit on the couch before reading the book on the tablet?","Yes","No, the person did not sit on the couch before reading the book on the tablet.","Order Judging(Y/N)"
"000084","Did I move my legs on the couch before using the tablet?","Yes","No, I did not move my legs on the couch before using the tablet.","Order Judging(Y/N)"
"000084","Was I in the house before I sat on the couch?","Yes","Yes, I was in the house before I sat on the couch.","Order Judging(Y/N)"
"000084","Did I use the tablet before moving my legs on the couch?","No","Yes, you used the tablet before moving your legs on the couch.","Order Judging(Y/N)"
"000084","Was the tablet in my hands before I sat on the couch?","No","Yes, the tablet was in my hands before I sat on the couch.","Order Judging(Y/N)"
"000084","What happens just before I read the book on the tablet?","Sitting on the couch.","Just before I read the book on the tablet, a person walks into the room and sits down next to me.","What event order"
"000085","What setting is depicted in the provided video clip?","A person sitting on a couch in a house.","The setting depicted in the video clip is a cozy living room with a comfortable couch, a dining table with chairs, and various decorative elements such as curtains and plants.","Scene Summary"
"000085","What furnishings are visible in the video?","A couch, chair, and a dining area in the background.","The video shows a dining table with chairs, a chandelier hanging from the ceiling, and a window.","Scene Summary"
"000085","Describe the atmosphere of the room shown in the video?","The room appears to be tidy and comfortably lit.","The room has a cozy and inviting atmosphere, with dim lighting that creates a warm ambiance.","Scene Summary"
"000085","Describe the posture of the individual in the video?","They are seated with their legs up on the couch.","The individual is lying on their back with one leg extended and the other bent at the knee, resting comfortably.","Action Caption"
"000085","Can you summarize the person's behavior in the video?","They are relaxing and using an electronic device.","The person is sitting on a couch, holding an e-reader with text displayed on the screen. They appear to be reading or looking at the content of the e-reader while occasionally adjusting their position and interacting with it.","Action Caption"
"000085","Is there any noticeable movement or gesture in the video?","The person raised their hands at some point.","No, there is no noticeable movement or gesture in the video.","Action Caption"
"000085","Did the person in the video adjust their position on the couch?","Not shown in the given frame.","Yes, the person adjusted their position slightly on the couch.","Whether Something Happened(Y/N)"
"000085","Is the individual in the video communicating with someone else?","No, not visibly.","Yes.","Whether Something Happened(Y/N)"
"000085","Does the video indicate that the person is multitasking?","No, they appear focused on the tablet.","Yes, the video shows the person holding a white tablet with text on it while also resting their hands on their lap and occasionally glancing at the table in front of them.","Whether Something Happened(Y/N)"
"000085","Is the person standing up at any point in the video?","No, they are seated throughout.","No.","Whether Something Happened(Y/N)"
"000085","Did I move my legs on the couch before using the tablet?","Yes","No, I did not move my legs on the couch before using the tablet.","Order Judging(Y/N)"
"000085","Did I raise my hands before sitting on the couch?","No","No, you didn't raise your hands before sitting on the couch.","Order Judging(Y/N)"
"000085","Was I sitting on the couch before raising my hands?","Yes","Yes, you were sitting on the couch before raising your hands.","Order Judging(Y/N)"
"000085","Did I use the tablet after sitting on the couch?","Yes","Yes, the tablet was used after sitting on the couch.","Order Judging(Y/N)"
"000085","What did I do just before using the tablet in the house?","Sat on the couch","I sat on the couch and read a book.","What event order"
"000085","What did I do just before raising my hands?","Used the tablet","I raised my hands to adjust the position of the white tablet.","What event order"
"000085","Is the tablet used after sitting on the couch as shown in the clip?","Yes","Yes.","Order Judging(Y/N)"
"000085","In the video, is the tablet picked up before legs are placed on the couch?","Yes","No, the tablet is not picked up before legs are placed on the couch.","Order Judging(Y/N)"
"000085","Does sitting on the couch happen after raising hands in the sequence?","No","Yes, the person raises their hands to sit on the couch.","Order Judging(Y/N)"
"000086","What is the setting of the video clip?","The setting is inside a house.","The setting of the video clip is a cozy living room with a comfortable couch, a round table in the background, and various decorative items on the shelves.","Scene Summary"
"000086","Where is the person situated in this scene?","The person is sitting on the couch.","The person is situated on a couch in the living room.","Scene Summary"
"000086","What object is the person interacting with?","The person is holding and using a tablet.","The person is interacting with a white e-reader displaying text.","Scene Summary"
"000086","Describe the person's posture in the video.","The person is reclined with feet up on the couch.","The person is lying on a beige couch with their legs crossed, holding an e-reader in front of them.","Scene Summary"
"000086","Is the person reading a book on the tablet?","Yes.","No.","Whether Something Happened(Y/N)"
"000086","Does the scene show an interaction with digital technology?","Yes.","Yes, the scene shows an interaction with digital technology as the person is holding a white e-reader displaying text.","Whether Something Happened(Y/N)"
"000086","Is the individual standing while using the tablet?","No.","No.","Whether Something Happened(Y/N)"
"000086","Has the person positioned themselves comfortably for tablet use?","Yes.","Yes, the person is comfortably seated on a couch with their feet propped up on pillows.","Whether Something Happened(Y/N)"
"000086","Does the video show the person watching TV?","No.","No.","Whether Something Happened(Y/N)"
"000086","In the video, did I use the tablet before sitting on the couch?","No","No, the person did not use the tablet before sitting on the couch.","Order Judging(Y/N)"
"000086","Did I raise my hands before holding the tablet?","No","No, you did not raise your hands before holding the tablet.","Order Judging(Y/N)"
"000086","In the video, was I already seated on the couch before using the tablet?","Yes","Yes, I was already seated on the couch before using the tablet.","Order Judging(Y/N)"
"000086","Was the tablet in my hand before I used it?","Yes","Yes, the tablet was in my hand before I used it.","Order Judging(Y/N)"
"000086","What occurs just before I hold the tablet in the video?","I sit on the couch","Just before I hold the tablet, a person is seen sitting on the couch with their legs crossed and feet resting on the armrest.","What event order"
"000086","What action takes place before using the tablet?","I hold the tablet","Before using the tablet, the person sits on the couch with their legs crossed and hands resting on their knees.","What event order"
"000086","In the video, did I move my legs on the couch before using the tablet?","Yes","No, the person did not move their legs on the couch before using the tablet.","Order Judging(Y/N)"
"000086","In the video, is the tablet held before raising hands?","Yes","Yes, the tablet is held before raising hands.","Order Judging(Y/N)"
"000086","In the video, does sitting on the couch happen before moving legs on the couch?","Yes","Yes, sitting on the couch happens before moving legs on it.","Order Judging(Y/N)"
"000086","What happens before I use the tablet in the video?","I sit on the couch and move my legs","Before using the tablet, the person is seen sitting on a couch with their legs crossed and feet resting on pillows.","What event order"
"000086","What action is performed just before raising hands in the video?","Using the tablet","Just before raising hands, the person is seen holding a white tablet with text on it.","What event order"
"000086","What do I do right before moving my legs on the couch?","I sit on the couch","You should move your legs on the couch to a comfortable position.","What event order"
"000086","In the video, what takes place prior to holding the tablet?","I sit on the couch","Prior to holding the tablet, the person is seen lying on a couch with their legs crossed and feet resting on pillows.","What event order"
"000087","What is the depicted scenario in this video frame?","A person sitting on a couch using a tablet.","The video frame depicts a person sitting on a couch, engrossed in reading an e-reader. The background shows a dining area with tables and chairs, creating a cozy atmosphere.","Scene Summary"
"000087","Can you summarize the environment in the video clip?","The environment is a cozy living room with a person on the couch.","The video shows a cozy living room with a beige sofa, a round table with chairs in the background, and a chandelier hanging from the ceiling. The walls are adorned with decorative elements, creating a warm and inviting atmosphere.","Scene Summary"
"000087","Offer a caption for the ongoing activity in the video?","Enjoying digital content from the comfort of the couch.","'Engaging with a white e-reader in a cozy living room, immersed in the world of words.'","Action Caption"
"000087","Is the person in the video standing up?","No.","No.","Whether Something Happened(Y/N)"
"000087","Does the video capture the individual walking around?","No.","No, the video does not capture the individual walking around; it focuses on the person sitting comfortably in a room.","Whether Something Happened(Y/N)"
"000087","Is there a group of people in the video clip?","No.","No.","Whether Something Happened(Y/N)"
"000087","Does the frame show the person cooking in the kitchen?","No.","No.","Whether Something Happened(Y/N)"
"000087","Is the person in the video engaging in a conversation?","No.","No.","Whether Something Happened(Y/N)"
"000087","Did I sit on the couch before using the tablet?","Yes.","Yes, the person was sitting on the couch before using the tablet.","Order Judging(Y/N)"
"000087","Did I hold the tablet before sitting on the couch?","No.","Yes, the person was holding the tablet before sitting on the couch.","Order Judging(Y/N)"
"000087","Did I sit down after picking up the tablet?","Yes.","Yes, the person sat down after picking up the tablet.","Order Judging(Y/N)"
"000087","In the video, what do I do just before sitting on the couch?","There is no information on actions prior.","I adjust the position of the white tablet on my lap.","What event order"
"000087","In the sequence, what happens before I use the tablet?","I hold the tablet.","Before using the tablet, I place it on the couch and adjust my position.","What event order"
"000087","Does the action of sitting on the couch happen before using the tablet?","Yes","No, the action of sitting on the couch happens after using the tablet.","Order Judging(Y/N)"
"000087","Does raising hands occur before sitting on the couch?","No","Yes, raising hands occur before sitting on the couch.","Order Judging(Y/N)"
"000087","Is using the tablet done after sitting on the couch?","Yes","Yes.","Order Judging(Y/N)"
"000087","What happens before using the tablet?","Sitting on the couch and holding the tablet","Before using the tablet, the person is seen sitting on a couch with their legs crossed and feet resting on the armrest.","What event order"
"000087","What occurs just before raising hands?","Using the tablet","Just before raising hands, the person's legs are crossed and they appear to be in a relaxed position.","What event order"
"000088","What is the setting of the video clip?","The setting is inside a house.","The video clip is set in a modern, well-lit interior space with large windows that offer a view of trees and a building.","Scene Summary"
"000088","What activity occurs in the scene?","Walking around and checking items.","A person wearing a black shirt and shorts is seen sitting on the couch, holding an object in their hands.","Scene Summary"
"000088","Are there multiple people in the video?","Yes, two people are present.","Yes.","Scene Summary"
"000088","Did I exit the house during the video?","No.","Yes, the person exited the house through a door on the left side of the frame.","Whether Something Happened(Y/N)"
"000088","Did I ignore any rooms while checking?","No.","No, I checked all rooms.","Whether Something Happened(Y/N)"
"000088","Did the interaction with the other person seem hostile?","No.","Yes, the interaction with the other person seemed hostile.","Whether Something Happened(Y/N)"
"000088","Did I find anything unusual in the items?","The video does not indicate that.","Yes, there is a red object on the floor near the person.","Whether Something Happened(Y/N)"
"000089","What setting is introduced in this video clip?","An interior of a house.","The video clip introduces a modern, well-lit living space with a large window that allows natural light to flood the room.","Scene Summary"
"000089","What objects are central to the scene in this video?","A magazine and a woman.","The central objects in the scene are a television, a table with various items on it, and a magazine.","Scene Summary"
"000089","Describe the layout of the room shown.","Room with large windows and modern lighting.","The room is well-lit with natural light streaming in through large windows, creating a bright and airy atmosphere. It features a modern design with white walls and a gray floor. The space includes a comfortable seating area with a gray couch, a coffee table, and a television mounted on the wall. There are also decorative elements such as potted plants and a vase placed on the coffee table. A person is sitting on the couch, holding an open magazine featuring images of hairstyles and makeup products.","Scene Summary"
"000089","What activity dominates this scene?","Reading and interacting with another person.","The activity that dominates this scene is the person sitting on a couch, reading or looking at an open magazine.","Scene Summary"
"000089","What is the relationship between the primary elements in this scene?","They involve engagement with reading material and human interaction.","The relationship between the primary elements in this scene is that of a serene and comfortable living space, with the person lounging on the couch enjoying their time.","Scene Summary"
"000089","What action am I performing in these frames?","Holding and looking at a magazine.","In these frames, you are performing the action of reading a magazine.","Action Caption"
"000089","What activity follows holding the magazine?","Looking at the magazine.","Following holding the magazine, a hand appears and picks up the magazine from the floor.","Action Caption"
"000089","Did I hold the magazine before walking around the house?","No","Yes, the person holding the magazine was walking around the house before they held it.","Order Judging(Y/N)"
"000089","Did I look at the magazine before walking around with another person?","Yes","Yes, you can see the magazine in your hand before walking around with another person.","Order Judging(Y/N)"
"000089","Was the magazine held after checking on items in the house?","No","Yes, the magazine was held in someone's hand after checking on items in the house.","Order Judging(Y/N)"
"000089","What do I do just before interacting with the woman?","Holding the magazine","I turn on the lamp to illuminate the room.","What event order"
"000089","What action is performed just before I check on items?","Walking around the house","Just before I check on items, a hand appears and picks up an item from the floor.","What event order"
"000089","What happens right before I hold the magazine?","Walking with another person","A hand holding the magazine appears, and I start flipping through it.","What event order"
"000089","What is done immediately before walking around the house?","Being inside the house","Immediately before walking around the house, a person is seen holding an open magazine with images of hairstyles and makeup products.","What event order"
"000090","What does the environment indicate about the video's setting?","The video is set in a modern, well-lit living space.","The environment indicates a modern, well-lit space with natural light streaming in through large windows and a high ceiling with exposed ductwork. The presence of plants and decorative items adds to the aesthetic appeal of the room.","Scene Summary"
"000090","What activity is being undertaken in the living area?","Reading and interacting with another person.","The person is holding a magazine and appears to be reading or flipping through it.","Scene Summary"
"000090","Describe the indoor setting captured in the video.","A living room with a TV unit, books, and seating areas.","The video takes place in a spacious, well-lit room with white walls and a high ceiling. The room features large windows that allow natural light to flood the space, creating a bright and airy atmosphere. A television is mounted on one wall, displaying various images and text. There are several potted plants placed around the room, adding a touch of greenery. A person wearing sunglasses sits comfortably on a gray couch, holding a magazine or book titled 'Stand-Up'. They appear relaxed and engaged while reading.","Scene Summary"
"000090","What items in the room indicate leisure activities?","A television and books suggest leisure or relaxation.","The presence of a television, potted plants, and a magazine on the coffee table indicate leisure activities.","Scene Summary"
"000090","What furnishings can be observed in the video scene?","A TV stand, shelves, and magazines can be seen.","The video shows a television on a stand, several potted plants, and a large window with greenery outside.","Scene Summary"
"000090","What actions are performed by the individual regarding the books?","The individual is turning the pages and reading a book.","The individual is seen holding a book and flipping through its pages, reading it.","Action Caption"
"000090","How does the person engage with the media in the room?","The person seems to ignore the TV and focuses on the book.","The person engages with the media by holding a magazine titled 'Stand-Up' and flipping through its pages, appearing to read or look at it.","Action Caption"
"000090","Did the person read a book in the video?","Yes.","Yes","Whether Something Happened(Y/N)"
"000090","Did the individual change the page of the book at least once?","Yes.","Yes, the individual made a few changes to the page of the book.","Whether Something Happened(Y/N)"
"000090","Did the person have an interaction with someone in the room?","Yes.","Yes, the person was seen holding a phone and gesturing with their hands while sitting on the couch.","Whether Something Happened(Y/N)"
"000090","In the video, is the magazine held before turning book pages?","Yes.","Yes","Order Judging(Y/N)"
"000090","Is the book read after interacting with a woman?","No.","Yes.","Order Judging(Y/N)"
"000090","In the video, does looking around occur before holding the magazine?","No.","Yes, looking around occurs before holding the magazine.","Order Judging(Y/N)"
"000090","What is done just before interacting with a woman?","Looking at the magazine.","Just before interacting with a woman, the person is seen holding a magazine titled 'Stand-Up' and appears to be reading it.","What event order"
"000090","What occurs just before turning book pages?","Looking around.","Just before turning book pages, the person is seen holding a drink and appears to be in conversation or reading.","What event order"
"000090","What is performed just before reading a book?","Turning book pages.","Just before reading a book, the person is seen holding a drink and gesturing with their hands.","What event order"
"000090","In the video sequence, what is done before interacting with a different woman?","Reading a book.","Before interacting with a different woman, the person in the black jacket and sunglasses is seen sitting on a gray couch.","What event order"
"000090","Did I walk around the house before holding the magazine?","Yes.","Yes, the person was seen walking around the house before holding the magazine.","Order Judging(Y/N)"
"000090","Was the magazine held before reading a book?","Yes.","Yes, the magazine was held before reading a book.","Order Judging(Y/N)"
"000090","Did reading a book happen before walking around the house?","No.","Yes, the person was seen holding a book and reading it before walking around the house.","Order Judging(Y/N)"
"000090","What occurs just before reading a book?","Turn book pages.","Just before reading a book, the person is seen holding a drink and gesturing with their hands.","What event order"
"000090","What action takes place before walking around the house?","No preceding action mentioned.","Before walking around the house, a person is seen sitting on the couch and holding a drink.","What event order"
"000091","What is the location setting in this video clip?","Inside a house.","The location setting in this video clip is a modern, well-lit living room with large windows and a minimalist design.","Scene Summary"
"000091","Describe the atmosphere of the scene.","A casual, indoor environment.","The atmosphere of the scene is calm and serene, with natural light streaming in through large windows. The room has a modern aesthetic, featuring white walls, a black floor lamp, and a television mounted on one wall. There are potted plants adding a touch of greenery to the space.","Scene Summary"
"000091","What is the relationship between the participants in the video?","They appear to be acquaintances.","The relationship between the participants in the video is not explicitly stated, but they appear to be comfortable with each other and are engaged in a casual conversation.","Scene Summary"
"000091","Did the characters engage in any recreational activity?","Yes, they read magazines.","Yes, the characters engaged in a recreational activity by holding and examining a small object together.","Action Caption"
"000091","Did the characters sit down for a formal meeting?","No.","No, the characters did not sit down for a formal meeting; they were engaged in casual conversation.","Whether Something Happened(Y/N)"
"000091","Are the characters in the video clip outdoors?","No.","No.","Whether Something Happened(Y/N)"
"000091","Is there any sign of an argument happening in the video?","No.","No, there is no sign of an argument happening in the video.","Whether Something Happened(Y/N)"
"000091","Did the characters watch television in the clip?","No.","No.","Whether Something Happened(Y/N)"
"000091","Is there any physical activity performed by the characters?","No.","No, there is no physical activity performed by the characters in this scene.","Whether Something Happened(Y/N)"
"000091","Does reading a book happen before talking to the woman?","Yes.","Yes, the woman is seen reading a book before talking to her.","Order Judging(Y/N)"
"000091","Is looking around done before turning book pages?","Yes.","Yes, looking around is done before turning book pages.","Order Judging(Y/N)"
"000091","What occurs just before reading the magazines?","Talking to each other.","Just before reading the magazines, a person wearing sunglasses appears and starts to read them.","What event order"
"000091","What takes place immediately before looking around?","Turning book pages.","A person wearing sunglasses and a black shirt with the text 'Los Angeles' on it walks towards the camera.","What event order"
"000091","What action is performed just before talking to each other?","Looking around.","Just before talking to each other, the person in the black hoodie and sunglasses is seen holding a drink.","What event order"
"000091","Did I look around before holding the magazine?","No.","Yes, you did.","Order Judging(Y/N)"
"000092","What activities were performed in the room?","Reading a magazine and making coffee.","The activities performed in the room included a person sitting on a chair, holding a drink and a remote control, engaging with someone off-camera, and interacting with items on a coffee table.","Scene Summary"
"000092","Describe the environment where the actions occurred.","A room with a seated person, magazine, and phone.","The environment is a modern, well-lit room with white walls and large windows that allow natural light to flood the space. The room features a television on a stand, a potted plant, a floor lamp, and a sofa with cushions. There are also other pieces of furniture such as chairs and tables scattered around the room.","Scene Summary"
"000092","What devices were used in the scenario?","A magazine and a phone.","The scenario involved using a smartphone, a television, and a remote control.","Scene Summary"
"000092","What was the person doing with the magazine?","The person was reading the magazine.","The person was holding the magazine and flipping through its pages.","Action Caption"
"000092","What activity followed reading the magazine?","The person operated the phone.","Following reading the magazine, a person in a black shirt and sunglasses sat down on a gray sofa to continue their activity.","Action Caption"
"000092","Did the person remain seated throughout?","No, they got up to make coffee.","Yes, the person remained seated throughout the video.","Action Caption"
"000092","Did the person leave the room?","No, the actions happened in the room.","Yes","Whether Something Happened(Y/N)"
"000092","Did the person use a laptop?","No, the person used a phone.","No.","Whether Something Happened(Y/N)"
"000092","Did I talk to the woman before reading the magazine?","Yes","Yes, she was seen talking to someone off-camera before reading the magazine.","Order Judging(Y/N)"
"000092","Did I read the magazine before making coffee?","Yes","Yes, the person in the black shirt was seen holding a magazine before making coffee.","Order Judging(Y/N)"
"000092","Did I operate the phone before talking to the woman?","No","Yes, the woman was holding a phone before talking to her.","Order Judging(Y/N)"
"000092","Did I make coffee before sitting in the room?","No","Yes, you made coffee before sitting in the room.","Order Judging(Y/N)"
"000092","Did I make coffee before reading a magazine?","No","Yes, you made coffee before reading a magazine.","Order Judging(Y/N)"
"000092","Did I interact with the woman before reading the book?","Yes","Yes, before reading the book, I interacted with her by holding a phone and looking at it.","Order Judging(Y/N)"
"000092","Was the magazine read before interacting with the woman?","No","Yes, the magazine was read before interacting with the woman.","Order Judging(Y/N)"
"000092","Was the phone operated before making coffee?","Yes","Yes, the phone was operated before making coffee.","Order Judging(Y/N)"
"000092","What occurs just before I make coffee?","Operate the phone","Just before I make coffee, a person enters the room and walks towards the television.","What event order"
"000092","What do I do before reading the magazine?","Talk to the woman","Before reading the magazine, I should place it on the coffee table.","What event order"
"000092","What is done just before looking around?","Turn book pages","Just before looking around, the person is seen holding a small object in their hand.","What event order"
"000092","What action takes place before reading the book?","Look around","Before reading the book, a person sits on a chair and reads it.","What event order"
"000093","Describe the setting where the activity is taking place.","The activity is in an indoor room with modern furnishings.","The activity is taking place in a modern, well-lit room with a high ceiling and exposed ductwork. The room features a large window that offers a view of trees outside, creating a serene atmosphere. A television screen is mounted on the wall, displaying various images. There are two couches, one larger and positioned against the wall, and another smaller one placed near the center of the room. A coffee table sits between these two couches, holding magazines and other items. A potted plant adds a touch of greenery to the space.","Scene Summary"
"000093","Identify the furniture used by the individuals in the clip.","Chairs are used for seating during the card game.","The individuals are seated on a gray sofa and a white armchair.","Scene Summary"
"000093","Did the individual participate in a recreational game?","Yes.","Yes, the individual was seen holding a box of Jenga blocks and engaging in a recreational game.","Whether Something Happened(Y/N)"
"000093","Was there any interaction with another person during the game?","Yes.","Yes, the person in the black shirt was seen holding a phone and gesturing with their hand during the game.","Whether Something Happened(Y/N)"
"000093","Does the setting include contemporary room decor?","Yes.","Yes.","Whether Something Happened(Y/N)"
"000094","Name one activity that is clearly not happening in this scene.","Cooking food is clearly not happening in this scene.","The activity that is clearly not happening in this scene is the person's hands holding a phone.","Scene Summary"
"000094","What parallel activity accompanies the main action in this clip?","A discussion with another person accompanies the main action.","The main action in this clip is a person wearing sunglasses and holding a stack of wooden blocks.","Action Caption"
"000094","Is there a creative or construction-related task shown?","Yes, arranging wooden bricks can be considered a construction-related task.","Yes, there is a construction-related task shown where the person is assembling a wooden puzzle.","Action Caption"
"000094","Does the video show any form of artistic painting?","No.","No.","Whether Something Happened(Y/N)"
"000094","Is there a solo performance happening in the video?","No.","Yes.","Whether Something Happened(Y/N)"
"000094","Did I interact with Lady A after I sat on the chair?","Yes.","Yes, after sitting on the chair, Lady A approached and interacted with you.","Order Judging(Y/N)"
"000094","What happens just before I sit on the chair?","Entering the room.","Just before I sit on the chair, a person wearing sunglasses and a green lanyard appears in the background.","What event order"
"000094","What did I engage in right before sitting in a room?","I did not engage in anything; I was already seated.","You engaged in a video call with someone.","What event order"
"000095","Where is this scene set?","In a room with another person.","The scene is set in a modern, well-lit room with a high ceiling and exposed ductwork.","Scene Summary"
"000095","What are the main elements present in this scenario?","A Jenga game and two individuals.","The main elements present in this scenario are a Jenga game, a television screen displaying the text 'Jenga', and a person wearing sunglasses.","Scene Summary"
"000095","What can be observed on the table in the video?","A Jenga tower and blocks.","The table is cluttered with various items, including a red box and some papers.","Scene Summary"
"000095","Who is actively participating in the game shown in the video?","The person in the frame and another woman.","The person wearing a black shirt with the word 'New Mexico' on it is actively participating in the game.","Action Caption"
"000095","How is the game of Jenga progressing in the clip?","Blocks are being stacked atop the tower.","The game of Jenga is progressing by the person placing blocks on top of each other, with some blocks still in place and others being stacked.","Action Caption"
"000095","What is the consequence of the actions performed with the Jenga blocks?","The Jenga tower is becoming taller.","The consequence is that the person's hand moves away from the Jenga blocks, causing them to lose balance and fall.","Action Caption"
"000095","What action precedes placing a block atop the Jenga tower?","Removing a block from the Jenga tower.","Placing a block atop the Jenga tower before placing another block.","Action Caption"
"000095","Does the video show a Jenga tower on a glass table?","Yes.","Yes.","Whether Something Happened(Y/N)"
"000095","Are the Jenga blocks being carefully handled?","Yes.","Yes, the person is carefully placing and adjusting the blocks to maintain their structure.","Whether Something Happened(Y/N)"
"000095","Is the Jenga tower intact at this moment in the video?","Yes.","Yes.","Whether Something Happened(Y/N)"
"000095","What action occurred just before placing the blocks atop the Jenga tower?","Took Jenga blocks from the tower","Just before placing the blocks atop the Jenga tower, a hand with a green wristband placed one of the wooden blocks on top.","What event order"
"000095","What happened just before taking Jenga blocks from the tower?","Played game of Jenga","Just before taking Jenga blocks from the tower, a hand with a green wristband and black glasses appeared, holding another stack of wooden blocks.","What event order"
"000095","Did I arrange wooden bricks before playing a card game?","No","Yes, you arranged wooden bricks before playing a card game.","Order Judging(Y/N)"
"000095","Did I sit on a chair before talking to a lady?","Yes","Yes, the person was sitting on a gray armchair before talking to a lady.","Order Judging(Y/N)"
"000096","What activities are occurring inside the house?","Two individuals are playing Jenga.","Inside the house, there are people walking around and interacting with each other.","Scene Summary"
"000096","What is on the table between the participants?","A Jenga tower is on the table.","There are two green cups on the table between the participants.","Scene Summary"
"000096","How are the participants utilizing the wooden blocks?","They are carefully pulling blocks from the Jenga tower.","The participants are using the wooden blocks to build a tower, with some of them holding and manipulating the blocks.","Action Caption"
"000096","Is the Jenga tower still standing?","Yes.","Yes.","Whether Something Happened(Y/N)"
"000096","Has a Jenga block just been successfully moved?","Yes.","Yes","Whether Something Happened(Y/N)"
"000096","Are the participants seated during the game?","Yes.","Yes, the participants are seated during the game.","Whether Something Happened(Y/N)"
"000096","Is there a game being played on the floor?","No.","Yes.","Whether Something Happened(Y/N)"
"000096","Does the frame display a competitive match in progress?","Yes.","No, the frame does not display a competitive match in progress; it shows the person playing Jenga.","Whether Something Happened(Y/N)"
"000096","Did I sit on the chairs before playing Jenga?","Yes.","Yes, you sat on the chairs before playing Jenga.","Order Judging(Y/N)"
"000096","Did I take Jenga blocks from the tower before adding to its top?","Yes.","Yes, you took Jenga blocks from the tower before adding to its top.","Order Judging(Y/N)"
"000096","Did the Jenga game happen before relaxing on the chairs?","No.","Yes, the Jenga game started before relaxing on the chairs.","Order Judging(Y/N)"
"000096","Was placing blocks atop the Jenga tower before taking blocks from it?","No.","Yes, the person was placing blocks atop the Jenga tower before taking some from it.","Order Judging(Y/N)"
"000096","What occurs just before placing the blocks atop the Jenga tower?","Taking Jenga blocks from the tower.","Just before placing the blocks atop the Jenga tower, a person wearing sunglasses and a black shirt with 'New Mexico' written on it appears to adjust their position.","What event order"
"000096","What happens just before sitting on the chairs to play?","Entering the room.","Just before sitting on the chairs, the person is seen holding a stack of wooden blocks and appears to be in the process of placing them into the tower.","What event order"
"000096","Did the game start before arranging wooden bricks on a block?","No","Yes, the game started before arranging wooden bricks on a block.","Order Judging(Y/N)"
"000097","What is the setting of the current video clip?","The setting is inside a house.","The setting of the current video clip is a modern, well-lit living room with large windows that offer a view of trees and greenery outside.","Scene Summary"
"000097","Describe the occupants in the house in the video.","There are multiple individuals, both men and women.","The house is occupied by two individuals, one wearing a black shirt and the other in a dark outfit.","Scene Summary"
"000097","What were the individuals doing with wood in the video?","They were arranging pieces of wood.","The individuals were seen interacting with a stack of wooden blocks, placing them on the coffee table and then moving around to place more blocks.","Scene Summary"
"000097","What type of interaction occurred among the individuals?","They interacted with each other.","The individuals engaged in a casual conversation, with one person gesturing towards the TV and another pointing at something on the television stand.","Scene Summary"
"000097","Are the people stationary or moving about in the clip?","They are moving about the space.","The people are moving about in the clip.","Action Caption"
"000097","Is the Jenga game played before arranging wood pieces?","Yes.","Yes, the Jenga game is played before arranging wood pieces.","Order Judging(Y/N)"
"000097","Does sitting on chairs happen before interacting with each other?","Yes.","Yes, sitting on chairs happens before interacting with each other.","Order Judging(Y/N)"
"000097","Is the wood arrangement completed before the Jenga tower is built?","No.","Yes, the wooden arrangement is completed before the Jenga tower is built.","Order Judging(Y/N)"
"000097","What happens before arranging the wood pieces?","Playing Jenga.","Before arranging the wood pieces, a person wearing sunglasses and a black shirt is seen holding a smartphone.","What event order"
"000097","What takes place before the Jenga block is touched?","Sitting down.","Before the Jenga block is touched, a person wearing sunglasses and a black shirt enters the room from the left side of the frame.","What event order"
"000097","Did the Jenga game occur before sitting on the chairs?","No.","Yes, the Jenga game was already set up on the coffee table before sitting on the chairs.","Order Judging(Y/N)"
"000097","Was taking Jenga blocks from the tower after sitting on the chairs?","Yes.","Yes","Order Judging(Y/N)"
"000097","What happened just before placing blocks atop the Jenga tower?","Taking Jenga blocks from the tower.","Just before placing blocks atop the Jenga tower, a person wearing sunglasses and a black shirt was seen holding a phone.","What event order"
"000097","What happens before arranging the pieces of wood?","Playing the Jenga wooden blocks game.","Before arranging the pieces of wood, a person wearing sunglasses and a black shirt is seen holding a smartphone.","What event order"
"000098","What is the setting of the video clip?","An office.","The setting of the video clip is a modern, well-lit living room with large windows that offer a view of trees outside.","Scene Summary"
"000098","What activities are taking place in the clip?","Talking to a person and using a phone.","The activities include a person using a smartphone to play a game, another person interacting with a TV screen, and the person in VR glasses engaging with a smartphone.","Scene Summary"
"000098","What is the primary action in the recent frames?","Engaging in a discussion and using the phone.","The primary action in the recent frames is a person interacting with two smartphones, one displaying an image of another person and the other showing text.","Action Caption"
"000098","What technology is in use in the action?","A phone.","The technology used in the action is a VR headset.","Action Caption"
"000098","Is the person alone in the scene?","No.","Yes.","Whether Something Happened(Y/N)"
"000098","Did I interact with others after being at the office?","Yes","Yes, after being at the office, you can see another person wearing a VR headset and holding a smartphone with a text message displayed on it.","Order Judging(Y/N)"
"000098","Did the office scene occur before the house activities?","Yes","Yes, the office scene occurred before the house activities.","Order Judging(Y/N)"
"000098","What happened right before I was at the office?","I was in the house","A person wearing a VR headset and sunglasses entered the office, holding a smartphone with a photo of another individual on it.","What event order"
"000098","Did I play Jenga before arranging pieces of wood?","Yes.","Yes, you played Jenga before arranging pieces of wood.","Order Judging(Y/N)"
"000098","Did I use the phone before playing Jenga?","No.","Yes, you used the phone before playing Jenga.","Order Judging(Y/N)"
"000098","Was I at the office before playing with the Jenga blocks?","Yes.","Yes, I was at the office before playing with the Jenga blocks.","Order Judging(Y/N)"
