video_id,question,answer,pred_answer,task
9198b9a4-8d8f-4ba6-9924-4c86982d890a,What task is being performed with vegetables?,Chopping vegetables.,The task being performed with vegetables is chopping and preparing them for the next step in the cooking process.,Scene Summary
9198b9a4-8d8f-4ba6-9924-4c86982d890a,What step is being taken with flatbread?,Wrapping sauce in flatbread.,The person is preparing to cut the flatbread into smaller pieces.,Scene Summary
9198b9a4-8d8f-4ba6-9924-4c86982d890a,What kitchen fixture is being utilized?,Opening a cabinet.,A gas stove is being utilized in the kitchen.,Scene Summary
9198b9a4-8d8f-4ba6-9924-4c86982d890a,What's the overview of the action in the clip?,Preparing ingredients for a meal.,"The clip shows a person preparing food in a kitchen, specifically focusing on cooking and mixing ingredients. The scene includes the preparation of tacos or burritos, with hands handling various items such as tortillas, bowls, and utensils.",Action Caption
9198b9a4-8d8f-4ba6-9924-4c86982d890a,Does the video show someone chopping vegetables?,Yes.,Yes,Whether Something Happened(Y/N)
9198b9a4-8d8f-4ba6-9924-4c86982d890a,Did the individual successfully open a kitchen cabinet?,Yes.,"Yes, the individual successfully opened a kitchen cabinet to retrieve an ingredient.",Whether Something Happened(Y/N)
9198b9a4-8d8f-4ba6-9924-4c86982d890a,Is the flatbread being seasoned with sauce?,Yes.,Yes,Whether Something Happened(Y/N)
9198b9a4-8d8f-4ba6-9924-4c86982d890a,Is there an occurrence of food being wrapped?,Yes.,Yes.,Whether Something Happened(Y/N)
9198b9a4-8d8f-4ba6-9924-4c86982d890a,Is the person using a knife for cooking tasks?,Yes.,Yes.,Whether Something Happened(Y/N)
9198b9a4-8d8f-4ba6-9924-4c86982d890a,What is the location in the video clip?,A kitchen.,The location in the video clip is a kitchen.,Scene Summary
9198b9a4-8d8f-4ba6-9924-4c86982d890a,What kitchen activity is underway in the clip?,Cutting vegetables.,"The kitchen activity underway in the clip is preparing food, specifically making tortillas.",Scene Summary
9198b9a4-8d8f-4ba6-9924-4c86982d890a,What tool does the person in the video use?,Knives.,The person uses a large knife to cut the tomatoes.,Scene Summary
9198b9a4-8d8f-4ba6-9924-4c86982d890a,What appliance does the person in the video handle?,The heat regulator of the cooker.,The person handles a dishwasher.,Scene Summary
9198b9a4-8d8f-4ba6-9924-4c86982d890a,What part of the kitchen furniture does the person interact with?,Drawers.,The person interacts with the kitchen cabinets and drawers.,Scene Summary
9198b9a4-8d8f-4ba6-9924-4c86982d890a,How is the person controlling the cooking temperature?,Operating the heat regulator.,The person is using a stove burner control to adjust the heat.,Action Caption
9198b9a4-8d8f-4ba6-9924-4c86982d890a,What can be inferred from the person's actions with the drawers?,Searching or organizing.,"The person's actions with the drawers suggest they are organizing or cleaning them, indicating a sense of routine and preparation for cooking.",Action Caption
9198b9a4-8d8f-4ba6-9924-4c86982d890a,Does the clip show any cooking taking place?,"No direct cooking, only preparation.","Yes, the clip shows a cooking process in progress.",Action Caption
9198b9a4-8d8f-4ba6-9924-4c86982d890a,Did the person successfully cut the vegetables?,Yes.,"Yes, the person successfully cut the tomatoes into smaller pieces.",Whether Something Happened(Y/N)
9198b9a4-8d8f-4ba6-9924-4c86982d890a,Was the heat regulator adjusted to a specific level?,"Yes, it was operated.","Yes, the heat regulator was adjusted to a specific level.",Whether Something Happened(Y/N)
9198b9a4-8d8f-4ba6-9924-4c86982d890a,Did the person use any other kitchen tools besides knives?,Heat regulator only mentioned.,"Yes, the person used a spatula and a fork to mix the ingredients on the cutting board.",Whether Something Happened(Y/N)
9198b9a4-8d8f-4ba6-9924-4c86982d890a,Is the cabinet opened before wrapping the sauce in flat bread?,No,Yes,Order Judging(Y/N)
9198b9a4-8d8f-4ba6-9924-4c86982d890a,Do I cut vegetables before operating the heat regulator on the cooker?,Yes,"Yes, the person is seen holding a knife and cutting vegetables on the wooden cutting board before operating the heat regulator.",Order Judging(Y/N)
9198b9a4-8d8f-4ba6-9924-4c86982d890a,Is the drawer opened before the vegetables are chopped?,No,Yes,Order Judging(Y/N)
9198b9a4-8d8f-4ba6-9924-4c86982d890a,Does wrapping sauce in flat bread happen after cutting vegetables?,Yes,"Yes, after cutting vegetables and wrapping sauce in flat bread, the hands are seen placing the tomato slices into a bowl of chopped garlic.",Order Judging(Y/N)
9198b9a4-8d8f-4ba6-9924-4c86982d890a,Do I open the cabinet before chopping the vegetables?,No,"Yes, the person opens a cabinet before chopping the vegetables.",Order Judging(Y/N)
9198b9a4-8d8f-4ba6-9924-4c86982d890a,What occurs just before wrapping the sauce in flat bread?,Chopping vegetables,"Just before wrapping the sauce in flat bread, a hand is seen holding an egg and placing it into the dishwasher.",What event order
9198b9a4-8d8f-4ba6-9924-4c86982d890a,What takes place right before operating the heat regulator of the cooker?,Cutting vegetables with knives,"A hand is seen adjusting the heat regulator of the cooker, likely to ensure it's set correctly for cooking.",What event order
9198b9a4-8d8f-4ba6-9924-4c86982d890a,What setting is shown in this video clip?,A kitchen.,"The setting shown in this video clip is a kitchen where the person is preparing food, specifically making tortillas.",Scene Summary
9198b9a4-8d8f-4ba6-9924-4c86982d890a,What task is being performed with tomatoes?,Cutting tomatoes.,The task being performed with tomatoes is transferring them from a container to the pan.,Scene Summary
9198b9a4-8d8f-4ba6-9924-4c86982d890a,Is there an electronic device being used in this scene?,"Yes, a mobile phone.","Yes, there is an electronic device being used in this scene.",Scene Summary
9198b9a4-8d8f-4ba6-9924-4c86982d890a,How is the sauce being utilized in the cooking process?,By spreading it on flatbreads.,"The sauce is being poured over the rolled tortillas, which are then placed into a frying pan on the stove.",Action Caption
9198b9a4-8d8f-4ba6-9924-4c86982d890a,What activity is occurring aside from food preparation?,Operating a mobile phone.,"Aside from food preparation, there is a person using a smartphone to take photos of the cooking process.",Action Caption
9198b9a4-8d8f-4ba6-9924-4c86982d890a,What manual task is depicted involving food items?,"Cutting vegetables, specifically tomatoes.",The manual task depicted involves rolling tortillas and scooping filling from a pot on the stove.,Action Caption
9198b9a4-8d8f-4ba6-9924-4c86982d890a,Is someone chopping vegetables in the video?,Yes.,"Yes, someone is chopping vegetables on the counter in the kitchen.",Whether Something Happened(Y/N)
9198b9a4-8d8f-4ba6-9924-4c86982d890a,Is the sauce being poured into a bowl?,"No, it's being rolled in flatbreads.","No, the sauce is being poured into a pan on the stove.",Whether Something Happened(Y/N)
9198b9a4-8d8f-4ba6-9924-4c86982d890a,Is a cooking activity happening in a bedroom?,"No, it's happening in a kitchen.","No, the kitchen is not a bedroom; it's a cooking activity taking place in a home setting.",Whether Something Happened(Y/N)
9198b9a4-8d8f-4ba6-9924-4c86982d890a,Does the frame capture the act of grilling or frying?,No.,"Yes, the frame captures the act of grilling or frying by showing a close-up view of the food being cooked on the stovetop.",Whether Something Happened(Y/N)
9198b9a4-8d8f-4ba6-9924-4c86982d890a,"In the video, are vegetables cut before the heat regulator is operated?",Yes,"Yes, the vegetables are cut before the heat regulator is operated.",Order Judging(Y/N)
9198b9a4-8d8f-4ba6-9924-4c86982d890a,Does rolling sauce in flatbreads occur after cutting tomatoes?,Yes,"Yes, after cutting tomatoes, the rolling sauce in flatbreads is added to the pan.",Order Judging(Y/N)
9198b9a4-8d8f-4ba6-9924-4c86982d890a,Does the opening of the drawers happen before using the mobile phone?,No,"Yes, the opening of the drawers happens before using the mobile phone.",Order Judging(Y/N)
9198b9a4-8d8f-4ba6-9924-4c86982d890a,Is the heat regulator operated before rolling sauce in flatbreads?,No,"Yes, the heat regulator is turned on before rolling sauce in flatbreads.",Order Judging(Y/N)
9198b9a4-8d8f-4ba6-9924-4c86982d890a,What occurs just before rolling sauce in flatbreads?,Cutting tomatoes with a knife.,"Just before rolling sauce in flatbreads, the person places a tortilla on the pan and starts to roll it.",What event order
9198b9a4-8d8f-4ba6-9924-4c86982d890a,What happens just before operating the heat regulator?,Cutting vegetables with knives.,"Just before operating the heat regulator, the person is seen holding a smartphone and adjusting it to ensure proper temperature control.",What event order
9198b9a4-8d8f-4ba6-9924-4c86982d890a,What is done just before opening drawers in the kitchen?,Operating the heat regulator of the cooker.,"Just before opening drawers, the person is seen holding a tortilla and placing it into one of the drawers.",What event order
9198b9a4-8d8f-4ba6-9924-4c86982d890a,What activity occurs just before operating a mobile phone?,Rolling sauce in flatbreads.,"Just before operating a mobile phone, the person is seen holding a plate with rolled tortillas and preparing to place them on the stove.",What event order
9198b9a4-8d8f-4ba6-9924-4c86982d890a,Is the cabinet opened before the vegetables are chopped?,No,"Yes, the cabinet is opened before the vegetables are chopped.",Order Judging(Y/N)
9198b9a4-8d8f-4ba6-9924-4c86982d890a,Does operating the heat regulator happen after chopping vegetables?,Yes,"Yes, the person is seen operating the heat regulator while chopping vegetables.",Order Judging(Y/N)
9198b9a4-8d8f-4ba6-9924-4c86982d890a,Is wrapping sauce in flat bread before cutting vegetables?,No,"Yes, the person is seen wrapping sauce in flat bread before cutting vegetables.",Order Judging(Y/N)
9198b9a4-8d8f-4ba6-9924-4c86982d890a,Do I use the mobile phone before opening drawers?,Yes,"Yes, the mobile phone is used to open drawers.",Order Judging(Y/N)
9198b9a4-8d8f-4ba6-9924-4c86982d890a,What happens just before the cabinet is opened in the video?,Chopping vegetables,"Just before the cabinet is opened, a hand reaches for the red container on the counter.",What event order
9198b9a4-8d8f-4ba6-9924-4c86982d890a,What occurs immediately before operating the heat regulator?,Cutting vegetables with knives,The person places the tortilla on a tray and starts to heat it.,What event order
9198b9a4-8d8f-4ba6-9924-4c86982d890a,What do I do right before rolling sauce in flat breads?,Cutting tomatoes,You should roll sauce in flat breads.,What event order
9198b9a4-8d8f-4ba6-9924-4c86982d890a,What action takes place just before using the mobile phone?,Rolling sauce in flat breads,"Just before using the mobile phone, a hand is seen holding a red container and placing it on the countertop.",What event order
9198b9a4-8d8f-4ba6-9924-4c86982d890a,What is done directly before opening drawers in the kitchen?,Operating the heat regulator.,"The person is seen placing tortillas on a tray, which are then placed into the pot of chili.",What event order
9198b9a4-8d8f-4ba6-9924-4c86982d890a,What is the setting of the latest video frame?,A kitchen.,"The setting of the latest video frame is a kitchen with various cooking utensils and ingredients on the counter, including a cutting board with chopped vegetables.",Scene Summary
9198b9a4-8d8f-4ba6-9924-4c86982d890a,What can be seen on the stove in the video clip?,A pan with shawarma filling and bread.,"On the stove, there are two tortillas being rolled up in a pot of chili and another pot with a mixture that appears to be a vegetable or meat-based dish.",Scene Summary
9198b9a4-8d8f-4ba6-9924-4c86982d890a,How many pans are on the stove in the video?,Two pans.,There are two pans on the stove in the video.,Scene Summary
9198b9a4-8d8f-4ba6-9924-4c86982d890a,What objects are visible on the kitchen counter in the video?,Ingredients and utensils.,"On the kitchen counter, there are a blender, a cutting board with chopped vegetables and herbs, a bowl of grated cheese, and a plate with rolled tortillas.",Scene Summary
9198b9a4-8d8f-4ba6-9924-4c86982d890a,What cooking process is happening in the new frames?,Shawarma filling is being prepared.,"The new frames show the person preparing tortillas with a mixture of vegetables and meat, as well as adding ingredients to wrap dough.",Action Caption
9198b9a4-8d8f-4ba6-9924-4c86982d890a,What action was the cook performing?,Adding bread to the shawarma filling.,The cook was preparing a dish by rolling tortillas and adding various ingredients to them.,Action Caption
9198b9a4-8d8f-4ba6-9924-4c86982d890a,How is the cook interacting with the food?,By stirring and combining ingredients.,"The cook is actively involved in the cooking process, using a spatula to stir and mix ingredients on the pan.",Action Caption
9198b9a4-8d8f-4ba6-9924-4c86982d890a,Describe the cook's technique in the video clip.,Carefully scooping and spreading filling onto bread.,"The cook is seen using a spatula to spread the filling evenly over each tortilla, ensuring it covers all sides. The person also uses a fork to mix the filling with the tortillas, adding more ingredients as needed.",Action Caption
9198b9a4-8d8f-4ba6-9924-4c86982d890a,Is there more than one dish being cooked simultaneously?,Yes.,"Yes, there are two dishes being cooked simultaneously on the stove.",Whether Something Happened(Y/N)
9198b9a4-8d8f-4ba6-9924-4c86982d890a,Is the cook wearing any protective gloves in the video?,No.,"No, the cook is not wearing any protective gloves in the video.",Whether Something Happened(Y/N)
9198b9a4-8d8f-4ba6-9924-4c86982d890a,Does the video capture the addition of toppings to the shawarma?,No.,"Yes, the video captures the addition of toppings to the shawarma by placing a dollop of shredded cheese on top and then adding chopped tomatoes.",Whether Something Happened(Y/N)
9198b9a4-8d8f-4ba6-9924-4c86982d890a,Is the mobile phone operated before rolling sauce in flat breads?,No,"No, the mobile phone is not operated before rolling sauce in flat breads.",Order Judging(Y/N)
9198b9a4-8d8f-4ba6-9924-4c86982d890a,Do I cut the tomatoes before preparing the shawarma?,Yes,"Yes, the person in the video is seen cutting the tomatoes before preparing the shawarma.",Order Judging(Y/N)
9198b9a4-8d8f-4ba6-9924-4c86982d890a,Is the shawarma prepared before cutting tomatoes?,No,"Yes, the shawarma is prepared before cutting tomatoes by placing the sliced tomatoes on a white plate and then adding chopped onions to it.",Order Judging(Y/N)
9198b9a4-8d8f-4ba6-9924-4c86982d890a,Do I roll sauce in flat breads after cutting tomatoes?,Yes,"Yes, the person rolls sauce in flat breads after cutting tomatoes.",Order Judging(Y/N)
9198b9a4-8d8f-4ba6-9924-4c86982d890a,Is the mobile phone operated after preparing the shawarma?,Yes,"Yes, the mobile phone is placed on the countertop after preparing the shawarma.",Order Judging(Y/N)
9198b9a4-8d8f-4ba6-9924-4c86982d890a,What action occurs just before I operated the mobile phone?,Rolling sauce in flat breads,"Just before I operated the mobile phone, a hand is seen holding a white bowl filled with chopped tomatoes.",What event order
9198b9a4-8d8f-4ba6-9924-4c86982d890a,What do I do before cutting the tomatoes?,"Nothing, it is the first action.","Before cutting the tomatoes, you should chop them into smaller pieces using a knife.",What event order
9198b9a4-8d8f-4ba6-9924-4c86982d890a,What occurs just before preparing the shawarma?,Operating the mobile phone,"Just before preparing the shawarma, a person is seen holding a bowl of chopped tomatoes and onions.",What event order
9198b9a4-8d8f-4ba6-9924-4c86982d890a,"In the video, did I open the kitchen drawers before cutting vegetables?",No,"Yes, the person in the video opens a drawer to retrieve some vegetables before cutting them.",Order Judging(Y/N)
9198b9a4-8d8f-4ba6-9924-4c86982d890a,Does the cooking of shawarma happen before regulating the cooker's heat?,Yes,"Yes, the cooking of shawarma happens before regulating the cooker's heat.",Order Judging(Y/N)
9198b9a4-8d8f-4ba6-9924-4c86982d890a,"In the video, is the mobile phone operated after the sauce is rolled in flatbreads?",Yes,"Yes, the mobile phone is operated after the sauce is rolled in flatbreads.",Order Judging(Y/N)
9198b9a4-8d8f-4ba6-9924-4c86982d890a,Is heat regulation done before cutting tomatoes with a knife?,No,"Yes, the person is seen holding a knife and cutting tomatoes with a spatula before placing them into a bowl.",Order Judging(Y/N)
9198b9a4-8d8f-4ba6-9924-4c86982d890a,"In the video sequence, what do I do before cooking shawarma?",Cut vegetables,"Before cooking shawarma, I open the microwave and place a bowl of chopped tomatoes on the countertop.",What event order
9198b9a4-8d8f-4ba6-9924-4c86982d890a,Describe the setting shown in the video clip.,A kitchen where shawarma is being prepared.,"The video takes place in a kitchen with a Christmas tree visible in the background, indicating that it might be during the holiday season. The scene is set around a countertop where various ingredients and food (such as tortillas, meat sauce, and vegetables) are being prepared for making burritos.",Scene Summary
9198b9a4-8d8f-4ba6-9924-4c86982d890a,What is happening in these new frames?,Shawarma is being filled with ingredients.,"In the new frames, a person is seen holding a smartphone in their right hand and using it to take a photo of the food preparation process. The background shows a kitchen counter with various ingredients and cooking utensils, including a red container and a blue dish.",Action Caption
9198b9a4-8d8f-4ba6-9924-4c86982d890a,Is the person in the video making a meal?,Yes.,Yes,Whether Something Happened(Y/N)
9198b9a4-8d8f-4ba6-9924-4c86982d890a,Is the kitchen the main location in these frames?,Yes.,"Yes, the kitchen is the main location in these frames.",Whether Something Happened(Y/N)
9198b9a4-8d8f-4ba6-9924-4c86982d890a,Does the video capture the moment of grilling meat for the shawarma?,No.,"Yes, the video captures a close-up of hands grilling meat in a pan on the stove.",Whether Something Happened(Y/N)
9198b9a4-8d8f-4ba6-9924-4c86982d890a,Are spices being added to the food in this clip?,No.,"Yes, spices are being added to the food in this clip.",Whether Something Happened(Y/N)
9198b9a4-8d8f-4ba6-9924-4c86982d890a,"In the video, is the shawarma filling added to the bread before wrapping it?",Yes,"Yes, the shawarma filling is added to the bread before wrapping it.",Order Judging(Y/N)
9198b9a4-8d8f-4ba6-9924-4c86982d890a,Does the chopping of vegetables occur before heating the pan?,No,"Yes, the chopping of vegetables occurs before heating the pan.",Order Judging(Y/N)
9198b9a4-8d8f-4ba6-9924-4c86982d890a,Is the stove turned off before removing the pan from heat?,Yes,"Yes, the stove is turned off before removing the pan from heat.",Order Judging(Y/N)
9198b9a4-8d8f-4ba6-9924-4c86982d890a,"In the video, is the bread placed on the pan before adding fillings?",Yes,"Yes, the bread is placed on a pan before adding fillings.",Order Judging(Y/N)
9198b9a4-8d8f-4ba6-9924-4c86982d890a,Is the shawarma served before adding sauce?,No,"Yes, the shawarma is served with a side of salsa before adding sauce.",Order Judging(Y/N)
9198b9a4-8d8f-4ba6-9924-4c86982d890a,What do I do before adding the shawarma filling to the bread?,Chop vegetables,"Before adding the shawarma filling to the bread, you should first prepare the tortillas.",What event order
9198b9a4-8d8f-4ba6-9924-4c86982d890a,What is done before turning off the stove?,Cook shawarma,"Before turning off the stove, the person is seen holding a spatula and stirring the mixture in the pan.",What event order
9198b9a4-8d8f-4ba6-9924-4c86982d890a,What is the immediate step before serving the shawarma?,Add sauce,"The immediate step before serving the shawarma is spreading a layer of shredded/INFO, which appears to be a type of meat sauce or marinade, over the filling.",What event order
9198b9a4-8d8f-4ba6-9924-4c86982d890a,"In the video, is the sauce added to the flat bread before cutting the tomatoes?",No,"No, the sauce is not added to the flat bread before cutting the tomatoes.",Order Judging(Y/N)
9198b9a4-8d8f-4ba6-9924-4c86982d890a,Does the person operate the mobile phone after rolling the sauce in the flat breads?,Yes,"Yes, the person operates the mobile phone after rolling the sauce in the flat breads.",Order Judging(Y/N)
9198b9a4-8d8f-4ba6-9924-4c86982d890a,Is the shawarma prepared before the tomatoes are cut with a knife?,Yes,"Yes, the shawarma is prepared before the tomatoes are cut with a knife.",Order Judging(Y/N)
9198b9a4-8d8f-4ba6-9924-4c86982d890a,"In the video, does rolling the sauce happen before the shawarma preparation?",No,"Yes, the video shows the rolling of sauce before the shawarma preparation.",Order Judging(Y/N)
9198b9a4-8d8f-4ba6-9924-4c86982d890a,Is the flat bread used before operating the mobile phone?,Yes,"Yes, the flat bread is used before operating the mobile phone.",Order Judging(Y/N)
9198b9a4-8d8f-4ba6-9924-4c86982d890a,What setting is portrayed in the latest clip?,A kitchen setting.,"The latest clip portrays a festive setting, likely Christmas, with a decorated tree and holiday decorations visible in the background.",Scene Summary
9198b9a4-8d8f-4ba6-9924-4c86982d890a,What activity is featured in the frame?,Preparing shawarma.,"The activity featured in the frame is cooking, specifically preparing a dish that involves rolling tortillas and adding toppings to them.",Scene Summary
9198b9a4-8d8f-4ba6-9924-4c86982d890a,Is the shawarma preparation process completed in the clip?,No.,"Yes, the shawarma preparation process is completed in the clip. The person has finished preparing the shawarma by adding ingredients to a bowl and placing it on top of the lettuce leaves.",Whether Something Happened(Y/N)
9198b9a4-8d8f-4ba6-9924-4c86982d890a,Is there more than one person visible in the kitchen?,No.,"Yes, there is another person visible in the kitchen.",Whether Something Happened(Y/N)
9198b9a4-8d8f-4ba6-9924-4c86982d890a,Does the clip show any cooking appliances being used?,No.,"Yes, the clip shows a person using an electric stove to cook tortillas.",Whether Something Happened(Y/N)
9198b9a4-8d8f-4ba6-9924-4c86982d890a,Is there any sign of food already cooked in the scene?,No.,"Yes, there is a bowl of cooked tortillas visible in the background.",Whether Something Happened(Y/N)
9198b9a4-8d8f-4ba6-9924-4c86982d890a,Is the person in the frame wearing gloves?,No.,"No, the person is not wearing gloves.",Whether Something Happened(Y/N)
9198b9a4-8d8f-4ba6-9924-4c86982d890a,"In the video, is the meat added to the shawarma wrap before chopping the herbs?",No,"No, the meat is not added to the shawarma wrap before chopping the herbs.",Order Judging(Y/N)
9198b9a4-8d8f-4ba6-9924-4c86982d890a,"In the video, is the shawarma wrap prepared before the vegetables are chopped?",Yes,"Yes, the shawarma wrap is prepared before the vegetables are chopped.",Order Judging(Y/N)
9198b9a4-8d8f-4ba6-9924-4c86982d890a,Does chopping herbs happen after the vegetables are mixed in the bowl?,No,"Yes, the person continues to chop herbs on the cutting board after mixing them in the bowl.",Order Judging(Y/N)
9198b9a4-8d8f-4ba6-9924-4c86982d890a,Is the shawarma meat cooked before the vegetables are cut?,Yes,"Yes, the shawarma meat is cooked before the vegetables are cut.",Order Judging(Y/N)
9198b9a4-8d8f-4ba6-9924-4c86982d890a,What happens just before the shawarma meat is added to the wrap in the video?,The vegetables are mixed in a bowl,"Just before the shawarma meat is added to the wrap, a person's hand reaches into the bowl of chopped green herbs and picks up some of them.",What event order
9198b9a4-8d8f-4ba6-9924-4c86982d890a,What action takes place before the wrap is rolled up in the video?,The meat and vegetables are added to it,"Before the wrap is rolled up, the hands are seen holding a bunch of fresh green lettuce leaves and placing them into a bowl.",What event order
9198b9a4-8d8f-4ba6-9924-4c86982d890a,"In the video, is the meat placed on the bread before adding vegetables?",No,"No, the meat is not placed on the bread before adding vegetables.",Order Judging(Y/N)
9198b9a4-8d8f-4ba6-9924-4c86982d890a,Is the bread toasted before spreading the meat on it?,No,"Yes, the bread is toasted before spreading the meat on it.",Order Judging(Y/N)
9198b9a4-8d8f-4ba6-9924-4c86982d890a,"In the clip, is the chopping of vegetables shown before the frying of meat?",Yes,"Yes, the chopping of vegetables is shown before the frying of meat in a separate scene.",Order Judging(Y/N)
9198b9a4-8d8f-4ba6-9924-4c86982d890a,Does the video show adding condiments after the meat is placed on the bread?,Yes,"No, the video does not show adding condiments after the meat is placed on the bread.",Order Judging(Y/N)
9198b9a4-8d8f-4ba6-9924-4c86982d890a,What occurs just before the meat is added to the bread in the video?,Vegetables are chopped,"Just before the meat is added to the bread, a person with red nail polish adds more green leaves from a bowl into the lettuce.",What event order
9198b9a4-8d8f-4ba6-9924-4c86982d890a,"In the video sequence, what do we see happening before the bread is picked up?",Vegetables being sautéed,"Before the bread is picked up, we see a person holding a bowl of chopped green vegetables and placing it on the counter.",What event order
9198b9a4-8d8f-4ba6-9924-4c86982d890a,"Before the chopping of vegetables, what event is shown in the clip?",Preparing other ingredients,"The clip shows a festive Christmas tree in the background, indicating that the event is likely related to the holiday season.",What event order
9198b9a4-8d8f-4ba6-9924-4c86982d890a,What does the cook do before adding condiments to the shawarma?,Place meat on the bread,The cook adds a red spice to the shawarma before adding condiments.,What event order
9198b9a4-8d8f-4ba6-9924-4c86982d890a,What is the setting of this scene?,A kitchen.,"The setting of this scene is a kitchen, with various ingredients and cooking utensils visible on the counter.",Scene Summary
9198b9a4-8d8f-4ba6-9924-4c86982d890a,What culinary activity is taking place?,Preparing shawarma.,"The culinary activity taking place is the preparation of a dish involving tortillas, meat filling, and various spices.",Scene Summary
9198b9a4-8d8f-4ba6-9924-4c86982d890a,Which type of cuisine is being worked on?,"Middle Eastern, specifically shawarma.","The cuisine being worked on is likely Mexican, as indicated by the ingredients and cooking process.",Scene Summary
9198b9a4-8d8f-4ba6-9924-4c86982d890a,Are any other tasks being carried out besides cooking?,"No, just cooking.","Yes, the person is also preparing a bowl of rice and adding it to the pot.",Scene Summary
9198b9a4-8d8f-4ba6-9924-4c86982d890a,Is the kitchen residential or commercial?,It appears residential.,"The kitchen is residential, as indicated by the Christmas tree and decorations on the table.",Scene Summary
9198b9a4-8d8f-4ba6-9924-4c86982d890a,Is any equipment being used in the action?,"Yes, a knife for chopping.","Yes, a cutting board and a knife are visible on the countertop.",Action Caption
9198b9a4-8d8f-4ba6-9924-4c86982d890a,Is the person cooking alone or with others?,The clip only shows one person cooking.,"The person is cooking alone, as there are no other people visible in the image.",Action Caption
9198b9a4-8d8f-4ba6-9924-4c86982d890a,Is there more than one person in this scene?,No.,"Yes, there is more than one person in the scene.",Whether Something Happened(Y/N)
9198b9a4-8d8f-4ba6-9924-4c86982d890a,Has the meal been completed in this frame?,No.,"Yes, the meal appears to be completed in this frame. The person is holding a tortilla filled with meat and has already placed it into a pan of chili, which is being stirred by another hand.",Whether Something Happened(Y/N)
9198b9a4-8d8f-4ba6-9924-4c86982d890a,Is the person in the video cleaning?,No.,"No, the person is not cleaning; they are actively preparing food.",Whether Something Happened(Y/N)
9198b9a4-8d8f-4ba6-9924-4c86982d890a,Does this clip show the finished shawarma dish?,No.,"Yes, the clip shows the finished shawarma dish with a bowl of shredded cheese on top.",Whether Something Happened(Y/N)
9198b9a4-8d8f-4ba6-9924-4c86982d890a,Are there any children present in this video?,No.,"No, there are no children present in the video.",Whether Something Happened(Y/N)
9198b9a4-8d8f-4ba6-9924-4c86982d890a,"In the video, is the shawarma prepared after I washed the vegetables?",No,"Yes, the shawarma is prepared after I washed the vegetables.",Order Judging(Y/N)
9198b9a4-8d8f-4ba6-9924-4c86982d890a,"In the video, do I chop the parsley before assembling the shawarma?",Yes,"Yes, the person in the video chops the parsley before assembling the shawarma.",Order Judging(Y/N)
9198b9a4-8d8f-4ba6-9924-4c86982d890a,Does cutting tomatoes occur before the marinating of meat?,Yes,"Yes, the person is seen cutting tomatoes before placing them into the marination process.",Order Judging(Y/N)
9198b9a4-8d8f-4ba6-9924-4c86982d890a,"In the clip, is the garlic crushed before the tzatziki sauce is mixed?",Yes,"Yes, the garlic is crushed before the tzatziki sauce is mixed.",Order Judging(Y/N)
9198b9a4-8d8f-4ba6-9924-4c86982d890a,Is the lettuce shredded after the hummus is spread on the bread?,Yes,"Yes, the lettuce is shredded after the hummus is spread on the bread.",Order Judging(Y/N)
9198b9a4-8d8f-4ba6-9924-4c86982d890a,What happens before I season the shawarma meat?,Chopping onions,"Before seasoning the shawarma meat, a person holds up a tortilla and places it into a pan filled with a mixture of ground meat and spices.",What event order
9198b9a4-8d8f-4ba6-9924-4c86982d890a,What do I do just before wrapping the shawarma?,Adding sauces,I place the shawarma on a plate and roll it up.,What event order
9198b9a4-8d8f-4ba6-9924-4c86982d890a,What occurs before I put the shawarma on the grill?,Skewing meat,"Before placing the shawarma on the grill, the person in the video is seen holding a tortilla and spreading some meat onto it.",What event order
9198b9a4-8d8f-4ba6-9924-4c86982d890a,"In the video, what action precedes slicing the cooked shawarma?",Removing from heat,The action that precedes slicing the cooked shawarma is pouring a portion of the meat onto the tortilla.,What event order
9198b9a4-8d8f-4ba6-9924-4c86982d890a,What task is completed before garnishing the dish with parsley?,Placing the shawarma on the plate.,"Before garnishing the dish with parsley, the task of spreading a mixture of ingredients into tortillas is completed.",What event order
9198b9a4-8d8f-4ba6-9924-4c86982d890a,"In the kitchen, is shawarma added to the pita before chopping the herbs?",No,"Yes, shawarma is added to the pita before chopping the herbs.",Order Judging(Y/N)
9198b9a4-8d8f-4ba6-9924-4c86982d890a,Are the herbs chopped before the shawarma is cooked?,Yes,"Yes, the herbs are chopped before being added to the shawarma.",Order Judging(Y/N)
9198b9a4-8d8f-4ba6-9924-4c86982d890a,Is the pita prepared before any cooking starts?,No,"Yes, the pita is prepared and placed on a tray before any cooking starts.",Order Judging(Y/N)
9198b9a4-8d8f-4ba6-9924-4c86982d890a,Is the pan on the stove before chopping the herbs?,Yes,"No, the pan is not on the stove before chopping the herbs.",Order Judging(Y/N)
9198b9a4-8d8f-4ba6-9924-4c86982d890a,What happens before the pita is filled with shawarma?,Shawarma is cooked.,"Before the pita is filled with shawarma, it is rolled out and shaped into a tortilla.",What event order
9198b9a4-8d8f-4ba6-9924-4c86982d890a,What is the action performed after placing the pan on the stove?,Cooking shawarma.,The action performed after placing the pan on the stove is stirring the contents of the pan with a spatula.,What event order
9198b9a4-8d8f-4ba6-9924-4c86982d890a,What is the setting shown in the video clip?,A kitchen.,"The setting shown in the video clip is a kitchen with various ingredients and cooking utensils scattered around, including a wooden cutting board, a bowl of vegetables, an egg, and other items like bottles and containers.",Scene Summary
9198b9a4-8d8f-4ba6-9924-4c86982d890a,Which dish is being prepared in this video?,Shawarma.,The dish being prepared in this video is a burrito wrap.,Scene Summary
9198b9a4-8d8f-4ba6-9924-4c86982d890a,Are there any decorations visible in the video scene?,"Yes, a Christmas tree.","Yes, there are Christmas decorations visible in the background of the video scene.",Scene Summary
9198b9a4-8d8f-4ba6-9924-4c86982d890a,What appliances are present in the video scene?,A stove and fridge are visible.,"The video shows a stove, an oven, and a blender.",Scene Summary
9198b9a4-8d8f-4ba6-9924-4c86982d890a,Is the kitchen depicted as clean or messy?,It appears clean.,"The kitchen is described as being messy, with various ingredients and utensils scattered around.",Scene Summary
9198b9a4-8d8f-4ba6-9924-4c86982d890a,Is any cooking appliance being used in the frames?,The stove is being used.,"Yes, a blender is being used in the frames.",Action Caption
9198b9a4-8d8f-4ba6-9924-4c86982d890a,Is there any evidence of recent cooking in the video?,"Yes, a pan is on the stovetop.","Yes, there is evidence of recent cooking in the video. The person is seen holding a bowl with eggs and stirring them with a spatula, indicating that they have recently prepared or are about to prepare food.",Action Caption
9198b9a4-8d8f-4ba6-9924-4c86982d890a,Is food being cooked or assembled?,"Assembled, as shawarma is being prepared.","Yes, food is being cooked or assembled.",Action Caption
9198b9a4-8d8f-4ba6-9924-4c86982d890a,Does the clip show any ingredient being chopped or sliced?,"No, not depicted in the clip.","Yes, the clip shows a person chopping vegetables on a wooden cutting board.",Action Caption
9198b9a4-8d8f-4ba6-9924-4c86982d890a,Is there a person visible in the video clip?,No.,"Yes, there is a person visible in the video clip.",Whether Something Happened(Y/N)
9198b9a4-8d8f-4ba6-9924-4c86982d890a,Does the clip include any festive decorations?,Yes.,"Yes, the clip includes a Christmas tree in the background.",Whether Something Happened(Y/N)
9198b9a4-8d8f-4ba6-9924-4c86982d890a,Can you see any finished dish in the clip?,No.,"Yes, the finished dish appears to be a tortilla wrap filled with various ingredients.",Whether Something Happened(Y/N)
9198b9a4-8d8f-4ba6-9924-4c86982d890a,Does the clip show someone doing the dishes?,No.,"Yes, the clip shows someone washing dishes in a sink.",Whether Something Happened(Y/N)
9198b9a4-8d8f-4ba6-9924-4c86982d890a,Is there any visible flame or food being cooked directly?,No.,"No, there is no visible flame or food being cooked directly in the video.",Whether Something Happened(Y/N)
9198b9a4-8d8f-4ba6-9924-4c86982d890a,What is the setting of the latest video clip?,The setting is a kitchen.,The setting of the latest video clip is a kitchen with Christmas decorations in the background.,Scene Summary
9198b9a4-8d8f-4ba6-9924-4c86982d890a,Describe the activity being carried out.,Cooking or food preparation is being performed.,"The activity being carried out is the preparation of a dish involving shredded cheese, including grating it and mixing it with other ingredients. The kitchen setting includes various utensils, ingredients, and holiday decorations in the background.",Scene Summary
9198b9a4-8d8f-4ba6-9924-4c86982d890a,Does the person open the refrigerator in the video?,Yes.,"Yes, the person opens the refrigerator in the video.",Whether Something Happened(Y/N)
9198b9a4-8d8f-4ba6-9924-4c86982d890a,"In the video, is the refrigerator opened before the cheese is retrieved?",Yes,"Yes, the refrigerator is opened before the cheese is retrieved.",Order Judging(Y/N)
9198b9a4-8d8f-4ba6-9924-4c86982d890a,Is the kitchen light turned on after I enter the room?,No,"Yes, the kitchen light is on.",Order Judging(Y/N)
9198b9a4-8d8f-4ba6-9924-4c86982d890a,Do I start preparing shawarma before setting the ingredients on the counter?,No,"Yes, you start preparing shawarma before setting the ingredients on the counter.",Order Judging(Y/N)
9198b9a4-8d8f-4ba6-9924-4c86982d890a,"In the video, is the tree decorated before I begin cooking?",Yes,"Yes, the tree is decorated with lights and ornaments before I begin cooking.",Order Judging(Y/N)
9198b9a4-8d8f-4ba6-9924-4c86982d890a,What's the setting of the video clip?,In a kitchen.,"The setting of the video clip is a kitchen with Christmas decorations in the background, indicating that it might be around the holiday season.",Scene Summary
9198b9a4-8d8f-4ba6-9924-4c86982d890a,What objects are present in this scene?,"Glass cup, glass bowls, steel bowls, whipping cream, flour, eggs, whisker.","The scene features a kitchen with Christmas decorations in the background, a refrigerator filled with various items including bottles and jars, and a countertop cluttered with food preparation ingredients.",Scene Summary
9198b9a4-8d8f-4ba6-9924-4c86982d890a,What is the main activity taking place?,Baking preparation.,"The main activity is the preparation of a dish, specifically making tortillas.",Scene Summary
9198b9a4-8d8f-4ba6-9924-4c86982d890a,Are there any kitchen appliances visible?,"Yes, a stove and a sink.","Yes, there are kitchen appliances visible in the background.",Scene Summary
9198b9a4-8d8f-4ba6-9924-4c86982d890a,Can you identify the ingredients used?,"Heavy whipping cream, flour, and eggs.","Yes, the ingredients used include a bowl of shredded cheese, a container of flour, and a bottle of oil.",Scene Summary
9198b9a4-8d8f-4ba6-9924-4c86982d890a,What is being prepared in the kitchen?,A baking recipe.,A dish that appears to be a burrito or wrap is being prepared in the kitchen.,Action Caption
9198b9a4-8d8f-4ba6-9924-4c86982d890a,What action does the person perform with the eggs?,Cracking and whipping them.,The person pours the eggs into a bowl and then mixes them with their hands.,Action Caption
9198b9a4-8d8f-4ba6-9924-4c86982d890a,What tool is used for whipping the eggs?,A whisker.,A whisk is used for whipping the eggs.,Action Caption
9198b9a4-8d8f-4ba6-9924-4c86982d890a,Where are the ingredients placed after being prepared?,In glass and steel bowls.,The ingredients are placed on the counter after being prepared.,Action Caption
9198b9a4-8d8f-4ba6-9924-4c86982d890a,How are the ingredients combined?,Poured into bowls and whipped.,The ingredients are combined by mixing the yellow filling with the shredded cheese in a large metal bowl.,Action Caption
9198b9a4-8d8f-4ba6-9924-4c86982d890a,Is there an egg crate visible in the scene?,Yes.,"Yes, there is an egg crate visible in the scene.",Whether Something Happened(Y/N)
9198b9a4-8d8f-4ba6-9924-4c86982d890a,Did the person crack eggs from both a slab and the fridge?,Yes.,"Yes, the person cracked eggs from both a slab and the fridge.",Whether Something Happened(Y/N)
9198b9a4-8d8f-4ba6-9924-4c86982d890a,Were the flour and whipping cream poured into separate containers?,Yes.,"Yes, the flour and whipping cream were poured into separate containers.",Whether Something Happened(Y/N)
9198b9a4-8d8f-4ba6-9924-4c86982d890a,Is the heavy whipping cream poured before cracking the eggs?,Yes,"Yes, the heavy whipping cream is poured over the eggs before cracking.",Order Judging(Y/N)
9198b9a4-8d8f-4ba6-9924-4c86982d890a,Is the flour added to the bowl before the eggs are cracked?,Yes,"No, the flour is added to the bowl after the eggs are cracked.",Order Judging(Y/N)
9198b9a4-8d8f-4ba6-9924-4c86982d890a,What did I do just before whipping the eggs in the video?,Crack the eggs into steel bowls,"Before whipping the eggs, you took out a bowl of shredded cheese from the kitchen counter and began to mix it with your hands.",What event order
9198b9a4-8d8f-4ba6-9924-4c86982d890a,What takes place just before flour is poured into a bowl?,Pouring cream into a glass cup,"Before flour is poured into a bowl, the person in the video adds more ingredients to it.",What event order
9198b9a4-8d8f-4ba6-9924-4c86982d890a,What do we see happening before the egg crate is put in the fridge?,Cracking eggs on the slab,"Before the egg crate is put in the fridge, we see a person holding an egg crate filled with shredded cheese.",What event order
9198b9a4-8d8f-4ba6-9924-4c86982d890a,What occurs just before the shawarma preparation in the video?,Taking the egg crate out of the fridge,"Just before the shawarma preparation, a person is seen opening an open refrigerator to retrieve ingredients.",What event order
9198b9a4-8d8f-4ba6-9924-4c86982d890a,"In the video, is the egg cracked into the bowl before the cream is poured?",No,Yes,Order Judging(Y/N)
9198b9a4-8d8f-4ba6-9924-4c86982d890a,Does the egg crate go back into the fridge after the eggs are cracked?,Yes,"No, the egg crate is left on the counter after the eggs are cracked.",Order Judging(Y/N)
9198b9a4-8d8f-4ba6-9924-4c86982d890a,"In the video, is the flour poured into the bowl after the egg is cracked?",Yes,Yes,Order Judging(Y/N)
9198b9a4-8d8f-4ba6-9924-4c86982d890a,Does the preparation of shawarma occur before the cream is poured into the cup?,Yes,"Yes, the preparation of shawarma occurs before the cream is poured into the cup.",Order Judging(Y/N)
9198b9a4-8d8f-4ba6-9924-4c86982d890a,What happens just before the egg crate is put back in the fridge?,The eggs are cracked.,"Just before the egg crate is put back in the fridge, a person's hand reaches into the kitchen to grab an item from the counter.",What event order
9198b9a4-8d8f-4ba6-9924-4c86982d890a,What occurs just before the whipping of the egg?,The egg is cracked into the bowl.,"Just before the whipping of the egg, a person is seen opening a refrigerator to retrieve an ingredient.",What event order
9198b9a4-8d8f-4ba6-9924-4c86982d890a,"In the video, what do we see happening before the flour is poured into the bowl?",The cream is poured into a cup.,"Before the flour is poured into the bowl, we see a person holding a bottle of oil and placing it on top of the flour.",What event order
9198b9a4-8d8f-4ba6-9924-4c86982d890a,What happens just before the cream is poured into the cup?,Shawarma is prepared.,"Just before the cream is poured into the cup, a person's hand reaches towards the counter to grab some of the yellow mixture.",What event order
9198b9a4-8d8f-4ba6-9924-4c86982d890a,What is the setting of the video clip?,In a kitchen.,The setting of the video clip is a kitchen with Christmas decorations in the background.,Scene Summary
9198b9a4-8d8f-4ba6-9924-4c86982d890a,What ingredients are combined in the mixture?,"Egg, cheese, baking soda, cream, sugar, vegetables.","The mixture includes shredded cheese, a yellowish liquid (possibly beaten eggs), and chopped green herbs.",Scene Summary
9198b9a4-8d8f-4ba6-9924-4c86982d890a,What utensil is used to stir the mixture?,A spatula.,A blue spatula is used to stir the mixture.,Scene Summary
9198b9a4-8d8f-4ba6-9924-4c86982d890a,Where is the dough placed after removal from the fridge?,On a board on a slab in the kitchen.,The dough is placed on the wooden cutting board.,Scene Summary
9198b9a4-8d8f-4ba6-9924-4c86982d890a,What does the person do with the dough and mixture?,Stir the mixture; place dough on board.,"The person uses a spatula to mix the dough and mixture in the bowl, ensuring it is well combined.",Scene Summary
9198b9a4-8d8f-4ba6-9924-4c86982d890a,What preparation is shown in the video clip?,Making some food involving a mixed batter.,"The preparation shown in the video clip includes preparing tortillas, adding ingredients to them, and mixing them with a hand-held mixer.",Action Caption
9198b9a4-8d8f-4ba6-9924-4c86982d890a,What sequence of actions is depicted in the clip?,"Stirring mixture, retrieving, placing dough.","The sequence of actions depicted in the clip includes preparing ingredients, mixing dough with a spatula, pouring beaten eggs into a bowl, and then placing the mixture onto a cutting board. The scene also shows the preparation of a dish involving tortillas, vegetables, and other ingredients on a wooden countertop.",Action Caption
9198b9a4-8d8f-4ba6-9924-4c86982d890a,Does the person whip cream into the mixture?,Yes.,"Yes, the person whips cream into the mixture.",Whether Something Happened(Y/N)
9198b9a4-8d8f-4ba6-9924-4c86982d890a,Does the person transfer the mixture to another container?,No.,"Yes, the person transfers the mixture to a small bowl.",Whether Something Happened(Y/N)
9198b9a4-8d8f-4ba6-9924-4c86982d890a,Is the dough placed in an oven?,No.,"Yes, the dough is placed in an oven.",Whether Something Happened(Y/N)
9198b9a4-8d8f-4ba6-9924-4c86982d890a,Does the person knead the dough in the clip?,No.,"Yes, the person kneads the dough in a bowl on the wooden cutting board.",Whether Something Happened(Y/N)
9198b9a4-8d8f-4ba6-9924-4c86982d890a,Is there a moment when sugar is added to the mixture?,No (sugar was already added before).,"Yes, there is a moment when sugar is added to the mixture in the video.",Whether Something Happened(Y/N)
9198b9a4-8d8f-4ba6-9924-4c86982d890a,Was the cream poured into a cup before the eggs were cracked?,Yes,"Yes, the cream was poured into a cup before the eggs were cracked.",Order Judging(Y/N)
9198b9a4-8d8f-4ba6-9924-4c86982d890a,Was the mixture stirred before the dough was brought out?,Yes,"Yes, the mixture was stirred before being transferred to a bowl.",Order Judging(Y/N)
9198b9a4-8d8f-4ba6-9924-4c86982d890a,Did the whipping of eggs happen after the flour was poured?,Yes,"Yes, the flour was poured over the egg mixture after it was whipped.",Order Judging(Y/N)
9198b9a4-8d8f-4ba6-9924-4c86982d890a,Is sugar added to the mixture after the egg is whipped?,Yes,"Yes, sugar is added to the mixture after the egg is whipped.",Order Judging(Y/N)
9198b9a4-8d8f-4ba6-9924-4c86982d890a,What happened before the dough was placed on the board?,Stirring the mixture,"Before the dough was placed on the board, it was mixed with other ingredients and kneaded.",What event order
9198b9a4-8d8f-4ba6-9924-4c86982d890a,What occurs just before the eggs are whipped?,Cracking eggs into bowls,"Just before the eggs are whipped, a person holds a bowl of shredded cheese and a white cloth.",What event order
9198b9a4-8d8f-4ba6-9924-4c86982d890a,What is done just before cracking eggs from the fridge?,Pouring cream into a cup,"Just before cracking eggs, the person uses a white cloth to wipe their hands.",What event order
9198b9a4-8d8f-4ba6-9924-4c86982d890a,What is done right before adding grated cheese to the mixture?,Stirring the mixture,"Right before adding grated cheese to the mixture, a person holds a bowl of shredded vegetables and a white cloth.",What event order
9198b9a4-8d8f-4ba6-9924-4c86982d890a,"In the video, does the cheese get grated before the eggs are cracked?",No,"Yes, the cheese is grated before the eggs are cracked.",Order Judging(Y/N)
9198b9a4-8d8f-4ba6-9924-4c86982d890a,Is the heavy whipping cream poured into a cup after the flour?,Yes,"No, the heavy whipping cream is poured into a bowl after the flour.",Order Judging(Y/N)
9198b9a4-8d8f-4ba6-9924-4c86982d890a,Does the dough come out of the fridge before the eggs are whipped?,No,"Yes, the dough comes out of the fridge before the eggs are whipped.",Order Judging(Y/N)
9198b9a4-8d8f-4ba6-9924-4c86982d890a,"In the video, is the sugar added to the mixture before the vegetables?",Yes,"Yes, the sugar is added to the mixture before the vegetables.",Order Judging(Y/N)
9198b9a4-8d8f-4ba6-9924-4c86982d890a,Does the mixture get stirred before the eggs are cracked?,No,"Yes, the mixture is stirred before the eggs are cracked.",Order Judging(Y/N)
9198b9a4-8d8f-4ba6-9924-4c86982d890a,What happens just before the dough is placed on the board?,The mixture is stirred,"Just before the dough is placed on the board, a hand holding a white cloth appears and starts to spread it over the surface of the wooden cutting board.",What event order
9198b9a4-8d8f-4ba6-9924-4c86982d890a,"In the video sequence, what action is taken before pouring flour into a glass bowl?",Preparing shawarma,"Before pouring flour into a glass bowl, the person in the video is seen holding a large piece of dough and placing it on a wooden cutting board.",What event order
9198b9a4-8d8f-4ba6-9924-4c86982d890a,What occurs just before grating the cheese?,Stirring the mixture,"Just before grating the cheese, a person holds a white cloth and begins to grate it into a bowl.",What event order
9198b9a4-8d8f-4ba6-9924-4c86982d890a,"In the video, what happens right before whipping the egg?",Cracking the eggs,"Right before whipping the egg, a person holds a bowl of shredded cheese and a white cloth.",What event order
9198b9a4-8d8f-4ba6-9924-4c86982d890a,What do we see happening before the heavy whipping cream is poured?,Preparing shawarma,"Before the heavy whipping cream is poured, we see a person holding a bowl of shredded cheese and another bowl containing a yellow mixture. The scene transitions to show a close-up of two hands mixing ingredients in a kitchen setting with Christmas decorations visible in the background.",What event order
9198b9a4-8d8f-4ba6-9924-4c86982d890a,What is the setting of the video clip?,The setting is a kitchen.,"The setting of the video clip is a kitchen with various ingredients and utensils scattered around, including a Christmas tree in the background.",Scene Summary
9198b9a4-8d8f-4ba6-9924-4c86982d890a,What ingredients are being used?,Dough and mixtures in bowls.,"The ingredients being used include shredded cheese, chopped vegetables (green herbs and carrots), a yellow liquid mixture, and a white powder.",Scene Summary
9198b9a4-8d8f-4ba6-9924-4c86982d890a,What equipment is being utilized?,Rolling pin and spatulas.,"The equipment being utilized includes a large knife, a cutting board, and various kitchen utensils.",Scene Summary
9198b9a4-8d8f-4ba6-9924-4c86982d890a,What is the main activity occurring?,Preparing dough and mixtures for baking.,"The main activity is the preparation of a dish, involving rolling out dough and mixing ingredients.",Scene Summary
9198b9a4-8d8f-4ba6-9924-4c86982d890a,What task is being performed with the dough?,Rolling the dough with a rolling pin.,"The task being performed with the dough is rolling it out into a flat, round shape.",Action Caption
9198b9a4-8d8f-4ba6-9924-4c86982d890a,What is being done to the mixtures?,The mixtures are being stirred in steel bowls.,The mixtures are being stirred together in a bowl.,Action Caption
9198b9a4-8d8f-4ba6-9924-4c86982d890a,Is the dough being prepared for baking?,Yes.,"Yes, the dough is being prepared for baking.",Whether Something Happened(Y/N)
9198b9a4-8d8f-4ba6-9924-4c86982d890a,Is only one type of spatula being used?,"No, two different spatulas are being used.","No, both hands are used to spread the dough evenly.",Whether Something Happened(Y/N)
9198b9a4-8d8f-4ba6-9924-4c86982d890a,Did the same person handle all tasks shown in the summary?,Yes.,"Yes, the same person is seen handling all tasks shown in the summary.",Whether Something Happened(Y/N)
9198b9a4-8d8f-4ba6-9924-4c86982d890a,Is anything being cooked in the clip?,"No, only preparation steps are shown.","Yes, there is a pot of yellow mixture being cooked on the stove.",Whether Something Happened(Y/N)
9198b9a4-8d8f-4ba6-9924-4c86982d890a,Is the dough placed on the board before the mixture is stirred?,No,"Yes, the dough is placed on the board before the mixture is stirred.",Order Judging(Y/N)
9198b9a4-8d8f-4ba6-9924-4c86982d890a,Is the doe taken out of the fridge before the rolling pin is used?,Yes,"Yes, the doe is taken out of the fridge before the rolling pin is used.",Order Judging(Y/N)
9198b9a4-8d8f-4ba6-9924-4c86982d890a,What do we see happening before the spatula stirs the mixture in the steel bowls?,The rolling pin rolls on the dough,"Before the spatula stirs the mixture in the steel bowls, we see a person holding a glass bowl with a yellow liquid and a spoon. The kitchen counter is cluttered with various ingredients and utensils, including a bottle of oil, a whisk, and some green herbs.",What event order
9198b9a4-8d8f-4ba6-9924-4c86982d890a,Did I pour heavy whipping cream before cracking eggs?,Yes,"Yes, you poured heavy whipping cream before cracking eggs.",Order Judging(Y/N)
9198b9a4-8d8f-4ba6-9924-4c86982d890a,Is the dough rolled before stirring mixtures in bowls?,Yes,"Yes, the dough is rolled before stirring mixtures in bowls.",Order Judging(Y/N)
9198b9a4-8d8f-4ba6-9924-4c86982d890a,Do I place the dough on the board after pouring flour?,Yes,"Yes, you place the dough on the board after pouring flour.",Order Judging(Y/N)
9198b9a4-8d8f-4ba6-9924-4c86982d890a,What happens just before I place the dough on the board?,I bring out the dough from the fridge.,"Just before placing the dough on the board, a person with red nail polish is seen holding a knife and preparing to cut into it.",What event order
9198b9a4-8d8f-4ba6-9924-4c86982d890a,What is the setting of the video clip?,A kitchen with a board and cooking items.,"The setting of the video clip is a kitchen with various ingredients and utensils scattered around, including a Christmas tree in the background.",Scene Summary
9198b9a4-8d8f-4ba6-9924-4c86982d890a,What object is primarily shown in the scene?,A doe laid out on a mat on a kitchen board.,The scene primarily shows a kitchen with various ingredients and utensils on the counter.,Scene Summary
9198b9a4-8d8f-4ba6-9924-4c86982d890a,Which item is used in the scene?,A knife to trim edges of the doe.,A bowl of shredded cheese is used in the scene.,Scene Summary
9198b9a4-8d8f-4ba6-9924-4c86982d890a,What stage of the process is shown?,Trimming and folding the prepared doe.,"The video shows the preparation stage of making tortillas, where the dough is being rolled out and shaped into tortilla strips.",Scene Summary
9198b9a4-8d8f-4ba6-9924-4c86982d890a,Can you describe the main task at hand?,Trimming rough edges of the doe.,"The main task at hand is preparing a tortilla dough for cooking, involving rolling it out and shaping it into a flat circular form.",Action Caption
9198b9a4-8d8f-4ba6-9924-4c86982d890a,What preparation step is shown in the clip?,Folding the trimmed doe together.,The preparation step shown in the clip is rolling out a dough on a floured surface.,Action Caption
9198b9a4-8d8f-4ba6-9924-4c86982d890a,Did the person use a knife in the video?,Yes.,"Yes, the person used a knife to cut and shape the dough.",Whether Something Happened(Y/N)
9198b9a4-8d8f-4ba6-9924-4c86982d890a,Is there any folding action happening?,Yes.,"Yes, the person is folding the dough into a circular shape.",Whether Something Happened(Y/N)
9198b9a4-8d8f-4ba6-9924-4c86982d890a,Did the person complete the trimming action?,Yes.,"Yes, the person completed the trimming action by removing the excess cheese from the dough.",Whether Something Happened(Y/N)
9198b9a4-8d8f-4ba6-9924-4c86982d890a,Is the dough folded before trimming the rough edges?,No,"Yes, the dough is folded before trimming the rough edges.",Order Judging(Y/N)
9198b9a4-8d8f-4ba6-9924-4c86982d890a,Does stirring in the steel bowls happen after folding the dough?,No,"Yes, the steel bowls are used to stir the dough after folding it.",Order Judging(Y/N)
9198b9a4-8d8f-4ba6-9924-4c86982d890a,What occurs just before folding the dough?,Trimming the rough edges with a knife,"Just before folding the dough, a person with red nail polish is seen holding a knife and placing a dollop of cheese on top of it.",What event order
9198b9a4-8d8f-4ba6-9924-4c86982d890a,What happens before stirring mixtures in steel bowls?,Rolling the pin on the dough,"Before stirring mixtures in steel bowls, the person uses a spatula to spread some of the cheese mixture onto the dough.",What event order
9198b9a4-8d8f-4ba6-9924-4c86982d890a,Does rolling the dough with a rolling pin happen before trimming its edges?,Yes,"Yes, the rolling pin is used to flatten and trim the edges of the dough before it is placed on a baking sheet.",Order Judging(Y/N)
9198b9a4-8d8f-4ba6-9924-4c86982d890a,Is the trimmed dough folded before stirring the mixture?,No,"Yes, the person is seen holding a knife and folding the dough before stirring it with a spatula.",Order Judging(Y/N)
9198b9a4-8d8f-4ba6-9924-4c86982d890a,Do I take out the dough from the fridge before preparing mixtures?,Yes,"No, you should not take out the dough from the fridge before preparing mixtures.",Order Judging(Y/N)
9198b9a4-8d8f-4ba6-9924-4c86982d890a,What occurs before folding the trimmed dough?,Trimming the rough edges with a knife,"Before folding the trimmed dough, it is placed on a plate and then cut into strips.",What event order
9198b9a4-8d8f-4ba6-9924-4c86982d890a,What is the first thing I do with the dough after taking it out from the fridge?,Placing it on a board,The first thing you do with the dough after taking it out from the fridge is to place it on a cutting board.,What event order
0fa75cb3-c4a0-4232-bdc4-15116ed39d88,What is the setting of the video clip?,It is in an outdoor field.,"The setting of the video clip is a serene and empty courtyard with a clear sky, surrounded by a few trees.",Scene Summary
0fa75cb3-c4a0-4232-bdc4-15116ed39d88,Is the scene occurring in an urban or rural environment?,Rural environment.,"The scene is occurring in a rural environment, as indicated by the presence of buildings and trees.",Scene Summary
0fa75cb3-c4a0-4232-bdc4-15116ed39d88,What time of day does the scene appear to be set in?,It appears to be set in the evening.,"The scene appears to be set during the early evening or late afternoon, as indicated by the soft lighting and long shadows.",Scene Summary
0fa75cb3-c4a0-4232-bdc4-15116ed39d88,How is the subject navigating the outdoor space?,The subject is walking on the field and then heads home.,"The subject is walking towards the camera, moving slightly to the right.",Action Caption
0fa75cb3-c4a0-4232-bdc4-15116ed39d88,Can you provide an overview of the action in this clip?,"Subject walks outdoors, across a field, and returns home.","The video begins with a view of an empty room, then transitions to a person walking towards the camera. The scene continues with a close-up of a person's face and upper body as they walk away from the camera, moving further into the room.",Action Caption
0fa75cb3-c4a0-4232-bdc4-15116ed39d88,Does the video show the subject entering a building?,No.,"Yes, the video shows a person entering a building with their back to the camera.",Whether Something Happened(Y/N)
0fa75cb3-c4a0-4232-bdc4-15116ed39d88,Is the subject interacting with other people in the video?,No.,"Yes, the person in the foreground is seen walking towards the camera.",Whether Something Happened(Y/N)
0fa75cb3-c4a0-4232-bdc4-15116ed39d88,Does the video capture the subject engaging in a sport?,No.,"Yes, the video captures a person standing in the foreground of the frame, possibly preparing to engage in a sport or activity.",Whether Something Happened(Y/N)
0fa75cb3-c4a0-4232-bdc4-15116ed39d88,Is the subject seen leaving the field in the video?,Yes.,Yes.,Whether Something Happened(Y/N)
0fa75cb3-c4a0-4232-bdc4-15116ed39d88,Does the video show the subject at home?,"No, just heading home.","Yes, the video shows a person standing in front of the camera at home.",Whether Something Happened(Y/N)
0fa75cb3-c4a0-4232-bdc4-15116ed39d88,What is the location of the video clip?,The video clip is in a field with a walkway.,The location of the video clip is a coastal area with a road and a bridge.,Scene Summary
0fa75cb3-c4a0-4232-bdc4-15116ed39d88,What activity is shown in the video?,Walking on a walkway and looking around.,"The video shows a person walking along the road, moving away from the camera.",Scene Summary
0fa75cb3-c4a0-4232-bdc4-15116ed39d88,What time of day does the video depict?,The video depicts evening or dusk.,"The video depicts either sunrise or sunset, as indicated by the soft lighting and long shadows.",Scene Summary
0fa75cb3-c4a0-4232-bdc4-15116ed39d88,What natural features can be seen in the video?,There is a body of water visible.,"The video shows a serene coastal scene with calm waters, a clear sky, and a road leading towards the horizon.",Scene Summary
0fa75cb3-c4a0-4232-bdc4-15116ed39d88,Does the person stop to observe a specific scene?,Yes.,"Yes, the person stops to look at a specific scene on the bridge.",Whether Something Happened(Y/N)
0fa75cb3-c4a0-4232-bdc4-15116ed39d88,"In the video, did I look at the scenes before walking on the field?",No,"Yes, in the video, I looked at the scenes before walking on the field.",Order Judging(Y/N)
0fa75cb3-c4a0-4232-bdc4-15116ed39d88,"In the video, was I indoors before going to the field?",No,"No, I was outdoors before going to the field.",Order Judging(Y/N)
0fa75cb3-c4a0-4232-bdc4-15116ed39d88,What happened before I walked on the walkway in the video?,I was in the field,"Before I walked on the walkway, a person was seen walking away from the camera towards the water.",What event order
0fa75cb3-c4a0-4232-bdc4-15116ed39d88,What is depicted in the current frame?,It shows a sidewalk lined with palm trees and buildings.,"The current frame depicts a serene and quiet street scene with palm trees, white buildings, and a clear sky.",Scene Summary
0fa75cb3-c4a0-4232-bdc4-15116ed39d88,What activity is taking place in these frames?,Walking along a residential sidewalk.,"The activity taking place in these frames is a person walking along the sidewalk, possibly heading towards or away from the white building.",Action Caption
0fa75cb3-c4a0-4232-bdc4-15116ed39d88,Does this video show a busy city street?,No.,"No, the video does not show a busy city street; it focuses on the calm and serene environment of the residential area.",Whether Something Happened(Y/N)
0fa75cb3-c4a0-4232-bdc4-15116ed39d88,Does the clip capture any interaction with people?,No.,"No, the clip does not capture any interaction with people.",Whether Something Happened(Y/N)
0fa75cb3-c4a0-4232-bdc4-15116ed39d88,Is the person entering a building in this scene?,No.,Yes.,Whether Something Happened(Y/N)
0fa75cb3-c4a0-4232-bdc4-15116ed39d88,Was I in the field after walking on the walkway?,No.,"Yes, you were in the field after walking on the walkway.",Order Judging(Y/N)
0fa75cb3-c4a0-4232-bdc4-15116ed39d88,Did I go home before looking at the scenes?,No.,"Yes, you went home before looking at the scenes.",Order Judging(Y/N)
0fa75cb3-c4a0-4232-bdc4-15116ed39d88,What occurs just before I look at the scenes?,I walk on the walkway.,"A person appears in the foreground, walking towards the camera.",What event order
0fa75cb3-c4a0-4232-bdc4-15116ed39d88,What do I do before walking on the walkway?,I am in the field.,"I walk on the sidewalk, passing by a white building with a red roof and palm trees.",What event order
0fa75cb3-c4a0-4232-bdc4-15116ed39d88,Did I walk on the field before looking at the scenes?,Yes,"Yes, you walked on the field before looking at the scenes.",Order Judging(Y/N)
0fa75cb3-c4a0-4232-bdc4-15116ed39d88,Is the walk on the walkway shown before going home in the video?,Yes,"Yes, the walk on the walkway shown in the video is before going home.",Order Judging(Y/N)
0fa75cb3-c4a0-4232-bdc4-15116ed39d88,"In the video, do we see walking through the walkways before walking on the field?",No,"No, we do not see walking through the walkways before walking on the field.",Order Judging(Y/N)
0fa75cb3-c4a0-4232-bdc4-15116ed39d88,Do I walk along the water before walking under the trees as shown in the clip?,Yes,"Yes, you walk along the water before walking under the trees as shown in the clip.",Order Judging(Y/N)
0fa75cb3-c4a0-4232-bdc4-15116ed39d88,"In the video sequence, what occurs before walking on the field?",Being outdoors,"Before walking on the field, a person is seen standing near the palm trees and the road.",What event order
0fa75cb3-c4a0-4232-bdc4-15116ed39d88,What event takes place before walking under the trees in the clip?,Walking along the water,"A car is seen driving on the road, indicating that a vehicle is passing by.",What event order
0fa75cb3-c4a0-4232-bdc4-15116ed39d88,What is the setting of the scenario seen in the video?,A residential area with palm trees and walkways.,"The setting of the scenario is a serene and tranquil outdoor area, possibly a park or garden, with palm trees swaying gently in the breeze.",Scene Summary
0fa75cb3-c4a0-4232-bdc4-15116ed39d88,What can be seen in the background of the video frame?,"Houses, streetlights, and a clear sky.","In the background, there is a road with vehicles and a person walking.",Scene Summary
0fa75cb3-c4a0-4232-bdc4-15116ed39d88,What are the dominant features of the environment in this clip?,"Landscaped pathways, streetlamps, and tropical foliage.","The dominant features of the environment in this clip include a well-maintained road, palm trees, and a scenic park area.",Scene Summary
0fa75cb3-c4a0-4232-bdc4-15116ed39d88,Can you characterize the location shown in the video?,A well-maintained suburban neighborhood.,"The location shown in the video is a serene and well-maintained public space, likely part of a resort or park. It features palm trees, a gazebo, and a paved walkway with benches for visitors to relax on. The sky has a soft gradient from light blue to orange near the horizon, suggesting either sunrise or sunset.",Scene Summary
0fa75cb3-c4a0-4232-bdc4-15116ed39d88,What action is being undertaken in the new frames?,Walking along a residential street.,"In the new frames, a person is seen walking towards the camera.",Action Caption
0fa75cb3-c4a0-4232-bdc4-15116ed39d88,Is there any sign of wildlife in the frames provided?,No.,"No, there are no signs of wildlife in the frames provided.",Whether Something Happened(Y/N)
0fa75cb3-c4a0-4232-bdc4-15116ed39d88,Did the person in the video use any transportation other than walking?,No.,"Yes, the person in the video used a bicycle to navigate through the park.",Whether Something Happened(Y/N)
0fa75cb3-c4a0-4232-bdc4-15116ed39d88,Does the footage include any sporting activities?,No.,"Yes, the footage includes a person walking on the sidewalk in the foreground.",Whether Something Happened(Y/N)
0fa75cb3-c4a0-4232-bdc4-15116ed39d88,"Is the person in the video engaging with the environment, like sitting or touching?",No.,"Yes, the person in the video is seen walking and interacting with the environment, such as touching a bench or a rock.",Whether Something Happened(Y/N)
0fa75cb3-c4a0-4232-bdc4-15116ed39d88,Did I tour the park before walking on the walkways?,Yes,"Yes, the person walking on the walkways is seen in a yellow shirt and black pants.",Order Judging(Y/N)
0fa75cb3-c4a0-4232-bdc4-15116ed39d88,What do I do before touring the park?,"Nothing, it is the first activity","I walk towards the camera, take a few steps closer to it, and then turn around.",What event order
0fa75cb3-c4a0-4232-bdc4-15116ed39d88,Did I walk through the park before going home?,Yes,"Yes, the person in the video is seen walking through the park before heading home.",Order Judging(Y/N)
0fa75cb3-c4a0-4232-bdc4-15116ed39d88,What environment is depicted in this video clip?,"An outdoor, paved area with street lamps.","The video clip depicts a serene suburban environment with a well-maintained road, palm trees lining the sides, and a clear sky.",Scene Summary
0fa75cb3-c4a0-4232-bdc4-15116ed39d88,What action am I performing in this clip?,Walking on a pavement outdoors.,I am riding a bicycle and passing by the person in yellow.,Action Caption
0fa75cb3-c4a0-4232-bdc4-15116ed39d88,Do I interact with anyone in this video clip?,No.,"No, there is no interaction with anyone in this video clip.",Whether Something Happened(Y/N)
0fa75cb3-c4a0-4232-bdc4-15116ed39d88,What is the setting of this video clip?,The setting is an outdoor pavement in a residential area.,"The setting of this video clip is an outdoor urban environment during twilight or early evening, with a person walking on the sidewalk and a parked car visible in the distance.",Scene Summary
0fa75cb3-c4a0-4232-bdc4-15116ed39d88,What time of day is depicted in this frame?,It appears to be twilight or early evening.,"The time of day depicted in this frame is either early morning or late evening, as indicated by the low light conditions and the presence of a person walking on the sidewalk.",Scene Summary
0fa75cb3-c4a0-4232-bdc4-15116ed39d88,What elements indicate that this is a residential area?,The presence of housing structures and lack of commercial signs.,"The residential area is indicated by the presence of houses with visible windows, a street lamp on the sidewalk, and parked cars.",Scene Summary
0fa75cb3-c4a0-4232-bdc4-15116ed39d88,What type of path is the person on in the video?,The person is on a paved walkway.,The person is walking on a sidewalk.,Scene Summary
0fa75cb3-c4a0-4232-bdc4-15116ed39d88,Does the scene suggest a leisurely or rushed pace?,The scene suggests a leisurely pace.,"The scene suggests a leisurely pace, as there are no people visible in the frame and the overall atmosphere is calm.",Action Caption
0fa75cb3-c4a0-4232-bdc4-15116ed39d88,Does the person interact with any objects in the scene?,No.,"Yes, the person is seen holding a smartphone in one of the frames.",Whether Something Happened(Y/N)
0fa75cb3-c4a0-4232-bdc4-15116ed39d88,Is the person traveling with someone else?,No.,"Yes, the person is seen walking with another individual in the distance.",Whether Something Happened(Y/N)
0fa75cb3-c4a0-4232-bdc4-15116ed39d88,Does the video capture any animals in the scene?,No.,"No, there are no animals visible in the scene.",Whether Something Happened(Y/N)
0fa75cb3-c4a0-4232-bdc4-15116ed39d88,Does the individual seem to be lost or searching for directions?,No.,"Yes, the individual appears to be lost or searching for directions as they are walking along the sidewalk and looking around.",Whether Something Happened(Y/N)
879dd163-7588-45d1-9466-a5deabc59167,What is depicted in the scene of the video clip?,A person relaxing on a couch holding an e-reader.,"The scene depicts a person sitting on a couch in a cozy living room, engrossed in reading a book.",Scene Summary
879dd163-7588-45d1-9466-a5deabc59167,What location is shown in the video clip?,Inside a house.,"The video clip shows a cozy living room with a comfortable couch, a chair, and a small table.",Scene Summary
879dd163-7588-45d1-9466-a5deabc59167,Describe the setting where the action takes place.,A living room with a dining area in the background.,"The setting is a cozy living room with beige walls, a white ceiling, and a chandelier. The room features a comfortable couch where the person is seated, with a bookshelf in the background filled with various books and decorative items.",Scene Summary
879dd163-7588-45d1-9466-a5deabc59167,How is the environment arranged in the video clip?,"A cozy arrangement with a couch, curtain, and dining set.","The environment is arranged with a cozy living room setting, featuring a comfortable couch and a small table. The background includes a wall adorned with decorative items and a ceiling light fixture.",Scene Summary
879dd163-7588-45d1-9466-a5deabc59167,What is the subject doing in the video?,Resting and perhaps beginning to read an e-book.,The subject is engrossed in reading a book.,Action Caption
879dd163-7588-45d1-9466-a5deabc59167,Can you provide an overview of the action in this clip?,Leisurely activities involving electronic devices at home.,"The clip features a person sitting on a couch in a cozy living room, holding an open white tablet with text displayed. The individual appears to be reading or looking at the content on the screen while comfortably reclining with their legs crossed and feet resting on the arm of the couch.",Action Caption
879dd163-7588-45d1-9466-a5deabc59167,Does the video capture the person sitting on the couch?,Yes.,"Yes, the video captures the person sitting on the couch throughout the sequence.",Whether Something Happened(Y/N)
879dd163-7588-45d1-9466-a5deabc59167,Is the person in the video engaged in a strenuous activity?,No.,No.,Whether Something Happened(Y/N)
879dd163-7588-45d1-9466-a5deabc59167,What is the setting of the scene in the clip?,The setting is inside a house.,"The setting of the scene is a cozy living room with a comfortable couch, a coffee table, and various decorative items.",Scene Summary
879dd163-7588-45d1-9466-a5deabc59167,Where was the reading activity taking place?,The reading took place on a couch.,The reading activity was taking place in a cozy living room.,Scene Summary
879dd163-7588-45d1-9466-a5deabc59167,What object is prominently featured in the scene?,A tablet is prominently featured.,A white e-reader is prominently featured in the scene.,Scene Summary
879dd163-7588-45d1-9466-a5deabc59167,What is the room's appearance in the video clip?,The room appears to be a living area.,"The room has a cozy and inviting atmosphere, with soft lighting that creates a warm ambiance. The walls are painted in a light color, and there is a comfortable-looking couch with a person lying on it.",Scene Summary
879dd163-7588-45d1-9466-a5deabc59167,What activity is the subject engaged in?,The subject is engaged in reading a book.,The subject is engaged in reading a book.,Scene Summary
879dd163-7588-45d1-9466-a5deabc59167,Describe the posture of the person in the action.,The person is sitting with legs up on the couch.,"The person is comfortably seated on the couch, with one leg crossed over the other. They are holding a white e-reader in their right hand and appear to be reading or looking at the screen.",Action Caption
879dd163-7588-45d1-9466-a5deabc59167,Does the clip show a person reading a physical book?,No.,"No, the clip does not show a person reading a physical book; it only shows an individual holding and displaying a white e-reader with text on its screen.",Whether Something Happened(Y/N)
879dd163-7588-45d1-9466-a5deabc59167,Is the subject standing while reading?,No.,"No, the subject is sitting on the couch while reading.",Whether Something Happened(Y/N)
879dd163-7588-45d1-9466-a5deabc59167,Does the video capture multiple people in the room?,No.,"Yes, the video captures multiple people in the room.",Whether Something Happened(Y/N)
879dd163-7588-45d1-9466-a5deabc59167,Does the video show a daytime setting?,No.,"No, the video does not show a daytime setting; it is set in an indoor environment during nighttime.",Whether Something Happened(Y/N)
879dd163-7588-45d1-9466-a5deabc59167,What setting is shown in the video?,A house interior is shown in the video.,"The video shows a cozy living room setting with a person lounging on a couch, holding an e-reader.",Scene Summary
879dd163-7588-45d1-9466-a5deabc59167,Explain the immediate scene in the video?,The video captures a moment of domestic relaxation.,"The video begins with a person lying on a couch in a cozy living room, holding an e-reader and reading from it. The background features a dining area with tables and chairs, creating a comfortable and inviting atmosphere.",Scene Summary
879dd163-7588-45d1-9466-a5deabc59167,Can you describe the motion occurring in the clip?,"There is minimal motion, mainly of holding a tablet.","The motion in the clip is consistent, with a person lying on a couch holding an e-reader. The scene remains static throughout the video, maintaining a calm and relaxed atmosphere.",Action Caption
879dd163-7588-45d1-9466-a5deabc59167,How would you caption the video's current activity?,Leisure time: Engrossed in digital reading.,"The caption could be 'A person immerses themselves in a cozy reading environment, surrounded by the soft glow of ambient lighting and the gentle hum of the e-reader.'",Action Caption
879dd163-7588-45d1-9466-a5deabc59167,Does the video show a person standing up?,No.,"No, the video does not show a person standing up; it focuses on the person sitting comfortably in the living room.",Whether Something Happened(Y/N)
879dd163-7588-45d1-9466-a5deabc59167,Is the video capturing outdoor activities?,No.,"No, the video does not show any outdoor activities.",Whether Something Happened(Y/N)
879dd163-7588-45d1-9466-a5deabc59167,Does the video depict a social gathering?,No.,"No, the video does not depict a social gathering. It focuses on the individual's leisurely activity of reading an e-reader in their living room.",Whether Something Happened(Y/N)
879dd163-7588-45d1-9466-a5deabc59167,Is the individual in the video interacting with others?,No.,"No, the individual is not interacting with others in the video.",Whether Something Happened(Y/N)
879dd163-7588-45d1-9466-a5deabc59167,Is the scene taking place in a work environment?,No.,No.,Whether Something Happened(Y/N)
879dd163-7588-45d1-9466-a5deabc59167,What is the main activity depicted in this video scene?,Reading a book on a tablet.,The main activity depicted in this video scene is a person reading a book on an e-reader.,Scene Summary
879dd163-7588-45d1-9466-a5deabc59167,Where is this scene taking place?,Inside a house.,This scene is taking place in a cozy living room.,Scene Summary
879dd163-7588-45d1-9466-a5deabc59167,How is the reader positioned in this scenario?,Relaxed on a couch with feet up.,"The reader is positioned on the couch, with their legs crossed and feet resting on the armrest.",Scene Summary
879dd163-7588-45d1-9466-a5deabc59167,Can you describe the posture of the reader in this clip?,The reader is lying back with feet propped up.,"The reader is comfortably reclined on the couch, with their legs crossed and feet resting on the armrest. They are holding a white e-reader device in both hands, which displays text that appears to be reading aloud.",Action Caption
879dd163-7588-45d1-9466-a5deabc59167,What is the focal point of this particular frame?,The tablet displaying text.,"The focal point of this particular frame is the person's hands holding a white e-reader, which displays text on its screen.",Action Caption
879dd163-7588-45d1-9466-a5deabc59167,What does the stillness of the frame indicate about the action?,It indicates a calm and stationary activity.,"The stillness of the frame indicates that the person is engaged in a quiet and focused activity, likely reading or browsing on their e-reader.",Action Caption
879dd163-7588-45d1-9466-a5deabc59167,Does the video show any social interaction?,No.,"No, the video does not show any social interaction.",Whether Something Happened(Y/N)
879dd163-7588-45d1-9466-a5deabc59167,Is the reader changing positions frequently in this clip?,No.,"Yes, the reader is seen changing positions frequently throughout the clip.",Whether Something Happened(Y/N)
879dd163-7588-45d1-9466-a5deabc59167,Does the environment indicate a public or private space?,A private space.,"The environment appears to be a private space, as indicated by the presence of other furniture and decor in the background.",Whether Something Happened(Y/N)
879dd163-7588-45d1-9466-a5deabc59167,Does the reader make use of any physical book in the scene?,No.,"No, the reader does not make use of any physical book in the scene.",Whether Something Happened(Y/N)
879dd163-7588-45d1-9466-a5deabc59167,Is there any indication of the reader being disturbed or interrupted?,No.,"No, there is no indication of the reader being disturbed or interrupted in this scene.",Whether Something Happened(Y/N)
879dd163-7588-45d1-9466-a5deabc59167,What does the video show in the indoor setting?,Someone sitting on a couch using a tablet.,"The video shows a person sitting on the couch, holding an e-reader with text displayed on its screen. The indoor setting includes a cozy room with a comfortable couch, a table with some items on it, and a chair in the background.",Scene Summary
879dd163-7588-45d1-9466-a5deabc59167,Where is the person located in the video?,The person is on the couch inside a house.,The person is located in a cozy living room.,Scene Summary
879dd163-7588-45d1-9466-a5deabc59167,How is the person positioned in this section of the video?,They are sitting with legs on the couch.,The person is lying on their side with their legs bent and feet resting on the couch.,Scene Summary
879dd163-7588-45d1-9466-a5deabc59167,What is the person doing with their legs in the video?,They are moving their legs on the couch.,The person is sitting cross-legged on the couch with their legs crossed.,Action Caption
879dd163-7588-45d1-9466-a5deabc59167,How is the tablet being utilized in the video?,The tablet is being held and read from.,"The tablet is being used to read a book, as the person is seen holding it in their hands and reading from it.",Action Caption
879dd163-7588-45d1-9466-a5deabc59167,Is the individual in the video eating?,No.,"No, the individual is not eating; they are focused on reading a book.",Whether Something Happened(Y/N)
879dd163-7588-45d1-9466-a5deabc59167,Does the video show the person lying down on the couch?,No.,"Yes, the video shows the person lying down on the couch.",Whether Something Happened(Y/N)
879dd163-7588-45d1-9466-a5deabc59167,Is there a pet visible in the video clip?,No.,"No, there is no pet visible in the video clip.",Whether Something Happened(Y/N)
879dd163-7588-45d1-9466-a5deabc59167,Does the video depict any outdoor scenes?,No.,"No, the video does not depict any outdoor scenes.",Whether Something Happened(Y/N)
879dd163-7588-45d1-9466-a5deabc59167,Is the person in the video talking on the phone?,No.,"No, the person is not talking on the phone; they are focused on reading a book.",Whether Something Happened(Y/N)
879dd163-7588-45d1-9466-a5deabc59167,Did I sit on the couch before reading the book on the tablet?,Yes,"No, you didn't sit on the couch before reading the book on the tablet.",Order Judging(Y/N)
879dd163-7588-45d1-9466-a5deabc59167,Did I move my legs on the couch before using the tablet?,Yes,"No, you did not move your legs on the couch before using the tablet.",Order Judging(Y/N)
879dd163-7588-45d1-9466-a5deabc59167,Was I in the house before I sat on the couch?,Yes,"Yes, you were in the house before I sat on the couch.",Order Judging(Y/N)
879dd163-7588-45d1-9466-a5deabc59167,Did I use the tablet before moving my legs on the couch?,No,"Yes, you did use the tablet before moving your legs on the couch.",Order Judging(Y/N)
879dd163-7588-45d1-9466-a5deabc59167,Was the tablet in my hands before I sat on the couch?,No,"Yes, the tablet was in my hands before I sat on the couch.",Order Judging(Y/N)
879dd163-7588-45d1-9466-a5deabc59167,What happens just before I read the book on the tablet?,Sitting on the couch.,"Just before I read the book on the tablet, a person walks into the room and sits down next to me.",What event order
879dd163-7588-45d1-9466-a5deabc59167,What setting is depicted in the provided video clip?,A person sitting on a couch in a house.,"The video clip depicts a cozy indoor setting, likely in a living room or reading nook.",Scene Summary
879dd163-7588-45d1-9466-a5deabc59167,What furnishings are visible in the video?,"A couch, chair, and a dining area in the background.","The video shows a cozy living room with a couch, a table, and some decorative items.",Scene Summary
879dd163-7588-45d1-9466-a5deabc59167,Describe the atmosphere of the room shown in the video?,The room appears to be tidy and comfortably lit.,"The room has a cozy and comfortable atmosphere, with soft lighting that creates a warm ambiance. The presence of the book and the relaxed posture of the person suggest a quiet and peaceful setting conducive to reading or leisurely activities.",Scene Summary
879dd163-7588-45d1-9466-a5deabc59167,Describe the posture of the individual in the video?,They are seated with their legs up on the couch.,The individual is lying on their back with legs extended and feet resting on the couch.,Action Caption
879dd163-7588-45d1-9466-a5deabc59167,Can you summarize the person's behavior in the video?,They are relaxing and using an electronic device.,"The person is deeply engrossed in reading a book, holding it with both hands and occasionally looking at the screen. They appear to be relaxed and comfortable while enjoying their leisure time.",Action Caption
879dd163-7588-45d1-9466-a5deabc59167,Is there any noticeable movement or gesture in the video?,The person raised their hands at some point.,"No, there is no noticeable movement or gesture in the video.",Action Caption
879dd163-7588-45d1-9466-a5deabc59167,Did the person in the video adjust their position on the couch?,Not shown in the given frame.,"Yes, the person in the video adjusted their position on the couch by shifting their legs and sitting up slightly.",Whether Something Happened(Y/N)
879dd163-7588-45d1-9466-a5deabc59167,Is the individual in the video communicating with someone else?,"No, not visibly.","No, the individual is not communicating with someone else; they are focused on their own reading experience.",Whether Something Happened(Y/N)
879dd163-7588-45d1-9466-a5deabc59167,Does the video indicate that the person is multitasking?,"No, they appear focused on the tablet.","Yes, the video indicates that the person is multitasking by simultaneously reading a book and using their smartphone.",Whether Something Happened(Y/N)
879dd163-7588-45d1-9466-a5deabc59167,Is the person standing up at any point in the video?,"No, they are seated throughout.","No, the person is not standing up at any point in the video.",Whether Something Happened(Y/N)
879dd163-7588-45d1-9466-a5deabc59167,Did I move my legs on the couch before using the tablet?,Yes,"No, you did not move your legs on the couch before using the tablet.",Order Judging(Y/N)
879dd163-7588-45d1-9466-a5deabc59167,Did I raise my hands before sitting on the couch?,No,"No, you did not raise your hands before sitting on the couch.",Order Judging(Y/N)
879dd163-7588-45d1-9466-a5deabc59167,Was I sitting on the couch before raising my hands?,Yes,"Yes, you were sitting on the couch before raising your hands.",Order Judging(Y/N)
879dd163-7588-45d1-9466-a5deabc59167,Did I use the tablet after sitting on the couch?,Yes,"Yes, you used the tablet after sitting on the couch.",Order Judging(Y/N)
879dd163-7588-45d1-9466-a5deabc59167,What did I do just before using the tablet in the house?,Sat on the couch,You sat on the couch and read a book.,What event order
879dd163-7588-45d1-9466-a5deabc59167,What did I do just before raising my hands?,Used the tablet,I raised my hands to adjust the position of the white e-reader.,What event order
879dd163-7588-45d1-9466-a5deabc59167,Is the tablet used after sitting on the couch as shown in the clip?,Yes,"Yes, the tablet is used after sitting on the couch.",Order Judging(Y/N)
879dd163-7588-45d1-9466-a5deabc59167,"In the video, is the tablet picked up before legs are placed on the couch?",Yes,Yes,Order Judging(Y/N)
879dd163-7588-45d1-9466-a5deabc59167,Does sitting on the couch happen after raising hands in the sequence?,No,"No, the sequence does not involve sitting on the couch after raising hands.",Order Judging(Y/N)
879dd163-7588-45d1-9466-a5deabc59167,What is the setting of the video clip?,The setting is inside a house.,"The setting of the video clip is a cozy living room with a comfortable couch, a table, and various decorative items.",Scene Summary
879dd163-7588-45d1-9466-a5deabc59167,Where is the person situated in this scene?,The person is sitting on the couch.,The person is situated on a couch in the living room.,Scene Summary
879dd163-7588-45d1-9466-a5deabc59167,What object is the person interacting with?,The person is holding and using a tablet.,The person is interacting with an e-reader.,Scene Summary
879dd163-7588-45d1-9466-a5deabc59167,Describe the person's posture in the video.,The person is reclined with feet up on the couch.,"The person is lying on their back with their legs crossed, holding a white e-reader in both hands.",Scene Summary
879dd163-7588-45d1-9466-a5deabc59167,Is the person reading a book on the tablet?,Yes.,"No, the person is not reading a book on the tablet.",Whether Something Happened(Y/N)
879dd163-7588-45d1-9466-a5deabc59167,Does the scene show an interaction with digital technology?,Yes.,"Yes, the scene shows an interaction with digital technology as the person is holding a white e-reader and reading from its screen.",Whether Something Happened(Y/N)
879dd163-7588-45d1-9466-a5deabc59167,Is the individual standing while using the tablet?,No.,"No, the individual is sitting on a couch while using the tablet.",Whether Something Happened(Y/N)
879dd163-7588-45d1-9466-a5deabc59167,Has the person positioned themselves comfortably for tablet use?,Yes.,"Yes, the person is comfortably positioned on their lap with one foot resting on a cushion.",Whether Something Happened(Y/N)
879dd163-7588-45d1-9466-a5deabc59167,Does the video show the person watching TV?,No.,"No, the video does not show the person watching TV.",Whether Something Happened(Y/N)
879dd163-7588-45d1-9466-a5deabc59167,"In the video, did I use the tablet before sitting on the couch?",No,"Yes, you can see the person holding the tablet before sitting on the couch.",Order Judging(Y/N)
879dd163-7588-45d1-9466-a5deabc59167,Did I raise my hands before holding the tablet?,No,"No, you did not raise your hands before holding the tablet.",Order Judging(Y/N)
879dd163-7588-45d1-9466-a5deabc59167,"In the video, was I already seated on the couch before using the tablet?",Yes,"Yes, you were already seated on the couch before using the tablet.",Order Judging(Y/N)
879dd163-7588-45d1-9466-a5deabc59167,Was the tablet in my hand before I used it?,Yes,"Yes, the tablet was in my hand before I used it.",Order Judging(Y/N)
879dd163-7588-45d1-9466-a5deabc59167,What occurs just before I hold the tablet in the video?,I sit on the couch,"Just before I hold the tablet, a person appears to be adjusting their position on the couch.",What event order
879dd163-7588-45d1-9466-a5deabc59167,What action takes place before using the tablet?,I hold the tablet,"Before using the tablet, the person lies on their back with their legs crossed and feet resting on a blue cushion.",What event order
879dd163-7588-45d1-9466-a5deabc59167,"In the video, did I move my legs on the couch before using the tablet?",Yes,"No, you did not move your legs on the couch before using the tablet.",Order Judging(Y/N)
879dd163-7588-45d1-9466-a5deabc59167,"In the video, is the tablet held before raising hands?",Yes,"Yes, the tablet is held before raising hands.",Order Judging(Y/N)
879dd163-7588-45d1-9466-a5deabc59167,"In the video, does sitting on the couch happen before moving legs on the couch?",Yes,"Yes, sitting on the couch happens before moving legs on the couch.",Order Judging(Y/N)
879dd163-7588-45d1-9466-a5deabc59167,What happens before I use the tablet in the video?,I sit on the couch and move my legs,"Before using the tablet, you first lie down on the couch with your feet propped up.",What event order
879dd163-7588-45d1-9466-a5deabc59167,What action is performed just before raising hands in the video?,Using the tablet,"Just before raising hands, the person is holding a white e-reader with text on it.",What event order
879dd163-7588-45d1-9466-a5deabc59167,What do I do right before moving my legs on the couch?,I sit on the couch,You should hold the e-reader with both hands and look at it.,What event order
879dd163-7588-45d1-9466-a5deabc59167,"In the video, what takes place prior to holding the tablet?",I sit on the couch,"Prior to holding the tablet, the person is lying on a couch with their feet propped up and legs crossed.",What event order
879dd163-7588-45d1-9466-a5deabc59167,What is the depicted scenario in this video frame?,A person sitting on a couch using a tablet.,"The video frame shows a person lying on their back on a couch, holding an e-reader with both hands and reading from it. The background features a cozy living room setting with a brown sofa, blue cushions, and various decorative items such as books and a small table lamp.",Scene Summary
879dd163-7588-45d1-9466-a5deabc59167,Can you summarize the environment in the video clip?,The environment is a cozy living room with a person on the couch.,"The video shows a cozy living room with a brown couch, blue pillows, and a white wall in the background. The person is comfortably seated on the couch while holding an e-reader displaying text.",Scene Summary
879dd163-7588-45d1-9466-a5deabc59167,Offer a caption for the ongoing activity in the video?,Enjoying digital content from the comfort of the couch.,"'Enjoying a peaceful moment with an e-reader, immersed in the world of words.'",Action Caption
879dd163-7588-45d1-9466-a5deabc59167,Is the person in the video standing up?,No.,"No, the person is sitting on a couch.",Whether Something Happened(Y/N)
879dd163-7588-45d1-9466-a5deabc59167,Does the video capture the individual walking around?,No.,"No, the video does not capture the individual walking around; it focuses on the person sitting comfortably on a couch.",Whether Something Happened(Y/N)
879dd163-7588-45d1-9466-a5deabc59167,Is there a group of people in the video clip?,No.,"No, there are no people in the video clip.",Whether Something Happened(Y/N)
879dd163-7588-45d1-9466-a5deabc59167,Does the frame show the person cooking in the kitchen?,No.,"No, the frame does not show the person cooking in the kitchen.",Whether Something Happened(Y/N)
879dd163-7588-45d1-9466-a5deabc59167,Is the person in the video engaging in a conversation?,No.,"No, the person is not engaging in a conversation; they are focused on reading.",Whether Something Happened(Y/N)
879dd163-7588-45d1-9466-a5deabc59167,Did I sit on the couch before using the tablet?,Yes.,"No, you didn't sit on the couch before using the tablet.",Order Judging(Y/N)
879dd163-7588-45d1-9466-a5deabc59167,Did I hold the tablet before sitting on the couch?,No.,"Yes, you held the tablet before sitting on the couch.",Order Judging(Y/N)
879dd163-7588-45d1-9466-a5deabc59167,Did I sit down after picking up the tablet?,Yes.,"No, you didn't sit down after picking up the tablet.",Order Judging(Y/N)
879dd163-7588-45d1-9466-a5deabc59167,"In the video, what do I do just before sitting on the couch?",There is no information on actions prior.,You sit on the couch with your feet propped up.,What event order
879dd163-7588-45d1-9466-a5deabc59167,"In the sequence, what happens before I use the tablet?",I hold the tablet.,"Before using the tablet, I first lie down on the couch with my legs crossed and feet resting on the armrest.",What event order
879dd163-7588-45d1-9466-a5deabc59167,Does the action of sitting on the couch happen before using the tablet?,Yes,"No, the action of sitting on the couch happens after using the tablet.",Order Judging(Y/N)
879dd163-7588-45d1-9466-a5deabc59167,Does raising hands occur before sitting on the couch?,No,"No, raising hands do not occur before sitting on the couch.",Order Judging(Y/N)
879dd163-7588-45d1-9466-a5deabc59167,Is using the tablet done after sitting on the couch?,Yes,"Yes, the person is seen holding and reading the tablet after sitting on the couch.",Order Judging(Y/N)
879dd163-7588-45d1-9466-a5deabc59167,What happens before using the tablet?,Sitting on the couch and holding the tablet,"Before using the tablet, the person lies on their back with their legs crossed and feet resting on a pillow.",What event order
879dd163-7588-45d1-9466-a5deabc59167,What occurs just before raising hands?,Using the tablet,"Just before raising hands, the person's legs are crossed and they are holding a white e-reader with text on it.",What event order
cbfeb6c8-ec1f-4884-bcbf-14d7764c4a36,What environment surrounds the individual in the video?,An apartment setting.,"The individual is surrounded by a warm, well-lit environment with wooden flooring and a chair visible in the background.",Scene Summary
cbfeb6c8-ec1f-4884-bcbf-14d7764c4a36,What activity is taking place in this particular setting?,Writing in a book with a pen.,"The activity taking place is studying or working on a task, as indicated by the person's focused demeanor and the presence of study materials.",Scene Summary
cbfeb6c8-ec1f-4884-bcbf-14d7764c4a36,Was the person depicted cooking in the kitchen?,No.,"No, the person was not cooking in the kitchen; they were simply enjoying a meal.",Whether Something Happened(Y/N)
cbfeb6c8-ec1f-4884-bcbf-14d7764c4a36,Did any outdoor activity occur in this video?,No.,"No, there were no outdoor activities observed in this video.",Whether Something Happened(Y/N)
cbfeb6c8-ec1f-4884-bcbf-14d7764c4a36,Was the individual standing while performing the task?,No.,"No, the individual was seated while performing the task.",Whether Something Happened(Y/N)
cbfeb6c8-ec1f-4884-bcbf-14d7764c4a36,Is there any verbal communication happening in this scene?,No.,"No, there is no verbal communication happening in this scene.",Whether Something Happened(Y/N)
cbfeb6c8-ec1f-4884-bcbf-14d7764c4a36,Does the video show someone reading a book?,No.,No.,Whether Something Happened(Y/N)
cbfeb6c8-ec1f-4884-bcbf-14d7764c4a36,What location is shown in the video?,A room with a table.,"The video shows a person sitting at a desk with an open spiral notebook and a pen, indicating that they are engaged in writing or studying.",Scene Summary
cbfeb6c8-ec1f-4884-bcbf-14d7764c4a36,What activity is being done in the clip?,Writing in a notebook.,"The activity being done in the clip is studying or working on a study material, as indicated by the person's focused demeanor and the presence of notebooks with handwritten notes.",Scene Summary
cbfeb6c8-ec1f-4884-bcbf-14d7764c4a36,What object is being used to write?,A pen.,A spiral-bound notebook is being used to write.,Scene Summary
cbfeb6c8-ec1f-4884-bcbf-14d7764c4a36,What item is on the table besides the notebook?,Opened books.,A blue pen is on the table besides the notebook.,Scene Summary
cbfeb6c8-ec1f-4884-bcbf-14d7764c4a36,Is the notebook on a flat surface?,"Yes, on a table.",Yes.,Scene Summary
cbfeb6c8-ec1f-4884-bcbf-14d7764c4a36,What color is the pen being used?,Blue.,The pen being used is blue.,Action Caption
cbfeb6c8-ec1f-4884-bcbf-14d7764c4a36,Is the person using both hands to write?,"Yes, one to hold and one to write.","Yes, the person is using both hands to write.",Action Caption
cbfeb6c8-ec1f-4884-bcbf-14d7764c4a36,Has the pen made contact with the paper?,Yes.,"Yes, the pen has made contact with the paper.",Whether Something Happened(Y/N)
cbfeb6c8-ec1f-4884-bcbf-14d7764c4a36,Is there a book on the table?,Yes.,Yes.,Whether Something Happened(Y/N)
cbfeb6c8-ec1f-4884-bcbf-14d7764c4a36,"In the video, do I flip the book page before writing on it?",No,"No, the person does not flip the book page before writing on it.",Order Judging(Y/N)
cbfeb6c8-ec1f-4884-bcbf-14d7764c4a36,"In the video, do I write with a pen after sitting at the table?",Yes,"Yes, you write with a pen after sitting at the table.",Order Judging(Y/N)
cbfeb6c8-ec1f-4884-bcbf-14d7764c4a36,Does the writing occur before closing the notebook?,Yes,"No, the writing does not occur before closing the notebook.",Order Judging(Y/N)
cbfeb6c8-ec1f-4884-bcbf-14d7764c4a36,Do I start writing before opening the book?,No,"Yes, the person opens the book and starts writing.",Order Judging(Y/N)
cbfeb6c8-ec1f-4884-bcbf-14d7764c4a36,"Before closing the notebook, what event occurs in the video?",Writing on it,"Before closing the notebook, the person points to a specific section of the page and then closes it.",What event order
cbfeb6c8-ec1f-4884-bcbf-14d7764c4a36,What is done prior to sitting at the table in the video?,Entering the room,"Prior to sitting at the table, a person is seen writing in a spiral notebook.",What event order
cbfeb6c8-ec1f-4884-bcbf-14d7764c4a36,What is the setting of the scene in the video clip?,In an apartment.,"The setting of the scene is a wooden desk with two open notebooks, one on each side.",Scene Summary
cbfeb6c8-ec1f-4884-bcbf-14d7764c4a36,Who is present in this clip?,A woman writing and another woman interacting with her.,"Two individuals are present in the clip, one sitting at a desk and another standing behind them.",Scene Summary
cbfeb6c8-ec1f-4884-bcbf-14d7764c4a36,What objects are noticeable in the video?,A book and a pen.,"Objects noticeable in the video include a wooden desk, open notebooks with handwritten notes and diagrams, a blue pen, and a black spiral notebook.",Scene Summary
cbfeb6c8-ec1f-4884-bcbf-14d7764c4a36,What activities are being performed?,Writing in a book and interacting.,"The person is writing in a spiral notebook, taking notes on an open book, and appears to be engaged in studying or working.",Scene Summary
cbfeb6c8-ec1f-4884-bcbf-14d7764c4a36,How can we describe the movement in the clip?,Gentle and focused on writing.,The movement in the clip is a continuous and focused action of writing on a spiral notebook.,Action Caption
cbfeb6c8-ec1f-4884-bcbf-14d7764c4a36,Does the individual write with her right hand?,Yes.,"Yes, the individual writes with her right hand.",Whether Something Happened(Y/N)
cbfeb6c8-ec1f-4884-bcbf-14d7764c4a36,Is there another person besides the one writing?,Yes.,"Yes, another person is partially visible on the left side of the frame.",Whether Something Happened(Y/N)
cbfeb6c8-ec1f-4884-bcbf-14d7764c4a36,Is the setting a public place?,No.,No.,Whether Something Happened(Y/N)
cbfeb6c8-ec1f-4884-bcbf-14d7764c4a36,Do we see any electronic devices being used?,No.,"No, there are no electronic devices being used in the image.",Whether Something Happened(Y/N)
cbfeb6c8-ec1f-4884-bcbf-14d7764c4a36,What happens before picking up the pen in the video?,Sitting at the table,"Before picking up the pen, the person is seen writing in a spiral notebook.",What event order
cbfeb6c8-ec1f-4884-bcbf-14d7764c4a36,"In the video, does the interaction with woman A happen before writing in the notebook?",No,"No, the interaction with woman A does not happen before writing in the notebook. The video shows a person actively writing in a spiral-bound notebook while sitting at a table.",Order Judging(Y/N)
cbfeb6c8-ec1f-4884-bcbf-14d7764c4a36,Is the book opened before picking up the pen?,Yes,Yes.,Order Judging(Y/N)
cbfeb6c8-ec1f-4884-bcbf-14d7764c4a36,What is the main activity depicted in the video clip?,Writing in a book with a pen.,The main activity depicted in the video clip is a person writing in a spiral notebook.,Scene Summary
cbfeb6c8-ec1f-4884-bcbf-14d7764c4a36,Where is the individual situated in the video clip?,In a room.,The individual is seated at a table in front of the spiral notebook.,Scene Summary
cbfeb6c8-ec1f-4884-bcbf-14d7764c4a36,What object is being utilized in the video clip?,A pen.,A spiral-bound notebook.,Scene Summary
cbfeb6c8-ec1f-4884-bcbf-14d7764c4a36,Does the video show someone studying?,Yes.,Yes,Whether Something Happened(Y/N)
cbfeb6c8-ec1f-4884-bcbf-14d7764c4a36,Is the person in the video writing with their left hand?,No.,"Yes, the person in the video is writing with their left hand.",Whether Something Happened(Y/N)
cbfeb6c8-ec1f-4884-bcbf-14d7764c4a36,Does the video show a person writing on multiple pages?,Yes.,"Yes, the video shows a person writing on multiple pages of a spiral notebook.",Whether Something Happened(Y/N)
cbfeb6c8-ec1f-4884-bcbf-14d7764c4a36,Is pen picked up before writing on the book as shown in the clip?,Yes,"Yes, the pen is picked up before writing on the book.",Order Judging(Y/N)
cbfeb6c8-ec1f-4884-bcbf-14d7764c4a36,Does writing in the book happen after entering the apartment?,Yes,"No, writing in the book happens before entering it.",Order Judging(Y/N)
cbfeb6c8-ec1f-4884-bcbf-14d7764c4a36,Is the person at the table before writing in the notebook?,Yes,Yes.,Order Judging(Y/N)
cbfeb6c8-ec1f-4884-bcbf-14d7764c4a36,Does the person use a pen after sitting at the table?,Yes,"Yes, the person uses a pen to write in the notebook.",Order Judging(Y/N)
cbfeb6c8-ec1f-4884-bcbf-14d7764c4a36,Is the person in the apartment before using the pen?,Yes,"No, the person is not before using the pen.",Order Judging(Y/N)
cbfeb6c8-ec1f-4884-bcbf-14d7764c4a36,What happens just before writing in the notebook in the video?,Sitting at the table,"Just before writing in the notebook, the person is seen adjusting their position slightly and looking at the notebook.",What event order
cbfeb6c8-ec1f-4884-bcbf-14d7764c4a36,"In the video sequence, what do we see occurring before sitting at the table?",Being in a room,"Before sitting at the table, we see a person writing in a spiral notebook with blue ink.",What event order
cbfeb6c8-ec1f-4884-bcbf-14d7764c4a36,What location is shown in the video clip?,An indoor location.,The video clip shows a person sitting at a wooden desk with two open notebooks and a spiral-bound notebook.,Scene Summary
cbfeb6c8-ec1f-4884-bcbf-14d7764c4a36,What activity is depicted in this scene?,Writing in a book.,The scene depicts a person engaged in writing or taking notes on two spiral-bound notebooks.,Scene Summary
cbfeb6c8-ec1f-4884-bcbf-14d7764c4a36,Can you caption the person's activity in this clip?,Writing diligently in a notebook.,"Certainly! The person is diligently writing in a spiral notebook, using a blue pen to maintain consistency and clarity.",Action Caption
cbfeb6c8-ec1f-4884-bcbf-14d7764c4a36,Is there a pen being used for writing in the video?,Yes.,"Yes, there is a pen being used for writing in the video.",Whether Something Happened(Y/N)
cbfeb6c8-ec1f-4884-bcbf-14d7764c4a36,Does the clip show a person wearing a watch?,Yes.,"Yes, the clip shows a person wearing a watch.",Whether Something Happened(Y/N)
cbfeb6c8-ec1f-4884-bcbf-14d7764c4a36,Does the video include any dialogue or conversation?,"No, it only depicts writing activity.","No, the video does not include any dialogue or conversation.",Whether Something Happened(Y/N)
cbfeb6c8-ec1f-4884-bcbf-14d7764c4a36,"In the video, does opening the book happen before writing with a pen?",Yes,"No, the book is closed before opening it to reveal its pages.",Order Judging(Y/N)
cbfeb6c8-ec1f-4884-bcbf-14d7764c4a36,Is the pen picked up after turning the page as shown in the clip?,No,"Yes, the pen is picked up after turning the page.",Order Judging(Y/N)
cbfeb6c8-ec1f-4884-bcbf-14d7764c4a36,What occurs just before starting to write in the book?,Opening the book,"Just before starting to write in the book, the person is seen adjusting their position slightly.",What event order
cbfeb6c8-ec1f-4884-bcbf-14d7764c4a36,Is the writing in the book shown after being indoor in the clip?,Yes,"Yes, the writing in the book is shown after being indoor.",Order Judging(Y/N)
cbfeb6c8-ec1f-4884-bcbf-14d7764c4a36,Which room is the person located in while writing?,The person is in a room.,"The person is located in a room with a bookshelf, as indicated by the presence of books and other items on the shelves.",Scene Summary
cbfeb6c8-ec1f-4884-bcbf-14d7764c4a36,Is the person using any tools for writing?,"Yes, the person is using a pen.","Yes, the person is using a blue pen to write in the notebook.",Scene Summary
cbfeb6c8-ec1f-4884-bcbf-14d7764c4a36,Can you describe the setting of the action in the clip?,The action occurs in a room at a desk.,"The setting appears to be a well-lit room with natural light, possibly during the daytime. The person is seated at a wooden desk or table, surrounded by various study materials and books.",Action Caption
cbfeb6c8-ec1f-4884-bcbf-14d7764c4a36,What is the writing tool visible in the frame?,A pen is visible in the frame.,The writing tool visible in the frame is a blue pen.,Action Caption
cbfeb6c8-ec1f-4884-bcbf-14d7764c4a36,Is the person sitting at a desk in the video?,Yes.,Yes.,Whether Something Happened(Y/N)
cbfeb6c8-ec1f-4884-bcbf-14d7764c4a36,Does the person sit down after opening the book?,Yes,"Yes, the person sits down after opening the book.",Order Judging(Y/N)
cbfeb6c8-ec1f-4884-bcbf-14d7764c4a36,Is the book closed before the person starts writing?,No,"Yes, the book is closed before the person starts writing.",Order Judging(Y/N)
cbfeb6c8-ec1f-4884-bcbf-14d7764c4a36,What action is taken before the person caps the pen?,The person finishes writing.,"Before the person caps the pen, they make a final check of their notebook.",What event order
cbfeb6c8-ec1f-4884-bcbf-14d7764c4a36,Is the pen placed in the book before writing?,No,"Yes, the pen is placed in the book before writing.",Order Judging(Y/N)
cbfeb6c8-ec1f-4884-bcbf-14d7764c4a36,Does the book close before the pen is picked up?,No,"Yes, the book closes before the pen is picked up.",Order Judging(Y/N)
cbfeb6c8-ec1f-4884-bcbf-14d7764c4a36,Is the cap of the pen removed after starting to write?,No,"Yes, the cap of the pen is removed after starting to write.",Order Judging(Y/N)
cbfeb6c8-ec1f-4884-bcbf-14d7764c4a36,Does the hand turn the page before picking up the pen?,No,"Yes, the hand turns the page before picking up the pen.",Order Judging(Y/N)
cbfeb6c8-ec1f-4884-bcbf-14d7764c4a36,Is the pen visible in the scene before writing begins?,Yes,"Yes, the pen is visible in the scene before writing begins.",Order Judging(Y/N)
cbfeb6c8-ec1f-4884-bcbf-14d7764c4a36,What do we see happening before the hand appears in the frame?,The book is open,"A person is seated at a desk, deeply engaged in writing on a spiral notebook. The individual's hands are visible as they hold the notebook and write with a blue pen.",What event order
cbfeb6c8-ec1f-4884-bcbf-14d7764c4a36,What happens just before the pen touches the paper?,The hand moves towards the paper,"Just before the pen touches the paper, the person's hand is seen pointing at something on the notebook.",What event order
cbfeb6c8-ec1f-4884-bcbf-14d7764c4a36,"In the video sequence, what action is performed before turning the page?",Writing on the current page,"Before turning the page, the person points to a specific section of the notebook and then begins writing on it.",What event order
cbfeb6c8-ec1f-4884-bcbf-14d7764c4a36,"In the video, what is done just before the hand finished writing?",Moving the pen across the paper,"Just before the hand finished writing, a book titled 'BROOKS' is opened and placed on top of the notebook.",What event order
cbfeb6c8-ec1f-4884-bcbf-14d7764c4a36,What does the brief of the depicted scenario show?,The scenario shows a person writing in a book in an apartment.,"The brief of the depicted scenario shows a person sitting at a table, writing in a notebook with a pen. The notebook is open to a page that has some text and a picture on it.",Scene Summary
cbfeb6c8-ec1f-4884-bcbf-14d7764c4a36,What is the setting of this video clip?,"The setting is indoors, in a well-lit apartment.","The setting of the video clip is a study or work area with a wooden desk and various notebooks, including one that has a yellow cover featuring a tire image.",Scene Summary
cbfeb6c8-ec1f-4884-bcbf-14d7764c4a36,Does the video capture the person stopping their writing at any point?,No.,"Yes, the video captures the person stopping their writing at a specific point on the spiral notebook.",Whether Something Happened(Y/N)
cbfeb6c8-ec1f-4884-bcbf-14d7764c4a36,Is the individual in the video using their left hand to write?,"No, they are using their right hand.","Yes, the individual is using their left hand to write.",Whether Something Happened(Y/N)
cbfeb6c8-ec1f-4884-bcbf-14d7764c4a36,Is there another person present in the scene assisting the writer?,"No, the person is writing alone.","Yes, another person is partially visible on the left side of the frame.",Whether Something Happened(Y/N)
cbfeb6c8-ec1f-4884-bcbf-14d7764c4a36,"In the video, do I write in the book before holding the pen?",No,"Yes, you write in the book before holding the pen.",Order Judging(Y/N)
cbfeb6c8-ec1f-4884-bcbf-14d7764c4a36,Is the pen in my right hand before I start writing in the book?,Yes,"Yes, the pen is in my right hand before I start writing in the book.",Order Judging(Y/N)
cbfeb6c8-ec1f-4884-bcbf-14d7764c4a36,"In the sequence, do I open the book before writing on it?",Yes,"Yes, the person opens the book before writing on it.",Order Judging(Y/N)
cbfeb6c8-ec1f-4884-bcbf-14d7764c4a36,"In the clip, do I wear a green shirt before writing in the book?",Yes,"Yes, the person is wearing a green shirt before writing in the book.",Order Judging(Y/N)
cbfeb6c8-ec1f-4884-bcbf-14d7764c4a36,What occurs just before holding the pen in my right hand?,I am wearing a green shirt,"Just before holding the pen in my right hand, I see a blue pen lying on the table.",What event order
cbfeb6c8-ec1f-4884-bcbf-14d7764c4a36,Is the book opened before the pen is held in the right hand?,Yes,"Yes, the book is opened before the pen is held in the right hand.",Order Judging(Y/N)
cbfeb6c8-ec1f-4884-bcbf-14d7764c4a36,Is the hand placed on the book after the pen is picked up?,Yes,"Yes, the hand is placed on the book after the pen is picked up.",Order Judging(Y/N)
cbfeb6c8-ec1f-4884-bcbf-14d7764c4a36,What happens just before the pen starts writing?,The pen is held in the right hand,"Just before the pen starts writing, the person's hand is seen adjusting their position slightly.",What event order
cbfeb6c8-ec1f-4884-bcbf-14d7764c4a36,What is visible before the wrist with a bracelet appears?,The hand holding the pen,A white cup is visible before the wrist with a bracelet appears.,What event order
cbfeb6c8-ec1f-4884-bcbf-14d7764c4a36,What do we see happening before the hand touches the book?,The book and pen are visible,"The hand is seen holding the book, which has a yellow cover with text and images on it.",What event order
cbfeb6c8-ec1f-4884-bcbf-14d7764c4a36,What takes place before the pen is seen in the video?,The apartment and the book are seen,"Before the pen is seen in the video, a person is seated at a table with two open notebooks.",What event order
cbfeb6c8-ec1f-4884-bcbf-14d7764c4a36,What is the setting of the video?,In an apartment.,"The setting of the video is a wooden desk with open notebooks and pens, suggesting an academic or study environment.",Scene Summary
cbfeb6c8-ec1f-4884-bcbf-14d7764c4a36,What activity does the video show?,Writing in a book.,The video shows a person engaged in writing or taking notes on a notebook.,Scene Summary
cbfeb6c8-ec1f-4884-bcbf-14d7764c4a36,Which hand is used for writing in the video?,The right hand.,The right hand is used for writing in the video.,Scene Summary
cbfeb6c8-ec1f-4884-bcbf-14d7764c4a36,What type of pen is being used?,A ballpoint pen.,The pen being used is blue.,Scene Summary
cbfeb6c8-ec1f-4884-bcbf-14d7764c4a36,What object is being used in the action?,A pen.,A blue pen is being used in the action.,Action Caption
cbfeb6c8-ec1f-4884-bcbf-14d7764c4a36,Is the writing action fluent or hesitant?,Fluent.,"The writing action is fluent, as indicated by the consistent and deliberate movement of the pen across the pages.",Action Caption
cbfeb6c8-ec1f-4884-bcbf-14d7764c4a36,Which direction is the pen moving?,Left to right.,The pen is moving from the right side of the notebook to the left.,Action Caption
cbfeb6c8-ec1f-4884-bcbf-14d7764c4a36,Is the person sitting on a cushion?,Yes.,No.,Whether Something Happened(Y/N)
cbfeb6c8-ec1f-4884-bcbf-14d7764c4a36,Does the video show page-turning?,No.,"Yes, the video shows page-turning as the person continues to write in the notebook.",Whether Something Happened(Y/N)
cbfeb6c8-ec1f-4884-bcbf-14d7764c4a36,Is the person wearing any wrist accessories?,Yes.,"Yes, the person is wearing a bracelet on their left wrist.",Whether Something Happened(Y/N)
cbfeb6c8-ec1f-4884-bcbf-14d7764c4a36,Did the writing happen in a different location than the apartment?,No,"No, the writing happened in a different location than the apartment.",Order Judging(Y/N)
cbfeb6c8-ec1f-4884-bcbf-14d7764c4a36,Did the use of right hand occur before writing in the book?,No,"Yes, the use of right hand occurred before writing in the book.",Order Judging(Y/N)
cbfeb6c8-ec1f-4884-bcbf-14d7764c4a36,Was there a pen used after the book was opened?,Yes,"Yes, a blue pen was used after the book was opened.",Order Judging(Y/N)
cbfeb6c8-ec1f-4884-bcbf-14d7764c4a36,Did any writing in the book occur without the use of a pen?,No,"Yes, the person's hand was seen writing in the book without a pen.",Order Judging(Y/N)
cbfeb6c8-ec1f-4884-bcbf-14d7764c4a36,Was the book closed before writing commenced?,Yes,"Yes, the book was closed before writing commenced.",Order Judging(Y/N)
cbfeb6c8-ec1f-4884-bcbf-14d7764c4a36,What happened before the writing started?,The book was opened,"Before the writing started, the person was seen sitting at a desk with two open notebooks in front of them.",What event order
cbfeb6c8-ec1f-4884-bcbf-14d7764c4a36,Does the writing in the book occur before changing the page?,Yes,"Yes, the writing in the book occurs before changing the page.",Order Judging(Y/N)
cbfeb6c8-ec1f-4884-bcbf-14d7764c4a36,Does the page turn happen before writing with the pen?,No,"No, the page turns before writing with the pen.",Order Judging(Y/N)
cbfeb6c8-ec1f-4884-bcbf-14d7764c4a36,What occurs just before changing to a new page in the video?,I finish writing,"Just before changing to a new page, the person is seen holding the notebook with both hands and writing on it.",What event order
cbfeb6c8-ec1f-4884-bcbf-14d7764c4a36,What do I do before sitting down to write in the video?,I enter the room,"Before sitting down to write, the person is seen holding a notebook and writing in it.",What event order
cbfeb6c8-ec1f-4884-bcbf-14d7764c4a36,What is the setting of the scene in the video clip?,The setting is inside a room.,The setting of the scene is a study or work area with a wooden desk and a chair.,Scene Summary
cbfeb6c8-ec1f-4884-bcbf-14d7764c4a36,What objects are present in the video clip?,A book and a pen are present.,"The objects present in the video clip are a spiral notebook, a pen, and a pencil.",Scene Summary
cbfeb6c8-ec1f-4884-bcbf-14d7764c4a36,Can you describe the action the person is performing?,The person is flipping through pages and writing.,"The person is meticulously writing on a spiral-bound notebook, using a blue pen to mark and underline important points.",Action Caption
cbfeb6c8-ec1f-4884-bcbf-14d7764c4a36,Does the video show the person closing the book?,No.,"No, the video does not show the person closing the book; it only shows them holding and writing on the pages of the open book.",Whether Something Happened(Y/N)
cbfeb6c8-ec1f-4884-bcbf-14d7764c4a36,Is the person using a pencil to write?,No.,"Yes, the person is using a pencil to write.",Whether Something Happened(Y/N)
cbfeb6c8-ec1f-4884-bcbf-14d7764c4a36,Does the video capture the person turning off the light?,No.,"Yes, the video captures the person turning off the light.",Whether Something Happened(Y/N)
cbfeb6c8-ec1f-4884-bcbf-14d7764c4a36,Does the video show the person taking notes from another text?,No.,"Yes, the video shows the person taking notes from another text.",Whether Something Happened(Y/N)
cbfeb6c8-ec1f-4884-bcbf-14d7764c4a36,"In the video, is the book closed before writing begins?",Yes,"Yes, the book is closed before writing begins.",Order Judging(Y/N)
cbfeb6c8-ec1f-4884-bcbf-14d7764c4a36,Does turning the page happen after writing with the pen?,Yes,"Yes, turning the page happens after writing with the pen.",Order Judging(Y/N)
cbfeb6c8-ec1f-4884-bcbf-14d7764c4a36,"In the video, is the pen picked up before the book is opened?",No,"Yes, the pen is picked up before the book is opened.",Order Judging(Y/N)
cbfeb6c8-ec1f-4884-bcbf-14d7764c4a36,Does the writing occur before sitting down in the chair?,No,"Yes, the writing occurs before sitting down in the chair.",Order Judging(Y/N)
cbfeb6c8-ec1f-4884-bcbf-14d7764c4a36,"In the video sequence, what occurs before the person starts writing?",The book is opened,"Before the person starts writing, they are seen holding a notebook and a pen.",What event order
cbfeb6c8-ec1f-4884-bcbf-14d7764c4a36,What action takes place before the book is closed?,The person stops writing,"Before the book is closed, a blue pen is placed on top of the page.",What event order
cbfeb6c8-ec1f-4884-bcbf-14d7764c4a36,"In the video, is the book closed after the writing is done?",Yes,"Yes, the book is closed after the writing is done.",Order Judging(Y/N)
cbfeb6c8-ec1f-4884-bcbf-14d7764c4a36,"In the video, is there writing on the book's cover before the person writes inside?",Yes,"Yes, there is writing on the book's cover before the person writes inside.",Order Judging(Y/N)
cbfeb6c8-ec1f-4884-bcbf-14d7764c4a36,What is done before the pen cap is removed?,The person prepares to write,The pen cap is removed before the person starts writing on the notebook.,What event order
cbfeb6c8-ec1f-4884-bcbf-14d7764c4a36,What activity is displayed in the provided image?,Writing in a book.,The image displays a person engaged in writing or taking notes on a spiral-bound notebook.,Scene Summary
cbfeb6c8-ec1f-4884-bcbf-14d7764c4a36,Describe the setting where the depicted activity takes place.,In a room.,"The activity takes place in a well-lit room with natural light streaming through the window, creating a calm and focused atmosphere. The person is seated at a desk, surrounded by two open notebooks filled with handwritten notes and diagrams.",Scene Summary
cbfeb6c8-ec1f-4884-bcbf-14d7764c4a36,What object is being used in conjunction with the book?,A pen.,A blue pen is being used in conjunction with the book.,Scene Summary
cbfeb6c8-ec1f-4884-bcbf-14d7764c4a36,How is the person holding the pen in the frame?,With their right hand.,"The person is holding the pen with their right hand, pointing it towards the notebook.",Action Caption
cbfeb6c8-ec1f-4884-bcbf-14d7764c4a36,What part of the room is visible in the clip?,"Only the table area, specifics of the room are not visible.","The room is visible in the clip, with a chair and another person partially visible on the left side.",Action Caption
cbfeb6c8-ec1f-4884-bcbf-14d7764c4a36,Is the person writing with their left hand?,No.,"Yes, the person is holding a pen in their left hand while writing with it.",Whether Something Happened(Y/N)
cbfeb6c8-ec1f-4884-bcbf-14d7764c4a36,Is the person writing on the last page of the book?,"No, there are more pages visible.","Yes, the person is writing on the last page of the book.",Whether Something Happened(Y/N)
cbfeb6c8-ec1f-4884-bcbf-14d7764c4a36,Can we assume the writer is in a public space?,"No, it appears to be a private space.","Yes, the presence of a chair and other books in the background suggests that the setting could be a public space or an office.",Whether Something Happened(Y/N)
cbfeb6c8-ec1f-4884-bcbf-14d7764c4a36,"In the video, does turning the page happen before writing begins?",No,"No, turning the page happens after writing begins.",Order Judging(Y/N)
cbfeb6c8-ec1f-4884-bcbf-14d7764c4a36,Is the book opened after the pen is held in the hand?,Yes,"Yes, the book is opened after the pen is held in the hand.",Order Judging(Y/N)
cbfeb6c8-ec1f-4884-bcbf-14d7764c4a36,"In the video, does writing in the book happen before closing the book?",Yes,"Yes, writing in the book happens before closing the book.",Order Judging(Y/N)
cbfeb6c8-ec1f-4884-bcbf-14d7764c4a36,"In the video sequence, what do we see occurring just before turning the page?",Writing on the previous page,"Before turning the page, we see a person holding another notebook with writing on it.",What event order
cbfeb6c8-ec1f-4884-bcbf-14d7764c4a36,What action takes place immediately before the pen touches the paper?,Holding the pen above the book,"A hand holding a pen appears, poised to write on the paper.",What event order
cbfeb6c8-ec1f-4884-bcbf-14d7764c4a36,"In the video, what happens right before the book is opened?",Sitting down,"The person is seen holding a pen and writing on the book, indicating they are actively engaged in reading or studying.",What event order
cbfeb6c8-ec1f-4884-bcbf-14d7764c4a36,Did I write in the book before turning the page?,Yes,"Yes, the person wrote in the book before turning the page.",Order Judging(Y/N)
cbfeb6c8-ec1f-4884-bcbf-14d7764c4a36,Is the book already opened before I start writing?,Yes,"Yes, the book is already opened before I start writing.",Order Judging(Y/N)
cbfeb6c8-ec1f-4884-bcbf-14d7764c4a36,Did I place my left hand on the page before writing with the pen?,Yes,"Yes, you placed your left hand on the page before writing with the pen.",Order Judging(Y/N)
cbfeb6c8-ec1f-4884-bcbf-14d7764c4a36,What happens before I use the pen to write?,Opening the book,"Before writing, the person is seen holding a pen in their right hand and appears to be either reading or reviewing something on an open notebook.",What event order
cbfeb6c8-ec1f-4884-bcbf-14d7764c4a36,"Before closing the book, what action is performed?",Turning the page,"Before closing the book, a hand points to something on the page.",What event order
cbfeb6c8-ec1f-4884-bcbf-14d7764c4a36,What is the setting of this video clip?,"The setting is indoors, at a desk.","The setting of the video clip is a study or work environment, as indicated by the presence of an open notebook and a pen.",Scene Summary
cbfeb6c8-ec1f-4884-bcbf-14d7764c4a36,What objects are present in this scene?,"A book, a pen, and a desk.","The objects present in this scene include a spiral-bound notebook, a pen, and a blue notepad.",Scene Summary
cbfeb6c8-ec1f-4884-bcbf-14d7764c4a36,Is the person writing with their right hand?,Yes.,"Yes, the person is holding a pen in their right hand while writing.",Whether Something Happened(Y/N)
cbfeb6c8-ec1f-4884-bcbf-14d7764c4a36,Is the notebook placed on the person's lap?,No.,"Yes, the notebook is placed on the person's lap.",Whether Something Happened(Y/N)
cbfeb6c8-ec1f-4884-bcbf-14d7764c4a36,Does this video show any electronic devices being used?,No.,"No, the video does not show any electronic devices being used.",Whether Something Happened(Y/N)
cbfeb6c8-ec1f-4884-bcbf-14d7764c4a36,Is the person seated while writing in the book?,Yes.,"Yes, the person is seated while writing in the book.",Whether Something Happened(Y/N)
cbfeb6c8-ec1f-4884-bcbf-14d7764c4a36,Do I sit down before beginning to write?,Yes,"Yes, the person sits down before beginning to write.",Order Judging(Y/N)
cbfeb6c8-ec1f-4884-bcbf-14d7764c4a36,What happens before the book is opened?,I sit down at the desk.,"Before the book is opened, the person's hands are resting on the table.",What event order
cbfeb6c8-ec1f-4884-bcbf-14d7764c4a36,Did I close the book before starting to write?,No,"Yes, the person closed the book before starting to write.",Order Judging(Y/N)
cbfeb6c8-ec1f-4884-bcbf-14d7764c4a36,Was I seated while writing in the book?,Yes,"Yes, the person was seated while writing in the book.",Order Judging(Y/N)
cbfeb6c8-ec1f-4884-bcbf-14d7764c4a36,Did I turn the page after finishing writing?,No,"Yes, the person turned the page after finishing writing.",Order Judging(Y/N)
cbfeb6c8-ec1f-4884-bcbf-14d7764c4a36,Was the pen put down before closing the book?,No,"Yes, the pen was put down before closing the book.",Order Judging(Y/N)
cbfeb6c8-ec1f-4884-bcbf-14d7764c4a36,Did I write on the left page before the right one?,No,"Yes, the left page was written before the right one.",Order Judging(Y/N)
cbfeb6c8-ec1f-4884-bcbf-14d7764c4a36,What is the setting of the scene in this video clip?,"The setting is indoors, with a person writing in a notebook.","The setting of the scene is a wooden desk with open notebooks and pens, suggesting an academic or study environment.",Scene Summary
cbfeb6c8-ec1f-4884-bcbf-14d7764c4a36,What activity is being performed in the scene?,Writing on a notebook with a pen.,The activity being performed in the scene is studying or working on a notebook.,Scene Summary
cbfeb6c8-ec1f-4884-bcbf-14d7764c4a36,What can we deduce about the person's task in the video?,The person is engaged in a writing activity.,"The person appears to be engaged in a study or homework session, as indicated by the presence of multiple notebooks and pens on the table.",Action Caption
cbfeb6c8-ec1f-4884-bcbf-14d7764c4a36,Describe the motion taking place in these frames?,The movement of the hand while writing.,"The motion in the frames is a person sitting at a table, writing on a spiral-bound notebook with a blue pen. The individual's hands are moving rhythmically as they write, suggesting an active and focused engagement with their work.",Action Caption
cbfeb6c8-ec1f-4884-bcbf-14d7764c4a36,Does the person stop writing at any point in the video?,No.,"No, the person continues to write at various points throughout the video.",Whether Something Happened(Y/N)
cbfeb6c8-ec1f-4884-bcbf-14d7764c4a36,Is there any use of electronic devices in these frames?,No.,"No, there are no electronic devices visible in the frames.",Whether Something Happened(Y/N)
cbfeb6c8-ec1f-4884-bcbf-14d7764c4a36,"In the video sequence, what do we see happening before writing with the pen?",Sitting at the desk,"Before writing with the pen, we see a person sitting at a wooden desk, holding a notebook and a pen. The background includes another book or document on the desk.",What event order
cbfeb6c8-ec1f-4884-bcbf-14d7764c4a36,What occurs just before opening the notebook in the video?,Sitting at the desk,"Just before opening the notebook, a hand points towards it.",What event order
cbfeb6c8-ec1f-4884-bcbf-14d7764c4a36,"In the video, does using the pen happen after sitting at the desk?",Yes,"Yes, the pen is used to write on the notebook after sitting at the desk.",Order Judging(Y/N)
cbfeb6c8-ec1f-4884-bcbf-14d7764c4a36,What action precedes putting down the pen on the desk?,Writing in the book,The action that precedes putting down the pen on the desk is writing in a notebook.,What event order
cbfeb6c8-ec1f-4884-bcbf-14d7764c4a36,What is done just before the writing starts in the video?,Picking up the pen,"Just before the writing starts, the person is seen holding a notebook and pen, preparing to write.",What event order
cbfeb6c8-ec1f-4884-bcbf-14d7764c4a36,Which action is depicted in this frame?,Writing in a book with a pen.,The action depicted in this frame is the person writing on a spiral notebook.,Scene Summary
cbfeb6c8-ec1f-4884-bcbf-14d7764c4a36,Describe the surroundings visible in this frame.,"Indoors, likely a desk or table.","The surroundings visible in this frame include a wooden desk with an open spiral notebook and a pen lying on top of it. There is also a chair partially visible at the bottom left corner, suggesting that the person might be seated while working or studying.",Scene Summary
cbfeb6c8-ec1f-4884-bcbf-14d7764c4a36,Can you specify the object being used by the person?,A pen.,The person is using a blue pen to write in the spiral notebook.,Action Caption
cbfeb6c8-ec1f-4884-bcbf-14d7764c4a36,Did the interaction occur in an outdoor location?,No.,"No, the interaction occurred indoors.",Whether Something Happened(Y/N)
cbfeb6c8-ec1f-4884-bcbf-14d7764c4a36,Is the person predominantly engaged in a physical activity?,No.,"No, the person is not actively engaged in a physical activity; they are focused on writing and reading.",Whether Something Happened(Y/N)
cbfeb6c8-ec1f-4884-bcbf-14d7764c4a36,"In the video, does writing in the notebook occur before conversing with a woman?",Yes.,"Yes, writing in the notebook occurs before conversing with a woman.",Order Judging(Y/N)
cbfeb6c8-ec1f-4884-bcbf-14d7764c4a36,"In the video, does the conversation with a woman happen before being in an apartment?",No.,"No, the conversation with a woman does not happen before being in an apartment; it is happening while she is sitting at her desk.",Order Judging(Y/N)
cbfeb6c8-ec1f-4884-bcbf-14d7764c4a36,Is the pen used before entering the apartment as shown in the clip?,No.,"Yes, the pen is used before entering the apartment in the clip.",Order Judging(Y/N)
cbfeb6c8-ec1f-4884-bcbf-14d7764c4a36,"In the video sequence, what do we see happening before conversing with woman X?",Being in an apartment.,"Before conversing with woman X, the scene shows a person sitting at a table with an open notebook and a spiral-bound book. The focus is on the act of writing or taking notes in the spiral-bound book.",What event order
cbfeb6c8-ec1f-4884-bcbf-14d7764c4a36,What happens right before using a pen on the book?,Being indoors.,"The person points to the notebook, indicating they are about to write something down.",What event order
cbfeb6c8-ec1f-4884-bcbf-14d7764c4a36,"In the video, what occurs directly before the pen is picked up?",Being indoors.,The person is seen writing on a spiral notebook.,What event order
cbfeb6c8-ec1f-4884-bcbf-14d7764c4a36,What happens before the conversation with woman X in the video?,Writing on a book,"Before the conversation with woman X, a person is seen writing on a spiral notebook.",What event order
6baa36c1-e4d0-4dbd-97b2-dff48ecf796e,What environments surround the individual scrapping the wall?,An outdoor setting with a ladder near a wooden fence.,"The individual is surrounded by a natural environment with trees and foliage, indicating an outdoor setting.",Scene Summary
6baa36c1-e4d0-4dbd-97b2-dff48ecf796e,What tool is utilized for scrapping in the scene?,A scraper is used.,A metal scraper is utilized for scrapping in the scene.,Scene Summary
6baa36c1-e4d0-4dbd-97b2-dff48ecf796e,Is the individual standing on the ground or elevated while scrapping?,The individual is elevated on a ladder.,The individual is standing on the ground while scrapping.,Scene Summary
6baa36c1-e4d0-4dbd-97b2-dff48ecf796e,What is the purpose of using a ladder in this scenario?,To reach higher areas of the wall for scrapping.,"The purpose of using a ladder is to reach higher areas and access the roof, which is not visible in the image.",Scene Summary
6baa36c1-e4d0-4dbd-97b2-dff48ecf796e,How does the individual prepare to scrape the wall?,The individual prepares by stretching out a ladder.,The individual prepares to scrape the wall by holding a scraper and using it to remove small pieces of debris from the wall.,Action Caption
6baa36c1-e4d0-4dbd-97b2-dff48ecf796e,Does the video show a person using a ladder?,Yes.,Yes.,Whether Something Happened(Y/N)
6baa36c1-e4d0-4dbd-97b2-dff48ecf796e,Is the wall being scraped in the video?,Yes.,Yes.,Whether Something Happened(Y/N)
6baa36c1-e4d0-4dbd-97b2-dff48ecf796e,Does the scene involve stretching a ladder before scrapping?,Yes.,"Yes, the scene involves stretching a ladder before scrapping.",Whether Something Happened(Y/N)
6baa36c1-e4d0-4dbd-97b2-dff48ecf796e,Does the individual scrap the wall without any tools?,No.,"No, the individual scrapes the wall with a tool.",Whether Something Happened(Y/N)
6baa36c1-e4d0-4dbd-97b2-dff48ecf796e,What location is depicted in this video clip?,The video clip depicts an outdoor scene with a wall.,The location depicted in the video clip is a residential area with a house and trees visible through the window.,Scene Summary
6baa36c1-e4d0-4dbd-97b2-dff48ecf796e,How does the environment appear in the video clip?,The environment appears to be a porch or exterior of a building.,The environment appears to be a residential area with trees and houses visible in the background.,Scene Summary
6baa36c1-e4d0-4dbd-97b2-dff48ecf796e,What structure can be observed in this video clip?,A wall with white paint is observed in this video clip.,"The structure in the video clip appears to be a part of a building, possibly a roof or an exterior wall.",Scene Summary
6baa36c1-e4d0-4dbd-97b2-dff48ecf796e,How is the exterior space utilized in the video action?,The exterior space provides a background for removal of an object.,"The exterior space is utilized by a person wearing a blue sleeve and a wristwatch, who is seen reaching out to touch the wall near the window.",Action Caption
6baa36c1-e4d0-4dbd-97b2-dff48ecf796e,Is the object completely removed from the wall in the video?,Yes,"No, the object is partially removed from the wall in the video.",Whether Something Happened(Y/N)
6baa36c1-e4d0-4dbd-97b2-dff48ecf796e,Does the video clip show a wall being painted?,No,Yes,Whether Something Happened(Y/N)
6baa36c1-e4d0-4dbd-97b2-dff48ecf796e,"In the video, is the wall outdoors?",Yes,Yes.,Whether Something Happened(Y/N)
6baa36c1-e4d0-4dbd-97b2-dff48ecf796e,"In the video, is the ladder stretched before scraping the wall?",Yes,Yes,Order Judging(Y/N)
6baa36c1-e4d0-4dbd-97b2-dff48ecf796e,What happens just before the wall is scraped in the video?,The ladder is stretched,"Just before the wall is scraped, a hand holding a tool appears and starts to scrape the wall.",What event order
6baa36c1-e4d0-4dbd-97b2-dff48ecf796e,What exterior work is being performed?,Scraping a wall and smoothing a surface.,The exterior work being performed involves painting the window and repairing or cleaning it.,Scene Summary
6baa36c1-e4d0-4dbd-97b2-dff48ecf796e,Where is the activity taking place?,Outside a house.,The activity is taking place in a garage or workshop.,Scene Summary
6baa36c1-e4d0-4dbd-97b2-dff48ecf796e,Which tools are being used for the exterior tasks?,A scraper and a planer.,"A hammer and a red-handled tool, possibly a screwdriver or similar device, are being used for the exterior tasks.",Scene Summary
6baa36c1-e4d0-4dbd-97b2-dff48ecf796e,Can you describe the sequence of work shown?,"Scraping first, then planing.","The sequence of work begins with the person using a hammer to smooth out the paint on the window, followed by applying a red and yellow substance onto it.",Action Caption
6baa36c1-e4d0-4dbd-97b2-dff48ecf796e,Does the video show painting work being done?,No.,"Yes, the video shows painting work being done.",Whether Something Happened(Y/N)
6baa36c1-e4d0-4dbd-97b2-dff48ecf796e,Is there any smoothing of surfaces portrayed?,Yes.,"Yes, the video shows a close-up of the person smoothing out the surface with the tool.",Whether Something Happened(Y/N)
6baa36c1-e4d0-4dbd-97b2-dff48ecf796e,Does the scene capture window installation?,No.,"Yes, the scene captures a person installing or repairing a window.",Whether Something Happened(Y/N)
6baa36c1-e4d0-4dbd-97b2-dff48ecf796e,Does the clip depict interior renovation?,No.,"Yes, the clip depicts interior renovation as it shows a person working on a window with a hammer and chisel.",Whether Something Happened(Y/N)
6baa36c1-e4d0-4dbd-97b2-dff48ecf796e,Does smoothing the surface occur before scraping the wall?,No,"Yes, the person is seen smoothing the surface of the wall before scraping it with a red and yellow scraper.",Order Judging(Y/N)
6baa36c1-e4d0-4dbd-97b2-dff48ecf796e,Is the removal of plaster seen before the scraping action?,Yes,"Yes, the removal of plaster is seen before the scraping action.",Order Judging(Y/N)
6baa36c1-e4d0-4dbd-97b2-dff48ecf796e,Does the planer touch the surface after the wall is scrapped?,Yes,"Yes, the planer touches the surface after the wall is scrapped.",Order Judging(Y/N)
6baa36c1-e4d0-4dbd-97b2-dff48ecf796e,"In the video, is the ladder stretched before scraping the wall?",Yes,"Yes, the ladder is stretched before scraping the wall.",Order Judging(Y/N)
6baa36c1-e4d0-4dbd-97b2-dff48ecf796e,Does the smoothing of the surface occur after scraping the wall?,Yes,"Yes, the person continues to smooth out the surface of the wall after scraping it.",Order Judging(Y/N)
6baa36c1-e4d0-4dbd-97b2-dff48ecf796e,Is something removed from the wall before stretching the ladder?,No,"Yes, a piece of wood is removed from the wall before stretching the ladder.",Order Judging(Y/N)
6baa36c1-e4d0-4dbd-97b2-dff48ecf796e,"In the clip, is the ladder stretched after smoothing the surface?",No,"Yes, the ladder is stretched after smoothing the surface.",Order Judging(Y/N)
6baa36c1-e4d0-4dbd-97b2-dff48ecf796e,What can be seen happening before smoothing the surface?,Scraping the wall,"Before smoothing the surface, a person is seen holding a red and black tool, possibly a scraper or sander, to smooth out the paint.",What event order
6baa36c1-e4d0-4dbd-97b2-dff48ecf796e,"In the video, what happens before stretching the ladder?","Nothing, it is the first action","Before stretching the ladder, the person is seen holding a red and black tool, possibly a hammer or a similar object.",What event order
6baa36c1-e4d0-4dbd-97b2-dff48ecf796e,What is the setting of the video clip?,Outside a house.,"The setting of the video clip is a workshop or garage, with tools and equipment scattered around.",Scene Summary
6baa36c1-e4d0-4dbd-97b2-dff48ecf796e,What task is being performed in the video clip?,Smoothing and scraping a surface.,"The task being performed in the video clip is a person using a tool to work on or fix something, possibly a window or door frame.",Scene Summary
6baa36c1-e4d0-4dbd-97b2-dff48ecf796e,What tools are being used in the video clip?,A planer and a scraper.,The tools being used in the video clip include a hammer and a screwdriver.,Scene Summary
6baa36c1-e4d0-4dbd-97b2-dff48ecf796e,What is the condition of the surface being worked on?,It is a rough surface.,"The surface being worked on appears to be weathered and has patches of peeling paint, indicating it may have been exposed to the elements for an extended period.",Scene Summary
6baa36c1-e4d0-4dbd-97b2-dff48ecf796e,What is the first action taken on the surface in the clip?,Smoothing it with a planer.,The first action taken on the surface is scraping it with a scraper.,Action Caption
6baa36c1-e4d0-4dbd-97b2-dff48ecf796e,What is the progression of work on the surface in the clip?,From smoothing to scraping.,"The progression of work on the surface includes scraping off old material, applying a new layer to cover the damaged area, and smoothing out any remaining debris.",Action Caption
6baa36c1-e4d0-4dbd-97b2-dff48ecf796e,How is the condition of the surface changing in the clip?,Becoming smoother and cleaner.,"The surface is being worked on, and the person's hands are moving in a repetitive motion to smooth out or adjust the material.",Action Caption
6baa36c1-e4d0-4dbd-97b2-dff48ecf796e,Does the person use a planer on the surface?,Yes.,"Yes, the person uses a planer on the surface to smooth out the wood.",Whether Something Happened(Y/N)
6baa36c1-e4d0-4dbd-97b2-dff48ecf796e,Is there an action of scraping visible in the new frames?,Yes.,"Yes, there is an action of scraping visible in the new frames.",Whether Something Happened(Y/N)
6baa36c1-e4d0-4dbd-97b2-dff48ecf796e,Does the clip show the complete smoothing of the surface?,No.,"No, the clip shows only a close-up of the person's hands and the surface being smoothed. The rest of the scene is not visible in the provided image.",Whether Something Happened(Y/N)
6baa36c1-e4d0-4dbd-97b2-dff48ecf796e,"In the video, is the surface scrapped before it is smoothened with a planer?",No,Yes,Order Judging(Y/N)
6baa36c1-e4d0-4dbd-97b2-dff48ecf796e,"In the sequence, is the planer used before the scraper?",Yes,"Yes, the planer is used before the scraper.",Order Judging(Y/N)
6baa36c1-e4d0-4dbd-97b2-dff48ecf796e,What occurs right before the planer is used on the surface?,"Nothing, it's the first action","A person is seen holding a tool, possibly a screwdriver or similar instrument, and appears to be preparing for the planer's use.",What event order
6baa36c1-e4d0-4dbd-97b2-dff48ecf796e,Did I remove something from the wall before scraping the wall?,Yes,"Yes, the person removed a piece of wood from the wall before scraping it.",Order Judging(Y/N)
6baa36c1-e4d0-4dbd-97b2-dff48ecf796e,Is the surface smoothened with a planer before scraping with a scraper?,Yes,"Yes, the surface is smoothened with a planer before scraping with a scraper.",Order Judging(Y/N)
6baa36c1-e4d0-4dbd-97b2-dff48ecf796e,Do I smoothen the surface with a planer before removing something from the wall?,No,"Yes, the person smoothes the surface with a planer before removing something from the wall.",Order Judging(Y/N)
6baa36c1-e4d0-4dbd-97b2-dff48ecf796e,Is the wall scraped with a scraper before using a planer in one sequence?,No,"Yes, the wall is scraped with a scraper before using a planer in one sequence.",Order Judging(Y/N)
6baa36c1-e4d0-4dbd-97b2-dff48ecf796e,What setting is shown in the video clip?,An outdoor scene with window frame paint removal.,"The setting shown in the video clip is a workshop or garage, with tools and equipment visible around.",Scene Summary
6baa36c1-e4d0-4dbd-97b2-dff48ecf796e,Describe the environment shown in the clip.,"An outside area, likely a building's exterior.","The environment is a garage or workshop with a window frame that has been partially painted. The person is using a hammer and a small tool to work on the paint, which appears to be peeling off in places.",Scene Summary
6baa36c1-e4d0-4dbd-97b2-dff48ecf796e,What tool is being used in the current action?,A paint scraper is being used in the action.,A hammer is being used in the current action.,Action Caption
6baa36c1-e4d0-4dbd-97b2-dff48ecf796e,How is the paint being removed in this scene?,The paint is being manually scraped off.,"The paint is being removed by scraping it away with a tool, which the person uses to carefully remove the remaining layer of paint.",Action Caption
6baa36c1-e4d0-4dbd-97b2-dff48ecf796e,Does the video show a paint removal process?,Yes.,"Yes, the video shows a paint removal process where the person is using a tool to remove the old paint from the window frame.",Whether Something Happened(Y/N)
6baa36c1-e4d0-4dbd-97b2-dff48ecf796e,Is the person successfully removing paint from a window frame?,Yes.,Yes,Whether Something Happened(Y/N)
6baa36c1-e4d0-4dbd-97b2-dff48ecf796e,Does the scene take place indoors?,No.,"No, the scene takes place outdoors.",Whether Something Happened(Y/N)
6baa36c1-e4d0-4dbd-97b2-dff48ecf796e,Is the surface smoothed with a planer before scraping with a scraper?,Yes,"Yes, the surface is smoothed with a planer before scraping with a scraper.",Order Judging(Y/N)
6baa36c1-e4d0-4dbd-97b2-dff48ecf796e,Does the removal of paint on the window frame happen after smoothing a surface?,Yes,"Yes, the removal of paint on the window frame happens after smoothing a surface.",Order Judging(Y/N)
6baa36c1-e4d0-4dbd-97b2-dff48ecf796e,Is the paint scraper used before the planer on any surface?,No,"Yes, the paint scraper is used on a wooden surface before the planer.",Order Judging(Y/N)
6baa36c1-e4d0-4dbd-97b2-dff48ecf796e,Is the surface smoothed after removing paint from the window frame?,No,"Yes, the surface is smooth after removing paint from the window frame.",Order Judging(Y/N)
6baa36c1-e4d0-4dbd-97b2-dff48ecf796e,What happens just before using the scraper on the surface?,Smoothing the surface with a planer,"Just before using the scraper, the person points at something on the wall or door frame to indicate a specific area of interest.",What event order
6baa36c1-e4d0-4dbd-97b2-dff48ecf796e,What is done just prior to smoothing a surface?,"Nothing, it's the first action.","Just prior to smoothing a surface, the person uses a tool to smooth out the paint on the window frame.",What event order
6baa36c1-e4d0-4dbd-97b2-dff48ecf796e,What action takes place before using the paint scraper?,Smoothing and scraping a surface,"Before using the paint scraper, a person is seen holding a paint scraper and appears to be preparing for painting.",What event order
6baa36c1-e4d0-4dbd-97b2-dff48ecf796e,What is the first action performed outside the house?,Smoothing a surface with a planer,The first action performed outside the house is a person using a hammer to scrape off paint from the window frame.,What event order
6baa36c1-e4d0-4dbd-97b2-dff48ecf796e,Did I scrape the wall before smoothing the surface with a planer?,Yes.,"Yes, the person used a planer to smooth out the surface of the wall before scraping it.",Order Judging(Y/N)
6baa36c1-e4d0-4dbd-97b2-dff48ecf796e,Did I smooth the surface with a planer before removing paint from the window frame?,Yes.,"Yes, the person smooths the surface with a planer before removing paint from the window frame.",Order Judging(Y/N)
6baa36c1-e4d0-4dbd-97b2-dff48ecf796e,What do I do before removing paint from the window frame?,Scrape the wall and smooth a surface.,"Before removing paint from the window frame, you should first ensure that all screws are removed to avoid damaging the window or any surrounding structure.",What event order
6baa36c1-e4d0-4dbd-97b2-dff48ecf796e,What is the setting of the video clip?,The setting is outside near a window.,The setting of the video clip is a residential area with a window that has been partially painted.,Scene Summary
6baa36c1-e4d0-4dbd-97b2-dff48ecf796e,What tool is being used on the window?,A scraper is being used.,"A red-handled tool, possibly a sander or scraper, is being used on the window.",Action Caption
6baa36c1-e4d0-4dbd-97b2-dff48ecf796e,Does the video show paint being scraped off?,Yes.,"Yes, the video shows paint being scraped off from the window frame.",Whether Something Happened(Y/N)
6baa36c1-e4d0-4dbd-97b2-dff48ecf796e,Is the window frame being refinished?,Yes.,Yes,Whether Something Happened(Y/N)
6baa36c1-e4d0-4dbd-97b2-dff48ecf796e,Is a tool being used for paint removal?,Yes.,"Yes, a paint roller is being used to remove the old paint from the window.",Whether Something Happened(Y/N)
6baa36c1-e4d0-4dbd-97b2-dff48ecf796e,Is the person working on interior maintenance?,No.,Yes,Whether Something Happened(Y/N)
6baa36c1-e4d0-4dbd-97b2-dff48ecf796e,Is the window frame being replaced?,No.,Yes,Whether Something Happened(Y/N)
6baa36c1-e4d0-4dbd-97b2-dff48ecf796e,Is the window opened before the paint is scraped?,Yes,Yes.,Order Judging(Y/N)
6baa36c1-e4d0-4dbd-97b2-dff48ecf796e,Does the hand touch the window frame before using the scraper?,Yes,"Yes, the hand touches the window frame before using the scraper.",Order Judging(Y/N)
6baa36c1-e4d0-4dbd-97b2-dff48ecf796e,Is the paint on the window frame removed before the hand is visible?,No,"Yes, the paint on the window frame is removed before the hand is visible.",Order Judging(Y/N)
6baa36c1-e4d0-4dbd-97b2-dff48ecf796e,Does the window frame appear before the scraper is in motion?,Yes,"Yes, the window frame appears before the scraper is in motion.",Order Judging(Y/N)
6baa36c1-e4d0-4dbd-97b2-dff48ecf796e,Is the paint removed from the window frame before using the planer?,No,Yes,Order Judging(Y/N)
6baa36c1-e4d0-4dbd-97b2-dff48ecf796e,Does the surface smoothing with a planer occur before the scraping?,Yes,"Yes, the surface smoothing with a planer occurs before the scraping.",Order Judging(Y/N)
6baa36c1-e4d0-4dbd-97b2-dff48ecf796e,Is the scraping of the surface completed before removing paint on the window frame?,No,"Yes, the scraping of the surface is completed before removing paint on the window frame.",Order Judging(Y/N)
6baa36c1-e4d0-4dbd-97b2-dff48ecf796e,What occurs just before scraping the surface?,Smoothening with a planer,"Just before scraping the surface, a person wearing dark pants and shoes is seen reaching up to adjust or fix something on the window.",What event order
6baa36c1-e4d0-4dbd-97b2-dff48ecf796e,What is the main activity taking place outside the house?,Smoothing and scraping surfaces.,"The main activity is the person working on a window, using tools to fix or repair it.",Scene Summary
6baa36c1-e4d0-4dbd-97b2-dff48ecf796e,Where is the scene set?,Outside a house.,"The scene is set in a room with a window, where the person is working on fixing or repairing something near it.",Scene Summary
6baa36c1-e4d0-4dbd-97b2-dff48ecf796e,What tools are being used in this scene?,A planer and a scraper.,A hammer and a screwdriver are being used in this scene.,Scene Summary
6baa36c1-e4d0-4dbd-97b2-dff48ecf796e,How can you describe the area in which the activity occurs?,It's a woodworking area outside the house.,"The area is outdoors, with a grassy lawn and some trees visible in the background.",Scene Summary
6baa36c1-e4d0-4dbd-97b2-dff48ecf796e,What actions are being performed in this video clip?,Smoothing with a planer and scraping with a scraper.,"The actions performed in this video clip include a person using a hammer to remove the paint from the window, carefully scraping away the old paint and applying new one. The person also uses a ladder to reach higher areas of the wall where additional work is being done.",Action Caption
6baa36c1-e4d0-4dbd-97b2-dff48ecf796e,What is the focus of the activity in these frames?,Wood surface maintenance.,"The focus of the activity in these frames is on a window being worked on, with the person using a hammer to adjust or fix something inside it.",Action Caption
6baa36c1-e4d0-4dbd-97b2-dff48ecf796e,What is the sequence of actions performed outside?,"First smoothening, then scraping surfaces.","The sequence of actions performed outside includes the person using a hammer to remove pieces from the window, carefully removing them one by one. They also interact with tools and possibly other objects on the ground near the window.",Action Caption
6baa36c1-e4d0-4dbd-97b2-dff48ecf796e,How does the person handle the tools in the video?,With precision and care for the task.,"The person uses the hammer and screwdriver to work on the window, demonstrating precision and skill in their task.",Action Caption
6baa36c1-e4d0-4dbd-97b2-dff48ecf796e,What are the visible results of the actions in this clip?,Smooth surfaces and wood shavings scattered.,"The visible results include the window being repaired, with a partially completed frame and a ladder leaning against it. The person's hands are seen working diligently on the repair process, indicating a thorough and careful approach to fixing the damaged area of the window.",Action Caption
6baa36c1-e4d0-4dbd-97b2-dff48ecf796e,Does the video show the use of a woodworking planer?,Yes,"Yes, the video shows a close-up of the person's hands using a woodworking planer to smooth out the window frame.",Whether Something Happened(Y/N)
6baa36c1-e4d0-4dbd-97b2-dff48ecf796e,Is the person scraping a wooden surface?,Yes,Yes,Whether Something Happened(Y/N)
6baa36c1-e4d0-4dbd-97b2-dff48ecf796e,Are the actions performed indoor?,No,"Yes, the actions are performed indoors.",Whether Something Happened(Y/N)
6baa36c1-e4d0-4dbd-97b2-dff48ecf796e,Does the activity involve painting or staining?,No,"Yes, the activity involves painting or staining.",Whether Something Happened(Y/N)
6baa36c1-e4d0-4dbd-97b2-dff48ecf796e,Is the person wearing any safety gear?,No,"No, the person is not wearing any visible safety gear.",Whether Something Happened(Y/N)
6baa36c1-e4d0-4dbd-97b2-dff48ecf796e,Was the window frame scraped before it was planed?,No,"Yes, the window frame was scraped before it was planed.",Order Judging(Y/N)
6baa36c1-e4d0-4dbd-97b2-dff48ecf796e,Did the scraping of a surface happen after smoothening it?,Yes,"Yes, the scraping of a surface happened after smoothening it.",Order Judging(Y/N)
6baa36c1-e4d0-4dbd-97b2-dff48ecf796e,What happens just before the scraper is used on the window frame?,The surface is smoothened with a planer,"Just before the scraper is used on the window frame, a person's hand appears in the bottom right corner of the frame.",What event order
6baa36c1-e4d0-4dbd-97b2-dff48ecf796e,What is the action taken just prior to the planer being used in the video?,There is no action shown before the planer is used,"The action involves the person using a planer to smooth out the window frame, which is indicated by the presence of a ladder in the background.",What event order
6baa36c1-e4d0-4dbd-97b2-dff48ecf796e,Was the surface planed before the scraping of paint on the window frame?,Yes,"Yes, the surface planed was before the scraping of paint on the window frame.",Order Judging(Y/N)
6baa36c1-e4d0-4dbd-97b2-dff48ecf796e,Was the window frame scraped before planing the surface?,No,"Yes, the window frame was scraped before planning the surface.",Order Judging(Y/N)
6baa36c1-e4d0-4dbd-97b2-dff48ecf796e,Was the window frame scraped first before using any tools?,No,"Yes, the window frame was scraped first before using any tools.",Order Judging(Y/N)
6baa36c1-e4d0-4dbd-97b2-dff48ecf796e,What's the brief of the depicted scenario?,A person scrapes a surface outside a house.,"The brief of the depicted scenario is a person engaged in a DIY or home improvement project, using a hammer to remove old paint from a window.",Scene Summary
6baa36c1-e4d0-4dbd-97b2-dff48ecf796e,What can be inferred about the location in the video clip?,It's a residential outdoor area by a window.,"The location appears to be a residential setting, as indicated by the presence of a window with a decorative pot on it and a ladder leaning against the wall.",Scene Summary
6baa36c1-e4d0-4dbd-97b2-dff48ecf796e,How would you describe the environment surrounding the action?,It appears to be tranquil and domestic.,"The environment surrounding the action is a residential setting with a window that has been partially demolished, revealing a garden or yard area. The ground appears to be covered in gravel and grass, indicating an outdoor space.",Scene Summary
6baa36c1-e4d0-4dbd-97b2-dff48ecf796e,Is the person in the video using a tool for scraping?,Yes.,"Yes, the person in the video is using a tool for scraping to remove debris from the window.",Whether Something Happened(Y/N)
6baa36c1-e4d0-4dbd-97b2-dff48ecf796e,Is the scraping happening indoors?,No.,Yes.,Whether Something Happened(Y/N)
6baa36c1-e4d0-4dbd-97b2-dff48ecf796e,Does the footage show the completion of the scraping task?,No.,"Yes, the footage shows the person finishing up their work on the window, indicating that they have completed the scraping task.",Whether Something Happened(Y/N)
6baa36c1-e4d0-4dbd-97b2-dff48ecf796e,Is the person wearing gloves while scraping?,No.,"No, the person is not wearing gloves while scraping.",Whether Something Happened(Y/N)
6baa36c1-e4d0-4dbd-97b2-dff48ecf796e,Did I smoothen the surface with a planer before scraping it with a scraper?,Yes,"Yes, the person in the video uses a planer to smooth out the surface of the window before scraping it with a scraper.",Order Judging(Y/N)
6baa36c1-e4d0-4dbd-97b2-dff48ecf796e,What occurs just before I scrape the surface with the scraper?,Smoothening with a planer,"Just before I scrape the surface with the scraper, a person wearing a blue sleeve is seen reaching out towards the window.",What event order
6baa36c1-e4d0-4dbd-97b2-dff48ecf796e,Is the scraping of the window frame after smoothing the surface?,Yes,"Yes, the scraping of the window frame after smoothing the surface is visible in the final frames.",Order Judging(Y/N)
6baa36c1-e4d0-4dbd-97b2-dff48ecf796e,What happens just before the window frame is scraped?,The surface is smoothened with a planer,"Just before the window frame is scraped, a person wearing a blue sleeve and holding a tool appears to be adjusting or fixing something on the wall near the window.",What event order
6baa36c1-e4d0-4dbd-97b2-dff48ecf796e,What occurs right before the surface is smoothened?,The paint is removed with a scraper,"A person wearing a blue sleeve is seen holding the tool, preparing to start smoothing out the surface.",What event order
6baa36c1-e4d0-4dbd-97b2-dff48ecf796e,Can you describe the setting in the video?,The setting is outdoor by the side of a house.,"The setting in the video is a workshop or garage with various tools and equipment scattered around. The person is working on a wooden surface, possibly a window frame, which has been partially painted white.",Scene Summary
6baa36c1-e4d0-4dbd-97b2-dff48ecf796e,Does the person succeed in scraping off the material?,Yes.,"Yes, the person successfully scrapes off the material from the window frame.",Whether Something Happened(Y/N)
6baa36c1-e4d0-4dbd-97b2-dff48ecf796e,Is the scraping being done on an interior wall?,No.,"Yes, the scraping is being done on an interior wall.",Whether Something Happened(Y/N)
6baa36c1-e4d0-4dbd-97b2-dff48ecf796e,Is the person using any tool other than a scraper?,No.,"No, the person is using a scraper to scrape off paint from the window frame.",Whether Something Happened(Y/N)
6baa36c1-e4d0-4dbd-97b2-dff48ecf796e,Does the scrapping of the surface start before walking outside the house?,No,"Yes, the scrapping of the surface starts before walking outside the house.",Order Judging(Y/N)
6baa36c1-e4d0-4dbd-97b2-dff48ecf796e,"In the video, is the scraper used on the lower part of the wall before the upper part?",No,"Yes, the scraper is used on the lower part of the wall before the upper part.",Order Judging(Y/N)
6baa36c1-e4d0-4dbd-97b2-dff48ecf796e,Is the paint removal near the window sill done after removing paint near the flower pot?,Yes,"Yes, the paint removal near the window sill is complete after removing paint from the flower pot.",Order Judging(Y/N)
6baa36c1-e4d0-4dbd-97b2-dff48ecf796e,What action occurs just before the paint near the flower pot is scraped off?,Scraping near the window sill,"Just before the paint near the flower pot is scraped off, a person's hand points towards the area where the paint was previously applied.",What event order
6baa36c1-e4d0-4dbd-97b2-dff48ecf796e,Is the planer used before the scraper?,Yes,"Yes, the planer is used before the scraper.",Order Judging(Y/N)
6baa36c1-e4d0-4dbd-97b2-dff48ecf796e,Is the scraping done before smoothing the surface?,No,"Yes, the person is seen scraping the surface of the window before smoothing it out.",Order Judging(Y/N)
6baa36c1-e4d0-4dbd-97b2-dff48ecf796e,Does the planing occur after the scraping?,No,"No, the planing does not occur after the scraping. The person continues to work on the window frame, using a hammer and chisel to smooth out the surface of the wood.",Order Judging(Y/N)
6baa36c1-e4d0-4dbd-97b2-dff48ecf796e,What happens before the scraping begins?,Smoothing with a planer,"Before the scraping begins, a person is seen standing on the left side of the frame, wearing dark pants and shoes.",What event order
6baa36c1-e4d0-4dbd-97b2-dff48ecf796e,What task is being carried out outside the house?,Smoothening a surface with a planer and scraping.,The task being carried out outside the house is painting a wooden window.,Scene Summary
6baa36c1-e4d0-4dbd-97b2-dff48ecf796e,What tools are used in the latest frames for the outdoor task?,A planer and a scraper.,"In the latest frames, a hammer and a paint roller are used for the outdoor task.",Scene Summary
6baa36c1-e4d0-4dbd-97b2-dff48ecf796e,Describe the surroundings where the task takes place.,"Outside a house, likely a work area with debris.","The task takes place in an outdoor setting with a window frame visible, suggesting the person is working near a building. The background shows a residential area with houses and trees under overcast skies.",Scene Summary
6baa36c1-e4d0-4dbd-97b2-dff48ecf796e,What process is demonstrated in the recent video footage?,Woodworking involving smoothing and scraping actions.,"The video demonstrates the process of applying a substance to a wooden surface, likely for painting or staining purposes. The person is using a tool to apply the substance onto the wood, which appears to be a type of paint or stain.",Scene Summary
6baa36c1-e4d0-4dbd-97b2-dff48ecf796e,What is the likely purpose of the actions shown in the clip?,"Preparing a wooden surface, possibly for painting or finishing.","The likely purpose of the actions shown in the clip is to repair or maintain a window. The person is using a sander and a hammer to smooth out the paint on the window, which suggests they are working on fixing any damage that may have occurred during installation or maintenance work.",Scene Summary
6baa36c1-e4d0-4dbd-97b2-dff48ecf796e,Describe the sequential actions taken by the individual.,"First, using a planer for smoothing, then a scraper.","The individual is seen using a sander to smooth out the paint on a wooden surface, focusing on areas where there are visible cracks and unevenities. They carefully apply pressure with their hand while moving the sander back and forth across the wood, ensuring that each area is evenly coated. The person's hands move in a repetitive motion, indicating precision and care in their work.",Action Caption
6baa36c1-e4d0-4dbd-97b2-dff48ecf796e,Has the person completed the smoothening task?,Yes.,"Yes, the person has completed the smoothening task by removing all visible paint from the window frame and leaving only a smooth surface.",Whether Something Happened(Y/N)
6baa36c1-e4d0-4dbd-97b2-dff48ecf796e,Does the individual use more than one tool?,Yes.,"Yes, the individual uses a hammer and a brush to apply paint or sealant to the window frame.",Whether Something Happened(Y/N)
6baa36c1-e4d0-4dbd-97b2-dff48ecf796e,Is the work performed indoors in the latest frames?,"No, it's outside.","No, the work is being performed outdoors in the latest frames.",Whether Something Happened(Y/N)
6baa36c1-e4d0-4dbd-97b2-dff48ecf796e,Have any painting actions been depicted in the summary?,"No, only smoothening and scraping are shown.","Yes, the video shows a person using a paint roller to apply and smooth out the paint on the window frame.",Whether Something Happened(Y/N)
6baa36c1-e4d0-4dbd-97b2-dff48ecf796e,"In the video, is scraping done before smoothing with a planer?",No,"Yes, the video shows the person scraping the wall with a black scraper before smoothing it with a planer.",Order Judging(Y/N)
6baa36c1-e4d0-4dbd-97b2-dff48ecf796e,Is the surface scraped after the house exterior is shown?,Yes,"Yes, the surface is scraped after the house exterior is shown.",Order Judging(Y/N)
6baa36c1-e4d0-4dbd-97b2-dff48ecf796e,What is seen happening before any tool is used on the surface?,Outside of the house shown,"Before any tool is used on the surface, a person wearing a blue sleeve and a wristwatch is seen holding a black-handled tool.",What event order
6baa36c1-e4d0-4dbd-97b2-dff48ecf796e,"In the sequence, is the scraper used before the planer?",No,"Yes, the scraper is used before the planer.",Order Judging(Y/N)
6baa36c1-e4d0-4dbd-97b2-dff48ecf796e,Does the scraping happen outdoors?,Yes,"Yes, the scraping happens outdoors.",Order Judging(Y/N)
6baa36c1-e4d0-4dbd-97b2-dff48ecf796e,Is the surface scraped after it is smoothened?,Yes,"Yes, the surface is smooth after it is smoothened.",Order Judging(Y/N)
6baa36c1-e4d0-4dbd-97b2-dff48ecf796e,Is the scraping performed before standing up?,No,"Yes, the scraping is performed before standing up.",Order Judging(Y/N)
6baa36c1-e4d0-4dbd-97b2-dff48ecf796e,What is done before using the scraper in the video?,Smoothening the surface with a planer,"Before using the scraper, the person is seen holding a paint roller and applying it to the wall.",What event order
6baa36c1-e4d0-4dbd-97b2-dff48ecf796e,What happens just before the second scraping action?,The first scraping action,"Just before the second scraping action, the person is seen holding a red-handled tool and using it to scrape away some paint from the window frame.",What event order
6baa36c1-e4d0-4dbd-97b2-dff48ecf796e,What occurs just before the surface is smoothened?,Going outside the house,"A person wearing a blue sleeve is seen holding the paint roller, preparing to apply it.",What event order
6baa36c1-e4d0-4dbd-97b2-dff48ecf796e,What is the setting of the video clip?,"The setting is outdoors, with a person removing unwanted cover.",The setting of the video clip is a residential area with a window that has been partially painted.,Scene Summary
6baa36c1-e4d0-4dbd-97b2-dff48ecf796e,What is the main focus of the video clip?,The main focus is on a person removing a cover from a surface.,The main focus of the video clip is a person's hands using a sander to smooth out paint on a window.,Scene Summary
6baa36c1-e4d0-4dbd-97b2-dff48ecf796e,What is the person doing with their hand?,They are rubbing waste off with their hand.,"The person is holding a tool, possibly a hammer or chisel, and appears to be using it on the window frame.",Action Caption
6baa36c1-e4d0-4dbd-97b2-dff48ecf796e,What action follows rubbing the waste?,The person climbs a ladder.,The action follows rubbing the waste with a red-handled tool.,Action Caption
6baa36c1-e4d0-4dbd-97b2-dff48ecf796e,What tool is the person using in the action?,The person is using a scraper or a similar tool.,The person is using a hammer to apply paint or adhesive to the window frame.,Action Caption
6baa36c1-e4d0-4dbd-97b2-dff48ecf796e,Did the person climb a ladder in the video?,Yes.,"No, the person did not climb a ladder in the video.",Whether Something Happened(Y/N)
6baa36c1-e4d0-4dbd-97b2-dff48ecf796e,Does the video show the person successfully removing the cover?,Yes.,"Yes, the video shows the person successfully removing the cover from the window frame.",Whether Something Happened(Y/N)
6baa36c1-e4d0-4dbd-97b2-dff48ecf796e,Was the task performed indoors?,No.,"Yes, the task was performed indoors.",Whether Something Happened(Y/N)
6baa36c1-e4d0-4dbd-97b2-dff48ecf796e,Did I smoothen the surface with a planer before scraping it with a scraper?,Yes.,"Yes, the person used a planer to smooth out the surface before scraping it with a scraper.",Order Judging(Y/N)
6baa36c1-e4d0-4dbd-97b2-dff48ecf796e,Did I climb the ladder before rubbing waste with my hand?,No.,"No, the ladder was not used before rubbing waste with a hand.",Order Judging(Y/N)
6baa36c1-e4d0-4dbd-97b2-dff48ecf796e,Did the removal of unwanted cover happen before climbing the ladder?,No.,"Yes, the removal of unwanted cover happened before climbing the ladder.",Order Judging(Y/N)
6baa36c1-e4d0-4dbd-97b2-dff48ecf796e,Did I scrape the surface before smoothening it with a planer?,No.,"Yes, the person in the blue sleeve used a planer to smooth out the surface of the window before applying the sealant.",Order Judging(Y/N)
6baa36c1-e4d0-4dbd-97b2-dff48ecf796e,Did the drawing a planer happen after climbing the ladder?,No.,"No, the drawing a planer did not happen after climbing the ladder.",Order Judging(Y/N)
6baa36c1-e4d0-4dbd-97b2-dff48ecf796e,What takes place immediately before drawing a planer across the surface?,Being outside the house.,"A person wearing a blue long-sleeve shirt is seen holding the planer, preparing to apply it.",What event order
6baa36c1-e4d0-4dbd-97b2-dff48ecf796e,What do I do before rubbing waste with my hand?,Being outside.,"Before rubbing waste with your hand, you should first ensure that the area is clean and dry.",What event order
6baa36c1-e4d0-4dbd-97b2-dff48ecf796e,Did I scrape the surface before using a planer?,No,"Yes, the person in blue is seen using a planer to scrape off some of the paint from the window frame.",Order Judging(Y/N)
6baa36c1-e4d0-4dbd-97b2-dff48ecf796e,Did the planer use happen after the ladder climbing?,No,"Yes, the planer used the ladder to reach higher areas of the window.",Order Judging(Y/N)
6baa36c1-e4d0-4dbd-97b2-dff48ecf796e,Was the surface scraped after using the planer?,Yes,"Yes, the surface was scraped after using the planer.",Order Judging(Y/N)
6baa36c1-e4d0-4dbd-97b2-dff48ecf796e,Was the waste rubbed off before I climbed the ladder?,Yes,"Yes, the waste was rubbed off before I climbed the ladder.",Order Judging(Y/N)
6baa36c1-e4d0-4dbd-97b2-dff48ecf796e,What happens just before I scrape the surface?,Smoothening with a planer,"Just before I scrape the surface, a person wearing a blue long-sleeve shirt and a wristwatch is seen holding a red-handled tool.",What event order
6baa36c1-e4d0-4dbd-97b2-dff48ecf796e,What event occurs before using the planer?,Climbing the ladder,"Before using the planer, a person is seen holding a red-handled tool and adjusting it to ensure proper positioning.",What event order
6baa36c1-e4d0-4dbd-97b2-dff48ecf796e,What is the focus of the video's depicted scenario?,Removing unwanted cover from wood surface.,"The video focuses on a person's hands performing a task involving the wall, which appears to be a window or door frame.",Scene Summary
6baa36c1-e4d0-4dbd-97b2-dff48ecf796e,Describe the setting shown in the video clip.,"Outside, near a window with a wood surface.","The video shows a person working on a window with a paint roller, applying white paint to the wooden frame. The background features a car and some greenery outside the window.",Scene Summary
6baa36c1-e4d0-4dbd-97b2-dff48ecf796e,What can be observed about the environment in the clip?,"It's outdoors, possibly at a residential location.","The environment includes a ladder leaning against the wall, a ladder on the left side of the frame, and a car parked in the background.",Scene Summary
6baa36c1-e4d0-4dbd-97b2-dff48ecf796e,Narrate the activity captured in this clip.,"Holding a scraper, staring at, and scraping a wood surface.","The video shows a person diligently working on a wooden surface, likely a window or door frame. The individual is using a hammer to smooth out the paint and apply it in a precise manner, ensuring that the paint is evenly distributed across the surface. They are wearing a watch with a black strap and a silver wristwatch face, indicating they might be monitoring their work closely. The background reveals an outdoor setting with a car parked outside, suggesting this activity takes place in a residential area during daytime.",Action Caption
6baa36c1-e4d0-4dbd-97b2-dff48ecf796e,Can you provide a caption for the action taking place?,Scraping Away: Unveiling the Wood Beneath.,"Yes, the caption could be: ""A person is meticulously applying a white substance to a wooden surface in preparation for painting.""",Action Caption
6baa36c1-e4d0-4dbd-97b2-dff48ecf796e,Did the individual successfully remove some of the unwanted cover?,Yes.,"Yes, the individual successfully removed some of the unwanted cover by using a tool to scrape off the paint.",Whether Something Happened(Y/N)
6baa36c1-e4d0-4dbd-97b2-dff48ecf796e,Is the person using a tool to work on the surface?,Yes.,Yes,Whether Something Happened(Y/N)
6baa36c1-e4d0-4dbd-97b2-dff48ecf796e,Has the person been carefully examining the wood surface?,Yes.,"Yes, the person is carefully examining the wood surface to ensure it meets their standards.",Whether Something Happened(Y/N)
6baa36c1-e4d0-4dbd-97b2-dff48ecf796e,Is the work being performed close to a window?,Yes.,Yes,Whether Something Happened(Y/N)
6baa36c1-e4d0-4dbd-97b2-dff48ecf796e,Did I rub waste with my hand before climbing the ladder?,Yes.,"Yes, the person in the video is seen rubbing waste with their hand before climbing the ladder.",Order Judging(Y/N)
6baa36c1-e4d0-4dbd-97b2-dff48ecf796e,Is the unwanted cover removed after I stare at the wood surface?,No.,Yes,Order Judging(Y/N)
6baa36c1-e4d0-4dbd-97b2-dff48ecf796e,Do I hold the scraper before removing the unwanted cover?,No.,"Yes, the person holds the scraper before removing the unwanted cover.",Order Judging(Y/N)
6baa36c1-e4d0-4dbd-97b2-dff48ecf796e,Am I outside when I stare at the wood surface?,Yes.,"Yes, you are outside when you stare at the wood surface.",Order Judging(Y/N)
6baa36c1-e4d0-4dbd-97b2-dff48ecf796e,What happens just before I hold the scraper?,Staring at the wood surface.,"Just before I hold the scraper, a hand appears and points towards the wall.",What event order
6baa36c1-e4d0-4dbd-97b2-dff48ecf796e,Did I smooth the surface with a planer before scraping it with a scraper?,Yes,"Yes, the person in the video is seen using a planer to smooth out the surface of the wall before scraping it with a scraper.",Order Judging(Y/N)
6baa36c1-e4d0-4dbd-97b2-dff48ecf796e,Did I rub waste with my hand before climbing the ladder?,Yes,"Yes, the person in the video is seen rubbing waste with their hand before climbing the ladder.",Order Judging(Y/N)
6baa36c1-e4d0-4dbd-97b2-dff48ecf796e,Did I climb the ladder before removing the unwanted cover from the surface?,Yes,"No, the ladder was not used to reach the surface.",Order Judging(Y/N)
6baa36c1-e4d0-4dbd-97b2-dff48ecf796e,What is the setting depicted in the video clip?,It is an outdoor setting surrounding a window frame.,The setting depicted in the video clip is a residential area with a window that has been partially stripped of its paint.,Scene Summary
6baa36c1-e4d0-4dbd-97b2-dff48ecf796e,What is the state of the window frame in the scene?,The window frame is in the process of being scraped.,"The window frame appears to be in a state of disrepair, with peeling paint and visible damage.",Scene Summary
6baa36c1-e4d0-4dbd-97b2-dff48ecf796e,Describe the immediate environment around the window frame.,There's discarded material on the ground near the window frame.,"The immediate environment around the window frame includes a ladder leaning against it, some scattered leaves and debris on the ground, and a small section of a car's interior visible in the background.",Scene Summary
6baa36c1-e4d0-4dbd-97b2-dff48ecf796e,What can be inferred about the surface condition in the scene?,"The surface likely needed maintenance, as it's being scraped.","The surface appears to be weathered and worn, with peeling paint and a rough texture.",Scene Summary
6baa36c1-e4d0-4dbd-97b2-dff48ecf796e,Are there any signs of ongoing construction or repair in the video?,"Yes, the scraping indicates repair or renovation work.","Yes, there are several construction materials and tools scattered around the area where the person is working.",Scene Summary
6baa36c1-e4d0-4dbd-97b2-dff48ecf796e,What action is the person performing in the new frames?,The person is scraping the surface of a window frame.,The person is using a tool to scrape or remove the paint from the window frame.,Action Caption
6baa36c1-e4d0-4dbd-97b2-dff48ecf796e,How is the person preparing the window frame?,By removing unwanted cover and rubbing the surface.,"The person is using a tool to smooth out the paint on the window frame, ensuring it is clean and ready for installation.",Action Caption
6baa36c1-e4d0-4dbd-97b2-dff48ecf796e,What maintenance task can be seen happening around a window?,Scraping off old paint or material from the window frame.,"The maintenance task involves scraping off the paint from a window, which is being done by the person using a tool to remove the old paint.",Action Caption
6baa36c1-e4d0-4dbd-97b2-dff48ecf796e,Has the protective cover been removed from the window surface?,Yes.,"Yes, the protective cover has been removed from the window surface.",Whether Something Happened(Y/N)
6baa36c1-e4d0-4dbd-97b2-dff48ecf796e,Is there any sign of the person completing the scraping action?,"No, the person is still holding the scraper.","Yes, the person is seen holding a tool in their right hand and appears to be finishing up the scraping action.",Whether Something Happened(Y/N)
6baa36c1-e4d0-4dbd-97b2-dff48ecf796e,Does the footage show a fully renovated window frame?,"No, the window is still being worked on.","No, the footage does not show a fully renovated window frame; it only shows the process of applying and smoothing down the paint.",Whether Something Happened(Y/N)
6baa36c1-e4d0-4dbd-97b2-dff48ecf796e,Did the person in the video fully rub the surface?,"No, only part of the surface has been rubbed.","Yes, the person in the video thoroughly rubbed the surface to ensure it was clean and free of debris.",Whether Something Happened(Y/N)
6baa36c1-e4d0-4dbd-97b2-dff48ecf796e,Has all the discarded material been cleared from the ground?,"No, the material is still on the ground.","Yes, all the discarded material has been cleared from the ground.",Whether Something Happened(Y/N)
6baa36c1-e4d0-4dbd-97b2-dff48ecf796e,"In the video, does staring at the wood surface occur before removing the unwanted cover?",No,"Yes, the person is seen staring at the wood surface before removing the unwanted cover.",Order Judging(Y/N)
6baa36c1-e4d0-4dbd-97b2-dff48ecf796e,Is the wood surface rubbed after removing the unwanted cover?,Yes,"Yes, the wood surface is visibly rubbed after removing the unwanted cover.",Order Judging(Y/N)
6baa36c1-e4d0-4dbd-97b2-dff48ecf796e,"In the video, does holding the scraper happen before rubbing the surface?",Yes,"Yes, the video shows a person holding the scraper before rubbing the surface.",Order Judging(Y/N)
6baa36c1-e4d0-4dbd-97b2-dff48ecf796e,What happens just before rubbing the wood surface in the video?,Removing unwanted cover,"Just before rubbing the wood surface, the person uses a tool to smooth out any rough edges or marks on the wooden surface.",What event order
6baa36c1-e4d0-4dbd-97b2-dff48ecf796e,What happens just before removing the unwanted cover in the video?,Staring at the wood surface.,"Just before removing the unwanted cover, the person uses a tool to smooth out any remaining debris on the window frame.",What event order
6baa36c1-e4d0-4dbd-97b2-dff48ecf796e,Did rubbing the surface happen before staring at the wood surface?,No,"Yes, the person rubbed the surface of the wood before staring at it.",Order Judging(Y/N)
6baa36c1-e4d0-4dbd-97b2-dff48ecf796e,Was the ladder climbed before removing the unwanted cover?,Yes,"Yes, the ladder was climbed before removing the unwanted cover.",Order Judging(Y/N)
6baa36c1-e4d0-4dbd-97b2-dff48ecf796e,Was the unwanted cover removed after rubbing waste with hand?,Yes,"Yes, the unwanted cover was removed after rubbing waste with a hand.",Order Judging(Y/N)
6baa36c1-e4d0-4dbd-97b2-dff48ecf796e,Did staring at the wood surface happen before holding the scraper?,No,"Yes, the person was staring at the wood surface before holding the scraper.",Order Judging(Y/N)
6baa36c1-e4d0-4dbd-97b2-dff48ecf796e,What is done after staring at the wood surface?,Holding the scraper,"The person begins to work on the wood, using a tool to smooth out the surface.",What event order
6baa36c1-e4d0-4dbd-97b2-dff48ecf796e,What is the overall setting of the video clip?,"Outside, near a building with unwanted cover being removed.","The video clip is set in a garage or workshop, with the person working on a window frame.",Scene Summary
6baa36c1-e4d0-4dbd-97b2-dff48ecf796e,What's the main focus of the scene?,A person cleaning an area by a building.,"The main focus of the scene is a person working on a window, using a tool to smooth or fix it.",Scene Summary
6baa36c1-e4d0-4dbd-97b2-dff48ecf796e,What kind of location is shown in the video?,An outdoor location by a building.,The video shows a garage or workshop with a window and some tools visible.,Scene Summary
6baa36c1-e4d0-4dbd-97b2-dff48ecf796e,What task is being performed in the frames?,Scraping off unwanted cover from a surface.,"The task being performed is sanding or smoothing a surface, likely the window frame.",Action Caption
6baa36c1-e4d0-4dbd-97b2-dff48ecf796e,Can you detail the activity taking place?,A person removing a covering layer from a window.,"The video shows a person engaged in a DIY or repair task, focusing on the window frame. The individual is using a tool to smooth out the paint and apply it to the surface of the window frame. They are carefully scraping off excess paint with their hand while holding the tool steady. The surrounding area includes a ladder leaning against the wall, suggesting that this might be an outdoor setting where maintenance work is being performed.",Action Caption
6baa36c1-e4d0-4dbd-97b2-dff48ecf796e,What is the immediate action captured?,A hand using a tool to clean a window.,The immediate action captured is a person using a hammer to smooth out the paint on a window.,Action Caption
6baa36c1-e4d0-4dbd-97b2-dff48ecf796e,What is the implication of the depicted movement?,Preparation or cleaning of a building's exterior.,"The implied movement suggests that the person is working on a task that requires precision and attention to detail, possibly involving tools or materials.",Action Caption
6baa36c1-e4d0-4dbd-97b2-dff48ecf796e,Did the camera wearer completely remove the unwanted cover?,No.,"No, the camera wearer did not completely remove the unwanted cover.",Whether Something Happened(Y/N)
6baa36c1-e4d0-4dbd-97b2-dff48ecf796e,Did the video contain any interaction with another person?,"No, it only shows a person working alone.","No, the video does not contain any interaction with another person.",Whether Something Happened(Y/N)
6baa36c1-e4d0-4dbd-97b2-dff48ecf796e,Does the frame convey the completion of the task?,"No, the task appears to be in progress.","No, the frame does not convey the completion of the task. The person continues to work on the window, indicating that they are still engaged in the process of repairing or painting it.",Whether Something Happened(Y/N)
6baa36c1-e4d0-4dbd-97b2-dff48ecf796e,Did the rubbing of the surface happen before walking outside?,No,"Yes, the person was rubbing the surface before walking outside.",Order Judging(Y/N)
6baa36c1-e4d0-4dbd-97b2-dff48ecf796e,Is the scraper held after removing unwanted cover from the surface?,Yes,"Yes, the scraper is held after removing unwanted cover from the surface.",Order Judging(Y/N)
6baa36c1-e4d0-4dbd-97b2-dff48ecf796e,Does the unwanted cover get removed before the surface is rubbed?,Yes,"Yes, the unwanted cover is removed before the surface is rubbed.",Order Judging(Y/N)
6baa36c1-e4d0-4dbd-97b2-dff48ecf796e,Did walking outside occur before holding the scraper?,Yes,"Yes, walking outside occurred before holding the scraper.",Order Judging(Y/N)
6baa36c1-e4d0-4dbd-97b2-dff48ecf796e,What happens before the surface is rubbed?,Unwanted cover is removed.,"Before the surface is rubbed, a person points at something on the wall.",What event order
6baa36c1-e4d0-4dbd-97b2-dff48ecf796e,What occurs just before the scraper is held?,The surface is rubbed.,"A person wearing a watch is seen pointing towards the camera, indicating that they are about to start working on the window.",What event order
6baa36c1-e4d0-4dbd-97b2-dff48ecf796e,What takes place just before removing unwanted cover?,Being outside.,"Before removing unwanted cover, the person uses a hammer to smooth out any remaining debris on the window frame.",What event order
6baa36c1-e4d0-4dbd-97b2-dff48ecf796e,What action occurs before the unwanted cover is removed a second time?,Holding the scraper.,"Before the unwanted cover is removed a second time, the person uses a hammer to smooth out any remaining debris on the window frame.",What event order
6baa36c1-e4d0-4dbd-97b2-dff48ecf796e,Did I stare at the wood surface before removing the unwanted cover?,No,"Yes, you stared at the wood surface before removing the unwanted cover.",Order Judging(Y/N)
6baa36c1-e4d0-4dbd-97b2-dff48ecf796e,Did I rub the surface after removing the unwanted cover?,Yes,"Yes, you should have rubbed the surface after removing the unwanted cover.",Order Judging(Y/N)
6baa36c1-e4d0-4dbd-97b2-dff48ecf796e,Did I remove the unwanted cover before walking outside?,Yes,"Yes, the person removed the unwanted cover before walking outside.",Order Judging(Y/N)
6baa36c1-e4d0-4dbd-97b2-dff48ecf796e,What happened before I held the scraper?,Removed unwanted cover and stared at the surface,"Before I held the scraper, a person was working on a window.",What event order
6baa36c1-e4d0-4dbd-97b2-dff48ecf796e,What occurred just before walking outside?,Removed the unwanted cover,"Just before walking outside, the person was engaged in a DIY project involving peeling and sanding a window.",What event order
6baa36c1-e4d0-4dbd-97b2-dff48ecf796e,What takes place right before removing the unwanted cover?,"Nothing, it's the initial action","A person is seen holding a tool, possibly a hammer or chisel, and appears to be in the process of removing an unwanted cover from a window.",What event order
6baa36c1-e4d0-4dbd-97b2-dff48ecf796e,What action occurred immediately before rubbing the surface?,Removed unwanted cover,"The person began to work on the window, using a tool to smooth out the paint.",What event order
e58207f1-84ec-424b-a997-ff64a57eb13b,What is the setting of the video clip?,The setting is inside a house.,"The setting of the video clip is a modern, well-lit interior space with white walls and ceiling lights.",Scene Summary
e58207f1-84ec-424b-a997-ff64a57eb13b,What activity occurs in the scene?,Walking around and checking items.,"A person wearing sunglasses and a black hoodie is seen sitting on the couch, holding something in their hands.",Scene Summary
e58207f1-84ec-424b-a997-ff64a57eb13b,Are there multiple people in the video?,"Yes, two people are present.",Yes.,Scene Summary
e58207f1-84ec-424b-a997-ff64a57eb13b,Did I exit the house during the video?,No.,"Yes, the person exited the house during the video.",Whether Something Happened(Y/N)
e58207f1-84ec-424b-a997-ff64a57eb13b,Did I ignore any rooms while checking?,No.,"No, I did not ignore any rooms while checking.",Whether Something Happened(Y/N)
e58207f1-84ec-424b-a997-ff64a57eb13b,Did the interaction with the other person seem hostile?,No.,"Yes, the interaction with the other person seemed hostile as they were seen holding a drink and engaging in conversation.",Whether Something Happened(Y/N)
e58207f1-84ec-424b-a997-ff64a57eb13b,Did I find anything unusual in the items?,The video does not indicate that.,"Yes, there is a water bottle on the floor near the person.",Whether Something Happened(Y/N)
e58207f1-84ec-424b-a997-ff64a57eb13b,What setting is introduced in this video clip?,An interior of a house.,"The video clip introduces a cozy living room setting with a person sitting on the couch, reading an open magazine.",Scene Summary
e58207f1-84ec-424b-a997-ff64a57eb13b,What objects are central to the scene in this video?,A magazine and a woman.,"Central objects include a person sitting on the couch, an open magazine with images of hairstyles and makeup products, and a hand holding a small object.",Scene Summary
e58207f1-84ec-424b-a997-ff64a57eb13b,Describe the layout of the room shown.,Room with large windows and modern lighting.,"The room is spacious with a high ceiling, featuring a large window that allows natural light to flood the space. The walls are painted white, and there's a television mounted on one of them. A carpeted floor extends throughout the room, adding warmth to the setting. In the foreground, there's a glass coffee table holding an open magazine with images of beauty products.",Scene Summary
e58207f1-84ec-424b-a997-ff64a57eb13b,What activity dominates this scene?,Reading and interacting with another person.,"The activity that dominates this scene is the person sitting on a couch, reading a magazine.",Scene Summary
e58207f1-84ec-424b-a997-ff64a57eb13b,What is the relationship between the primary elements in this scene?,They involve engagement with reading material and human interaction.,"The relationship between the primary elements in this scene is that of a person relaxing and enjoying their time, with the magazine serving as a focal point for the viewer.",Scene Summary
e58207f1-84ec-424b-a997-ff64a57eb13b,What action am I performing in these frames?,Holding and looking at a magazine.,"In these frames, you are performing the action of holding a magazine with an article about 'upgrading your tools' and reading it.",Action Caption
e58207f1-84ec-424b-a997-ff64a57eb13b,What activity follows holding the magazine?,Looking at the magazine.,"Following holding the magazine, a hand appears and picks up one of the pages.",Action Caption
e58207f1-84ec-424b-a997-ff64a57eb13b,Did I hold the magazine before walking around the house?,No,"Yes, the person holding the magazine was walking around the house before they sat down on the couch.",Order Judging(Y/N)
e58207f1-84ec-424b-a997-ff64a57eb13b,Did I look at the magazine before walking around with another person?,Yes,"Yes, you can see a hand holding the magazine in the foreground.",Order Judging(Y/N)
e58207f1-84ec-424b-a997-ff64a57eb13b,Was the magazine held after checking on items in the house?,No,"Yes, the magazine was held after checking on items in the house.",Order Judging(Y/N)
e58207f1-84ec-424b-a997-ff64a57eb13b,What do I do just before interacting with the woman?,Holding the magazine,"I walk towards the couch, place my hand on it, and then sit down.",What event order
e58207f1-84ec-424b-a997-ff64a57eb13b,What action is performed just before I check on items?,Walking around the house,"Just before I check on items, a hand appears holding an item and then the camera zooms in to reveal a magazine with text and images of hairstyles.",What event order
e58207f1-84ec-424b-a997-ff64a57eb13b,What happens right before I hold the magazine?,Walking with another person,"A hand holding the magazine appears, and I start flipping through it.",What event order
e58207f1-84ec-424b-a997-ff64a57eb13b,What is done immediately before walking around the house?,Being inside the house,"Immediately before walking around the house, a person is seen sitting on the couch with their legs crossed and holding a magazine.",What event order
e58207f1-84ec-424b-a997-ff64a57eb13b,What does the environment indicate about the video's setting?,"The video is set in a modern, well-lit living space.","The environment, characterized by a modern and minimalist design with large windows allowing natural light to flood the space, suggests that the video is set in an office or studio.",Scene Summary
e58207f1-84ec-424b-a997-ff64a57eb13b,What activity is being undertaken in the living area?,Reading and interacting with another person.,The person in the living area is holding a magazine and appears to be reading or flipping through it.,Scene Summary
e58207f1-84ec-424b-a997-ff64a57eb13b,Describe the indoor setting captured in the video.,"A living room with a TV unit, books, and seating areas.","The video captures a cozy and modern living room with light-colored walls, a large window that lets in natural light, and a television mounted on the wall. The room is furnished with comfortable seating options, including a gray armchair and a white sofa. A person wearing sunglasses is seen sitting on the armchair, holding a magazine titled 'Stand-Up.'",Scene Summary
e58207f1-84ec-424b-a997-ff64a57eb13b,What items in the room indicate leisure activities?,A television and books suggest leisure or relaxation.,"The presence of a magazine, a remote control, and the person's relaxed posture suggest leisure activities.",Scene Summary
e58207f1-84ec-424b-a997-ff64a57eb13b,What furnishings can be observed in the video scene?,"A TV stand, shelves, and magazines can be seen.","The furnishings in the video scene include a gray armchair, a white sofa, and a black chair.",Scene Summary
e58207f1-84ec-424b-a997-ff64a57eb13b,What actions are performed by the individual regarding the books?,The individual is turning the pages and reading a book.,The individual is seen holding a book and appears to be reading or flipping through it.,Action Caption
e58207f1-84ec-424b-a997-ff64a57eb13b,How does the person engage with the media in the room?,The person seems to ignore the TV and focuses on the book.,The person engages with the media by holding a magazine titled 'Stand-Up' and flipping through its pages.,Action Caption
e58207f1-84ec-424b-a997-ff64a57eb13b,Did the person read a book in the video?,Yes.,"Yes, the person was seen holding a book and reading it while sitting on the couch.",Whether Something Happened(Y/N)
e58207f1-84ec-424b-a997-ff64a57eb13b,Did the individual change the page of the book at least once?,Yes.,"Yes, the individual made a few changes to the page of the book.",Whether Something Happened(Y/N)
e58207f1-84ec-424b-a997-ff64a57eb13b,Did the person have an interaction with someone in the room?,Yes.,"Yes, the person was seen holding a magazine and gesturing with their hands while sitting on the couch.",Whether Something Happened(Y/N)
e58207f1-84ec-424b-a997-ff64a57eb13b,"In the video, is the magazine held before turning book pages?",Yes.,Yes,Order Judging(Y/N)
e58207f1-84ec-424b-a997-ff64a57eb13b,Is the book read after interacting with a woman?,No.,"Yes, the book is read after interacting with a woman.",Order Judging(Y/N)
e58207f1-84ec-424b-a997-ff64a57eb13b,"In the video, does looking around occur before holding the magazine?",No.,"Yes, looking around occurs before holding the magazine.",Order Judging(Y/N)
e58207f1-84ec-424b-a997-ff64a57eb13b,What is done just before interacting with a woman?,Looking at the magazine.,"Just before interacting with a woman, the person is seen holding a magazine titled 'Stand-Up' and appears to be reading it.",What event order
e58207f1-84ec-424b-a997-ff64a57eb13b,What occurs just before turning book pages?,Looking around.,"Just before turning book pages, the person is seen holding a magazine titled 'Stand-Up' and appears to be reading or flipping through it.",What event order
e58207f1-84ec-424b-a997-ff64a57eb13b,What is performed just before reading a book?,Turning book pages.,"Just before reading a book, the person is seen sitting on the couch with their legs crossed and holding a drink.",What event order
e58207f1-84ec-424b-a997-ff64a57eb13b,"In the video sequence, what is done before interacting with a different woman?",Reading a book.,"Before interacting with a different woman, the person in the black hoodie and sunglasses is seen sitting on a gray couch, holding a magazine titled 'Stand-Up'.",What event order
e58207f1-84ec-424b-a997-ff64a57eb13b,Did I walk around the house before holding the magazine?,Yes.,"Yes, you walked around the house before holding the magazine.",Order Judging(Y/N)
e58207f1-84ec-424b-a997-ff64a57eb13b,Was the magazine held before reading a book?,Yes.,"Yes, the magazine was held before reading a book.",Order Judging(Y/N)
e58207f1-84ec-424b-a997-ff64a57eb13b,Did reading a book happen before walking around the house?,No.,"Yes, the person was seen holding a book and reading it before walking around the house.",Order Judging(Y/N)
e58207f1-84ec-424b-a997-ff64a57eb13b,What occurs just before reading a book?,Turn book pages.,"Just before reading a book, the person is seen sitting on the couch with their legs crossed and holding a magazine titled 'Stand-Up'.",What event order
e58207f1-84ec-424b-a997-ff64a57eb13b,What action takes place before walking around the house?,No preceding action mentioned.,"Before walking around the house, a person is seen sitting on the couch with their legs crossed and holding a magazine.",What event order
e58207f1-84ec-424b-a997-ff64a57eb13b,What is the location setting in this video clip?,Inside a house.,"The location setting in this video clip is a modern, well-lit living room with gray sofas and a glass coffee table.",Scene Summary
e58207f1-84ec-424b-a997-ff64a57eb13b,Describe the atmosphere of the scene.,"A casual, indoor environment.","The atmosphere of the scene is calm and serene, with a person sitting on a gray armchair in a modern living room. The room has a minimalist design with white walls and a glass coffee table, creating a clean and contemporary look. A television screen displaying a news program is visible in the background, adding to the relaxed ambiance.",Scene Summary
e58207f1-84ec-424b-a997-ff64a57eb13b,What is the relationship between the participants in the video?,They appear to be acquaintances.,"The relationship between the participants in the video appears to be casual and relaxed, with one person sitting on a chair while the other is standing nearby.",Scene Summary
e58207f1-84ec-424b-a997-ff64a57eb13b,Did the characters engage in any recreational activity?,"Yes, they read magazines.","Yes, the characters engaged in a recreational activity by holding and examining a magazine.",Action Caption
e58207f1-84ec-424b-a997-ff64a57eb13b,Did the characters sit down for a formal meeting?,No.,"No, the characters did not sit down for a formal meeting; they were engaged in casual conversation.",Whether Something Happened(Y/N)
e58207f1-84ec-424b-a997-ff64a57eb13b,Are the characters in the video clip outdoors?,No.,No.,Whether Something Happened(Y/N)
e58207f1-84ec-424b-a997-ff64a57eb13b,Is there any sign of an argument happening in the video?,No.,"No, there is no sign of an argument happening in the video.",Whether Something Happened(Y/N)
e58207f1-84ec-424b-a997-ff64a57eb13b,Did the characters watch television in the clip?,No.,"Yes, the characters watched television in the clip.",Whether Something Happened(Y/N)
e58207f1-84ec-424b-a997-ff64a57eb13b,Is there any physical activity performed by the characters?,No.,"No, there is no physical activity performed by the characters in this scene.",Whether Something Happened(Y/N)
e58207f1-84ec-424b-a997-ff64a57eb13b,Does reading a book happen before talking to the woman?,Yes.,"Yes, the woman is seen holding a book before talking to her.",Order Judging(Y/N)
e58207f1-84ec-424b-a997-ff64a57eb13b,Is looking around done before turning book pages?,Yes.,"Yes, looking around is done before turning book pages.",Order Judging(Y/N)
e58207f1-84ec-424b-a997-ff64a57eb13b,What occurs just before reading the magazines?,Talking to each other.,"Just before reading the magazines, a person wearing sunglasses and holding a magazine appears to be in conversation with someone off-camera.",What event order
e58207f1-84ec-424b-a997-ff64a57eb13b,What takes place immediately before looking around?,Turning book pages.,"A person wearing a black hoodie and sunglasses is seen sitting on the gray couch, holding a drink in their hand.",What event order
e58207f1-84ec-424b-a997-ff64a57eb13b,What action is performed just before talking to each other?,Looking around.,"Just before talking to each other, the person in the black hoodie and white sneakers is seen holding a drink.",What event order
e58207f1-84ec-424b-a997-ff64a57eb13b,Did I look around before holding the magazine?,No.,"Yes, you can see the magazine on the coffee table in your hands.",Order Judging(Y/N)
e58207f1-84ec-424b-a997-ff64a57eb13b,What activities were performed in the room?,Reading a magazine and making coffee.,"The room was used for various activities, including a person sitting on the couch reading or using a device, another person seated in an armchair holding a drink and engaging with someone off-camera, and a third person standing near the television.",Scene Summary
e58207f1-84ec-424b-a997-ff64a57eb13b,Describe the environment where the actions occurred.,"A room with a seated person, magazine, and phone.","The environment is a modern, well-lit living room with white walls and a gray sofa. There are two individuals in the room; one person is seated on the sofa while the other stands near the television. The room features a large window that allows natural light to flood in, creating a bright atmosphere. A small table with a lamp and some decorative items is visible in front of the sofa.",Scene Summary
e58207f1-84ec-424b-a997-ff64a57eb13b,What devices were used in the scenario?,A magazine and a phone.,"The scenario involved using a smartphone, a television, and a remote control.",Scene Summary
e58207f1-84ec-424b-a997-ff64a57eb13b,What was the person doing with the magazine?,The person was reading the magazine.,The person was holding the magazine and flipping through its pages.,Action Caption
e58207f1-84ec-424b-a997-ff64a57eb13b,What activity followed reading the magazine?,The person operated the phone.,"Following reading the magazine, a person sat down on a gray sofa and began to read it.",Action Caption
e58207f1-84ec-424b-a997-ff64a57eb13b,Did the person remain seated throughout?,"No, they got up to make coffee.","Yes, the person remained seated throughout the video.",Action Caption
e58207f1-84ec-424b-a997-ff64a57eb13b,Did the person leave the room?,"No, the actions happened in the room.","Yes, the person was seen leaving the room through a door in the background.",Whether Something Happened(Y/N)
e58207f1-84ec-424b-a997-ff64a57eb13b,Did the person use a laptop?,"No, the person used a phone.","Yes, the person used a laptop.",Whether Something Happened(Y/N)
e58207f1-84ec-424b-a997-ff64a57eb13b,Did I talk to the woman before reading the magazine?,Yes,"Yes, the woman was seen sitting on a chair in front of the television and holding a magazine.",Order Judging(Y/N)
e58207f1-84ec-424b-a997-ff64a57eb13b,Did I read the magazine before making coffee?,Yes,"Yes, you read the magazine before making coffee.",Order Judging(Y/N)
e58207f1-84ec-424b-a997-ff64a57eb13b,Did I operate the phone before talking to the woman?,No,"Yes, the woman was seen holding a phone before talking to her.",Order Judging(Y/N)
e58207f1-84ec-424b-a997-ff64a57eb13b,Did I make coffee before sitting in the room?,No,"Yes, you made coffee before sitting in the room.",Order Judging(Y/N)
e58207f1-84ec-424b-a997-ff64a57eb13b,Did I make coffee before reading a magazine?,No,"Yes, you made coffee before reading a magazine.",Order Judging(Y/N)
e58207f1-84ec-424b-a997-ff64a57eb13b,Did I interact with the woman before reading the book?,Yes,"Yes, before reading the book, I interacted with the woman by holding a green object and gesturing towards her.",Order Judging(Y/N)
e58207f1-84ec-424b-a997-ff64a57eb13b,Was the magazine read before interacting with the woman?,No,"Yes, the magazine was read before interacting with the woman.",Order Judging(Y/N)
e58207f1-84ec-424b-a997-ff64a57eb13b,Was the phone operated before making coffee?,Yes,"Yes, the phone was operated before making coffee.",Order Judging(Y/N)
e58207f1-84ec-424b-a997-ff64a57eb13b,What occurs just before I make coffee?,Operate the phone,"Just before I make coffee, a person enters the room and sits on one of the gray sofas.",What event order
e58207f1-84ec-424b-a997-ff64a57eb13b,What do I do before reading the magazine?,Talk to the woman,"Before reading the magazine, I sit on a gray armchair and place it next to a glass coffee table.",What event order
e58207f1-84ec-424b-a997-ff64a57eb13b,What is done just before looking around?,Turn book pages,"Just before looking around, the person is seen holding a drink and appears to be in conversation or making a gesture with their hands.",What event order
e58207f1-84ec-424b-a997-ff64a57eb13b,What action takes place before reading the book?,Look around,"Before reading the book, a person sits on a gray sofa in the living room and holds a green object.",What event order
e58207f1-84ec-424b-a997-ff64a57eb13b,Describe the setting where the activity is taking place.,The activity is in an indoor room with modern furnishings.,"The activity is taking place in a modern, well-lit living room with gray sofas and a glass coffee table. The person is seated on one of the sofas while holding a box labeled 'JUGA' and interacting with it.",Scene Summary
e58207f1-84ec-424b-a997-ff64a57eb13b,Identify the furniture used by the individuals in the clip.,Chairs are used for seating during the card game.,The individuals are seated on a gray sofa and a white armchair.,Scene Summary
e58207f1-84ec-424b-a997-ff64a57eb13b,Did the individual participate in a recreational game?,Yes.,"Yes, the individual is seen holding a box of Jenga blocks and appears to be engaged in playing Jenga.",Whether Something Happened(Y/N)
e58207f1-84ec-424b-a997-ff64a57eb13b,Was there any interaction with another person during the game?,Yes.,"Yes, the person in the green lanyard was seen holding a phone and gesturing towards the game board during one of the turns.",Whether Something Happened(Y/N)
e58207f1-84ec-424b-a997-ff64a57eb13b,Does the setting include contemporary room decor?,Yes.,"Yes, the setting includes contemporary room decor with modern furniture and a contemporary design aesthetic.",Whether Something Happened(Y/N)
e58207f1-84ec-424b-a997-ff64a57eb13b,Name one activity that is clearly not happening in this scene.,Cooking food is clearly not happening in this scene.,"The activity that is clearly not happening in this scene is the person sitting on the couch, as they are not interacting with any objects or engaging in any physical activities.",Scene Summary
e58207f1-84ec-424b-a997-ff64a57eb13b,What parallel activity accompanies the main action in this clip?,A discussion with another person accompanies the main action.,"The parallel activity accompanying the main action is a person holding a smartphone, possibly taking a selfie or recording a video.",Action Caption
e58207f1-84ec-424b-a997-ff64a57eb13b,Is there a creative or construction-related task shown?,"Yes, arranging wooden bricks can be considered a construction-related task.","Yes, there is a construction-related task shown in the video.",Action Caption
e58207f1-84ec-424b-a997-ff64a57eb13b,Does the video show any form of artistic painting?,No.,"No, the video does not show any form of artistic painting.",Whether Something Happened(Y/N)
e58207f1-84ec-424b-a997-ff64a57eb13b,Is there a solo performance happening in the video?,No.,Yes.,Whether Something Happened(Y/N)
e58207f1-84ec-424b-a997-ff64a57eb13b,Did I interact with Lady A after I sat on the chair?,Yes.,"Yes, Lady A was seen interacting with someone off-camera in the background.",Order Judging(Y/N)
e58207f1-84ec-424b-a997-ff64a57eb13b,What happens just before I sit on the chair?,Entering the room.,"Just before I sit on the chair, a person wearing a black shirt and white pants enters the room.",What event order
e58207f1-84ec-424b-a997-ff64a57eb13b,What did I engage in right before sitting in a room?,I did not engage in anything; I was already seated.,"Before sitting in a room, the person engaged in an activity involving a stack of wooden blocks.",What event order
e58207f1-84ec-424b-a997-ff64a57eb13b,Where is this scene set?,In a room with another person.,"The scene is set in a modern, well-lit living room with a cozy and inviting atmosphere.",Scene Summary
e58207f1-84ec-424b-a997-ff64a57eb13b,What are the main elements present in this scenario?,A Jenga game and two individuals.,"The main elements present in this scenario include a person wearing VR glasses, a stack of wooden jigsaws, and various furniture and decor items.",Scene Summary
e58207f1-84ec-424b-a997-ff64a57eb13b,What can be observed on the table in the video?,A Jenga tower and blocks.,"The table in the video is cluttered with various items, including a red book and some papers.",Scene Summary
e58207f1-84ec-424b-a997-ff64a57eb13b,Who is actively participating in the game shown in the video?,The person in the frame and another woman.,The person wearing a black shirt and glasses is actively participating in the game.,Action Caption
e58207f1-84ec-424b-a997-ff64a57eb13b,How is the game of Jenga progressing in the clip?,Blocks are being stacked atop the tower.,"The game of Jenga is progressing as the person continues to build a tower, with each stack becoming taller.",Action Caption
e58207f1-84ec-424b-a997-ff64a57eb13b,What is the consequence of the actions performed with the Jenga blocks?,The Jenga tower is becoming taller.,"The consequence of the actions performed with the Jenga blocks is that they are successfully stacked in a tower, demonstrating their ability to hold and manipulate them.",Action Caption
e58207f1-84ec-424b-a997-ff64a57eb13b,What action precedes placing a block atop the Jenga tower?,Removing a block from the Jenga tower.,The action that precedes placing a block atop the Jenga tower is holding and adjusting the Jenga blocks.,Action Caption
e58207f1-84ec-424b-a997-ff64a57eb13b,Does the video show a Jenga tower on a glass table?,Yes.,"Yes, the video shows a Jenga tower on a glass table.",Whether Something Happened(Y/N)
e58207f1-84ec-424b-a997-ff64a57eb13b,Are the Jenga blocks being carefully handled?,Yes.,"Yes, the Jenga blocks are being carefully handled by the person in the video.",Whether Something Happened(Y/N)
e58207f1-84ec-424b-a997-ff64a57eb13b,Is the Jenga tower intact at this moment in the video?,Yes.,"Yes, the Jenga tower is intact and balanced at this moment in the video.",Whether Something Happened(Y/N)
e58207f1-84ec-424b-a997-ff64a57eb13b,What action occurred just before placing the blocks atop the Jenga tower?,Took Jenga blocks from the tower,"Just before placing the blocks atop the Jenga tower, a hand with a black wristband and sunglasses appeared from the left side of the frame.",What event order
e58207f1-84ec-424b-a997-ff64a57eb13b,What happened just before taking Jenga blocks from the tower?,Played game of Jenga,"Just before taking Jenga blocks from the tower, a hand with a black wristband and sunglasses appeared in front of the person holding the Jenga blocks.",What event order
e58207f1-84ec-424b-a997-ff64a57eb13b,Did I arrange wooden bricks before playing a card game?,No,"Yes, you arranged wooden bricks before playing a card game.",Order Judging(Y/N)
e58207f1-84ec-424b-a997-ff64a57eb13b,Did I sit on a chair before talking to a lady?,Yes,"Yes, you sat on a gray armchair before talking to a lady.",Order Judging(Y/N)
e58207f1-84ec-424b-a997-ff64a57eb13b,What activities are occurring inside the house?,Two individuals are playing Jenga.,"Inside the house, there are people engaging in various activities. One person is sitting on a couch and appears to be reading or looking at something, while another person stands near the entrance area. There's also a television set on a stand nearby.",Scene Summary
e58207f1-84ec-424b-a997-ff64a57eb13b,What is on the table between the participants?,A Jenga tower is on the table.,There is a green mug and some magazines on the table between the participants.,Scene Summary
e58207f1-84ec-424b-a997-ff64a57eb13b,How are the participants utilizing the wooden blocks?,They are carefully pulling blocks from the Jenga tower.,"The participants are using the wooden blocks to build a tower, with one person holding up the stack and another placing blocks on top.",Action Caption
e58207f1-84ec-424b-a997-ff64a57eb13b,Is the Jenga tower still standing?,Yes.,"Yes, the Jenga tower is still standing.",Whether Something Happened(Y/N)
e58207f1-84ec-424b-a997-ff64a57eb13b,Has a Jenga block just been successfully moved?,Yes.,"Yes, the Jenga block has been successfully moved to the right side of the person's hand.",Whether Something Happened(Y/N)
e58207f1-84ec-424b-a997-ff64a57eb13b,Are the participants seated during the game?,Yes.,"Yes, the participants are seated during the game.",Whether Something Happened(Y/N)
e58207f1-84ec-424b-a997-ff64a57eb13b,Is there a game being played on the floor?,No.,"Yes, there is a game being played on the floor.",Whether Something Happened(Y/N)
e58207f1-84ec-424b-a997-ff64a57eb13b,Does the frame display a competitive match in progress?,Yes.,"Yes, the frame displays a competitive match in progress as the person is seen holding up a stack of Jenga blocks and making hand gestures to indicate victory.",Whether Something Happened(Y/N)
e58207f1-84ec-424b-a997-ff64a57eb13b,Did I sit on the chairs before playing Jenga?,Yes.,"Yes, you can see the chairs in the background where you sat before playing Jenga.",Order Judging(Y/N)
e58207f1-84ec-424b-a997-ff64a57eb13b,Did I take Jenga blocks from the tower before adding to its top?,Yes.,"Yes, you took Jenga blocks from the tower before adding to its top.",Order Judging(Y/N)
e58207f1-84ec-424b-a997-ff64a57eb13b,Did the Jenga game happen before relaxing on the chairs?,No.,"Yes, the Jenga game was already in progress before relaxing on the chairs.",Order Judging(Y/N)
e58207f1-84ec-424b-a997-ff64a57eb13b,Was placing blocks atop the Jenga tower before taking blocks from it?,No.,"Yes, the person was placing blocks atop the Jenga tower before taking some from it.",Order Judging(Y/N)
e58207f1-84ec-424b-a997-ff64a57eb13b,What occurs just before placing the blocks atop the Jenga tower?,Taking Jenga blocks from the tower.,"Just before placing the blocks atop the Jenga tower, a hand appears from the left side of the frame and places one block on top of the tower.",What event order
e58207f1-84ec-424b-a997-ff64a57eb13b,What happens just before sitting on the chairs to play?,Entering the room.,"Just before sitting on the chairs to play, the person is seen holding a stack of Jenga blocks.",What event order
e58207f1-84ec-424b-a997-ff64a57eb13b,Did the game start before arranging wooden bricks on a block?,No,"Yes, the game started with a person placing wooden bricks on a block before arranging them in a tower.",Order Judging(Y/N)
e58207f1-84ec-424b-a997-ff64a57eb13b,What is the setting of the current video clip?,The setting is inside a house.,The setting of the current video clip is a modern living room with a large window that offers a view of trees and a clear sky.,Scene Summary
e58207f1-84ec-424b-a997-ff64a57eb13b,Describe the occupants in the house in the video.,"There are multiple individuals, both men and women.","The occupants in the house include a person wearing a black shirt and white pants, who is seen walking towards the television. Another individual dressed in a gray outfit enters from the left side of the frame, carrying a large box with colorful graphics on it.",Scene Summary
e58207f1-84ec-424b-a997-ff64a57eb13b,What were the individuals doing with wood in the video?,They were arranging pieces of wood.,"The individuals were seen holding and interacting with a wooden puzzle, which they assembled into a tower.",Scene Summary
e58207f1-84ec-424b-a997-ff64a57eb13b,What type of interaction occurred among the individuals?,They interacted with each other.,"The individuals engaged in a casual and friendly interaction, with one person holding the box of Jenga blocks while another person was seen interacting with someone off-camera.",Scene Summary
e58207f1-84ec-424b-a997-ff64a57eb13b,Are the people stationary or moving about in the clip?,They are moving about the space.,"The people in the clip are moving about, with one person walking towards a door and another standing near it.",Action Caption
e58207f1-84ec-424b-a997-ff64a57eb13b,Is the Jenga game played before arranging wood pieces?,Yes.,"Yes, the Jenga game is played before arranging wood pieces.",Order Judging(Y/N)
e58207f1-84ec-424b-a997-ff64a57eb13b,Does sitting on chairs happen before interacting with each other?,Yes.,"Yes, sitting on chairs happens before interacting with each other.",Order Judging(Y/N)
e58207f1-84ec-424b-a997-ff64a57eb13b,Is the wood arrangement completed before the Jenga tower is built?,No.,"Yes, the wooden structure is completed before the Jenga tower is built.",Order Judging(Y/N)
e58207f1-84ec-424b-a997-ff64a57eb13b,What happens before arranging the wood pieces?,Playing Jenga.,"Before arranging the wood pieces, a person is seen holding a smartphone and appears to be in motion.",What event order
e58207f1-84ec-424b-a997-ff64a57eb13b,What takes place before the Jenga block is touched?,Sitting down.,"Before the Jenga block is touched, a person wearing sunglasses and a black top enters the room from the right side of the frame.",What event order
e58207f1-84ec-424b-a997-ff64a57eb13b,Did the Jenga game occur before sitting on the chairs?,No.,"Yes, the Jenga game was played before sitting on the chairs.",Order Judging(Y/N)
e58207f1-84ec-424b-a997-ff64a57eb13b,Was taking Jenga blocks from the tower after sitting on the chairs?,Yes.,"Yes, Jenga blocks were being taken from the tower after sitting on the chairs.",Order Judging(Y/N)
e58207f1-84ec-424b-a997-ff64a57eb13b,What happened just before placing blocks atop the Jenga tower?,Taking Jenga blocks from the tower.,"Just before placing blocks atop the Jenga tower, a person was seen holding a smartphone and gesturing with their hands.",What event order
e58207f1-84ec-424b-a997-ff64a57eb13b,What happens before arranging the pieces of wood?,Playing the Jenga wooden blocks game.,"Before arranging the pieces of wood, a person is seen holding a smartphone and appears to be in motion.",What event order
e58207f1-84ec-424b-a997-ff64a57eb13b,What is the setting of the video clip?,An office.,"The setting of the video clip is a cozy living room with a television, a chair, and various items on the floor.",Scene Summary
e58207f1-84ec-424b-a997-ff64a57eb13b,What activities are taking place in the clip?,Talking to a person and using a phone.,"The clip shows a person sitting on the floor, holding two smartphones and interacting with them. One phone displays an image of another person's face, while the other phone is showing text that reads ""GUESS THEIR AGE."" The background features a living room setting with a television, books, and various items scattered around.",Scene Summary
e58207f1-84ec-424b-a997-ff64a57eb13b,What is the primary action in the recent frames?,Engaging in a discussion and using the phone.,"The primary action in the recent frames is a person holding two smartphones, one displaying a text message and the other showing an image of another person.",Action Caption
e58207f1-84ec-424b-a997-ff64a57eb13b,What technology is in use in the action?,A phone.,"The technology used in the action is a person wearing VR glasses, which allows them to see their hands and feet through the screen.",Action Caption
e58207f1-84ec-424b-a997-ff64a57eb13b,Is the person alone in the scene?,No.,"Yes, the person is alone in the scene.",Whether Something Happened(Y/N)
e58207f1-84ec-424b-a997-ff64a57eb13b,Did I interact with others after being at the office?,Yes,"Yes, after being at the office, you can see a person wearing sunglasses and holding a smartphone with a text message displayed on it.",Order Judging(Y/N)
e58207f1-84ec-424b-a997-ff64a57eb13b,Did the office scene occur before the house activities?,Yes,"Yes, the office scene occurred before the house activities.",Order Judging(Y/N)
e58207f1-84ec-424b-a997-ff64a57eb13b,What happened right before I was at the office?,I was in the house,"Right before I was at the office, a person wearing sunglasses and a black outfit appeared in front of me.",What event order
e58207f1-84ec-424b-a997-ff64a57eb13b,Did I play Jenga before arranging pieces of wood?,Yes.,"Yes, you did play Jenga before arranging pieces of wood.",Order Judging(Y/N)
e58207f1-84ec-424b-a997-ff64a57eb13b,Did I use the phone before playing Jenga?,No.,"Yes, you used the phone before playing Jenga.",Order Judging(Y/N)
e58207f1-84ec-424b-a997-ff64a57eb13b,Was I at the office before playing with the Jenga blocks?,Yes.,"Yes, you were at the office before playing with the Jenga blocks.",Order Judging(Y/N)
89a95cd8-ca13-4edf-807e-d62138fd30e0,Describe the environment displayed in the video clip.,The video depicts a kitchen scenario.,"The video shows a cluttered kitchen counter with various items, including a blue cutting board, a yellow-handled container, and several utensils. The background features a tiled wall with some stains or marks visible on it.",Scene Summary
89a95cd8-ca13-4edf-807e-d62138fd30e0,Identify the items being interacted with in the video clip.,Flour and onions are being used with water and a knife.,"The items being interacted with include a hand holding an onion, a bowl of garlic cloves, and a blue cutting board.",Scene Summary
89a95cd8-ca13-4edf-807e-d62138fd30e0,What's the main activity in the scene?,"The main activity is preparing ingredients, mixing and chopping.","The main activity in the scene is a person preparing food, specifically chopping an onion.",Scene Summary
89a95cd8-ca13-4edf-807e-d62138fd30e0,What objects are present in the scene related to the activity?,"Container of flour, a knife, and mixed dough are noticeable.","The objects present in the scene include a hand holding an onion, a bowl of garlic cloves, and various kitchen utensils.",Scene Summary
89a95cd8-ca13-4edf-807e-d62138fd30e0,Did the person use a knife on the onions?,Yes.,"Yes, the person used a knife to cut the onions.",Whether Something Happened(Y/N)
89a95cd8-ca13-4edf-807e-d62138fd30e0,Was water added to the flour in the video?,Yes.,"Yes, water was added to the flour in the video.",Whether Something Happened(Y/N)
89a95cd8-ca13-4edf-807e-d62138fd30e0,Did the preparation seem to be for baking?,"No, more likely for cooking.","Yes, the preparation seems to be for baking.",Whether Something Happened(Y/N)
89a95cd8-ca13-4edf-807e-d62138fd30e0,Describe the environment where the cooking is taking place.,The cooking is taking place in a kitchen.,"The cooking is taking place in a small, cluttered kitchen with tiled walls and a sink. The countertop is filled with various utensils and ingredients, indicating an active cooking process.",Scene Summary
89a95cd8-ca13-4edf-807e-d62138fd30e0,What step is being performed with the pan?,Oil is being poured into the pan.,"The pan is being heated, and a hand holding a metal container pours liquid into it.",Scene Summary
89a95cd8-ca13-4edf-807e-d62138fd30e0,Are there any other objects visible associated with cooking?,"Yes, there are kitchen utensils and containers.","Yes, there are other objects visible associated with cooking in the background.",Scene Summary
89a95cd8-ca13-4edf-807e-d62138fd30e0,Are there any ingredients ready to be cooked?,"Yes, there are chopped ingredients on the cutting board.","Yes, there are ingredients ready to be cooked on the stove.",Action Caption
89a95cd8-ca13-4edf-807e-d62138fd30e0,What is implied by the action of pouring oil in the pan?,The person is preparing to cook or fry food.,"The action of pouring oil in the pan implies that it is being used to cook or prepare a dish, possibly for cooking rice.",Action Caption
89a95cd8-ca13-4edf-807e-d62138fd30e0,What will likely happen next in the cooking process?,The food will be added to the heated oil for cooking.,"Next, the person will likely pour the liquid from the can into one of the pots on the stove to cook or mix with the other pot.",Action Caption
89a95cd8-ca13-4edf-807e-d62138fd30e0,Did the person start cooking as soon as the video began?,No.,"Yes, the person began cooking as soon as the video began.",Whether Something Happened(Y/N)
89a95cd8-ca13-4edf-807e-d62138fd30e0,Has the person used any kitchen utensils yet?,Yes.,"Yes, the person has used a spatula to scrape out some of the contents from one of the pots.",Whether Something Happened(Y/N)
89a95cd8-ca13-4edf-807e-d62138fd30e0,Is the person cooking unattended or seen in the frame?,"The person is unattended, not seen in the frame.","The person is seen in the frame, actively engaged in cooking.",Whether Something Happened(Y/N)
89a95cd8-ca13-4edf-807e-d62138fd30e0,Has the heat been turned on under the pan yet?,No.,"Yes, the heat has been turned on under the pan.",Whether Something Happened(Y/N)
89a95cd8-ca13-4edf-807e-d62138fd30e0,"In the video, does mixing flour with water happen before cutting onions?",Yes.,"Yes, the video shows a hand mixing flour with water before cutting onions.",Order Judging(Y/N)
89a95cd8-ca13-4edf-807e-d62138fd30e0,Is cooking the food shown before opening the door in the video?,Yes.,"Yes, cooking the food is shown before opening the door in the video.",Order Judging(Y/N)
89a95cd8-ca13-4edf-807e-d62138fd30e0,"In the video, does pouring oil in the pan occur after cutting onions?",Yes.,"Yes, the video shows a hand pouring oil into the pan after cutting onions.",Order Judging(Y/N)
89a95cd8-ca13-4edf-807e-d62138fd30e0,"In the video, is oil poured into the pan before cooking the food?",No.,Yes,Order Judging(Y/N)
89a95cd8-ca13-4edf-807e-d62138fd30e0,What is the setting of the video clip?,The setting is a kitchen.,The setting of the video clip is a kitchen with various cooking utensils and ingredients on the counter.,Scene Summary
89a95cd8-ca13-4edf-807e-d62138fd30e0,What tasks are being performed in the scene?,"Cooking food, cleaning the counter, rolling dough.","The tasks being performed in the scene include cooking, cleaning, and preparing ingredients.",Scene Summary
89a95cd8-ca13-4edf-807e-d62138fd30e0,Can you caption the cleaning action in the clip?,Tidying up the kitchen counter.,"Yes, the cleaning action in the clip is shown by a person using a sponge to scrub the countertop.",Action Caption
89a95cd8-ca13-4edf-807e-d62138fd30e0,How is the dough being prepared?,The dough is being rolled.,The dough is being kneaded on a wooden board using hands.,Action Caption
89a95cd8-ca13-4edf-807e-d62138fd30e0,Does the video show someone cooking?,Yes.,"Yes, the video shows someone cooking.",Whether Something Happened(Y/N)
89a95cd8-ca13-4edf-807e-d62138fd30e0,Is the counter being cleaned in the video?,Yes.,Yes,Whether Something Happened(Y/N)
89a95cd8-ca13-4edf-807e-d62138fd30e0,Is there a scene of rolling dough in the video?,Yes.,Yes.,Whether Something Happened(Y/N)
89a95cd8-ca13-4edf-807e-d62138fd30e0,Does rolling the dough happen before cleaning the counter?,No,"Yes, the person is seen rolling the dough on a wooden board before cleaning the counter.",Order Judging(Y/N)
89a95cd8-ca13-4edf-807e-d62138fd30e0,Is the food cooked after I clean the counter?,Yes,"Yes, the food is cooked after you clean the counter.",Order Judging(Y/N)
89a95cd8-ca13-4edf-807e-d62138fd30e0,"Before the food is cooked, what do I do?",In the kitchen.,"Before the food is cooked, you should wash and dry the vegetables.",What event order
89a95cd8-ca13-4edf-807e-d62138fd30e0,What occurs just before I clean the counter?,Cook food.,"Just before I clean the counter, a hand holding a yellow sponge appears and starts scrubbing it.",What event order
89a95cd8-ca13-4edf-807e-d62138fd30e0,"In the video, what takes place right before rolling the dough?",Clean the counter.,"Right before rolling the dough, a hand is seen holding a yellow object over the dough on the countertop.",What event order
89a95cd8-ca13-4edf-807e-d62138fd30e0,"In the video, does the mixing of flour with water happen before cutting the onions?",Yes,"Yes, the mixing of flour with water happens before cutting the onions.",Order Judging(Y/N)
89a95cd8-ca13-4edf-807e-d62138fd30e0,What is the setting of the video clip?,"Inside a house, in the kitchen.",The setting of the video clip is a kitchen with various cooking utensils and ingredients on the countertop.,Scene Summary
89a95cd8-ca13-4edf-807e-d62138fd30e0,What activity is depicted in the scene?,Making dough for cooking.,"The scene depicts a person preparing food, specifically kneading dough.",Scene Summary
89a95cd8-ca13-4edf-807e-d62138fd30e0,What tools are being utilized in the scene?,"Hands, rolling pin, flour container.","A person is using a spoon to scoop and mix ingredients, and another hand is seen holding the lid of a container.",Scene Summary
89a95cd8-ca13-4edf-807e-d62138fd30e0,Where specifically is the dough preparation taking place?,On a newspaper-covered surface.,The dough preparation is taking place on a kitchen counter.,Scene Summary
89a95cd8-ca13-4edf-807e-d62138fd30e0,What is the immediate environment around the dough-making area?,Nearby kitchen appliances and utensils.,The immediate environment around the dough-making area is a kitchen with various cooking utensils and ingredients on the counter.,Scene Summary
89a95cd8-ca13-4edf-807e-d62138fd30e0,What is the main action taking place in these frames?,The dough is being rolled out.,"The main action is the preparation of a dish, likely for cooking or baking.",Action Caption
89a95cd8-ca13-4edf-807e-d62138fd30e0,What action precedes the rolling of the dough?,Dipping the dough in flour.,The action that precedes the rolling of the dough is kneading it.,Action Caption
89a95cd8-ca13-4edf-807e-d62138fd30e0,How is the dough initially shaped?,It is shaped by hand.,"The dough is initially shaped into a round, flat ball.",Action Caption
89a95cd8-ca13-4edf-807e-d62138fd30e0,What is the purpose of the flour in the dough rolling process?,To prevent sticking to the rolling pin.,"The flour is used to knead the dough, which helps in creating a smooth and elastic surface for cooking.",Action Caption
89a95cd8-ca13-4edf-807e-d62138fd30e0,What may likely be the next step after rolling the dough?,Cutting or shaping the dough for cooking.,"The next step after rolling the dough is likely to add more ingredients or spices, as indicated by the hand holding a spoon and stirring the mixture.",Action Caption
89a95cd8-ca13-4edf-807e-d62138fd30e0,Did the person use a rolling pin in the video?,Yes.,"Yes, the person used a rolling pin to press down on the dough.",Whether Something Happened(Y/N)
89a95cd8-ca13-4edf-807e-d62138fd30e0,Did the dough-making happen on a bare countertop?,No.,"Yes, the dough-making happened on a bare countertop.",Whether Something Happened(Y/N)
89a95cd8-ca13-4edf-807e-d62138fd30e0,Was an electrical appliance used to roll the dough?,No.,"Yes, an electrical appliance was used to roll the dough.",Whether Something Happened(Y/N)
89a95cd8-ca13-4edf-807e-d62138fd30e0,Did the person complete the dough rolling in one try?,"Not specified, unclear.","Yes, the person completed the dough rolling in one try.",Whether Something Happened(Y/N)
89a95cd8-ca13-4edf-807e-d62138fd30e0,Is the flour container closed in the scene?,Yes.,"Yes, the flour container is closed in the scene.",Whether Something Happened(Y/N)
89a95cd8-ca13-4edf-807e-d62138fd30e0,"In the video, is the dough rolled with hands before it's dipped in flour?",Yes,"Yes, the dough is rolled with hands before it's dipped in flour.",Order Judging(Y/N)
89a95cd8-ca13-4edf-807e-d62138fd30e0,Is the food cooked before the counter is cleaned?,Yes,"Yes, the food is cooked before the counter is cleaned.",Order Judging(Y/N)
89a95cd8-ca13-4edf-807e-d62138fd30e0,Does the dough rolling with a rolling pin happen after hand rolling?,Yes,"Yes, the dough rolling with a rolling pin happens after hand rolling.",Order Judging(Y/N)
89a95cd8-ca13-4edf-807e-d62138fd30e0,Is the counter cleaned before the dough is rolled with hands?,Yes,"Yes, the counter is clean before the dough is rolled with hands.",Order Judging(Y/N)
89a95cd8-ca13-4edf-807e-d62138fd30e0,"In the video, is the rolling pin used before the dough is dipped in flour?",Yes,"Yes, the rolling pin is used to scoop out a portion of dough before dipping it in flour.",Order Judging(Y/N)
89a95cd8-ca13-4edf-807e-d62138fd30e0,What is done just before the dough is dipped in flour?,Roll dough with hands,"Just before the dough is dipped in flour, a hand is seen mixing the dough with a wooden spoon.",What event order
89a95cd8-ca13-4edf-807e-d62138fd30e0,What action is performed before cleaning the counter?,Cook food,"Before cleaning the counter, a hand is seen kneading dough on a wooden board.",What event order
89a95cd8-ca13-4edf-807e-d62138fd30e0,What activity happens before the dough is rolled with hands?,Nothing is specified before hand rolling,"Before the dough is rolled with hands, it is kneaded.",What event order
89a95cd8-ca13-4edf-807e-d62138fd30e0,Was the counter cleaned after cooking food?,Yes,"Yes, the counter was cleaned after cooking food.",Order Judging(Y/N)
89a95cd8-ca13-4edf-807e-d62138fd30e0,Did I roll the dough before dipping it in flour?,No,"Yes, you rolled the dough before dipping it in flour.",Order Judging(Y/N)
89a95cd8-ca13-4edf-807e-d62138fd30e0,Did I roll dough with hands before rolling it with a rolling pin?,Yes,"Yes, you rolled dough with your hands before rolling it with a rolling pin.",Order Judging(Y/N)
89a95cd8-ca13-4edf-807e-d62138fd30e0,What happens right before I dip the dough in flour?,Rolling the dough with hands,"A hand is seen holding a bowl of flour, and the person begins to knead the dough.",What event order
89a95cd8-ca13-4edf-807e-d62138fd30e0,What action occurs just before I roll the dough with a rolling pin?,Dipping dough in flour,"Just before I roll the dough with a rolling pin, the person's hands are seen mixing the dough on the countertop.",What event order
89a95cd8-ca13-4edf-807e-d62138fd30e0,What do I do just before pouring oil in the pan?,Open the door,You should place the lid on the pan and then pour oil into it.,What event order
89a95cd8-ca13-4edf-807e-d62138fd30e0,What takes place immediately before I clean the counter?,Cook food,"Before cleaning the counter, a person is seen kneading dough on a wooden board.",What event order
89a95cd8-ca13-4edf-807e-d62138fd30e0,What location is shown in this video clip?,The kitchen.,The location shown in this video clip is a kitchen.,Scene Summary
89a95cd8-ca13-4edf-807e-d62138fd30e0,What task is being performed in this scene?,Making dough.,"The task being performed in this scene is kneading dough, as indicated by the person's hands working with a bowl of flour and a rolling pin.",Scene Summary
89a95cd8-ca13-4edf-807e-d62138fd30e0,What is the setting of this clip?,A kitchen counter.,"The setting of this clip is a kitchen with various cooking utensils and ingredients on the countertop, including a bowl of dough, a container of flour, and a hand mixing something.",Scene Summary
89a95cd8-ca13-4edf-807e-d62138fd30e0,What cooking action is taking place?,Rolling dough with a roller.,"The cooking action taking place is kneading dough, as indicated by the person's hands working with a rolling pin and a bowl of flour.",Action Caption
89a95cd8-ca13-4edf-807e-d62138fd30e0,Does the frame capture using a rolling pin?,Yes.,"No, the frame captures a hand rolling out dough on a flat surface.",Whether Something Happened(Y/N)
89a95cd8-ca13-4edf-807e-d62138fd30e0,Is dough being prepared in this scene?,Yes.,"Yes, dough is being prepared in this scene.",Whether Something Happened(Y/N)
89a95cd8-ca13-4edf-807e-d62138fd30e0,Are there ingredients visible on the kitchen counter?,Yes.,"Yes, there are ingredients visible on the kitchen counter.",Whether Something Happened(Y/N)
89a95cd8-ca13-4edf-807e-d62138fd30e0,"In the video, is the dough cut before it's rolled with hands?",No,Yes,Order Judging(Y/N)
89a95cd8-ca13-4edf-807e-d62138fd30e0,Does the dipping of dough in flour happen after using the rolling pin?,No,"Yes, the person continues to dip the dough in flour after using the rolling pin.",Order Judging(Y/N)
89a95cd8-ca13-4edf-807e-d62138fd30e0,Does rolling the dough with hands happen before cutting the dough?,Yes,"Yes, the person is seen rolling the dough with their hands before cutting it.",Order Judging(Y/N)
89a95cd8-ca13-4edf-807e-d62138fd30e0,Is the dough rolled with a roller after being dipped in flour?,Yes,Yes,Order Judging(Y/N)
89a95cd8-ca13-4edf-807e-d62138fd30e0,What occurs just before rolling dough with a roller in the video?,The dough is cut,"A hand is seen holding a wooden rolling pin, preparing to roll the dough.",What event order
89a95cd8-ca13-4edf-807e-d62138fd30e0,"In the video sequence, what happens before rolling dough with hands?","Nothing, it's the first action","Before rolling dough with hands, the person places a bowl of flour on the countertop and then uses their hands to knead or mix the dough.",What event order
89a95cd8-ca13-4edf-807e-d62138fd30e0,What is done just before cutting the dough?,The dough is rolled with hands,"Just before cutting the dough, a hand is seen holding a wooden rolling pin and pressing it against the dough.",What event order
89a95cd8-ca13-4edf-807e-d62138fd30e0,Did I clean the counter before rolling the dough?,Yes,"Yes, the person in the video is seen cleaning the counter before rolling the dough.",Order Judging(Y/N)
89a95cd8-ca13-4edf-807e-d62138fd30e0,Was the dough cut before being rolled?,Yes,"Yes, the dough was cut before being rolled.",Order Judging(Y/N)
89a95cd8-ca13-4edf-807e-d62138fd30e0,Did I dip the dough in flour before using the rolling pin?,Yes,"Yes, you can see the person dipping the dough into flour before using the rolling pin.",Order Judging(Y/N)
89a95cd8-ca13-4edf-807e-d62138fd30e0,Did I cook food after rolling the dough with my hands?,No,"Yes, you can see the dough being rolled with your hands in the video.",Order Judging(Y/N)
89a95cd8-ca13-4edf-807e-d62138fd30e0,Was the counter cleaned after the dough was cut?,No,"Yes, the counter was cleaned after the dough was cut.",Order Judging(Y/N)
89a95cd8-ca13-4edf-807e-d62138fd30e0,What do I do before rolling the dough with a roller?,Cut the dough,"Before rolling the dough with a roller, you should first wash your hands and then use soap to clean them.",What event order
89a95cd8-ca13-4edf-807e-d62138fd30e0,What occurs just before cutting the dough?,Rolling dough with hands,"A hand is seen holding a wooden rolling pin, preparing to roll out the dough.",What event order
89a95cd8-ca13-4edf-807e-d62138fd30e0,What do I do before cleaning the counter?,Cook food,"Before cleaning the counter, you should first wash your hands and then use a sponge to clean the surface.",What event order
89a95cd8-ca13-4edf-807e-d62138fd30e0,Describe the main activity occurring in this section of video.,Food preparation for a meal.,"The main activity involves a person preparing food in the kitchen, specifically rolling out dough and adding it to a pan. The scene includes various kitchen items such as a pot on the stove, a newspaper spread out on the counter, and a hand holding a spatula stirring the dough.",Action Caption
89a95cd8-ca13-4edf-807e-d62138fd30e0,What is the current culinary action captured here?,Ready to cook flatbread on the pan.,The current culinary action captured here is the person preparing a dish by rolling out dough and cooking it in a frying pan.,Action Caption
89a95cd8-ca13-4edf-807e-d62138fd30e0,Did the person successfully slice the cucumber?,Yes.,"Yes, the person successfully sliced the cucumber into thin pieces.",Whether Something Happened(Y/N)
89a95cd8-ca13-4edf-807e-d62138fd30e0,Has the lemon been placed on the cucumber slices?,Yes.,"No, the lemon has not been placed on the cucumber slices.",Whether Something Happened(Y/N)
89a95cd8-ca13-4edf-807e-d62138fd30e0,Describe the setting in this video clip.,A kitchen with a person cooking roti on a stove.,"The video takes place in a kitchen with a countertop and various cooking utensils. The person is seen preparing food, specifically rolling out dough on a flat surface next to the stove.",Scene Summary
89a95cd8-ca13-4edf-807e-d62138fd30e0,What is the visual focal point of this scene?,The pan with the roti being roasted.,"The visual focal point of this scene is the hand holding a spatula, stirring or mixing ingredients in a frying pan on the stove.",Scene Summary
89a95cd8-ca13-4edf-807e-d62138fd30e0,Where is the roti being placed after roasting?,In a pot next to the stove.,The roti is being placed on a newspaper in the kitchen.,Scene Summary
89a95cd8-ca13-4edf-807e-d62138fd30e0,What kitchen equipment is being utilized in this action?,A frying pan and a stove.,"A frying pan, a hand holding a spatula, and a person are using the kitchen equipment.",Action Caption
89a95cd8-ca13-4edf-807e-d62138fd30e0,Does the clip show a person flipping the roti?,No.,"Yes, the clip shows a person flipping the roti in the frying pan.",Whether Something Happened(Y/N)
89a95cd8-ca13-4edf-807e-d62138fd30e0,Is the roti being taken out of the pan in this frame?,Yes.,"No, the roti is not being taken out of the pan in this frame.",Whether Something Happened(Y/N)
89a95cd8-ca13-4edf-807e-d62138fd30e0,Does the clip involve any baking activity?,No.,"Yes, the clip involves baking activity as a hand is seen holding a spatula and stirring a mixture in a frying pan.",Whether Something Happened(Y/N)
89a95cd8-ca13-4edf-807e-d62138fd30e0,Is there another person assisting with the cooking?,No.,"Yes, there is another person visible in the video.",Whether Something Happened(Y/N)
89a95cd8-ca13-4edf-807e-d62138fd30e0,Was the flat bread prepared before the roti was roasted?,Yes,"Yes, the flat bread was prepared before the roti was roasted.",Order Judging(Y/N)
89a95cd8-ca13-4edf-807e-d62138fd30e0,Did I put the roasted roti in the pot before cutting the cucumber?,No,"No, you should have placed the roti in a separate pan before adding the cucumber.",Order Judging(Y/N)
89a95cd8-ca13-4edf-807e-d62138fd30e0,Did I roast the roti after preparing the flat bread?,Yes,"Yes, you can see the roti being cooked in a pan on the stove.",Order Judging(Y/N)
89a95cd8-ca13-4edf-807e-d62138fd30e0,What cooking method is used for tortillas?,They are placed in a hot pot.,The tortillas are being cooked in a deep-fried pan.,Scene Summary
89a95cd8-ca13-4edf-807e-d62138fd30e0,Is the person wearing oven mitts?,No.,"No, the person is not wearing oven mitts.",Whether Something Happened(Y/N)
89a95cd8-ca13-4edf-807e-d62138fd30e0,"In the video, is the pot closed after the roti is put inside?",Yes,Yes,Order Judging(Y/N)
89a95cd8-ca13-4edf-807e-d62138fd30e0,Did I use a spatula to roast the roti before placing it in the pot?,Yes,"Yes, the person in the video is seen using a spatula to roast the roti before placing it in the pot.",Order Judging(Y/N)
89a95cd8-ca13-4edf-807e-d62138fd30e0,What activity is shown just before the roti comes in contact with the pan?,The roti is picked up,"Just before the roti comes in contact with the pan, a hand is seen holding a pair of tongs.",What event order
2bb31b69-fcda-4f54-8338-f590944df999,What activity is depicted in this snapshot?,A card game is being played.,"The activity depicted in this snapshot is a card game, likely poker or blackjack, where the person is playing with cards.",Scene Summary
2bb31b69-fcda-4f54-8338-f590944df999,Where is this scene likely taking place?,"The scene is indoors, possibly in a living room.",This scene is likely taking place in a living room.,Scene Summary
2bb31b69-fcda-4f54-8338-f590944df999,What objects are present in this setting?,"Cards, a piece of paper, and a plant.","The setting includes a person sitting on the floor, playing cards, and various objects scattered around.",Scene Summary
2bb31b69-fcda-4f54-8338-f590944df999,How is the room furnished?,"With a couch, a rug, and various personal items.","The room is furnished with a wooden floor, a television mounted on the wall, and various items scattered around.",Scene Summary
2bb31b69-fcda-4f54-8338-f590944df999,What is the approximate time of day in this scene?,It's not discernible from this image.,"The scene appears to be set during the day, as indicated by natural light and shadows.",Scene Summary
2bb31b69-fcda-4f54-8338-f590944df999,What action is being performed with the cards?,The cards are being reshuffled.,"The action being performed with the cards is that one of the players is flipping through them, possibly to reveal a new card or to shuffle it.",Action Caption
2bb31b69-fcda-4f54-8338-f590944df999,What is the person across doing?,The person is holding and possibly organizing cards.,"The person across is playing a card game, specifically playing cards.",Action Caption
2bb31b69-fcda-4f54-8338-f590944df999,What follow-up activity to shuffling is likely?,Dealing the cards to players.,The follow-up activity to shuffling is likely the person in the pink mask and blue shirt continuing to shuffle the deck of cards.,Action Caption
2bb31b69-fcda-4f54-8338-f590944df999,Is there more than one participant in the card activity?,Yes.,Yes.,Whether Something Happened(Y/N)
2bb31b69-fcda-4f54-8338-f590944df999,Is any reading material involved in the activity?,"Yes, there's a piece of paper being held.","Yes, there is a book visible on the floor to the left of the person.",Whether Something Happened(Y/N)
2bb31b69-fcda-4f54-8338-f590944df999,Are any electronic devices being used in the game?,No visible electronic devices are used.,"Yes, a small electronic device is being used to manipulate the cards.",Whether Something Happened(Y/N)
2bb31b69-fcda-4f54-8338-f590944df999,Has any card been laid out on the floor?,"No, they're being held or shuffled.","Yes, a card has been laid out on the floor.",Whether Something Happened(Y/N)
2bb31b69-fcda-4f54-8338-f590944df999,What activity is taking place in the room?,Playing poker.,"The activity taking place in the room is a card game, with one person playing cards and another holding a piece of paper.",Scene Summary
2bb31b69-fcda-4f54-8338-f590944df999,What is the setting of this clip?,"Indoors, in a room.","The setting of this clip is a cozy living room with wooden flooring, featuring a patterned rug on which the person sits.",Scene Summary
2bb31b69-fcda-4f54-8338-f590944df999,What objects are visible in the scene?,"Cards, a carpet, and furniture.","A colorful patterned rug, a book, and some papers are visible in the scene.",Scene Summary
2bb31b69-fcda-4f54-8338-f590944df999,Describe the atmosphere of the room.,Casual and leisurely.,"The room has a cozy and casual atmosphere, with wooden flooring, a patterned rug on the floor, various items scattered around, including a small white table lamp. The walls are painted in a light color, and there is a window with blinds partially drawn.",Scene Summary
2bb31b69-fcda-4f54-8338-f590944df999,What precedes the dealing of cards in poker?,Reshuffling the cards.,"The video begins with a person sitting on the floor, holding two playing cards in their hands.",Action Caption
2bb31b69-fcda-4f54-8338-f590944df999,Did someone shuffle cards in this video?,Yes.,"Yes, someone in the video is seen shuffling cards.",Whether Something Happened(Y/N)
2bb31b69-fcda-4f54-8338-f590944df999,Is the room set up for a large gathering?,No.,Yes.,Whether Something Happened(Y/N)
2bb31b69-fcda-4f54-8338-f590944df999,Are the individuals standing in this video?,No.,"No, the individuals are sitting on the floor in this video.",Whether Something Happened(Y/N)
2bb31b69-fcda-4f54-8338-f590944df999,Was the deck reshuffled before playing the cards?,Yes.,"Yes, the deck was reshuffled before playing the cards.",Order Judging(Y/N)
2bb31b69-fcda-4f54-8338-f590944df999,What occurs just before picking up the cards?,The cards are spread on floor.,"Just before picking up the cards, the person places a card on their hand and then picks it up again.",What event order
2bb31b69-fcda-4f54-8338-f590944df999,What action occurs before the deck is seen in a unified stack?,Separate the cards.,"Before the deck is seen in a unified stack, the person places their hand on their knee and gestures with their other hand.",What event order
2bb31b69-fcda-4f54-8338-f590944df999,What is visible before I separate cards?,Floor and unorganized cards.,"Before I separate cards, there is a piece of paper with text on it.",What event order
2bb31b69-fcda-4f54-8338-f590944df999,What is the setting of the current video clip?,A room with two people playing cards.,"The setting of the current video clip is a cozy living room with wooden flooring, adorned with various items such as a leopard print bag and some papers.",Scene Summary
2bb31b69-fcda-4f54-8338-f590944df999,What objects are prominent in the video scene?,"Playing cards, a phone, and a paper.","The prominent objects in the video scene include a colorful patterned rug, various playing cards scattered on it, and some papers.",Scene Summary
2bb31b69-fcda-4f54-8338-f590944df999,How would you characterize the atmosphere in the video?,Casual and leisurely.,"The atmosphere in the video is casual and relaxed, with a focus on leisurely activities such as playing cards.",Scene Summary
2bb31b69-fcda-4f54-8338-f590944df999,What actions are being performed in the video clip?,"Shuffling, picking, and playing cards.","In the video clip, a person is seen holding and examining playing cards, while another individual appears to be reading or counting something on a smartphone.",Action Caption
2bb31b69-fcda-4f54-8338-f590944df999,Did the individuals reshuffle the cards in the video?,Yes.,"Yes, the individuals reshuffled the cards in the video.",Whether Something Happened(Y/N)
2bb31b69-fcda-4f54-8338-f590944df999,Was a phone used during the gameplay?,Yes.,"Yes, a phone was used during the gameplay.",Whether Something Happened(Y/N)
2bb31b69-fcda-4f54-8338-f590944df999,Was a new game started in the video clip?,Yes.,"Yes, a new game was started in the video clip.",Whether Something Happened(Y/N)
2bb31b69-fcda-4f54-8338-f590944df999,Did the scene capture any form of disagreement?,No.,"No, the scene does not capture any form of disagreement; it is a casual and relaxed interaction between two individuals.",Whether Something Happened(Y/N)
2bb31b69-fcda-4f54-8338-f590944df999,"In the video, is the poker game started before the cards are reshuffled?",No.,"Yes, the poker game is started before the cards are reshuffled.",Order Judging(Y/N)
2bb31b69-fcda-4f54-8338-f590944df999,Is the deck spread out on the floor after picking a card?,Yes.,Yes,Order Judging(Y/N)
2bb31b69-fcda-4f54-8338-f590944df999,Does the card shuffling happen before sitting on the floor?,No.,"No, the card shuffling happens after sitting on the floor.",Order Judging(Y/N)
2bb31b69-fcda-4f54-8338-f590944df999,"In the video, is the card game initiated before sitting with the lady?",No.,"Yes, the card game is initiated before sitting with the lady.",Order Judging(Y/N)
2bb31b69-fcda-4f54-8338-f590944df999,What happens before the poker game is played in the video?,Cards are picked.,"Before the poker game is played, a person wearing a pink and blue striped sock sits on the floor with their legs crossed. They are holding a deck of cards in one hand while gesturing with the other hand.",What event order
2bb31b69-fcda-4f54-8338-f590944df999,What occurs right before reshuffling the cards?,I sit with the lady.,"A hand holding a smartphone appears, possibly to take a photo or record the event.",What event order
2bb31b69-fcda-4f54-8338-f590944df999,What is done just before spreading the cards on the floor?,Cards are picked.,"Just before spreading the cards on the floor, a hand is seen holding up two fingers in a peace sign gesture.",What event order
2bb31b69-fcda-4f54-8338-f590944df999,"In the video, did I play cards before shuffling them?",No.,"Yes, you can see the person holding a deck of cards in their hands before shuffling them.",Order Judging(Y/N)
2bb31b69-fcda-4f54-8338-f590944df999,"In the video, did I shuffle the cards before picking them?",Yes.,"Yes, the person in the video is seen picking up a card from the deck and then shuffling it before continuing to shuffle the remaining cards.",Order Judging(Y/N)
2bb31b69-fcda-4f54-8338-f590944df999,What is the action before reshuffling the cards in the video?,Separating the cards.,"Before reshuffling, the person is holding a deck of cards and appears to be in the process of shuffling them.",What event order
2bb31b69-fcda-4f54-8338-f590944df999,What is the setting of the video?,A room with two people playing poker.,"The setting of the video is a cozy living room with a wooden floor, where two people are engaged in playing cards.",Scene Summary
2bb31b69-fcda-4f54-8338-f590944df999,What objects are present in the scene?,"Cards, a tablecloth, and personal items on the floor.","The objects present in the scene include a deck of playing cards, a smartphone, and some papers.",Scene Summary
2bb31b69-fcda-4f54-8338-f590944df999,What is the main focus of the camera?,The poker game and the players' actions.,"The main focus of the camera is on a person sitting cross-legged on a patterned rug, playing cards and holding them in their hands.",Scene Summary
2bb31b69-fcda-4f54-8338-f590944df999,What stage of the game is shown?,"The preparation phase, shuffling and dealing cards.","The video shows the card game in progress, with one player holding a white cup and another player receiving cards from the deck.",Action Caption
2bb31b69-fcda-4f54-8338-f590944df999,Capture the essence of the action in a short phrase.,An intense poker game in progress.,"A person is playing a card game, with another person holding a smartphone.",Action Caption
2bb31b69-fcda-4f54-8338-f590944df999,Did the person shuffle the cards more than once?,Yes.,"Yes, the person shuffled the cards multiple times.",Whether Something Happened(Y/N)
2bb31b69-fcda-4f54-8338-f590944df999,Is there another activity besides poker being portrayed?,No.,"Yes, there is another activity portrayed in the video. A person is seen holding a smartphone and interacting with it while sitting on the floor, possibly taking a break from playing poker or engaging in other activities.",Whether Something Happened(Y/N)
2bb31b69-fcda-4f54-8338-f590944df999,Are both players sitting on chairs?,"No, they are sitting on the floor.","No, only one player is sitting on a chair.",Whether Something Happened(Y/N)
2bb31b69-fcda-4f54-8338-f590944df999,"In the video, is the card reshuffling performed before picking the cards?",No,"Yes, the card reshuffling is performed before picking the cards.",Order Judging(Y/N)
2bb31b69-fcda-4f54-8338-f590944df999,Is the lady X present in the room before I reshuffle the cards?,Yes,"Yes, the lady X is present in the room before I reshuffle the cards.",Order Judging(Y/N)
2bb31b69-fcda-4f54-8338-f590944df999,Do I play the cards before lady X picks her phone?,No,"No, the video does not show any action of playing the cards before lady X picks her phone.",Order Judging(Y/N)
2bb31b69-fcda-4f54-8338-f590944df999,Are the cards picked before they are played?,Yes,"Yes, the cards are picked before they are played.",Order Judging(Y/N)
2bb31b69-fcda-4f54-8338-f590944df999,What happens just before the cards are played in the video?,The cards are reshuffled.,"Just before the cards are played, a hand holding a smartphone appears and starts to flip through it.",What event order
2bb31b69-fcda-4f54-8338-f590944df999,What do we see happening just before the cards are picked?,The cards are reshuffled.,"Just before the cards are picked, a hand holding a smartphone appears and starts to interact with them.",What event order
2bb31b69-fcda-4f54-8338-f590944df999,What action takes place before reshuffling the cards?,The cards are picked.,"Before reshuffling, the person in the purple shirt is seen holding a white object and appears to be adjusting or organizing something on the table.",What event order
2bb31b69-fcda-4f54-8338-f590944df999,"Before the poker game begins, what is the last action performed?",The cards are reshuffled.,"Before the poker game begins, the last action performed is the person in the purple shirt holding a white object and gesturing with their hands.",What event order
2bb31b69-fcda-4f54-8338-f590944df999,Did the card reshuffling happen before picking the cards?,No,"Yes, the card reshuffling happened before picking the cards.",Order Judging(Y/N)
2bb31b69-fcda-4f54-8338-f590944df999,Was playing cards done after picking the cards?,Yes,"Yes, after picking the cards, both hands were seen holding the playing cards.",Order Judging(Y/N)
2bb31b69-fcda-4f54-8338-f590944df999,What happened just before playing poker cards?,Reshuffled the cards,"Just before playing poker cards, the person in the foreground was seen holding a smartphone and gesturing with their hand.",What event order
2bb31b69-fcda-4f54-8338-f590944df999,What occurs right before reshuffling the cards?,Picked the cards,"A hand holding a smartphone appears, possibly to take a photo or record the event.",What event order
2bb31b69-fcda-4f54-8338-f590944df999,What action took place just before picking the cards?,Reshuffled the cards,"Just before picking the cards, a hand holding a smartphone was seen reaching towards the cards.",What event order
2bb31b69-fcda-4f54-8338-f590944df999,What environment is presented in the video?,A casual indoor space with a card game being played.,"The video is set in a cozy living room with a comfortable seating arrangement, featuring a large rug and various items scattered around.",Scene Summary
2bb31b69-fcda-4f54-8338-f590944df999,What sequence of actions is depicted here?,"Selecting, organizing, and using cards in a game is depicted.","The sequence of actions depicted in the video is a person playing cards and a drink, with another individual holding a card and interacting with it. The setting appears to be a casual indoor environment, possibly a living room or a similar space where people are gathered for a game or activity involving cards and drinks.",Action Caption
2bb31b69-fcda-4f54-8338-f590944df999,How are the participants utilizing the items?,They are using cards for a recreational activity.,"The participants are using the items to engage in a card game, with one person holding cards and another holding a drink.",Action Caption
2bb31b69-fcda-4f54-8338-f590944df999,Is there a competitive game being played in this scene?,Yes.,"Yes, there is a card game being played in this scene.",Whether Something Happened(Y/N)
2bb31b69-fcda-4f54-8338-f590944df999,Has any card been placed face-up on the carpet?,Yes.,"Yes, a card has been placed face-up on the carpet.",Whether Something Happened(Y/N)
2bb31b69-fcda-4f54-8338-f590944df999,Are there drinks present on the floor beside the players?,Yes.,"Yes, there are drinks present on the floor beside the players.",Whether Something Happened(Y/N)
2bb31b69-fcda-4f54-8338-f590944df999,Is there a document visible on the floor?,Yes.,Yes.,Whether Something Happened(Y/N)
2bb31b69-fcda-4f54-8338-f590944df999,Are both participants actively selecting cards?,Yes.,"Yes, both participants are actively selecting cards.",Whether Something Happened(Y/N)
2bb31b69-fcda-4f54-8338-f590944df999,Is the poker game played before reshuffling the cards?,No,"Yes, the poker game is played before reshuffling the cards.",Order Judging(Y/N)
2bb31b69-fcda-4f54-8338-f590944df999,What action is performed immediately before reshuffling?,Picking the cards,"Before reshuffling, the person in the purple shirt is seen holding a white cup and appears to be drinking from it.",What event order
2bb31b69-fcda-4f54-8338-f590944df999,Was the poker card played after the cards were picked?,Yes.,"Yes, the poker card was played after the cards were picked.",Order Judging(Y/N)
2bb31b69-fcda-4f54-8338-f590944df999,What action occurs before playing the card game?,Separating cards.,"Before playing the card game, a person is seen holding a white cup and drinking from it.",What event order
2bb31b69-fcda-4f54-8338-f590944df999,What is done just before reshuffling the cards?,Picking the cards.,"Just before reshuffling the cards, one of the players places a card into their hand.",What event order
2bb31b69-fcda-4f54-8338-f590944df999,What is the main setting of this scene?,The setting is a room where a poker card game is being played.,The main setting of this scene is a cozy living room where two individuals are engaged in playing cards.,Scene Summary
2bb31b69-fcda-4f54-8338-f590944df999,How many participants are involved in the card game?,There are two participants in the card game.,Two participants are involved in the card game.,Scene Summary
2bb31b69-fcda-4f54-8338-f590944df999,What objects are primarily visible on the table?,Visible objects include poker cards and scattered items.,The objects primarily visible on the table are a white cup and some scattered papers.,Scene Summary
2bb31b69-fcda-4f54-8338-f590944df999,Describe the sequence of actions with the poker cards.,"The poker cards are picked up, shuffled, then played in turns.","The sequence of actions begins with the person holding a deck of cards, then they shuffle them and deal one card to each player. The game continues as both players take turns dealing cards from their respective hands.",Action Caption
2bb31b69-fcda-4f54-8338-f590944df999,Did I carry out a reshuffle of the poker cards?,Yes.,"Yes, you did.",Whether Something Happened(Y/N)
2bb31b69-fcda-4f54-8338-f590944df999,Was a complete poker game played in this clip?,Yes.,"Yes, the video captures a complete poker game in progress. The players are seen holding and manipulating cards, making hand decisions, and engaging in typical poker table interactions such as betting and discussing their hands.",Whether Something Happened(Y/N)
2bb31b69-fcda-4f54-8338-f590944df999,Did the game involve more than two players?,No.,"Yes, the game involved more than two players.",Whether Something Happened(Y/N)
2bb31b69-fcda-4f54-8338-f590944df999,Did I participate in dealing the cards?,Yes.,"Yes, you were the one who dealt the cards.",Whether Something Happened(Y/N)
2bb31b69-fcda-4f54-8338-f590944df999,"In the video, did the card shuffling happen before playing the game?",Yes.,"Yes, the card shuffling happened before playing the game.",Order Judging(Y/N)
2bb31b69-fcda-4f54-8338-f590944df999,Did the playing of poker cards occur before reshuffling the cards?,No.,"Yes, the playing of poker cards occurred before reshuffling.",Order Judging(Y/N)
2bb31b69-fcda-4f54-8338-f590944df999,Did picking the cards happen after playing the card game?,No.,"Yes, the person in the pink shirt is seen picking up a card from the table and placing it on the deck of cards.",Order Judging(Y/N)
2bb31b69-fcda-4f54-8338-f590944df999,What happens just before playing the poker card game in the video?,Reshuffling the cards.,"Just before playing the poker card game, the person in the pink shirt is seen holding a cup and drinking from it.",What event order
2bb31b69-fcda-4f54-8338-f590944df999,What occurs directly before playing the card game?,Separating the cards.,"A person is seen holding a cup, possibly containing a beverage.",What event order
2bb31b69-fcda-4f54-8338-f590944df999,"In the video, was the poker card played before they were reshuffled?",No,"Yes, the poker card was played before they were reshuffled.",Order Judging(Y/N)
2bb31b69-fcda-4f54-8338-f590944df999,"In the clip, was the poker card reshuffled after card separation?",Yes,"Yes, the poker card was reshuffled after card separation.",Order Judging(Y/N)
2bb31b69-fcda-4f54-8338-f590944df999,What occurs just before playing the poker card in the video?,Reshuffling the cards,"Just before playing the poker card, the person in the pink shirt is seen holding a cup and drinking from it.",What event order
2bb31b69-fcda-4f54-8338-f590944df999,"In the video, what event precedes playing the card game?",Separating cards,"The event that precedes playing the card game is a person holding a cup, possibly enjoying a drink.",What event order
2bb31b69-fcda-4f54-8338-f590944df999,What does this video clip depict in the room scene?,The video shows a card game session in a room.,"The video clip depicts a person sitting on the floor in a room, playing cards with their hands. The room is furnished with a couch and various items scattered around, including a cup, a glass, and some clothes.",Scene Summary
2bb31b69-fcda-4f54-8338-f590944df999,What can you infer about the location in the video?,"It is a casual, home-like space with a seated person.","The location appears to be a casual indoor setting, possibly a living room or a similar space. The presence of various items like the cup and the scattered clothes suggests it is a lived-in area.",Scene Summary
2bb31b69-fcda-4f54-8338-f590944df999,Do these frames show any specific action with the cards?,"Yes, the cards are being reshuffled by the person.","Yes, the frames show a hand holding a card and another person's hand reaching out to take it.",Action Caption
2bb31b69-fcda-4f54-8338-f590944df999,Did the scene show a game in progress?,Yes.,"Yes, the scene shows a game in progress as indicated by the cards being dealt and the person's focused engagement with them.",Whether Something Happened(Y/N)
2bb31b69-fcda-4f54-8338-f590944df999,Was there a card shuffle taking place?,Yes.,"Yes, there was a card shuffle taking place.",Whether Something Happened(Y/N)
2bb31b69-fcda-4f54-8338-f590944df999,Did they play the cards on a traditional table?,No.,"No, they played the cards on a floor.",Whether Something Happened(Y/N)
2bb31b69-fcda-4f54-8338-f590944df999,Was the person alone in this activity?,No.,"Yes, the person was alone in this activity.",Whether Something Happened(Y/N)
2bb31b69-fcda-4f54-8338-f590944df999,Did the video capture an outdoor event?,No.,"No, the video does not capture an outdoor event. It focuses on a cozy indoor setting where two individuals are engaged in playing cards and other activities.",Whether Something Happened(Y/N)
2bb31b69-fcda-4f54-8338-f590944df999,What action takes place immediately before the carpet is covered?,Sitting down.,"Before the carpet is covered, a hand holding a card appears and starts to shuffle it.",What event order
2bb31b69-fcda-4f54-8338-f590944df999,Is the card game played before reshuffling the cards?,No,"Yes, the card game is played before reshuffling the cards.",Order Judging(Y/N)
2bb31b69-fcda-4f54-8338-f590944df999,Is picking the cards shown before separating them?,Yes,"Yes, the person is seen picking up a card from the deck and then separating it into two hands.",Order Judging(Y/N)
2bb31b69-fcda-4f54-8338-f590944df999,Does separating cards happen before reshuffling?,Yes,"Yes, before reshuffling, the cards are separated and shuffled.",Order Judging(Y/N)
2bb31b69-fcda-4f54-8338-f590944df999,Is reshuffling the cards shown before playing poker?,Yes,"Yes, the video shows a person reshuffling the cards before playing poker.",Order Judging(Y/N)
2bb31b69-fcda-4f54-8338-f590944df999,Does picking cards occur before playing the card game?,Yes,"Yes, picking cards occurs before playing the card game.",Order Judging(Y/N)
2bb31b69-fcda-4f54-8338-f590944df999,What is the current setting in the video clip?,A room where a card game is being played.,"The setting is a cozy living room with a person sitting on the floor, playing cards.",Scene Summary
2bb31b69-fcda-4f54-8338-f590944df999,What objects are central to the scene in the video?,A deck of poker cards.,The central objects in the scene are a deck of playing cards and a smartphone.,Scene Summary
2bb31b69-fcda-4f54-8338-f590944df999,What is the main focus of the scene?,The act of playing a poker game.,"The main focus of the scene is a person playing a card game, with several cards spread out on the floor and hands holding them.",Scene Summary
2bb31b69-fcda-4f54-8338-f590944df999,Detail the sequence of actions with the cards.,"Cards are being selected, shuffled, and dealt for poker.","The sequence of actions includes the person holding a card, examining it closely, and then handing it to another individual. The other person is seen receiving the card from the first person's hand. There are several cards scattered on the floor around them, indicating an ongoing game or activity involving playing cards.",Action Caption
2bb31b69-fcda-4f54-8338-f590944df999,Does the scene show a poker game in action?,Yes.,"Yes, the scene shows a poker game in action.",Whether Something Happened(Y/N)
2bb31b69-fcda-4f54-8338-f590944df999,Does the video include a moment of card shuffling?,Yes.,"Yes, the video includes a moment of card shuffling where one hand is holding cards and another is reaching for them.",Whether Something Happened(Y/N)
2bb31b69-fcda-4f54-8338-f590944df999,Is a card game being organized on a carpet?,Yes.,Yes,Whether Something Happened(Y/N)
2bb31b69-fcda-4f54-8338-f590944df999,Does the clip show someone dealing cards?,Yes.,"Yes, the clip shows someone dealing cards.",Whether Something Happened(Y/N)
2bb31b69-fcda-4f54-8338-f590944df999,Is the lady sitting on the floor while playing cards?,Yes.,Yes,Whether Something Happened(Y/N)
2bb31b69-fcda-4f54-8338-f590944df999,Did the card shuffling happen before playing cards?,Yes,"Yes, the card shuffling happened before playing cards.",Order Judging(Y/N)
2bb31b69-fcda-4f54-8338-f590944df999,Was the room entered before the cards were reshuffled?,Yes,"Yes, the room was entered before the cards were reshuffled.",Order Judging(Y/N)
2bb31b69-fcda-4f54-8338-f590944df999,Did card shuffling occur before the cards were picked?,No,"Yes, the card shuffling occurred before the cards were picked.",Order Judging(Y/N)
2bb31b69-fcda-4f54-8338-f590944df999,What action is performed right before playing cards?,Reshuffling the cards,"A hand is shown holding a card, likely preparing to shuffle or deal it.",What event order
2bb31b69-fcda-4f54-8338-f590944df999,What happens just before reshuffling the cards?,Picking up the cards,"Just before reshuffling, the person in the foreground reaches out to pick up a card from the deck.",What event order
2bb31b69-fcda-4f54-8338-f590944df999,What is done immediately before picking up cards?,Entering the room,"Before picking up cards, the person is seen holding a card in their hand.",What event order
2bb31b69-fcda-4f54-8338-f590944df999,What takes place immediately after reshuffling cards?,Playing cards,"After reshuffling cards, the person in the foreground reaches out to pick up a card from the deck.",What event order
2bb31b69-fcda-4f54-8338-f590944df999,"In the video, is the poker game started before reshuffling the cards?",No,"Yes, the poker game is started before reshuffling the cards.",Order Judging(Y/N)
2bb31b69-fcda-4f54-8338-f590944df999,"In the video, is the poker game initiated before the cards are spread out on the floor?",Yes,"Yes, the poker game is initiated before the cards are spread out on the floor.",Order Judging(Y/N)
2bb31b69-fcda-4f54-8338-f590944df999,What happens just before the cards are reshuffled in the video?,The cards are picked up,"Just before the cards are reshuffled, a hand reaches out to pick up one of the playing cards.",What event order
2bb31b69-fcda-4f54-8338-f590944df999,What happens immediately before the cards are spread out on the floor?,Poker game is played,"A hand reaches out to the camera, holding a card with a red dot.",What event order
2bb31b69-fcda-4f54-8338-f590944df999,What activity is being depicted in this room?,A card game is being played in the room.,"The activity depicted in the room is a card game, specifically playing cards.",Scene Summary
2bb31b69-fcda-4f54-8338-f590944df999,What can you deduce about the space shown?,"It's a lived-in room with a casual, cozy setting.","The space shown is a cozy room with a patterned rug, a television on the wall, and various items scattered around.",Scene Summary
2bb31b69-fcda-4f54-8338-f590944df999,Where are the players sitting in the scenario?,The players are seated on the floor.,"The players are sitting on the floor in a relaxed manner, engaged in playing cards.",Scene Summary
2bb31b69-fcda-4f54-8338-f590944df999,What are the visible objects associated with the activity?,Playing cards and casual footwear are visible.,"The visible objects associated with the activity include a smartphone, playing cards spread out on the rug, and a remote control.",Scene Summary
2bb31b69-fcda-4f54-8338-f590944df999,Does playing poker occur after picking cards?,Yes,"Yes, after picking cards, the person picks up a card and starts to shuffle it.",Order Judging(Y/N)
2bb31b69-fcda-4f54-8338-f590944df999,Are cards picked before reshuffling?,Yes,"Yes, cards are picked before reshuffling.",Order Judging(Y/N)
2bb31b69-fcda-4f54-8338-f590944df999,Is the poker card played after reshuffling?,Yes,"Yes, the poker card is played after reshuffling.",Order Judging(Y/N)
2bb31b69-fcda-4f54-8338-f590944df999,What happens just before reshuffling the cards?,Picking the cards,"Just before reshuffling, the person in the foreground reaches out to pick up a card from the deck.",What event order
2bb31b69-fcda-4f54-8338-f590944df999,"In the video, is a card picked up before reshuffling the deck?",No,"Yes, a card is picked up before reshuffling the deck.",Order Judging(Y/N)
2bb31b69-fcda-4f54-8338-f590944df999,"In the video, does playing cards occur before picking any card from the deck?",No,"Yes, the video shows a hand picking up one of the cards from the deck before starting to shuffle it.",Order Judging(Y/N)
2bb31b69-fcda-4f54-8338-f590944df999,"In the video, what happens before reshuffling the cards?",Picking up the cards,"Before reshuffling, the person is seen holding a card and looking at it intently.",What event order
2bb31b69-fcda-4f54-8338-f590944df999,What takes place just after the cards are picked up?,Reshuffling the cards,"After the cards are picked up, a hand reaches out to pick up one of the playing cards.",What event order
2bb31b69-fcda-4f54-8338-f590944df999,What is done right after reshuffling the deck?,Playing poker cards,"The person in the video is seen holding a card and making a hand gesture, possibly indicating a decision or action related to the game.",What event order
2bb31b69-fcda-4f54-8338-f590944df999,What is the setting of the scene depicted?,The setting is inside a room with two individuals playing poker.,"The scene is set in a cozy living room with a wooden floor, where two people are engaged in playing cards.",Scene Summary
2bb31b69-fcda-4f54-8338-f590944df999,What objects are prominent in this scene?,Poker cards and hands are prominent in the scene.,"The prominent objects in this scene include a deck of playing cards, a smartphone, and a glass.",Scene Summary
2bb31b69-fcda-4f54-8338-f590944df999,Is there a card game being played in this video?,Yes.,"Yes, there is a card game being played in this video.",Whether Something Happened(Y/N)
2bb31b69-fcda-4f54-8338-f590944df999,Does this video show a person dealing cards?,Yes.,"Yes, the video shows a person dealing cards.",Whether Something Happened(Y/N)
2bb31b69-fcda-4f54-8338-f590944df999,Are the poker cards being reshuffled in this scene?,Yes.,"Yes, the poker cards are being reshuffled in this scene.",Whether Something Happened(Y/N)
2bb31b69-fcda-4f54-8338-f590944df999,Did the card reshuffling occur before playing poker?,Yes.,"Yes, the card reshuffling occurred before playing poker.",Order Judging(Y/N)
2bb31b69-fcda-4f54-8338-f590944df999,Do I wear blue sleeves before the lady reads a card?,Yes.,"Yes, the lady is wearing blue sleeves before she reads a card.",Order Judging(Y/N)
2bb31b69-fcda-4f54-8338-f590944df999,Are poker cards spread on the carpet before organizing them into rows?,Yes.,"Yes, poker cards are spread out on the carpet before organizing them into rows.",Order Judging(Y/N)
2bb31b69-fcda-4f54-8338-f590944df999,Is the picking of cards done before reshuffling?,No,"Yes, the picking of cards is done before reshuffling.",Order Judging(Y/N)
2bb31b69-fcda-4f54-8338-f590944df999,Is playing poker done after reshuffling cards?,Yes,"Yes, after reshuffling the cards, it appears that the game is finished.",Order Judging(Y/N)
2bb31b69-fcda-4f54-8338-f590944df999,Does the reshuffling occur before arranging cards on the floor?,Yes,"Yes, the reshuffling occurs before arranging cards on the floor.",Order Judging(Y/N)
2bb31b69-fcda-4f54-8338-f590944df999,What takes place right before picking cards?,Sitting in the room,A hand reaches out to pick up a card from the deck.,What event order
2bb31b69-fcda-4f54-8338-f590944df999,What activity is taking place in this clip?,Playing cards with a woman.,"The activity taking place in this clip is a card game, specifically playing cards.",Scene Summary
2bb31b69-fcda-4f54-8338-f590944df999,What is the setting of this scene?,Inside a house.,"The setting of this scene is a cozy living room with a patterned rug, where two people are engaged in playing cards.",Scene Summary
2bb31b69-fcda-4f54-8338-f590944df999,What objects are prominently featured in this clip?,Cards and a carpet.,"The objects prominently featured in this clip are a colorful rug, playing cards, and a person's hands.",Scene Summary
2bb31b69-fcda-4f54-8338-f590944df999,What is the atmosphere in this scene?,Casual indoor leisure.,"The atmosphere in this scene is casual and relaxed, with the participants enjoying a card game.",Scene Summary
2bb31b69-fcda-4f54-8338-f590944df999,Is there any interaction between the players?,"Yes, they are playing a game together.","Yes, there is a moment where one player points at the cards and another player responds with a gesture.",Action Caption
2bb31b69-fcda-4f54-8338-f590944df999,Can you describe the table setup for the game?,Cards are spread out haphazardly on the carpet.,"The table setup for the game includes a colorful rug, various playing cards scattered around, and some small objects like a cup and a bottle.",Action Caption
2bb31b69-fcda-4f54-8338-f590944df999,How are the players seated during the game?,They are sitting cross-legged on the floor.,"The players are seated on the floor, with one player sitting cross-legged and holding a card in their hand.",Action Caption
2bb31b69-fcda-4f54-8338-f590944df999,Did the game just start?,"No, it is in progress as cards are already spread out.","Yes, the game appears to have just started as indicated by the cards being laid out on the table and the players' focused attention.",Whether Something Happened(Y/N)
2bb31b69-fcda-4f54-8338-f590944df999,Did reshuffling the cards happen before playing the poker cards?,Yes.,"Yes, the person in the foreground is seen holding a card and appears to be reshuffling it before playing the poker cards.",Order Judging(Y/N)
2bb31b69-fcda-4f54-8338-f590944df999,Did laying out the cards on the floor occur after sitting down?,Yes.,"Yes, the cards were laid out on the floor after sitting down.",Order Judging(Y/N)
2bb31b69-fcda-4f54-8338-f590944df999,Did the game of cards start after the cards were laid out?,Yes.,"Yes, the game of cards began after the cards were laid out.",Order Judging(Y/N)
2bb31b69-fcda-4f54-8338-f590944df999,Did I play cards before reshuffling them?,No,"Yes, you did play cards before reshuffling them.",Order Judging(Y/N)
2bb31b69-fcda-4f54-8338-f590944df999,Was the rug visible before I dealt the cards?,Yes,"Yes, the rug was visible before I dealt the cards.",Order Judging(Y/N)
2bb31b69-fcda-4f54-8338-f590944df999,Did I spread cards on the floor before sitting down?,Yes,"Yes, the person sitting down spread cards on the floor before sitting down.",Order Judging(Y/N)
2bb31b69-fcda-4f54-8338-f590944df999,Were cards in my hand before reshuffling?,No,"Yes, the person in the foreground is holding a card and appears to be reshuffling it.",Order Judging(Y/N)
2bb31b69-fcda-4f54-8338-f590944df999,Was I seated before the cards were displayed face-up?,Yes,"Yes, you were seated before the cards were displayed face-up.",Order Judging(Y/N)
2bb31b69-fcda-4f54-8338-f590944df999,What happened just before playing cards?,Reshuffled the cards,"Just before playing cards, the person in the foreground was seen holding a card and gesturing with their hand.",What event order
2bb31b69-fcda-4f54-8338-f590944df999,What happened before reshuffling the cards?,Sat in the room,"Before reshuffling, the person was seen holding a card and gesturing with their hand.",What event order
2bb31b69-fcda-4f54-8338-f590944df999,What did I do before spreading cards on the floor?,Reshuffled them,"Before spreading cards on the floor, the person was seen holding a card and gesturing with their hand.",What event order
2bb31b69-fcda-4f54-8338-f590944df999,What action took place before sitting down?,Entered the room,"Before sitting down, the person was seen holding a card and gesturing with their hand.",What event order
2bb31b69-fcda-4f54-8338-f590944df999,What activity is being performed in the scene?,Playing cards is the activity.,"The activity being performed in the scene is playing cards, with one person holding a deck of cards and another person receiving them.",Scene Summary
2bb31b69-fcda-4f54-8338-f590944df999,How many individuals are participating in the activity?,Two individuals are participating.,Two individuals are participating in the activity.,Scene Summary
2bb31b69-fcda-4f54-8338-f590944df999,Can you describe the setting of the video clip?,"The setting is indoors, on the floor with a rug.","The video clip is set in a cozy living room with a comfortable seating arrangement, featuring a person sitting on the floor and another person holding cards. The room has a relaxed atmosphere, indicated by the casual attire of the individuals and the presence of a small table with drinks and snacks nearby.",Scene Summary
2bb31b69-fcda-4f54-8338-f590944df999,What is the gender composition of the participants?,One male and one female are participating.,The participants are a mix of genders.,Scene Summary
2bb31b69-fcda-4f54-8338-f590944df999,How are the participants positioned in the clip?,They are sitting on the floor.,"The participants are positioned on the floor, sitting cross-legged.",Action Caption
2bb31b69-fcda-4f54-8338-f590944df999,Describe the interaction between the individuals.,They are engaged in a card game.,"The individuals are deeply engrossed in a card game, with one person holding the cards and another preparing to make a move. The atmosphere is lively and focused, as they engage in a strategic and entertaining activity.",Action Caption
2bb31b69-fcda-4f54-8338-f590944df999,Are there any other objects involved in the action?,"Yes, a deck of cards is involved.","Yes, there is a small black object on the floor near the person holding the card.",Action Caption
2bb31b69-fcda-4f54-8338-f590944df999,Is there a competitive activity occurring in the video?,Yes.,"Yes, there is a competitive activity occurring in the video. One person is holding up cards and appears to be making a hand gesture, possibly indicating a decision or action related to the game.",Whether Something Happened(Y/N)
2bb31b69-fcda-4f54-8338-f590944df999,Is there a visible winner in the card game?,No.,"Yes, the person in the foreground is holding up a card with a red heart symbol on it, indicating that they have won.",Whether Something Happened(Y/N)
2bb31b69-fcda-4f54-8338-f590944df999,Did I pick up a card before shuffling the deck?,No,"Yes, you did.",Order Judging(Y/N)
2bb31b69-fcda-4f54-8338-f590944df999,Was the woman seen holding cards before I laid mine on the floor?,Yes,"Yes, the woman was seen holding cards before I laid mine on the floor.",Order Judging(Y/N)
2bb31b69-fcda-4f54-8338-f590944df999,Did I deal cards to the woman before sitting down?,No,"Yes, the woman was seen holding a card in her hand before sitting down.",Order Judging(Y/N)
2bb31b69-fcda-4f54-8338-f590944df999,Did the woman adjust her glasses before smiling at me?,Yes,"Yes, the woman adjusted her glasses before smiling at me.",Order Judging(Y/N)
2bb31b69-fcda-4f54-8338-f590944df999,Was the woman's sock visible before she crossed her legs?,Yes,"Yes, the woman's sock was visible before she crossed her legs.",Order Judging(Y/N)
2bb31b69-fcda-4f54-8338-f590944df999,What did the woman do before looking at her hand of cards?,She crossed her legs,"She was seen holding a smartphone, possibly checking her messages or browsing the internet.",What event order
2bb31b69-fcda-4f54-8338-f590944df999,What occurred before the woman adjusted her glasses?,She held her cards,"Before the woman adjusted her glasses, she was holding a deck of cards and gesturing with them.",What event order
2bb31b69-fcda-4f54-8338-f590944df999,What action took place before I dealt the cards?,I picked up the deck,"Before dealing the cards, a hand holding a black object (possibly a card or a small device) was seen in front of the person sitting on the floor.",What event order
2bb31b69-fcda-4f54-8338-f590944df999,"In the video, is the poker game started before reshuffling the cards?",No,"Yes, the poker game is started before reshuffling the cards.",Order Judging(Y/N)
2bb31b69-fcda-4f54-8338-f590944df999,"In the sequence, does the lady pick up her cards before the cards are laid out on the floor?",Yes,"Yes, the lady picks up her cards before the cards are laid out on the floor.",Order Judging(Y/N)
2bb31b69-fcda-4f54-8338-f590944df999,"In the clip, do the cards get scattered on the table before being picked up?",Yes,"Yes, the cards get scattered on the table before being picked up.",Order Judging(Y/N)
2bb31b69-fcda-4f54-8338-f590944df999,Does the video show the lady with cards in hand before the cards are shuffled?,No,"Yes, the video shows the lady with cards in hand before the cards are shuffled.",Order Judging(Y/N)
2bb31b69-fcda-4f54-8338-f590944df999,What occurs just before the lady picks up her cards?,Cards are laid out on the floor,"Just before the lady picks up her cards, a hand reaches out from behind her, holding a small object.",What event order
2bb31b69-fcda-4f54-8338-f590944df999,"In the video, what happens before the cards are reshuffled?",A round of poker is played,"Before the cards are reshuffled, a hand holding a black object appears and starts to shuffle the deck of playing cards.",What event order
2bb31b69-fcda-4f54-8338-f590944df999,What event happens before the cards get scattered on the table?,The lady picks up her cards,"Before the cards get scattered on the table, a hand is seen holding a card with a red heart symbol.",What event order
2bb31b69-fcda-4f54-8338-f590944df999,What do we see happening before the cards are laid out on the floor?,Reshuffling of cards,"Before the cards are laid out on the floor, a person is seen holding a smartphone and interacting with it.",What event order
2bb31b69-fcda-4f54-8338-f590944df999,What action takes place before the poker game starts?,Cards are reshuffled,"Before the poker game starts, a hand is shown holding a deck of cards.",What event order
2bb31b69-fcda-4f54-8338-f590944df999,What is the setting of this video clip?,I played cards with a woman inside a house.,"The setting of the video clip is a cozy indoor environment, likely a living room or a similar space.",Scene Summary
2bb31b69-fcda-4f54-8338-f590944df999,How many people are involved in the scene?,Two people are involved in the scene.,There are two people involved in the scene.,Scene Summary
2bb31b69-fcda-4f54-8338-f590944df999,Is there a competitive element visible here?,"Yes, the card game implies a competitive interaction.","Yes, there is a competitive element visible in the scene. The person holding the cards appears to be making hand gestures that suggest they are trying to influence or manipulate the game's outcome, which adds an element of competition and strategy to the activity.",Action Caption
2bb31b69-fcda-4f54-8338-f590944df999,Did the individuals rearrange the furniture for playing?,No.,"Yes, the individuals rearranged the furniture to create a more comfortable playing area.",Whether Something Happened(Y/N)
2bb31b69-fcda-4f54-8338-f590944df999,Did someone draw a card in the clip?,Yes.,"Yes, someone drew a card from the deck of cards.",Whether Something Happened(Y/N)
2bb31b69-fcda-4f54-8338-f590944df999,Did the scene involve any form of digital technology?,No.,"Yes, the scene involved a smartphone being used to play cards.",Whether Something Happened(Y/N)
2bb31b69-fcda-4f54-8338-f590944df999,Did the people appear to be outdoors?,No.,"No, the people were indoors.",Whether Something Happened(Y/N)
2bb31b69-fcda-4f54-8338-f590944df999,"In the video, did the shoe appear before the card deck on the carpet?",Yes,"Yes, the shoe appears before the card deck on the carpet.",Order Judging(Y/N)
2bb31b69-fcda-4f54-8338-f590944df999,Was the hand holding cards before the bottle was seen?,Yes,"Yes, the hand holding cards was seen before the bottle.",Order Judging(Y/N)
2bb31b69-fcda-4f54-8338-f590944df999,"In the clip, did the playing of cards happen before the plant was visible?",No,"Yes, the playing of cards happened before the plant was visible.",Order Judging(Y/N)
2bb31b69-fcda-4f54-8338-f590944df999,What is shown before the bottle on the left side of the frame?,Cards on the floor,"Before the bottle, there is a small black object on the floor.",What event order
2bb31b69-fcda-4f54-8338-f590944df999,What do you see before the plant in the video's background?,A sofa,"Before the plant, there is a television screen mounted on the wall.",What event order
2bb31b69-fcda-4f54-8338-f590944df999,Was the rug straightened before I sat down to play?,No.,"Yes, the rug was straightened before I sat down to play.",Order Judging(Y/N)
2bb31b69-fcda-4f54-8338-f590944df999,Did I touch my foot before picking more cards from the pile?,No.,"No, you didn't touch your foot before picking more cards from the pile.",Order Judging(Y/N)
2bb31b69-fcda-4f54-8338-f590944df999,Were the cards spread out on the rug before the game started?,No.,"Yes, the cards were spread out on the rug before the game started.",Order Judging(Y/N)
2bb31b69-fcda-4f54-8338-f590944df999,Did I pick a card from my hand before the woman looked at hers?,Yes.,"Yes, the woman picked a card from her hand before she looked at hers.",Order Judging(Y/N)
2bb31b69-fcda-4f54-8338-f590944df999,What occurs just before I look at my cards?,I pick them up.,"Just before I look at my cards, the person in the video is seen holding a card and gesturing with their hand.",What event order
2bb31b69-fcda-4f54-8338-f590944df999,What action takes place before the game begins?,Sitting down on the rug.,"Before the game begins, a hand reaches out to pick up one of the playing cards.",What event order
2bb31b69-fcda-4f54-8338-f590944df999,What happens before more cards are picked from the pile?,Playing a round of cards.,"Before more cards are picked from the pile, a hand reaches out to pick up one of the remaining cards.",What event order
2bb31b69-fcda-4f54-8338-f590944df999,What activity takes place in this scene?,Playing cards in the house.,The activity takes place in a room where two people are playing cards.,Scene Summary
2bb31b69-fcda-4f54-8338-f590944df999,Where are the individuals in this scene?,Inside a house.,The individuals are sitting on a rug in a room.,Scene Summary
2bb31b69-fcda-4f54-8338-f590944df999,What objects are central in this scenario?,Cards on the floor.,The central objects in this scenario are the playing cards and money.,Scene Summary
2bb31b69-fcda-4f54-8338-f590944df999,How is the room in the clip furnished?,There's a bookshelf and a couch.,"The room is furnished with a carpeted floor, a television mounted on the wall, and various items scattered around.",Scene Summary
2bb31b69-fcda-4f54-8338-f590944df999,What action is the person opposite performing?,Holding and presumably playing cards.,"The person opposite is holding a smartphone and appears to be interacting with it, possibly taking a photo or video of the game.",Action Caption
2bb31b69-fcda-4f54-8338-f590944df999,What seems to be the immediate action captured in the frame?,Dealing or picking up cards.,"The immediate action captured in the frame includes a person holding a smartphone, possibly taking a photo or recording the game.",Action Caption
2bb31b69-fcda-4f54-8338-f590944df999,What can be said about the card game's progression?,It looks mid-game with several cards played.,"The card game appears to be in progress, with the person holding a smartphone and interacting with it while playing cards. The deck of cards is spread out on the floor, indicating that the game has been ongoing for some time.",Action Caption
2bb31b69-fcda-4f54-8338-f590944df999,Is there a card game occurring?,Yes.,Yes,Whether Something Happened(Y/N)
2bb31b69-fcda-4f54-8338-f590944df999,Is there more than one participant in the game?,Yes.,"Yes, there are two participants in the game.",Whether Something Happened(Y/N)
2bb31b69-fcda-4f54-8338-f590944df999,Have any cards been laid out on the floor?,Yes.,"Yes, several cards have been laid out on the floor.",Whether Something Happened(Y/N)
2bb31b69-fcda-4f54-8338-f590944df999,Is the activity taking place indoors?,Yes.,Yes,Whether Something Happened(Y/N)
2bb31b69-fcda-4f54-8338-f590944df999,Does it appear to be a formal card-playing setting?,No.,"No, the setting appears informal and casual.",Whether Something Happened(Y/N)
2bb31b69-fcda-4f54-8338-f590944df999,Was the rug visible before I started playing cards?,Yes.,"Yes, the rug was visible before I started playing cards.",Order Judging(Y/N)
2bb31b69-fcda-4f54-8338-f590944df999,Did the plant appear in the frame before the game began?,Yes.,"No, the plant was not visible in the frame before the game began.",Order Judging(Y/N)
2bb31b69-fcda-4f54-8338-f590944df999,What happens before I sit on the floor?,The setting of the room is displayed.,"Before sitting on the floor, the person is seen holding a smartphone and interacting with it.",What event order
2bb31b69-fcda-4f54-8338-f590944df999,"In the video, does the arrangement of cards on the floor change before a new card is drawn?",No,"Yes, the arrangement of cards on the floor changes before a new card is drawn.",Order Judging(Y/N)
2bb31b69-fcda-4f54-8338-f590944df999,"In the video, is the heart card shown before a player picks more cards?",Yes,"Yes, the heart card is shown before a player picks more cards.",Order Judging(Y/N)
2bb31b69-fcda-4f54-8338-f590944df999,Does the woman put down a card before all cards are laid out?,Yes,"Yes, the woman puts down a card before all cards are laid out.",Order Judging(Y/N)
2bb31b69-fcda-4f54-8338-f590944df999,What occurs just before a new card is drawn from the deck?,Players examine their cards,"Just before a new card is drawn from the deck, the person holding the phone appears to be in the process of drawing or counting money.",What event order
2bb31b69-fcda-4f54-8338-f590944df999,"In the video sequence, what do we see happening before the cards are spread out?",A card is being placed down,"Before the cards are spread out, we see a person holding a smartphone and interacting with it.",What event order
2bb31b69-fcda-4f54-8338-f590944df999,What takes place right before more cards are picked from the deck?,The woman sorts her cards,"A hand holding a smartphone appears, and the person is seen looking at it.",What event order
af400f98-3c57-46ad-acac-eaca6f940180,What location is shown in the video frame?,It shows a road.,The location shown in the video frame is a street with a person riding a skateboard.,Scene Summary
af400f98-3c57-46ad-acac-eaca6f940180,Are there other people present in this scene?,"Yes, people are present.","Yes, there are other people present in the background of the scene.",Scene Summary
af400f98-3c57-46ad-acac-eaca6f940180,Is the environment urban or rural?,The environment appears to be urban.,"The environment appears to be rural, as indicated by the presence of trees and a grassy area.",Scene Summary
af400f98-3c57-46ad-acac-eaca6f940180,Is the road busy or empty?,The road is busy with movement.,"The road is empty, with only a few people and a dog visible.",Scene Summary
af400f98-3c57-46ad-acac-eaca6f940180,What is the weather like in the scene?,The weather information is not provided.,"The weather appears to be overcast, as the sky is not visible in the image.",Scene Summary
af400f98-3c57-46ad-acac-eaca6f940180,Who is walking in this clip?,I am walking along the road.,A person wearing a white shirt and blue pants is walking in this clip.,Action Caption
af400f98-3c57-46ad-acac-eaca6f940180,What is the camera angle capturing?,The camera angle captures from the walker's perspective.,"The camera angle is from a first-person perspective, capturing the movement of the person and their companions.",Action Caption
af400f98-3c57-46ad-acac-eaca6f940180,Is there interaction with the passerby?,No interaction is mentioned or shown.,"Yes, there is interaction with the passerby as they pass by.",Action Caption
af400f98-3c57-46ad-acac-eaca6f940180,Do any vehicles pass by closely?,"The summary indicates vehicles move past, but closeness isn't specified.","Yes, a motorcycle passes by closely in the distance.",Action Caption
af400f98-3c57-46ad-acac-eaca6f940180,Is there an accident occurring in the video?,"No, no accident is mentioned.",Yes.,Whether Something Happened(Y/N)
af400f98-3c57-46ad-acac-eaca6f940180,Is there any construction work shown in the video?,"No, no construction is mentioned.","No, there is no construction work shown in the video.",Whether Something Happened(Y/N)
af400f98-3c57-46ad-acac-eaca6f940180,Does the video frame show clear skies?,The video frame does not provide this information.,"No, the video frame does not show clear skies.",Whether Something Happened(Y/N)
af400f98-3c57-46ad-acac-eaca6f940180,What is the main event depicted in this video clip?,A walk on the road with a woman and interactions with passersby.,"The main event depicted in this video clip is a person holding a cigarette, walking down the street with another individual.",Scene Summary
af400f98-3c57-46ad-acac-eaca6f940180,Which location is primarily featured in this video clip?,The video clip features a road.,The primary location featured in this video clip is a dirt road.,Scene Summary
af400f98-3c57-46ad-acac-eaca6f940180,How many main subjects are involved in this video scenario?,"Two main subjects, a man and a woman.","Three main subjects are involved: the person in the white shirt, the person in the blue and yellow outfit, and the person in the pink shoes.",Scene Summary
af400f98-3c57-46ad-acac-eaca6f940180,Are there other individuals present in this video scene besides the subjects?,"Yes, there are passersby present.","Yes, there is another individual present in the background of the video scene.",Scene Summary
af400f98-3c57-46ad-acac-eaca6f940180,What actions are shown in these new frames?,A person is seen walking and reaching out to others.,"In the new frames, a person is seen holding a cigarette in their right hand and pointing towards the camera. Another individual appears to be walking behind them, with one foot visible on the ground.",Action Caption
af400f98-3c57-46ad-acac-eaca6f940180,Is there any communication depicted in the clip?,"Yes, there is interaction with passersby.","Yes, there is a hand gesture that appears to be a thumbs-up or a sign of approval being held by one person.",Action Caption
af400f98-3c57-46ad-acac-eaca6f940180,Can you describe the physical posture in this frame?,The person's arm is extended forward as if reaching out.,"The person in the striped shirt is holding a cigarette and appears to be smoking. The other individual, wearing a patterned dress with red shoes, is walking beside them.",Action Caption
af400f98-3c57-46ad-acac-eaca6f940180,Are the movements in the video leisurely or hurried?,They appear leisurely.,"The movements in the video are leisurely, as indicated by the relaxed and casual posture of the individuals.",Action Caption
af400f98-3c57-46ad-acac-eaca6f940180,Does the person in the video come into physical contact with others?,It is implied but not visible.,"No, the person in the video does not come into physical contact with others.",Whether Something Happened(Y/N)
af400f98-3c57-46ad-acac-eaca6f940180,Is the person in the video engaging in a conversation?,Yes.,"Yes, the person in the video is holding a phone and appears to be engaged in a conversation.",Whether Something Happened(Y/N)
af400f98-3c57-46ad-acac-eaca6f940180,Does the person walk on a grassy path in the video?,No.,"Yes, the person walks on a grassy path in the video.",Whether Something Happened(Y/N)
af400f98-3c57-46ad-acac-eaca6f940180,Does the person in the video interact with more than one passerby?,Yes.,"Yes, the person in the video interacts with at least one passerby.",Whether Something Happened(Y/N)
af400f98-3c57-46ad-acac-eaca6f940180,What is the setting of this video clip?,It's on a road with a person walking and interacting with a woman.,"The setting of the video clip is a narrow, unpaved road with grass on either side.",Scene Summary
af400f98-3c57-46ad-acac-eaca6f940180,Is there any physical contact between the two individuals?,No.,"No, there is no physical contact between the two individuals in the video.",Whether Something Happened(Y/N)
af400f98-3c57-46ad-acac-eaca6f940180,Did the person in the video stop walking while interacting?,No.,"Yes, the person in the video stopped walking while interacting with another individual.",Whether Something Happened(Y/N)
af400f98-3c57-46ad-acac-eaca6f940180,Is the communication friendly and non-threatening?,Yes.,"Yes, the communication is friendly and non-threatening.",Whether Something Happened(Y/N)
af400f98-3c57-46ad-acac-eaca6f940180,"In the video, do I interact with some passersby before walking with the woman on the road?",No,"Yes, you interact with some passersby before walking with the woman on the road.",Order Judging(Y/N)
af400f98-3c57-46ad-acac-eaca6f940180,"In the video, do I walk alone on the road before interacting with a woman?",Yes,"Yes, you walk alone on the road before interacting with a woman.",Order Judging(Y/N)
af400f98-3c57-46ad-acac-eaca6f940180,What do I do just before interacting with the woman on the road in the video?,Walk alone,"You should approach the woman on the road, possibly to give her a hug or pat her hand.",What event order
20bc995f-c3de-4789-bd7a-34cf1a313b0c,Who is involved in the scene?,A man and some girls.,"The scene involves a person who is involved in the preparation of food, as indicated by their hands and the various ingredients on the table.",Scene Summary
20bc995f-c3de-4789-bd7a-34cf1a313b0c,What activity is taking place?,Food preparation.,"The activity taking place is the preparation of a dish, likely a type of curry or stew, with various ingredients and spices being added to it.",Scene Summary
20bc995f-c3de-4789-bd7a-34cf1a313b0c,What can be seen on the table in the scene?,Ingredients and cooking utensils.,"The table is cluttered with various food items, including a bowl of rice and a plate filled with a mixture of ingredients.",Scene Summary
20bc995f-c3de-4789-bd7a-34cf1a313b0c,What is the camera wearer doing with the spoon?,Cooking food.,"The camera wearer is using the spoon to scoop and mix a mixture of ingredients, likely preparing them for cooking or serving.",Action Caption
20bc995f-c3de-4789-bd7a-34cf1a313b0c,What can be assumed about the pace of the activity?,It is fast-paced.,"The activity appears to be fast-paced, as indicated by the close-up shots of hands moving quickly and the dynamic movement captured in the video.",Action Caption
20bc995f-c3de-4789-bd7a-34cf1a313b0c,Does the video show any monetary transaction?,No.,"Yes, the video shows a transaction of money being exchanged between the person and another individual.",Whether Something Happened(Y/N)
20bc995f-c3de-4789-bd7a-34cf1a313b0c,Is the food prepared for a large group?,Yes.,"Yes, the person is seen preparing food for a large group of people.",Whether Something Happened(Y/N)
20bc995f-c3de-4789-bd7a-34cf1a313b0c,Does the camera wearer handle more than one dish?,Yes.,"Yes, the camera wearer is seen handling two dishes in the video.",Whether Something Happened(Y/N)
20bc995f-c3de-4789-bd7a-34cf1a313b0c,What is the setting in this video clip?,A food tent with servings of food.,"The setting in this video clip is a bustling street food stall at night, with various dishes and people visible.",Scene Summary
20bc995f-c3de-4789-bd7a-34cf1a313b0c,Is the person serving food to more than one person?,Yes.,"Yes, the person is seen serving food to more than one person.",Whether Something Happened(Y/N)
20bc995f-c3de-4789-bd7a-34cf1a313b0c,Is there a pot included in the food items being served?,Yes.,"Yes, there is a pot included in the food items being served.",Whether Something Happened(Y/N)
20bc995f-c3de-4789-bd7a-34cf1a313b0c,Is the setting of this video during a nighttime event?,Yes.,"Yes, the setting of this video appears to be a nighttime event with people gathered around the food stall.",Whether Something Happened(Y/N)
20bc995f-c3de-4789-bd7a-34cf1a313b0c,Is the food made for a man and some girls before serving food under the tent?,Yes,"Yes, the food is made for a man and some girls before serving food under the tent.",Order Judging(Y/N)
20bc995f-c3de-4789-bd7a-34cf1a313b0c,What is the setting of the video clip?,At a roadside food stall.,"The setting of the video clip is a bustling street food stall with various dishes and ingredients on display, including fried snacks, vegetables, and other food items.",Scene Summary
20bc995f-c3de-4789-bd7a-34cf1a313b0c,Who is the main person interacting with others in the scene?,A food stall vendor.,The main person interacting with others in the scene is a child.,Scene Summary
20bc995f-c3de-4789-bd7a-34cf1a313b0c,What type of interaction occurs between the vendor and customers?,Serving food and conversing.,The vendor interacts with customers by serving food and interacting with them through gestures such as holding a smartphone.,Scene Summary
20bc995f-c3de-4789-bd7a-34cf1a313b0c,How is the stall vendor engaging with the customers besides serving food?,Talking with them.,"The stall vendor is engaging with the customers by interacting with them through a mobile phone, possibly checking on their orders or sharing updates.",Action Caption
20bc995f-c3de-4789-bd7a-34cf1a313b0c,Is the vendor wearing gloves while handling food?,No.,"Yes, the vendor is wearing gloves while handling food.",Whether Something Happened(Y/N)
20bc995f-c3de-4789-bd7a-34cf1a313b0c,Does the video show a customer receiving change after payment?,No.,"Yes, the video shows a customer receiving change after payment.",Whether Something Happened(Y/N)
20bc995f-c3de-4789-bd7a-34cf1a313b0c,Is there any interaction between the customers in the frame?,No.,"Yes, a customer is seen holding an item and interacting with the person at the counter.",Whether Something Happened(Y/N)
20bc995f-c3de-4789-bd7a-34cf1a313b0c,Does the stall have a digital payment option displayed?,Yes.,"Yes, the stall has a digital payment option displayed on a QR code.",Whether Something Happened(Y/N)
20bc995f-c3de-4789-bd7a-34cf1a313b0c,Does the interaction with woman B happen before serving to woman C?,Yes,"Yes, the interaction with woman B happens before serving to woman C.",Order Judging(Y/N)
20bc995f-c3de-4789-bd7a-34cf1a313b0c,Do I serve food to a group of people before the roadside food stall scene?,No,"Yes, the video shows a person serving food to another individual at the roadside food stall.",Order Judging(Y/N)
20bc995f-c3de-4789-bd7a-34cf1a313b0c,"In the video, did I serve food under the tent before talking to man A at the stand?",No,"Yes, the video shows a person serving food under the tent before talking to man A at the stand.",Order Judging(Y/N)
20bc995f-c3de-4789-bd7a-34cf1a313b0c,"In the video, does serving pani puri occur before making food for the man and girls?",Yes,"Yes, the video shows a person serving pani puri to another individual before making food for the man and girls.",Order Judging(Y/N)
20bc995f-c3de-4789-bd7a-34cf1a313b0c,"What happens before interacting with woman A, B, and C at the roadside stall?",I serve food to a group of people.,"Before interacting with woman A, B, and C at the roadside stall, a person wearing a black shirt is seen holding a smartphone.",What event order
20bc995f-c3de-4789-bd7a-34cf1a313b0c,Describe the setting of this video clip.,A roadside food stall at night.,"The video takes place in a bustling street food stall, characterized by vibrant colors and an array of colorful dishes. The scene is illuminated by artificial lighting, creating a lively atmosphere. A person wearing a blue shirt is seen holding a smartphone with the 'Grab' app open on their screen, possibly checking messages or navigating through an application. In the background, there are various items such as bowls filled with different ingredients, a large metal tray with more food items, and other people engaged in similar activities.",Scene Summary
20bc995f-c3de-4789-bd7a-34cf1a313b0c,Could you summarize the depicted scenario?,A person serving and conversing at a food stall.,"The video showcases a bustling street food stall at night, with various dishes being prepared and served. A person is seen holding a smartphone, possibly checking the menu or taking photos of the food. The scene includes multiple bowls filled with different types of food, such as dosas and samosas, along with other items like spoons and containers. The lighting suggests it's nighttime, adding to the vibrant atmosphere of the market.",Scene Summary
20bc995f-c3de-4789-bd7a-34cf1a313b0c,Did the vendor converse with two individuals?,Yes.,"Yes, the vendor engaged in conversation with one of the individuals.",Whether Something Happened(Y/N)
20bc995f-c3de-4789-bd7a-34cf1a313b0c,"In the sequence, is food served at the roadside stall before the food tent?",No,"Yes, the food is served at the roadside stall before the food tent.",Order Judging(Y/N)
20bc995f-c3de-4789-bd7a-34cf1a313b0c,What scene is captured in the video clip?,A food stand with cooking in progress.,"The video captures a bustling street food stall at night, filled with various dishes and people. The scene is illuminated by bright lights that highlight the vibrant colors of the food and the lively atmosphere. A person in a blue shirt is seen interacting with the food, possibly preparing or serving it. The background features a busy street with other stalls and people walking by.",Scene Summary
20bc995f-c3de-4789-bd7a-34cf1a313b0c,What's the brief of the depicted scenario?,Food preparation at a stand with a customer waiting.,"The brief of the depicted scenario shows a person preparing food at an outdoor street food stall, with various dishes and ingredients spread out on plates. The scene is illuminated by overhead lights, creating a vibrant and bustling atmosphere typical of street food markets.",Scene Summary
20bc995f-c3de-4789-bd7a-34cf1a313b0c,Does the scene capture a customer receiving their order?,No.,"Yes, the scene captures a customer receiving their order as they are seen holding a piece of food and placing it into a bowl.",Whether Something Happened(Y/N)
20bc995f-c3de-4789-bd7a-34cf1a313b0c,Is there any indication of a payment transaction in the video?,No.,"Yes, there is a person in the video holding a smartphone and interacting with it, which suggests that they might be using their phone to make a payment or check something related to the food stall.",Whether Something Happened(Y/N)
20bc995f-c3de-4789-bd7a-34cf1a313b0c,Does the video show the cook finishing the dish?,No.,"Yes, the video shows the cook finishing the dish by scooping out a portion of the curry and placing it into a bowl.",Whether Something Happened(Y/N)
20bc995f-c3de-4789-bd7a-34cf1a313b0c,Is the cook multitasking between cooking and another activity?,Yes.,"Yes, the cook is seen handling a spoon and stirring something in a bowl while another person stands nearby.",Whether Something Happened(Y/N)
20bc995f-c3de-4789-bd7a-34cf1a313b0c,Does the cook appear to be preparing food for more than one person?,Yes.,"Yes, the cook appears to be preparing food for more than one person.",Whether Something Happened(Y/N)
20bc995f-c3de-4789-bd7a-34cf1a313b0c,Did the discussion with man X and man Y happen before serving woman Z?,No,"No, the discussion with man X and man Y happened after serving woman Z.",Order Judging(Y/N)
20bc995f-c3de-4789-bd7a-34cf1a313b0c,What event happened before the phone conversation?,Serving a different customer,"Before the phone conversation, a person was seen preparing food at an outdoor stall.",What event order
20bc995f-c3de-4789-bd7a-34cf1a313b0c,Was food made for woman A after the interaction with woman B?,Yes,"Yes, food was made for woman A after the interaction with woman B.",Order Judging(Y/N)
20bc995f-c3de-4789-bd7a-34cf1a313b0c,Did the phone conversation occur before discussing with man Y?,Yes,"No, the phone conversation did not occur before discussing with man Y.",Order Judging(Y/N)
20bc995f-c3de-4789-bd7a-34cf1a313b0c,What is seen happening before making food for man B?,Talked on the phone,"Before making food for man B, the person is seen preparing a dish on a metal plate.",What event order
20bc995f-c3de-4789-bd7a-34cf1a313b0c,What took place just before making food for woman A?,Talked on the phone,"Just before making food for woman A, the person was seen holding a small container and preparing to add ingredients into the dish.",What event order
20bc995f-c3de-4789-bd7a-34cf1a313b0c,What is the location of the scene in the video?,The location is at a food stand.,The scene is set in a bustling street food stall at night.,Scene Summary
20bc995f-c3de-4789-bd7a-34cf1a313b0c,How many customers are being interacted with?,Three customers are being interacted with.,Two customers are being interacted with.,Scene Summary
20bc995f-c3de-4789-bd7a-34cf1a313b0c,Does the frame show the server handing pani puris to a customer?,Yes.,"Yes, the frame shows the server handing pani puris to a customer.",Whether Something Happened(Y/N)
20bc995f-c3de-4789-bd7a-34cf1a313b0c,Is the shown frame depicting an indoor activity?,No.,"No. The frame is showing an outdoor activity, specifically a street food stall with various dishes and utensils.",Whether Something Happened(Y/N)
20bc995f-c3de-4789-bd7a-34cf1a313b0c,Does the video involve interaction between the server and customers?,Yes.,"Yes, the video shows a customer interacting with the server by holding a small container and asking for food.",Whether Something Happened(Y/N)
20bc995f-c3de-4789-bd7a-34cf1a313b0c,Is the phone conversation happening before making food for woman A?,Yes,"Yes, the phone conversation is happening before making food for woman A.",Order Judging(Y/N)
20bc995f-c3de-4789-bd7a-34cf1a313b0c,Does man Z get served before the phone conversation starts?,No,"No, man Z does not get served before the phone conversation starts.",Order Judging(Y/N)
20bc995f-c3de-4789-bd7a-34cf1a313b0c,"In the video, is the interaction with man X and Y before the food preparation for woman A and man B?",No,"Yes, the interaction with man X and Y before the food preparation for woman A and man B is not visible in the video.",Order Judging(Y/N)
20bc995f-c3de-4789-bd7a-34cf1a313b0c,Do I talk to man Z before making food for woman A and man B?,No.,"No, you don't talk to the man Z before making food for woman A and man B.",Order Judging(Y/N)
20bc995f-c3de-4789-bd7a-34cf1a313b0c,Is the food prepared for woman Z before the interaction with man Z?,Yes.,"Yes, the food is prepared for woman Z before the interaction with man Z.",Order Judging(Y/N)
20bc995f-c3de-4789-bd7a-34cf1a313b0c,What do I do before making food for woman A and man B?,Talking on the phone.,"Before making food for woman A and man B, you should first check the cash register to ensure everything is accounted for.",What event order
20bc995f-c3de-4789-bd7a-34cf1a313b0c,How many individuals does the camera wearer interact with?,Three individuals.,The camera wearer interacts with two individuals.,Scene Summary
20bc995f-c3de-4789-bd7a-34cf1a313b0c,Are there any objects visible in the scene?,"Yes, food and serving utensils.","Yes, there are various objects visible in the scene, including a hand holding a smartphone and a person wearing a pink shirt.",Scene Summary
20bc995f-c3de-4789-bd7a-34cf1a313b0c,Is the environment depicted busy or calm?,"Busy, with serving and conversation happening.",The environment depicted is busy.,Scene Summary
20bc995f-c3de-4789-bd7a-34cf1a313b0c,Did the camera wearer carry out more than one task?,"Yes, serving and conversing.","Yes, the camera wearer was seen holding a smartphone and interacting with it while standing near the food stall.",Action Caption
20bc995f-c3de-4789-bd7a-34cf1a313b0c,Did the serving of food appear organized or haphazard?,"Organized, with food laid out.","The serving of food appears to be organized, with the items neatly arranged on the table.",Action Caption
20bc995f-c3de-4789-bd7a-34cf1a313b0c,Are all men engaged in eating or just conversing?,"Only one is shown eating, others converse.","The video shows a man eating from a bowl, but there is also another person in the background who appears to be conversing with him.",Action Caption
20bc995f-c3de-4789-bd7a-34cf1a313b0c,Was there verbal exchange under the tent?,Yes.,"Yes, there was verbal exchange under the tent.",Whether Something Happened(Y/N)
20bc995f-c3de-4789-bd7a-34cf1a313b0c,Is there visible evidence of food being consumed in the frame?,Yes.,"Yes, there is a hand holding a smartphone in the frame, suggesting that someone might be taking a photo or recording the scene.",Whether Something Happened(Y/N)
20bc995f-c3de-4789-bd7a-34cf1a313b0c,Does the scene suggest any sign of a rush or urgency?,"No, it appears orderly.","Yes, the scene suggests a rush or urgency due to the person's actions and the busy environment around them.",Whether Something Happened(Y/N)
20bc995f-c3de-4789-bd7a-34cf1a313b0c,Is the preparation of pani puris shown before serving them to man X and Y?,Yes,"Yes, the preparation of pani puris is shown before serving them to man X and Y.",Order Judging(Y/N)
20bc995f-c3de-4789-bd7a-34cf1a313b0c,Do I talk on the phone prior to serving food under the food tent?,Yes,"Yes, you can see the person holding a phone in their hand before they start serving food under the food tent.",Order Judging(Y/N)
20bc995f-c3de-4789-bd7a-34cf1a313b0c,What occurs just before serving food to man A under the food tent?,Preparing food,"Just before serving food to man A under the food tent, a person holding a smartphone appears and interacts with him.",What event order
20bc995f-c3de-4789-bd7a-34cf1a313b0c,What activity is taking place at the stall?,A person is serving potato balls and gruel.,"The activity taking place at the stall is serving food, with a person scooping up and eating from a bowl.",Scene Summary
20bc995f-c3de-4789-bd7a-34cf1a313b0c,Who is interacting at the food stall?,"A server, a woman, and a girl.",A person wearing a blue shirt is interacting at the food stall.,Scene Summary
20bc995f-c3de-4789-bd7a-34cf1a313b0c,What type of service is depicted at the stall?,Food service involving potato balls and gruel.,"The service at the stall appears to be a food preparation or serving, as indicated by the presence of various dishes and utensils.",Scene Summary
20bc995f-c3de-4789-bd7a-34cf1a313b0c,Who is preparing the food in the video clip?,The server at the stall.,A person is preparing the food in the video clip.,Action Caption
20bc995f-c3de-4789-bd7a-34cf1a313b0c,What actions can be seen in the frame provided?,Preparing and serving food at the stall.,"The frame shows a person scooping food from a large pot, pouring it into a bowl, and then placing the spoon back on the pot. The scene also includes various other activities such as scooping more food from another pot, handling utensils, and interacting with someone in the background.",Action Caption
20bc995f-c3de-4789-bd7a-34cf1a313b0c,Is the food being freshly prepared or pre-packaged?,"Freshly prepared, as seen in the video.","The food is being freshly prepared, as indicated by the hand holding a small container and the person pouring it into a bowl.",Action Caption
20bc995f-c3de-4789-bd7a-34cf1a313b0c,Does the server use any special tools for serving?,Not evident in the provided frame.,"Yes, the server uses a spoon to scoop up the food and then places it into a bowl.",Action Caption
20bc995f-c3de-4789-bd7a-34cf1a313b0c,Does the video show the server using a foam plate for serving?,Yes.,"Yes, the server is seen using a foam plate to scoop up food from the bowl.",Whether Something Happened(Y/N)
20bc995f-c3de-4789-bd7a-34cf1a313b0c,Can we see any cooking equipment in the video?,"Yes, in the provided frame.","Yes, there are various cooking equipment visible in the video.",Whether Something Happened(Y/N)
20bc995f-c3de-4789-bd7a-34cf1a313b0c,Did the serving of potato balls occur before serving gruel?,Yes,"Yes, the serving of potato balls occurred before serving gruel.",Order Judging(Y/N)
20bc995f-c3de-4789-bd7a-34cf1a313b0c,Was the conversation with man E before serving food to the woman Z?,No,"No, the conversation with man E was not before serving food to the woman Z.",Order Judging(Y/N)
20bc995f-c3de-4789-bd7a-34cf1a313b0c,What event occurs just before serving food to man A?,Being under a food tent,"Just before serving food to man A, the scene transitions from a bustling street-side food stall to an indoor setting where a person is seen holding a small container and interacting with a large pot.",What event order
20bc995f-c3de-4789-bd7a-34cf1a313b0c,What happens right before serving potato balls?,Interacting with a group of people,"A person is seen holding a small container, possibly containing a dipping sauce or seasoning.",What event order
20bc995f-c3de-4789-bd7a-34cf1a313b0c,What event happens before interacting with a group of people?,Being at a stall,"Before interacting with a group of people, the person is seen preparing food at a street food stall.",What event order
20bc995f-c3de-4789-bd7a-34cf1a313b0c,Did the serving of potato balls happen before the gruel in foam plates?,No,"Yes, the serving of potato balls happened before the gruel in foam plates.",Order Judging(Y/N)
20bc995f-c3de-4789-bd7a-34cf1a313b0c,"In the video, is the food tent scene before the interaction with the group of people?",No,"No, the food tent scene is not before the interaction with the group of people.",Order Judging(Y/N)
20bc995f-c3de-4789-bd7a-34cf1a313b0c,What do we see happening just before the food stand scene?,Serving at a stall,"Just before the food stand scene, we see a person holding a small container and interacting with the food on the table.",What event order
20bc995f-c3de-4789-bd7a-34cf1a313b0c,What's the setting of the video clip?,Inside a food kiosk.,"The setting of the video clip is a bustling street food stall with vibrant colors and various dishes on display, including a large metal bowl filled with a mixture that appears to be a type of curry or stew.",Scene Summary
20bc995f-c3de-4789-bd7a-34cf1a313b0c,What is the primary activity occurring?,Food preparation and sales.,The primary activity is the preparation and serving of food at a street food stall.,Scene Summary
20bc995f-c3de-4789-bd7a-34cf1a313b0c,Are there any customers present in the video?,"Yes, a group of people.","No, there are no customers present in the video.",Scene Summary
20bc995f-c3de-4789-bd7a-34cf1a313b0c,What can be seen in the kiosk besides the food?,Food ingredients and cooking utensils.,"The kiosk is filled with various food items, including a large metal bowl containing a mixture of ingredients and utensils.",Scene Summary
20bc995f-c3de-4789-bd7a-34cf1a313b0c,What type of food is being sold?,It is not specified.,"The video shows a person preparing food at an outdoor street food stall. The visible items on the table include a large metal bowl with various ingredients and utensils, suggesting that it is likely a type of curry or stew being prepared for sale.",Action Caption
20bc995f-c3de-4789-bd7a-34cf1a313b0c,Is the food seller working alone?,It's not clear from the clip.,"Yes, the food seller is working alone in the video.",Action Caption
20bc995f-c3de-4789-bd7a-34cf1a313b0c,Does the video show the exchange of goods for payment?,It is not confirmed.,"Yes, the video shows a person holding a small container and placing it into one of the metal bowls on the counter.",Action Caption
20bc995f-c3de-4789-bd7a-34cf1a313b0c,Does the video show the food being cooked?,No.,"Yes, the video shows the food being cooked on a large metal plate.",Whether Something Happened(Y/N)
20bc995f-c3de-4789-bd7a-34cf1a313b0c,Does the video show the food being packaged?,"No, it shows it being prepared.","Yes, the video shows a person in the process of packaging food/INFO",Whether Something Happened(Y/N)
20bc995f-c3de-4789-bd7a-34cf1a313b0c,Is there any indication of the kiosk's location being outdoors?,No.,"Yes, the kiosk is situated outdoors as indicated by the natural light and shadows visible on its surface.",Whether Something Happened(Y/N)
20bc995f-c3de-4789-bd7a-34cf1a313b0c,"In the video, is the gruel served after the interaction with the group of people?",Yes,"Yes, the gruel is served after the interaction with the group of people.",Order Judging(Y/N)
20bc995f-c3de-4789-bd7a-34cf1a313b0c,Was I at the kiosk before serving potato balls and gruel?,No,"Yes, you were at the kiosk before serving potato balls and gruel.",Order Judging(Y/N)
20bc995f-c3de-4789-bd7a-34cf1a313b0c,Did I sell food before I prepared it in the kiosk?,No,"Yes, the video shows a person preparing food in front of a kiosk with various dishes and utensils.",Order Judging(Y/N)
20bc995f-c3de-4789-bd7a-34cf1a313b0c,Is the food sold to the group of people after I prepared it?,Yes,"No, the food is still in a pan on the stove after I prepared it.",Order Judging(Y/N)
20bc995f-c3de-4789-bd7a-34cf1a313b0c,What event took place before serving food to a group of people?,Prepared food in the kiosk,The video does not provide information about a specific event taking place before serving food to a group of people.,What event order
20bc995f-c3de-4789-bd7a-34cf1a313b0c,Did I serve gruel before serving potato balls?,No,"Yes, the person in the video is seen holding a spoonful of gruel before serving potato balls.",Order Judging(Y/N)
