row_index,video_id,question,answer,pred_answer,task,correct,score,raw_judgment
0,9198b9a4-8d8f-4ba6-9924-4c86982d890a,What task is being performed with vegetables?,Chopping vegetables.,The task being performed with vegetables is chopping.,Scene Summary,yes,5,"{""correct"": ""yes"", ""score"": 5}"
1,9198b9a4-8d8f-4ba6-9924-4c86982d890a,What step is being taken with flatbread?,Wrapping sauce in flatbread.,The person in the video is seen placing a piece of flatbread into a bowl.,Scene Summary,no,1,"{""correct"": ""no"", ""score"": 1}"
2,9198b9a4-8d8f-4ba6-9924-4c86982d890a,What kitchen fixture is being utilized?,Opening a cabinet.,The kitchen is equipped with a stove and an oven.,Scene Summary,no,0,"{""correct"": ""no"", ""score"": 0}"
3,9198b9a4-8d8f-4ba6-9924-4c86982d890a,What's the overview of the action in the clip?,Preparing ingredients for a meal.,"The clip shows a person in the process of preparing food, specifically making tacos. The scene includes various ingredients and kitchen tools on the counter, such as a bowl of chopped vegetables, a knife, and a plate with tortillas. The person is seen adding ingredients to the tortillas, likely for cooking or serving.",Action Caption,yes,5,"{""correct"": ""yes"", ""score"": 5}"
4,9198b9a4-8d8f-4ba6-9924-4c86982d890a,Does the video show someone chopping vegetables?,Yes.,"Yes, the video shows someone chopping vegetables on a cutting board.",Whether Something Happened(Y/N),yes,5,"{""correct"": ""yes"", ""score"": 5}"
5,9198b9a4-8d8f-4ba6-9924-4c86982d890a,Did the individual successfully open a kitchen cabinet?,Yes.,"Yes, the individual successfully opened a kitchen cabinet to access additional ingredients and utensils.",Whether Something Happened(Y/N),yes,5,"{""correct"": ""yes"", ""score"": 5}"
6,9198b9a4-8d8f-4ba6-9924-4c86982d890a,Is the flatbread being seasoned with sauce?,Yes.,Yes,Whether Something Happened(Y/N),yes,5,"{""correct"": ""yes"", ""score"": 5}"
7,9198b9a4-8d8f-4ba6-9924-4c86982d890a,Is there an occurrence of food being wrapped?,Yes.,Yes.,Whether Something Happened(Y/N),yes,5,"{""correct"": ""yes"", ""score"": 5}"
8,9198b9a4-8d8f-4ba6-9924-4c86982d890a,Is the person using a knife for cooking tasks?,Yes.,"Yes, the person is using a knife to chop vegetables and prepare ingredients for cooking.",Whether Something Happened(Y/N),yes,5,"{""correct"": ""yes"", ""score"": 5}"
9,9198b9a4-8d8f-4ba6-9924-4c86982d890a,What is the location in the video clip?,A kitchen.,The location is a kitchen.,Scene Summary,yes,5,"{""correct"": ""yes"", ""score"": 5}"
10,9198b9a4-8d8f-4ba6-9924-4c86982d890a,What kitchen activity is underway in the clip?,Cutting vegetables.,"The kitchen activity underway in the clip is preparing food, specifically slicing tomatoes and chopping garlic.",Scene Summary,yes,5,"{""correct"": ""yes"", ""score"": 5}"
11,9198b9a4-8d8f-4ba6-9924-4c86982d890a,What tool does the person in the video use?,Knives.,The person uses a large knife to cut the tomatoes.,Scene Summary,yes,5,"{""correct"": ""yes"", ""score"": 5}"
12,9198b9a4-8d8f-4ba6-9924-4c86982d890a,What appliance does the person in the video handle?,The heat regulator of the cooker.,The person in the video handles a dishwasher.,Scene Summary,no,0,"{""correct"": ""no"", ""score"": 0}"
13,9198b9a4-8d8f-4ba6-9924-4c86982d890a,What part of the kitchen furniture does the person interact with?,Drawers.,The person interacts with the kitchen cabinets and drawers.,Scene Summary,yes,4,"{""correct"": ""yes"", ""score"": 4}"
14,9198b9a4-8d8f-4ba6-9924-4c86982d890a,How is the person controlling the cooking temperature?,Operating the heat regulator.,The person is using a timer to ensure the tomatoes are cooked evenly.,Action Caption,no,0,"{""correct"": ""no"", ""score"": 0}"
15,9198b9a4-8d8f-4ba6-9924-4c86982d890a,What can be inferred from the person's actions with the drawers?,Searching or organizing.,"The person is meticulously preparing ingredients, likely for a recipe that requires slicing tomatoes.",Action Caption,no,0,"{""correct"": ""no"", ""score"": 0}"
16,9198b9a4-8d8f-4ba6-9924-4c86982d890a,Does the clip show any cooking taking place?,"No direct cooking, only preparation.","Yes, the clip shows a close-up of hands chopping tomatoes on a cutting board in preparation for cooking.",Action Caption,no,1,"{""correct"": ""no"", ""score"": 1}"
17,9198b9a4-8d8f-4ba6-9924-4c86982d890a,Did the person successfully cut the vegetables?,Yes.,"Yes, the person successfully cut the tomatoes into smaller pieces.",Whether Something Happened(Y/N),yes,5,"{""correct"": ""yes"", ""score"": 5}"
18,9198b9a4-8d8f-4ba6-9924-4c86982d890a,Was the heat regulator adjusted to a specific level?,"Yes, it was operated.","Yes, the heat regulator was adjusted to a specific level.",Whether Something Happened(Y/N),yes,5,"{""correct"": ""yes"", ""score"": 5}"
19,9198b9a4-8d8f-4ba6-9924-4c86982d890a,Did the person use any other kitchen tools besides knives?,Heat regulator only mentioned.,"Yes, the person also used a fork and a spatula to assist in the preparation of the dish.",Whether Something Happened(Y/N),no,0,"{""correct"": ""no"", ""score"": 0}"
20,9198b9a4-8d8f-4ba6-9924-4c86982d890a,Is the cabinet opened before wrapping the sauce in flat bread?,No,"Yes, the cabinet is opened before wrapping the sauce in flat bread.",Order Judging(Y/N),no,0,"{""correct"": ""no"", ""score"": 0}"
21,9198b9a4-8d8f-4ba6-9924-4c86982d890a,Do I cut vegetables before operating the heat regulator on the cooker?,Yes,"Yes, the person is seen holding a knife and slicing vegetables on the cutting board before operating the heat regulator.",Order Judging(Y/N),yes,5,"{""correct"": ""yes"", ""score"": 5}"
22,9198b9a4-8d8f-4ba6-9924-4c86982d890a,Is the drawer opened before the vegetables are chopped?,No,"Yes, the drawerNECTO egg carton is opened before the vegetables are chopped.",Order Judging(Y/N),no,0,"{""correct"": ""no"", ""score"": 0}"
23,9198b9a4-8d8f-4ba6-9924-4c86982d890a,Does wrapping sauce in flat bread happen after cutting vegetables?,Yes,"Yes, after cutting the vegetables and wrapping them in a flatbread, the hands continue to wrap sauce around the bread.",Order Judging(Y/N),yes,5,"{""correct"": ""yes"", ""score"": 5}"
24,9198b9a4-8d8f-4ba6-9924-4c86982d890a,Do I open the cabinet before chopping the vegetables?,No,"Yes, the person opens a cabinet before chopping the vegetables.",Order Judging(Y/N),no,0,"{""correct"": ""no"", ""score"": 0}"
25,9198b9a4-8d8f-4ba6-9924-4c86982d890a,What occurs just before wrapping the sauce in flat bread?,Chopping vegetables,"Just before wrapping the sauce in flat bread, a hand is seen holding a knife and placing it on top of the tomato slices.",What event order,no,1,"{""correct"": ""no"", ""score"": 1}"
26,9198b9a4-8d8f-4ba6-9924-4c86982d890a,What takes place right before operating the heat regulator of the cooker?,Cutting vegetables with knives,"A person is seen adjusting the heat regulator of a stove, preparing to cook.",What event order,no,0,"{""correct"": ""no"", ""score"": 0}"
27,9198b9a4-8d8f-4ba6-9924-4c86982d890a,What setting is shown in this video clip?,A kitchen.,The setting shown in this video clip is a kitchen.,Scene Summary,yes,5,"{""correct"": ""yes"", ""score"": 5}"
28,9198b9a4-8d8f-4ba6-9924-4c86982d890a,What task is being performed with tomatoes?,Cutting tomatoes.,The task being performed with tomatoes is preparing a dish that involves adding tomato paste to the tortillas.,Scene Summary,no,1,"{""correct"": ""no"", ""score"": 1}"
29,9198b9a4-8d8f-4ba6-9924-4c86982d890a,Is there an electronic device being used in this scene?,"Yes, a mobile phone.",Yes.,Scene Summary,no,2,"{""correct"": ""no"", ""score"": 2}"
30,9198b9a4-8d8f-4ba6-9924-4c86982d890a,How is the sauce being utilized in the cooking process?,By spreading it on flatbreads.,"The sauce is being poured over the rolled tortillas, which are then placed on a griddle to cook.",Action Caption,no,1,"{""correct"": ""no"", ""score"": 1}"
31,9198b9a4-8d8f-4ba6-9924-4c86982d890a,What activity is occurring aside from food preparation?,Operating a mobile phone.,"A person is holding a tortilla, possibly preparing to wrap it.",Action Caption,no,0,"{""correct"": ""no"", ""score"": 0}"
32,9198b9a4-8d8f-4ba6-9924-4c86982d890a,What manual task is depicted involving food items?,"Cutting vegetables, specifically tomatoes.","The manual task depicted involves the person preparing tortillas, which are then being filled with a mixture from a pot on the stove.",Action Caption,no,0,"{""correct"": ""no"", ""score"": 0}"
33,9198b9a4-8d8f-4ba6-9924-4c86982d890a,Is someone chopping vegetables in the video?,Yes.,"Yes, someone is chopping vegetables on the countertop in the video.",Whether Something Happened(Y/N),yes,5,"{""correct"": ""yes"", ""score"": 5}"
34,9198b9a4-8d8f-4ba6-9924-4c86982d890a,Is the sauce being poured into a bowl?,"No, it's being rolled in flatbreads.","No, the sauce is being poured into a pan on the stove.",Whether Something Happened(Y/N),no,1,"{""correct"": ""no"", ""score"": 1}"
35,9198b9a4-8d8f-4ba6-9924-4c86982d890a,Is a cooking activity happening in a bedroom?,"No, it's happening in a kitchen.","No, the kitchen is not a bedroom; it's a cooking activity taking place in a home setting.",Whether Something Happened(Y/N),no,3,"{""correct"": ""no"", ""score"": 3}"
36,9198b9a4-8d8f-4ba6-9924-4c86982d890a,Does the frame capture the act of grilling or frying?,No.,"Yes, the frame captures both grilling and frying stages of the food preparation process.",Whether Something Happened(Y/N),no,0,"{""correct"": ""no"", ""score"": 0}"
37,9198b9a4-8d8f-4ba6-9924-4c86982d890a,"In the video, are vegetables cut before the heat regulator is operated?",Yes,"Yes, vegetables are cut before the heat regulator is operated.",Order Judging(Y/N),yes,5,"{""correct"": ""yes"", ""score"": 5}"
38,9198b9a4-8d8f-4ba6-9924-4c86982d890a,Does rolling sauce in flatbreads occur after cutting tomatoes?,Yes,"Yes, after cutting tomatoes, the rolling sauce is added to the flatbreads.",Order Judging(Y/N),yes,5,"{""correct"": ""yes"", ""score"": 5}"
39,9198b9a4-8d8f-4ba6-9924-4c86982d890a,Does the opening of the drawers happen before using the mobile phone?,No,"No, the opening of the drawers happens after using the mobile phone.",Order Judging(Y/N),yes,5,"{""correct"": ""yes"", ""score"": 5}"
40,9198b9a4-8d8f-4ba6-9924-4c86982d890a,Is the heat regulator operated before rolling sauce in flatbreads?,No,"Yes, the heat regulator is turned on before rolling sauce in flatbreads.",Order Judging(Y/N),no,0,"{""correct"": ""no"", ""score"": 0}"
41,9198b9a4-8d8f-4ba6-9924-4c86982d890a,What occurs just before rolling sauce in flatbreads?,Cutting tomatoes with a knife.,"Just before rolling sauce in flatbreads, the person uses a spatula to spread some of the sauce evenly over one of the rolled flatbreads.",What event order,no,0,"{""correct"": ""no"", ""score"": 0}"
42,9198b9a4-8d8f-4ba6-9924-4c86982d890a,What happens just before operating the heat regulator?,Cutting vegetables with knives.,"Just before operating the heat regulator, a person is seen holding a smartphone and adjusting it to ensure proper temperature control.",What event order,no,0,"{""correct"": ""no"", ""score"": 0}"
43,9198b9a4-8d8f-4ba6-9924-4c86982d890a,What is done just before opening drawers in the kitchen?,Operating the heat regulator of the cooker.,"Just before opening drawers in the kitchen, a person is seen holding a red container and a smartphone.",What event order,no,0,"{""correct"": ""no"", ""score"": 0}"
44,9198b9a4-8d8f-4ba6-9924-4c86982d890a,What activity occurs just before operating a mobile phone?,Rolling sauce in flatbreads.,"Just before operating a mobile phone, the person is seen holding a red container and a smartphone.",What event order,no,0,"{""correct"": ""no"", ""score"": 0}"
45,9198b9a4-8d8f-4ba6-9924-4c86982d890a,Is the cabinet opened before the vegetables are chopped?,No,"Yes, the cabinet is opened before the vegetables are chopped.",Order Judging(Y/N),no,0,"{""correct"": ""no"", ""score"": 0}"
46,9198b9a4-8d8f-4ba6-9924-4c86982d890a,Does operating the heat regulator happen after chopping vegetables?,Yes,"Yes, the person is seen adjusting the heat regulator while chopping vegetables.",Order Judging(Y/N),no,1,"{""correct"": ""no"", ""score"": 1}"
47,9198b9a4-8d8f-4ba6-9924-4c86982d890a,Is wrapping sauce in flat bread before cutting vegetables?,No,"Yes, the person is seen wrapping sauce in flat bread before cutting vegetables.",Order Judging(Y/N),no,0,"{""correct"": ""no"", ""score"": 0}"
48,9198b9a4-8d8f-4ba6-9924-4c86982d890a,Do I use the mobile phone before opening drawers?,Yes,"Yes, you use the mobile phone before opening drawers.",Order Judging(Y/N),yes,5,"{""correct"": ""yes"", ""score"": 5}"
49,9198b9a4-8d8f-4ba6-9924-4c86982d890a,What happens just before the cabinet is opened in the video?,Chopping vegetables,"Just before the cabinet is opened, a person's hand reaches for the red lid of the plastic container.",What event order,no,0,"{""correct"": ""no"", ""score"": 0}"
50,9198b9a4-8d8f-4ba6-9924-4c86982d890a,What occurs immediately before operating the heat regulator?,Cutting vegetables with knives,A person with red nail polish is seen adjusting the heat regulator on the stove.,What event order,no,0,"{""correct"": ""no"", ""score"": 0}"
51,9198b9a4-8d8f-4ba6-9924-4c86982d890a,What do I do right before rolling sauce in flat breads?,Cutting tomatoes,You should roll the sauce in a small bowl and then use your hands to shape it into a ball.,What event order,no,0,"{""correct"": ""no"", ""score"": 0}"
52,9198b9a4-8d8f-4ba6-9924-4c86982d890a,What action takes place just before using the mobile phone?,Rolling sauce in flat breads,"Just before using the mobile phone, a hand is seen holding a red container and pointing towards it.",What event order,no,0,"{""correct"": ""no"", ""score"": 0}"
53,9198b9a4-8d8f-4ba6-9924-4c86982d890a,What is done directly before opening drawers in the kitchen?,Operating the heat regulator.,"The person is seen opening drawers in the kitchen, possibly to access ingredients or tools.",What event order,no,0,"{""correct"": ""no"", ""score"": 0}"
54,9198b9a4-8d8f-4ba6-9924-4c86982d890a,What is the setting of the latest video frame?,A kitchen.,"The setting of the latest video frame is a kitchen with a Christmas tree in the background, indicating that it might be around the holiday season.",Scene Summary,yes,5,"{""correct"": ""yes"", ""score"": 5}"
55,9198b9a4-8d8f-4ba6-9924-4c86982d890a,What can be seen on the stove in the video clip?,A pan with shawarma filling and bread.,"On the stove, there are three rolled tortillas being prepared for cooking.",Scene Summary,no,1,"{""correct"": ""no"", ""score"": 1}"
56,9198b9a4-8d8f-4ba6-9924-4c86982d890a,How many pans are on the stove in the video?,Two pans.,There are two pans on the stove in the video.,Scene Summary,yes,5,"{""correct"": ""yes"", ""score"": 5}"
57,9198b9a4-8d8f-4ba6-9924-4c86982d890a,What objects are visible on the kitchen counter in the video?,Ingredients and utensils.,"On the kitchen counter, there are various ingredients and utensils such as a bowl of chopped vegetables, a plate with tortillas, a spatula, and some spices.",Scene Summary,yes,5,"{""correct"": ""yes"", ""score"": 5}"
58,9198b9a4-8d8f-4ba6-9924-4c86982d890a,What cooking process is happening in the new frames?,Shawarma filling is being prepared.,"The new frames show the person preparing tortillas, adding toppings to them and cooking them on a stovetop.",Action Caption,no,1,"{""correct"": ""no"", ""score"": 1}"
59,9198b9a4-8d8f-4ba6-9924-4c86982d890a,What action was the cook performing?,Adding bread to the shawarma filling.,"The cook was preparing a dish by rolling tortillas filled with a mixture of vegetables and meat, then placing them onto a pan on the stove.",Action Caption,no,1,"{""correct"": ""no"", ""score"": 1}"
60,9198b9a4-8d8f-4ba6-9924-4c86982d890a,How is the cook interacting with the food?,By stirring and combining ingredients.,"The cook is actively involved in the cooking process, using a spatula to flip tortillas and stirring them with a fork.",Action Caption,no,2,"{""correct"": ""no"", ""score"": 2}"
61,9198b9a4-8d8f-4ba6-9924-4c86982d890a,Describe the cook's technique in the video clip.,Carefully scooping and spreading filling onto bread.,"The cook is seen using a spatula to carefully fold the tortillas, ensuring they are evenly spread and cooked. The video captures various stages of this process, from folding the tortilla to placing it into the pan with the filling.",Action Caption,no,1,"{""correct"": ""no"", ""score"": 1}"
62,9198b9a4-8d8f-4ba6-9924-4c86982d890a,Is there more than one dish being cooked simultaneously?,Yes.,"Yes, there are two dishes being cooked simultaneously on the stove.",Whether Something Happened(Y/N),yes,5,"{""correct"": ""yes"", ""score"": 5}"
63,9198b9a4-8d8f-4ba6-9924-4c86982d890a,Is the cook wearing any protective gloves in the video?,No.,"No, the cook is not wearing any protective gloves in the video.",Whether Something Happened(Y/N),yes,5,"{""correct"": ""yes"", ""score"": 5}"
64,9198b9a4-8d8f-4ba6-9924-4c86982d890a,Does the video capture the addition of toppings to the shawarma?,No.,"Yes, the video captures the addition of toppings to the shawarma by placing a spoonful of shredded cheese on top and then adding more toppings.",Whether Something Happened(Y/N),no,0,"{""correct"": ""no"", ""score"": 0}"
65,9198b9a4-8d8f-4ba6-9924-4c86982d890a,Is the mobile phone operated before rolling sauce in flat breads?,No,"Yes, the mobile phone is used to roll sauce in flat breads before they are placed on a tray.",Order Judging(Y/N),no,0,"{""correct"": ""no"", ""score"": 0}"
66,9198b9a4-8d8f-4ba6-9924-4c86982d890a,Do I cut the tomatoes before preparing the shawarma?,Yes,"Yes, the person in the video is seen cutting the tomatoes before preparing the shawarma.",Order Judging(Y/N),yes,5,"{""correct"": ""yes"", ""score"": 5}"
67,9198b9a4-8d8f-4ba6-9924-4c86982d890a,Is the shawarma prepared before cutting tomatoes?,No,Yes,Order Judging(Y/N),no,0,"{""correct"": ""no"", ""score"": 0}"
68,9198b9a4-8d8f-4ba6-9924-4c86982d890a,Do I roll sauce in flat breads after cutting tomatoes?,Yes,"Yes, you roll sauce in flat breads after cutting tomatoes.",Order Judging(Y/N),yes,5,"{""correct"": ""yes"", ""score"": 5}"
69,9198b9a4-8d8f-4ba6-9924-4c86982d890a,Is the mobile phone operated after preparing the shawarma?,Yes,"Yes, the mobile phone is operated after preparing the shawarma.",Order Judging(Y/N),yes,5,"{""correct"": ""yes"", ""score"": 5}"
70,9198b9a4-8d8f-4ba6-9924-4c86982d890a,What action occurs just before I operated the mobile phone?,Rolling sauce in flat breads,"Just before I operated the mobile phone, a person is seen holding a bowl of chopped garlic.",What event order,no,0,"{""correct"": ""no"", ""score"": 0}"
71,9198b9a4-8d8f-4ba6-9924-4c86982d890a,What do I do before cutting the tomatoes?,"Nothing, it is the first action.","Before cutting the tomatoes, you should first remove any stems or leaves from them.",What event order,no,0,"{""correct"": ""no"", ""score"": 0}"
72,9198b9a4-8d8f-4ba6-9924-4c86982d890a,What occurs just before preparing the shawarma?,Operating the mobile phone,"Just before preparing the shawarma, a person is seen holding a glass bowl filled with minced garlic and placing it on the counter.",What event order,no,0,"{""correct"": ""no"", ""score"": 0}"
73,9198b9a4-8d8f-4ba6-9924-4c86982d890a,"In the video, did I open the kitchen drawers before cutting vegetables?",No,"Yes, the person in the video opens a drawer before cutting vegetables.",Order Judging(Y/N),no,0,"{""correct"": ""no"", ""score"": 0}"
74,9198b9a4-8d8f-4ba6-9924-4c86982d890a,Does the cooking of shawarma happen before regulating the cooker's heat?,Yes,"Yes, the cooking of shawarma happens before regulating the cooker's heat.",Order Judging(Y/N),yes,5,"{""correct"": ""yes"", ""score"": 5}"
75,9198b9a4-8d8f-4ba6-9924-4c86982d890a,"In the video, is the mobile phone operated after the sauce is rolled in flatbreads?",Yes,"Yes, the mobile phone is operated after the sauce is rolled in flatbreads.",Order Judging(Y/N),yes,5,"{""correct"": ""yes"", ""score"": 5}"
76,9198b9a4-8d8f-4ba6-9924-4c86982d890a,Is heat regulation done before cutting tomatoes with a knife?,No,"Yes, the person is seen holding a knife and cutting tomatoes with a fork before placing them into the tortillas.",Order Judging(Y/N),no,0,"{""correct"": ""no"", ""score"": 0}"
77,9198b9a4-8d8f-4ba6-9924-4c86982d890a,"In the video sequence, what do I do before cooking shawarma?",Cut vegetables,"Before cooking shawarma, you first prepare the filling by adding ingredients to a bowl and mixing them.",What event order,no,1,"{""correct"": ""no"", ""score"": 1}"
78,9198b9a4-8d8f-4ba6-9924-4c86982d890a,Describe the setting shown in the video clip.,A kitchen where shawarma is being prepared.,"The video takes place in a kitchen with a Christmas tree decorated with lights and ornaments, suggesting the time of year is around December. The kitchen counter is cluttered with various ingredients and cooking items, including tortillas, flour, eggs, and spices. A person wearing red nail polish is seen preparing food on a stove, adding toppings to rolled tortillas.",Scene Summary,no,2,"{""correct"": ""no"", ""score"": 2}"
79,9198b9a4-8d8f-4ba6-9924-4c86982d890a,What is happening in these new frames?,Shawarma is being filled with ingredients.,"In these new frames, a person is seen holding a tortilla with a filling that appears to be meat and cheese. The scene transitions from the kitchen preparation area to a dining table where the person is about to place the filled tortilla onto a plate.",Action Caption,no,1,"{""correct"": ""no"", ""score"": 1}"
80,9198b9a4-8d8f-4ba6-9924-4c86982d890a,Is the person in the video making a meal?,Yes.,Yes,Whether Something Happened(Y/N),yes,5,"{""correct"": ""yes"", ""score"": 5}"
81,9198b9a4-8d8f-4ba6-9924-4c86982d890a,Is the kitchen the main location in these frames?,Yes.,"Yes, the kitchen is the main location in these frames.",Whether Something Happened(Y/N),yes,5,"{""correct"": ""yes"", ""score"": 5}"
82,9198b9a4-8d8f-4ba6-9924-4c86982d890a,Does the video capture the moment of grilling meat for the shawarma?,No.,"Yes, the video captures a close-up of hands grilling meat on a grill in the kitchen.",Whether Something Happened(Y/N),no,0,"{""correct"": ""no"", ""score"": 0}"
83,9198b9a4-8d8f-4ba6-9924-4c86982d890a,Are spices being added to the food in this clip?,No.,"Yes, spices are being added to the food in this clip.",Whether Something Happened(Y/N),no,0,"{""correct"": ""no"", ""score"": 0}"
84,9198b9a4-8d8f-4ba6-9924-4c86982d890a,"In the video, is the shawarma filling added to the bread before wrapping it?",Yes,"Yes, the shawarma filling is added to the bread before wrapping it.",Order Judging(Y/N),yes,5,"{""correct"": ""yes"", ""score"": 5}"
85,9198b9a4-8d8f-4ba6-9924-4c86982d890a,Does the chopping of vegetables occur before heating the pan?,No,"Yes, the chopping of vegetables occurs before heating the pan.",Order Judging(Y/N),no,0,"{""correct"": ""no"", ""score"": 0}"
86,9198b9a4-8d8f-4ba6-9924-4c86982d890a,Is the stove turned off before removing the pan from heat?,Yes,"Yes, the stove is turned off before removing the pan from heat.",Order Judging(Y/N),yes,5,"{""correct"": ""yes"", ""score"": 5}"
87,9198b9a4-8d8f-4ba6-9924-4c86982d890a,"In the video, is the bread placed on the pan before adding fillings?",Yes,"Yes, the bread is placed on a pan before adding fillings.",Order Judging(Y/N),yes,5,"{""correct"": ""yes"", ""score"": 5}"
88,9198b9a4-8d8f-4ba6-9924-4c86982d890a,Is the shawarma served before adding sauce?,No,"Yes, the shawarma is served with a dollop of sauce on top before being folded and placed into the bowl.",Order Judging(Y/N),no,0,"{""correct"": ""no"", ""score"": 0}"
89,9198b9a4-8d8f-4ba6-9924-4c86982d890a,What do I do before adding the shawarma filling to the bread?,Chop vegetables,"Before adding the shawarma filling to the bread, you should first roll out the tortillas and place them on a baking tray.",What event order,no,0,"{""correct"": ""no"", ""score"": 0}"
90,9198b9a4-8d8f-4ba6-9924-4c86982d890a,What is done before turning off the stove?,Cook shawarma,"Before turning off the stove, the person is seen holding a spatula and stirring the filling in the pan.",What event order,no,1,"{""correct"": ""no"", ""score"": 1}"
91,9198b9a4-8d8f-4ba6-9924-4c86982d890a,What is the immediate step before serving the shawarma?,Add sauce,The immediate step before serving the shawarma is spreading a layer of shredded cheese on each wrap.,What event order,no,0,"{""correct"": ""no"", ""score"": 0}"
92,9198b9a4-8d8f-4ba6-9924-4c86982d890a,"In the video, is the sauce added to the flat bread before cutting the tomatoes?",No,"Yes, the sauce is added to the flat bread before cutting the tomatoes.",Order Judging(Y/N),no,0,"{""correct"": ""no"", ""score"": 0}"
93,9198b9a4-8d8f-4ba6-9924-4c86982d890a,Does the person operate the mobile phone after rolling the sauce in the flat breads?,Yes,"Yes, the person uses the mobile phone to take a photo of the food preparation process.",Order Judging(Y/N),yes,5,"{""correct"": ""yes"", ""score"": 5}"
94,9198b9a4-8d8f-4ba6-9924-4c86982d890a,Is the shawarma prepared before the tomatoes are cut with a knife?,Yes,"Yes, the shawarma is prepared before the tomatoes are cut with a knife.",Order Judging(Y/N),yes,5,"{""correct"": ""yes"", ""score"": 5}"
95,9198b9a4-8d8f-4ba6-9924-4c86982d890a,"In the video, does rolling the sauce happen before the shawarma preparation?",No,"Yes, the rolling of sauce happens before the shawarma preparation.",Order Judging(Y/N),no,0,"{""correct"": ""no"", ""score"": 0}"
96,9198b9a4-8d8f-4ba6-9924-4c86982d890a,Is the flat bread used before operating the mobile phone?,Yes,"Yes, the flat bread is used before operating the mobile phone.",Order Judging(Y/N),yes,5,"{""correct"": ""yes"", ""score"": 5}"
97,9198b9a4-8d8f-4ba6-9924-4c86982d890a,What setting is portrayed in the latest clip?,A kitchen setting.,"The latest clip portrays a festive setting, likely during the holiday season, with Christmas decorations visible in the background.",Scene Summary,no,1,"{""correct"": ""no"", ""score"": 1}"
98,9198b9a4-8d8f-4ba6-9924-4c86982d890a,What activity is featured in the frame?,Preparing shawarma.,"The activity featured in the frame is cooking, specifically making tortillas.",Scene Summary,no,1,"{""correct"": ""no"", ""score"": 1}"
99,9198b9a4-8d8f-4ba6-9924-4c86982d890a,Is the shawarma preparation process completed in the clip?,No.,"Yes, the shawarma preparation process is completed in the clip. The person has finished preparing the shawarma by adding it to a bowl and placing it on top of the lettuce leaves.",Whether Something Happened(Y/N),no,0,"{""correct"": ""no"", ""score"": 0}"
100,9198b9a4-8d8f-4ba6-9924-4c86982d890a,Is there more than one person visible in the kitchen?,No.,"Yes, there is another person visible in the kitchen.",Whether Something Happened(Y/N),no,0,"{""correct"": ""no"", ""score"": 0}"
101,9198b9a4-8d8f-4ba6-9924-4c86982d890a,Does the clip show any cooking appliances being used?,No.,"No, the clip does not show any cooking appliances being used.",Whether Something Happened(Y/N),yes,5,"{""correct"": ""yes"", ""score"": 5}"
102,9198b9a4-8d8f-4ba6-9924-4c86982d890a,Is there any sign of food already cooked in the scene?,No.,"Yes, there is a bowl of tortillas visible in the background.",Whether Something Happened(Y/N),no,0,"{""correct"": ""no"", ""score"": 0}"
103,9198b9a4-8d8f-4ba6-9924-4c86982d890a,Is the person in the frame wearing gloves?,No.,"No, the person is not wearing gloves.",Whether Something Happened(Y/N),yes,5,"{""correct"": ""yes"", ""score"": 5}"
104,9198b9a4-8d8f-4ba6-9924-4c86982d890a,"In the video, is the meat added to the shawarma wrap before chopping the herbs?",No,"No, the meat is not added to the shawarma wrap before chopping the herbs.",Order Judging(Y/N),yes,5,"{""correct"": ""yes"", ""score"": 5}"
105,9198b9a4-8d8f-4ba6-9924-4c86982d890a,"In the video, is the shawarma wrap prepared before the vegetables are chopped?",Yes,"Yes, the shawarma wrap is prepared before the vegetables are chopped.",Order Judging(Y/N),yes,5,"{""correct"": ""yes"", ""score"": 5}"
106,9198b9a4-8d8f-4ba6-9924-4c86982d890a,Does chopping herbs happen after the vegetables are mixed in the bowl?,No,"Yes, the person continues to chop herbs on the cutting board after mixing them with the vegetables in the bowl.",Order Judging(Y/N),no,0,"{""correct"": ""no"", ""score"": 0}"
107,9198b9a4-8d8f-4ba6-9924-4c86982d890a,Is the shawarma meat cooked before the vegetables are cut?,Yes,"Yes, the shawarma meat is cooked before the vegetables are cut.",Order Judging(Y/N),yes,5,"{""correct"": ""yes"", ""score"": 5}"
108,9198b9a4-8d8f-4ba6-9924-4c86982d890a,What happens just before the shawarma meat is added to the wrap in the video?,The vegetables are mixed in a bowl,"Just before the shawarma meat is added to the wrap, a hand with red nail polish reaches for the green herbs on the cutting board.",What event order,no,1,"{""correct"": ""no"", ""score"": 1}"
109,9198b9a4-8d8f-4ba6-9924-4c86982d890a,What action takes place before the wrap is rolled up in the video?,The meat and vegetables are added to it,"Before the wrap is rolled up, the hands are seen holding and preparing the ingredients for wrapping.",What event order,no,2,"{""correct"": ""no"", ""score"": 2}"
110,9198b9a4-8d8f-4ba6-9924-4c86982d890a,"In the video, is the meat placed on the bread before adding vegetables?",No,"No, the meat is not placed on the bread before adding vegetables.",Order Judging(Y/N),yes,5,"{""correct"": ""yes"", ""score"": 5}"
111,9198b9a4-8d8f-4ba6-9924-4c86982d890a,Is the bread toasted before spreading the meat on it?,No,"Yes, the bread is toasted before spreading the meat on it.",Order Judging(Y/N),no,0,"{""correct"": ""no"", ""score"": 0}"
112,9198b9a4-8d8f-4ba6-9924-4c86982d890a,"In the clip, is the chopping of vegetables shown before the frying of meat?",Yes,"Yes, the chopping of vegetables is shown before the frying of meat in the video.",Order Judging(Y/N),yes,5,"{""correct"": ""yes"", ""score"": 5}"
113,9198b9a4-8d8f-4ba6-9924-4c86982d890a,Does the video show adding condiments after the meat is placed on the bread?,Yes,"No, the video does not show adding condiments after the meat is placed on the bread.",Order Judging(Y/N),no,0,"{""correct"": ""no"", ""score"": 0}"
114,9198b9a4-8d8f-4ba6-9924-4c86982d890a,What occurs just before the meat is added to the bread in the video?,Vegetables are chopped,"Just before the meat is added to the bread, a person's hands are seen holding green leaves and placing them into a bowl.",What event order,no,1,"{""correct"": ""no"", ""score"": 1}"
115,9198b9a4-8d8f-4ba6-9924-4c86982d890a,"In the video sequence, what do we see happening before the bread is picked up?",Vegetables being sautéed,"Before the bread is picked up, we see a person with red nail polish holding a bunch of fresh green herbs.",What event order,no,0,"{""correct"": ""no"", ""score"": 0}"
116,9198b9a4-8d8f-4ba6-9924-4c86982d890a,"Before the chopping of vegetables, what event is shown in the clip?",Preparing other ingredients,"The clip shows a festive Christmas tree in the background, indicating that the event is likely related to holiday celebrations.",What event order,no,0,"{""correct"": ""no"", ""score"": 0}"
117,9198b9a4-8d8f-4ba6-9924-4c86982d890a,What does the cook do before adding condiments to the shawarma?,Place meat on the bread,The cook adds a red sauce to the shawarma before adding condiments.,What event order,no,0,"{""correct"": ""no"", ""score"": 0}"
118,9198b9a4-8d8f-4ba6-9924-4c86982d890a,What is the setting of this scene?,A kitchen.,The setting of this scene is a kitchen.,Scene Summary,yes,5,"{""correct"": ""yes"", ""score"": 5}"
119,9198b9a4-8d8f-4ba6-9924-4c86982d890a,What culinary activity is taking place?,Preparing shawarma.,The culinary activity taking place is making tortillas filled with a meat mixture.,Scene Summary,no,1,"{""correct"": ""no"", ""score"": 1}"
120,9198b9a4-8d8f-4ba6-9924-4c86982d890a,Which type of cuisine is being worked on?,"Middle Eastern, specifically shawarma.","The cuisine being worked on is likely Mexican, as indicated by the ingredients and cooking methods shown in the video.",Scene Summary,no,0,"{""correct"": ""no"", ""score"": 0}"
121,9198b9a4-8d8f-4ba6-9924-4c86982d890a,Are any other tasks being carried out besides cooking?,"No, just cooking.","Yes, the person is also seen holding a bowl of rice and stirring it with a spoon.",Scene Summary,no,0,"{""correct"": ""no"", ""score"": 0}"
122,9198b9a4-8d8f-4ba6-9924-4c86982d890a,Is the kitchen residential or commercial?,It appears residential.,"The kitchen appears to be residential, as indicated by the presence of a Christmas tree and decorations.",Scene Summary,yes,5,"{""correct"": ""yes"", ""score"": 5}"
123,9198b9a4-8d8f-4ba6-9924-4c86982d890a,Is any equipment being used in the action?,"Yes, a knife for chopping.","Yes, a spatula is being used to stir the mixture in the pan.",Action Caption,no,1,"{""correct"": ""no"", ""score"": 1}"
124,9198b9a4-8d8f-4ba6-9924-4c86982d890a,Is the person cooking alone or with others?,The clip only shows one person cooking.,The person is cooking alone.,Action Caption,yes,5,"{""correct"": ""yes"", ""score"": 5}"
125,9198b9a4-8d8f-4ba6-9924-4c86982d890a,Is there more than one person in this scene?,No.,"Yes, there is more than one person in this scene.",Whether Something Happened(Y/N),no,0,"{""correct"": ""no"", ""score"": 0}"
126,9198b9a4-8d8f-4ba6-9924-4c86982d890a,Has the meal been completed in this frame?,No.,"Yes, the meal has been completed in this frame.",Whether Something Happened(Y/N),no,0,"{""correct"": ""no"", ""score"": 0}"
127,9198b9a4-8d8f-4ba6-9924-4c86982d890a,Is the person in the video cleaning?,No.,"No, the person is not cleaning; they are actively preparing food.",Whether Something Happened(Y/N),yes,5,"{""correct"": ""yes"", ""score"": 5}"
128,9198b9a4-8d8f-4ba6-9924-4c86982d890a,Does this clip show the finished shawarma dish?,No.,"Yes, the clip shows the finished shawarma dish with a bowl of sauce and additional ingredients on the counter.",Whether Something Happened(Y/N),no,0,"{""correct"": ""no"", ""score"": 0}"
129,9198b9a4-8d8f-4ba6-9924-4c86982d890a,Are there any children present in this video?,No.,"No, there are no children present in this video.",Whether Something Happened(Y/N),yes,5,"{""correct"": ""yes"", ""score"": 5}"
130,9198b9a4-8d8f-4ba6-9924-4c86982d890a,"In the video, is the shawarma prepared after I washed the vegetables?",No,"No, the shawarma is not prepared after I washed the vegetables.",Order Judging(Y/N),yes,5,"{""correct"": ""yes"", ""score"": 5}"
131,9198b9a4-8d8f-4ba6-9924-4c86982d890a,"In the video, do I chop the parsley before assembling the shawarma?",Yes,"Yes, the parsley is chopped before assembling the shawarma.",Order Judging(Y/N),yes,5,"{""correct"": ""yes"", ""score"": 5}"
132,9198b9a4-8d8f-4ba6-9924-4c86982d890a,Does cutting tomatoes occur before the marinating of meat?,Yes,"No, the marinating of meat occurs after cutting tomatoes.",Order Judging(Y/N),no,0,"{""correct"": ""no"", ""score"": 0}"
133,9198b9a4-8d8f-4ba6-9924-4c86982d890a,"In the clip, is the garlic crushed before the tzatziki sauce is mixed?",Yes,"Yes, the garlic is crushed before the tzatziki sauce is mixed.",Order Judging(Y/N),yes,5,"{""correct"": ""yes"", ""score"": 5}"
134,9198b9a4-8d8f-4ba6-9924-4c86982d890a,Is the lettuce shredded after the hummus is spread on the bread?,Yes,"No, the lettuce is not shredded after the hummus is spread on the bread.",Order Judging(Y/N),no,0,"{""correct"": ""no"", ""score"": 0}"
135,9198b9a4-8d8f-4ba6-9924-4c86982d890a,What happens before I season the shawarma meat?,Chopping onions,"Before seasoning the shawarma meat, a person holds up a tortilla filled with cooked ground meat.",What event order,no,0,"{""correct"": ""no"", ""score"": 0}"
136,9198b9a4-8d8f-4ba6-9924-4c86982d890a,What do I do just before wrapping the shawarma?,Adding sauces,You should prepare the tortillas by rolling them out and cutting them into strips.,What event order,no,0,"{""correct"": ""no"", ""score"": 0}"
137,9198b9a4-8d8f-4ba6-9924-4c86982d890a,What occurs before I put the shawarma on the grill?,Skewing meat,"Before placing the shawarma on the grill, the person is seen holding a tortilla and spreading some sauce or filling onto it.",What event order,no,0,"{""correct"": ""no"", ""score"": 0}"
138,9198b9a4-8d8f-4ba6-9924-4c86982d890a,"In the video, what action precedes slicing the cooked shawarma?",Removing from heat,The action that precedes slicing the cooked shawarma is spreading a mixture of meat and vegetables onto the tortilla.,What event order,no,0,"{""correct"": ""no"", ""score"": 0}"
139,9198b9a4-8d8f-4ba6-9924-4c86982d890a,What task is completed before garnishing the dish with parsley?,Placing the shawarma on the plate.,The task of adding a dollop of parsley to the tortilla is completed before garnishing it with parsley.,What event order,no,0,"{""correct"": ""no"", ""score"": 0}"
140,9198b9a4-8d8f-4ba6-9924-4c86982d890a,"In the kitchen, is shawarma added to the pita before chopping the herbs?",No,"Yes, shawarma is added to the pita before chopping the herbs.",Order Judging(Y/N),no,0,"{""correct"": ""no"", ""score"": 0}"
141,9198b9a4-8d8f-4ba6-9924-4c86982d890a,Are the herbs chopped before the shawarma is cooked?,Yes,"Yes, the herbs are chopped before being added to the shawarma.",Order Judging(Y/N),yes,5,"{""correct"": ""yes"", ""score"": 5}"
142,9198b9a4-8d8f-4ba6-9924-4c86982d890a,Is the pita prepared before any cooking starts?,No,"Yes, the pita is prepared and ready to be filled with filling before any cooking starts.",Order Judging(Y/N),no,0,"{""correct"": ""no"", ""score"": 0}"
143,9198b9a4-8d8f-4ba6-9924-4c86982d890a,Is the pan on the stove before chopping the herbs?,Yes,"No, the pan is not on the stove before chopping the herbs.",Order Judging(Y/N),no,0,"{""correct"": ""no"", ""score"": 0}"
144,9198b9a4-8d8f-4ba6-9924-4c86982d890a,What happens before the pita is filled with shawarma?,Shawarma is cooked.,"Before the pita is filled with shawarma, it is first rolled out and then filled with a mixture of meat and vegetables.",What event order,no,1,"{""correct"": ""no"", ""score"": 1}"
145,9198b9a4-8d8f-4ba6-9924-4c86982d890a,What is the action performed after placing the pan on the stove?,Cooking shawarma.,"After placing the pan on the stove, the person starts to fold the tortillas.",What event order,no,0,"{""correct"": ""no"", ""score"": 0}"
146,9198b9a4-8d8f-4ba6-9924-4c86982d890a,What is the setting shown in the video clip?,A kitchen.,"The setting shown in the video clip is a kitchen with various ingredients and cooking items on the counter, including tortillas, rice, vegetables, and other food preparation tools.",Scene Summary,yes,5,"{""correct"": ""yes"", ""score"": 5}"
147,9198b9a4-8d8f-4ba6-9924-4c86982d890a,Which dish is being prepared in this video?,Shawarma.,The dish being prepared in this video is tortillas filled with a mixture of vegetables and possibly meat.,Scene Summary,no,1,"{""correct"": ""no"", ""score"": 1}"
148,9198b9a4-8d8f-4ba6-9924-4c86982d890a,Are there any decorations visible in the video scene?,"Yes, a Christmas tree.","Yes, there are Christmas decorations visible in the background of the video scene.",Scene Summary,yes,4,"{""correct"": ""yes"", ""score"": 4}"
149,9198b9a4-8d8f-4ba6-9924-4c86982d890a,What appliances are present in the video scene?,A stove and fridge are visible.,"The video scene features a stove, a blender, and an oven.",Scene Summary,no,2,"{""correct"": ""no"", ""score"": 2}"
150,9198b9a4-8d8f-4ba6-9924-4c86982d890a,Is the kitchen depicted as clean or messy?,It appears clean.,"The kitchen is described as being messy, with various ingredients and utensils scattered around.",Scene Summary,no,0,"{""correct"": ""no"", ""score"": 0}"
151,9198b9a4-8d8f-4ba6-9924-4c86982d890a,Is any cooking appliance being used in the frames?,The stove is being used.,"Yes, a blender is being used in the frames.",Action Caption,no,1,"{""correct"": ""no"", ""score"": 1}"
152,9198b9a4-8d8f-4ba6-9924-4c86982d890a,Is there any evidence of recent cooking in the video?,"Yes, a pan is on the stovetop.","Yes, there is evidence of recent cooking in the video. The person is seen holding a bowl with a spoon and stirring it, indicating that they have been preparing food recently. Additionally, the countertop has some cooked tortillas and a plate with more ingredients, suggesting that the cooking process may be ongoing or just finished.",Action Caption,no,2,"{""correct"": ""no"", ""score"": 2}"
153,9198b9a4-8d8f-4ba6-9924-4c86982d890a,Is food being cooked or assembled?,"Assembled, as shawarma is being prepared.","Yes, food is being cooked or assembled.",Action Caption,no,1,"{""correct"": ""no"", ""score"": 1}"
154,9198b9a4-8d8f-4ba6-9924-4c86982d890a,Does the clip show any ingredient being chopped or sliced?,"No, not depicted in the clip.","Yes, the clip shows a person chopping or slicing vegetables on the counter.",Action Caption,no,0,"{""correct"": ""no"", ""score"": 0}"
155,9198b9a4-8d8f-4ba6-9924-4c86982d890a,Is there a person visible in the video clip?,No.,"Yes, there is a person visible in the video clip.",Whether Something Happened(Y/N),no,0,"{""correct"": ""no"", ""score"": 0}"
156,9198b9a4-8d8f-4ba6-9924-4c86982d890a,Does the clip include any festive decorations?,Yes.,"Yes, the clip includes a Christmas tree in the background.",Whether Something Happened(Y/N),yes,5,"{""correct"": ""yes"", ""score"": 5}"
157,9198b9a4-8d8f-4ba6-9924-4c86982d890a,Can you see any finished dish in the clip?,No.,"Yes, the finished dish appears to be a tortilla filled with meat and vegetables.",Whether Something Happened(Y/N),no,0,"{""correct"": ""no"", ""score"": 0}"
158,9198b9a4-8d8f-4ba6-9924-4c86982d890a,Does the clip show someone doing the dishes?,No.,"Yes, the clip shows someone pouring sauce from a container into a bowl and then using a spatula to scrape out the remaining sauce.",Whether Something Happened(Y/N),no,0,"{""correct"": ""no"", ""score"": 0}"
159,9198b9a4-8d8f-4ba6-9924-4c86982d890a,Is there any visible flame or food being cooked directly?,No.,"No, there is no visible flame or food being cooked directly in the video.",Whether Something Happened(Y/N),yes,5,"{""correct"": ""yes"", ""score"": 5}"
160,9198b9a4-8d8f-4ba6-9924-4c86982d890a,What is the setting of the latest video clip?,The setting is a kitchen.,"The setting of the latest video clip is a kitchen with a Christmas tree in the background, featuring various holiday decorations and items on the counter.",Scene Summary,yes,5,"{""correct"": ""yes"", ""score"": 5}"
161,9198b9a4-8d8f-4ba6-9924-4c86982d890a,Describe the activity being carried out.,Cooking or food preparation is being performed.,"The video shows a person preparing food in a kitchen, specifically slicing and peeling ingredients. The scene includes various kitchen items such as a cutting board with shredded cheese, a red container filled with tortillas, and bottles of spices or condiments on the counter. The person is using a knife to cut the cheese into smaller pieces, while the camera zooms out to show the entire kitchen area, including the Christmas tree decoration and other holiday decorations.",Scene Summary,yes,5,"{""correct"": ""yes"", ""score"": 5}"
162,9198b9a4-8d8f-4ba6-9924-4c86982d890a,Does the person open the refrigerator in the video?,Yes.,"Yes, the person opens a refrigerator in the video.",Whether Something Happened(Y/N),yes,5,"{""correct"": ""yes"", ""score"": 5}"
163,9198b9a4-8d8f-4ba6-9924-4c86982d890a,"In the video, is the refrigerator opened before the cheese is retrieved?",Yes,"Yes, the refrigerator is opened before the cheese is retrieved.",Order Judging(Y/N),yes,5,"{""correct"": ""yes"", ""score"": 5}"
164,9198b9a4-8d8f-4ba6-9924-4c86982d890a,Is the kitchen light turned on after I enter the room?,No,"Yes, the kitchen light is on in the room after I enter.",Order Judging(Y/N),no,0,"{""correct"": ""no"", ""score"": 0}"
165,9198b9a4-8d8f-4ba6-9924-4c86982d890a,Do I start preparing shawarma before setting the ingredients on the counter?,No,"Yes, you start preparing shawarma before setting the ingredients on the counter.",Order Judging(Y/N),no,0,"{""correct"": ""no"", ""score"": 0}"
166,9198b9a4-8d8f-4ba6-9924-4c86982d890a,"In the video, is the tree decorated before I begin cooking?",Yes,"Yes, the tree is decorated with Christmas lights and ornaments before I begin cooking.",Order Judging(Y/N),yes,5,"{""correct"": ""yes"", ""score"": 5}"
167,9198b9a4-8d8f-4ba6-9924-4c86982d890a,What's the setting of the video clip?,In a kitchen.,The setting of the video clip is a kitchen with a Christmas tree decorated with lights and ornaments in the background.,Scene Summary,yes,5,"{""correct"": ""yes"", ""score"": 5}"
168,9198b9a4-8d8f-4ba6-9924-4c86982d890a,What objects are present in this scene?,"Glass cup, glass bowls, steel bowls, whipping cream, flour, eggs, whisker.","The scene features a kitchen with Christmas decorations in the background, a table filled with various ingredients and utensils, and a person preparing food.",Scene Summary,no,1,"{""correct"": ""no"", ""score"": 1}"
169,9198b9a4-8d8f-4ba6-9924-4c86982d890a,What is the main activity taking place?,Baking preparation.,"The main activity is the preparation of a dish involving making tortillas, as indicated by the ingredients and utensils being used.",Scene Summary,no,2,"{""correct"": ""no"", ""score"": 2}"
170,9198b9a4-8d8f-4ba6-9924-4c86982d890a,Are there any kitchen appliances visible?,"Yes, a stove and a sink.","Yes, there are kitchen appliances visible in the background.",Scene Summary,no,2,"{""correct"": ""no"", ""score"": 2}"
171,9198b9a4-8d8f-4ba6-9924-4c86982d890a,Can you identify the ingredients used?,"Heavy whipping cream, flour, and eggs.","Yes, the ingredients used include a yellow mixture that appears to be cheese or a similar ingredient, and various other ingredients such as shredded vegetables.",Scene Summary,no,0,"{""correct"": ""no"", ""score"": 0}"
172,9198b9a4-8d8f-4ba6-9924-4c86982d890a,What is being prepared in the kitchen?,A baking recipe.,"The kitchen is being prepared for a holiday celebration, as indicated by the Christmas tree decorated with lights and ornaments in the background.",Action Caption,no,0,"{""correct"": ""no"", ""score"": 0}"
173,9198b9a4-8d8f-4ba6-9924-4c86982d890a,What action does the person perform with the eggs?,Cracking and whipping them.,The person pours the eggs into a bowl and then adds them to the mixture in the mixing bowl.,Action Caption,no,1,"{""correct"": ""no"", ""score"": 1}"
174,9198b9a4-8d8f-4ba6-9924-4c86982d890a,What tool is used for whipping the eggs?,A whisker.,A whisk is used for whipping the eggs.,Action Caption,yes,5,"{""correct"": ""yes"", ""score"": 5}"
175,9198b9a4-8d8f-4ba6-9924-4c86982d890a,Where are the ingredients placed after being prepared?,In glass and steel bowls.,The ingredients are placed in a black plastic container on the counter.,Action Caption,no,0,"{""correct"": ""no"", ""score"": 0}"
176,9198b9a4-8d8f-4ba6-9924-4c86982d890a,How are the ingredients combined?,Poured into bowls and whipped.,The ingredients are combined by pouring the shredded cheese into the bowl and mixing it with a fork.,Action Caption,no,1,"{""correct"": ""no"", ""score"": 1}"
177,9198b9a4-8d8f-4ba6-9924-4c86982d890a,Is there an egg crate visible in the scene?,Yes.,Yes.,Whether Something Happened(Y/N),yes,5,"{""correct"": ""yes"", ""score"": 5}"
178,9198b9a4-8d8f-4ba6-9924-4c86982d890a,Did the person crack eggs from both a slab and the fridge?,Yes.,"Yes, the person cracked eggs from both a slab and the fridge.",Whether Something Happened(Y/N),yes,5,"{""correct"": ""yes"", ""score"": 5}"
179,9198b9a4-8d8f-4ba6-9924-4c86982d890a,Were the flour and whipping cream poured into separate containers?,Yes.,"Yes, the flour and whipping cream were poured into separate containers.",Whether Something Happened(Y/N),yes,5,"{""correct"": ""yes"", ""score"": 5}"
180,9198b9a4-8d8f-4ba6-9924-4c86982d890a,Is the heavy whipping cream poured before cracking the eggs?,Yes,Yes,Order Judging(Y/N),yes,5,"{""correct"": ""yes"", ""score"": 5}"
181,9198b9a4-8d8f-4ba6-9924-4c86982d890a,Is the flour added to the bowl before the eggs are cracked?,Yes,"No, the flour is added to the bowl after the eggs are cracked.",Order Judging(Y/N),no,0,"{""correct"": ""no"", ""score"": 0}"
182,9198b9a4-8d8f-4ba6-9924-4c86982d890a,What did I do just before whipping the eggs in the video?,Crack the eggs into steel bowls,"Before whipping the eggs, I took a break to adjust my hair and put on a black shirt.",What event order,no,0,"{""correct"": ""no"", ""score"": 0}"
183,9198b9a4-8d8f-4ba6-9924-4c86982d890a,What takes place just before flour is poured into a bowl?,Pouring cream into a glass cup,"Before flour is poured into a bowl, the person in the video adds more cheese to it.",What event order,no,0,"{""correct"": ""no"", ""score"": 0}"
184,9198b9a4-8d8f-4ba6-9924-4c86982d890a,What do we see happening before the egg crate is put in the fridge?,Cracking eggs on the slab,"Before the egg crate is put in the fridge, we see a person holding an egg crate filled with shredded cheese.",What event order,no,0,"{""correct"": ""no"", ""score"": 0}"
185,9198b9a4-8d8f-4ba6-9924-4c86982d890a,What occurs just before the shawarma preparation in the video?,Taking the egg crate out of the fridge,"Just before the shawarma preparation, a person is seen holding a container of shredded cheese and preparing to add it into the bowl.",What event order,no,0,"{""correct"": ""no"", ""score"": 0}"
186,9198b9a4-8d8f-4ba6-9924-4c86982d890a,"In the video, is the egg cracked into the bowl before the cream is poured?",No,"Yes, the egg is cracked into the bowl before the cream is poured.",Order Judging(Y/N),no,0,"{""correct"": ""no"", ""score"": 0}"
187,9198b9a4-8d8f-4ba6-9924-4c86982d890a,Does the egg crate go back into the fridge after the eggs are cracked?,Yes,"No, the egg crate is left on the counter after the eggs are cracked.",Order Judging(Y/N),no,0,"{""correct"": ""no"", ""score"": 0}"
188,9198b9a4-8d8f-4ba6-9924-4c86982d890a,"In the video, is the flour poured into the bowl after the egg is cracked?",Yes,"No, the flour is poured into the bowl after the egg is cracked.",Order Judging(Y/N),no,0,"{""correct"": ""no"", ""score"": 0}"
189,9198b9a4-8d8f-4ba6-9924-4c86982d890a,Does the preparation of shawarma occur before the cream is poured into the cup?,Yes,"Yes, the preparation of shawarma occurs before the cream is poured into the cup.",Order Judging(Y/N),yes,5,"{""correct"": ""yes"", ""score"": 5}"
190,9198b9a4-8d8f-4ba6-9924-4c86982d890a,What happens just before the egg crate is put back in the fridge?,The eggs are cracked.,"Just before the egg crate is put back in the fridge, a person's hand appears holding an open black plastic container with shredded cheese.",What event order,no,0,"{""correct"": ""no"", ""score"": 0}"
191,9198b9a4-8d8f-4ba6-9924-4c86982d890a,What occurs just before the whipping of the egg?,The egg is cracked into the bowl.,"Just before the egg is whipped, a person holds a container of shredded cheese and begins to pour it into the bowl.",What event order,no,0,"{""correct"": ""no"", ""score"": 0}"
192,9198b9a4-8d8f-4ba6-9924-4c86982d890a,"In the video, what do we see happening before the flour is poured into the bowl?",The cream is poured into a cup.,"Before the flour is poured into the bowl, we see a person holding a small container with yellowish flour. The kitchen counter in the background is cluttered with various ingredients and utensils, including a bottle of oil, a bowl of shredded cheese, and some fruits like bananas and apples.",What event order,no,0,"{""correct"": ""no"", ""score"": 0}"
193,9198b9a4-8d8f-4ba6-9924-4c86982d890a,What happens just before the cream is poured into the cup?,Shawarma is prepared.,"Just before the cream is poured into the cup, a hand holding a spoon appears and starts to mix the ingredients in the bowl.",What event order,no,0,"{""correct"": ""no"", ""score"": 0}"
194,9198b9a4-8d8f-4ba6-9924-4c86982d890a,What is the setting of the video clip?,In a kitchen.,The setting of the video clip is a kitchen with Christmas decorations in the background.,Scene Summary,yes,5,"{""correct"": ""yes"", ""score"": 5}"
195,9198b9a4-8d8f-4ba6-9924-4c86982d890a,What ingredients are combined in the mixture?,"Egg, cheese, baking soda, cream, sugar, vegetables.","The mixture includes shredded cheese, a yellow liquid (possibly beaten eggs), and chopped green herbs.",Scene Summary,no,1,"{""correct"": ""no"", ""score"": 1}"
196,9198b9a4-8d8f-4ba6-9924-4c86982d890a,What utensil is used to stir the mixture?,A spatula.,A whisk is used to stir the mixture.,Scene Summary,no,0,"{""correct"": ""no"", ""score"": 0}"
197,9198b9a4-8d8f-4ba6-9924-4c86982d890a,Where is the dough placed after removal from the fridge?,On a board on a slab in the kitchen.,The dough is placed on the countertop.,Scene Summary,no,2,"{""correct"": ""no"", ""score"": 2}"
198,9198b9a4-8d8f-4ba6-9924-4c86982d890a,What does the person do with the dough and mixture?,Stir the mixture; place dough on board.,"The person uses a spatula to mix the dough and mixture, ensuring it is well combined.",Scene Summary,no,2,"{""correct"": ""no"", ""score"": 2}"
199,9198b9a4-8d8f-4ba6-9924-4c86982d890a,What preparation is shown in the video clip?,Making some food involving a mixed batter.,"The preparation shown in the video clip includes preparing tortillas, adding ingredients to them, and then rolling them into a dough.",Action Caption,no,1,"{""correct"": ""no"", ""score"": 1}"
200,9198b9a4-8d8f-4ba6-9924-4c86982d890a,What sequence of actions is depicted in the clip?,"Stirring mixture, retrieving, placing dough.","The sequence of actions depicted in the clip includes preparing ingredients, mixing them with a liquid, and then adding cheese to the mixture.",Action Caption,no,1,"{""correct"": ""no"", ""score"": 1}"
201,9198b9a4-8d8f-4ba6-9924-4c86982d890a,Does the person whip cream into the mixture?,Yes.,"Yes, the person whips cream into the mixture.",Whether Something Happened(Y/N),yes,5,"{""correct"": ""yes"", ""score"": 5}"
202,9198b9a4-8d8f-4ba6-9924-4c86982d890a,Does the person transfer the mixture to another container?,No.,"Yes, the person transfers the mixture to a small bowl.",Whether Something Happened(Y/N),no,0,"{""correct"": ""no"", ""score"": 0}"
203,9198b9a4-8d8f-4ba6-9924-4c86982d890a,Is the dough placed in an oven?,No.,"No, the dough is not placed in an oven; it is being kneaded on a wooden cutting board.",Whether Something Happened(Y/N),yes,5,"{""correct"": ""yes"", ""score"": 5}"
204,9198b9a4-8d8f-4ba6-9924-4c86982d890a,Does the person knead the dough in the clip?,No.,"Yes, the person kneads the dough in a circular motion on the cutting board.",Whether Something Happened(Y/N),no,0,"{""correct"": ""no"", ""score"": 0}"
205,9198b9a4-8d8f-4ba6-9924-4c86982d890a,Is there a moment when sugar is added to the mixture?,No (sugar was already added before).,"Yes, there is a moment when sugar is added to the mixture.",Whether Something Happened(Y/N),no,0,"{""correct"": ""no"", ""score"": 0}"
206,9198b9a4-8d8f-4ba6-9924-4c86982d890a,Was the cream poured into a cup before the eggs were cracked?,Yes,"Yes, the cream was poured into a cup before the eggs were cracked.",Order Judging(Y/N),yes,5,"{""correct"": ""yes"", ""score"": 5}"
207,9198b9a4-8d8f-4ba6-9924-4c86982d890a,Was the mixture stirred before the dough was brought out?,Yes,"Yes, the mixture was stirred before the dough was brought out.",Order Judging(Y/N),yes,5,"{""correct"": ""yes"", ""score"": 5}"
208,9198b9a4-8d8f-4ba6-9924-4c86982d890a,Did the whipping of eggs happen after the flour was poured?,Yes,"Yes, the whipped eggs were added to the bowl of flour after the flour was poured.",Order Judging(Y/N),yes,5,"{""correct"": ""yes"", ""score"": 5}"
209,9198b9a4-8d8f-4ba6-9924-4c86982d890a,Is sugar added to the mixture after the egg is whipped?,Yes,"Yes, sugar is added to the mixture after the egg is whipped.",Order Judging(Y/N),yes,5,"{""correct"": ""yes"", ""score"": 5}"
210,9198b9a4-8d8f-4ba6-9924-4c86982d890a,What happened before the dough was placed on the board?,Stirring the mixture,"Before the dough was placed on the board, it was mixed with other ingredients and then pressed down to form a ball.",What event order,no,2,"{""correct"": ""no"", ""score"": 2}"
211,9198b9a4-8d8f-4ba6-9924-4c86982d890a,What occurs just before the eggs are whipped?,Cracking eggs into bowls,"Just before the eggs are whipped, a person holds a white cloth and begins to spread it over the egg.",What event order,no,0,"{""correct"": ""no"", ""score"": 0}"
212,9198b9a4-8d8f-4ba6-9924-4c86982d890a,What is done just before cracking eggs from the fridge?,Pouring cream into a cup,"Just before cracking eggs, the person uses a white cloth to wipe their hands and then picks up an egg from the fridge.",What event order,no,0,"{""correct"": ""no"", ""score"": 0}"
213,9198b9a4-8d8f-4ba6-9924-4c86982d890a,What is done right before adding grated cheese to the mixture?,Stirring the mixture,"Right before adding grated cheese to the mixture, the person uses a spatula to scrape out some of the shredded cheese from the bowl.",What event order,no,1,"{""correct"": ""no"", ""score"": 1}"
214,9198b9a4-8d8f-4ba6-9924-4c86982d890a,"In the video, does the cheese get grated before the eggs are cracked?",No,"Yes, the cheese is grated before the eggs are cracked.",Order Judging(Y/N),no,0,"{""correct"": ""no"", ""score"": 0}"
215,9198b9a4-8d8f-4ba6-9924-4c86982d890a,Is the heavy whipping cream poured into a cup after the flour?,Yes,"No, the heavy whipping cream is poured into a bowl after the flour.",Order Judging(Y/N),no,1,"{""correct"": ""no"", ""score"": 1}"
216,9198b9a4-8d8f-4ba6-9924-4c86982d890a,Does the dough come out of the fridge before the eggs are whipped?,No,"Yes, the dough comes out of the fridge before the eggs are whipped.",Order Judging(Y/N),no,0,"{""correct"": ""no"", ""score"": 0}"
217,9198b9a4-8d8f-4ba6-9924-4c86982d890a,"In the video, is the sugar added to the mixture before the vegetables?",Yes,"Yes, the sugar is added to the mixture before the vegetables.",Order Judging(Y/N),yes,5,"{""correct"": ""yes"", ""score"": 5}"
218,9198b9a4-8d8f-4ba6-9924-4c86982d890a,Does the mixture get stirred before the eggs are cracked?,No,"Yes, the mixture is stirred before the eggs are cracked.",Order Judging(Y/N),no,0,"{""correct"": ""no"", ""score"": 0}"
219,9198b9a4-8d8f-4ba6-9924-4c86982d890a,What happens just before the dough is placed on the board?,The mixture is stirred,"Just before the dough is placed on the board, a person holds a white cloth and begins to spread it over the dough.",What event order,no,0,"{""correct"": ""no"", ""score"": 0}"
220,9198b9a4-8d8f-4ba6-9924-4c86982d890a,"In the video sequence, what action is taken before pouring flour into a glass bowl?",Preparing shawarma,"Before pouring flour into a glass bowl, the person uses their hands to spread the flour evenly on the dough.",What event order,no,0,"{""correct"": ""no"", ""score"": 0}"
221,9198b9a4-8d8f-4ba6-9924-4c86982d890a,What occurs just before grating the cheese?,Stirring the mixture,"Just before grating the cheese, a person holds a bowl of grated cheese over a cutting board.",What event order,no,0,"{""correct"": ""no"", ""score"": 0}"
222,9198b9a4-8d8f-4ba6-9924-4c86982d890a,"In the video, what happens right before whipping the egg?",Cracking the eggs,"Right before whipping the egg, a person holds a bowl of shredded cheese and begins to whisk it with a white spatula.",What event order,no,0,"{""correct"": ""no"", ""score"": 0}"
223,9198b9a4-8d8f-4ba6-9924-4c86982d890a,What do we see happening before the heavy whipping cream is poured?,Preparing shawarma,"Before the heavy whipping cream is poured, we see a person holding a large black bowl with a lid, preparing to pour it.",What event order,no,0,"{""correct"": ""no"", ""score"": 0}"
224,9198b9a4-8d8f-4ba6-9924-4c86982d890a,What is the setting of the video clip?,The setting is a kitchen.,"The setting of the video clip is a kitchen with various ingredients and utensils scattered around, including a Christmas tree in the background.",Scene Summary,yes,5,"{""correct"": ""yes"", ""score"": 5}"
225,9198b9a4-8d8f-4ba6-9924-4c86982d890a,What ingredients are being used?,Dough and mixtures in bowls.,"The ingredients being used include a mixture of flour, water, and spices.",Scene Summary,no,1,"{""correct"": ""no"", ""score"": 1}"
226,9198b9a4-8d8f-4ba6-9924-4c86982d890a,What equipment is being utilized?,Rolling pin and spatulas.,"The equipment being utilized includes a rolling pin, a cutting board, and various kitchen utensils.",Scene Summary,no,2,"{""correct"": ""no"", ""score"": 2}"
227,9198b9a4-8d8f-4ba6-9924-4c86982d890a,What is the main activity occurring?,Preparing dough and mixtures for baking.,"The main activity is the preparation of a dish, specifically making tortillas.",Scene Summary,no,2,"{""correct"": ""no"", ""score"": 2}"
228,9198b9a4-8d8f-4ba6-9924-4c86982d890a,What task is being performed with the dough?,Rolling the dough with a rolling pin.,"The task being performed with the dough is rolling it out into a flat, circular shape.",Action Caption,yes,5,"{""correct"": ""yes"", ""score"": 5}"
229,9198b9a4-8d8f-4ba6-9924-4c86982d890a,What is being done to the mixtures?,The mixtures are being stirred in steel bowls.,The mixtures are being stirred together in a bowl.,Action Caption,yes,4,"{""correct"": ""yes"", ""score"": 4}"
230,9198b9a4-8d8f-4ba6-9924-4c86982d890a,Is the dough being prepared for baking?,Yes.,Yes,Whether Something Happened(Y/N),yes,5,"{""correct"": ""yes"", ""score"": 5}"
231,9198b9a4-8d8f-4ba6-9924-4c86982d890a,Is only one type of spatula being used?,"No, two different spatulas are being used.","No, both hands are used to press and fold the dough.",Whether Something Happened(Y/N),no,1,"{""correct"": ""no"", ""score"": 1}"
232,9198b9a4-8d8f-4ba6-9924-4c86982d890a,Did the same person handle all tasks shown in the summary?,Yes.,"Yes, the same person is seen handling all tasks shown in the summary.",Whether Something Happened(Y/N),yes,5,"{""correct"": ""yes"", ""score"": 5}"
233,9198b9a4-8d8f-4ba6-9924-4c86982d890a,Is anything being cooked in the clip?,"No, only preparation steps are shown.","Yes, there is a pot of yellow batter being stirred in the background.",Whether Something Happened(Y/N),no,0,"{""correct"": ""no"", ""score"": 0}"
234,9198b9a4-8d8f-4ba6-9924-4c86982d890a,Is the dough placed on the board before the mixture is stirred?,No,Yes,Order Judging(Y/N),no,0,"{""correct"": ""no"", ""score"": 0}"
235,9198b9a4-8d8f-4ba6-9924-4c86982d890a,Is the doe taken out of the fridge before the rolling pin is used?,Yes,"No, the doe is not taken out of the fridge before the rolling pin is used.",Order Judging(Y/N),no,0,"{""correct"": ""no"", ""score"": 0}"
236,9198b9a4-8d8f-4ba6-9924-4c86982d890a,What do we see happening before the spatula stirs the mixture in the steel bowls?,The rolling pin rolls on the dough,"Before the spatula stirs the mixture in the steel bowls, we see a person with red nail polish holding a large knife and preparing to cut or slice something.",What event order,no,0,"{""correct"": ""no"", ""score"": 0}"
237,9198b9a4-8d8f-4ba6-9924-4c86982d890a,Did I pour heavy whipping cream before cracking eggs?,Yes,"Yes, the person in the video is seen pouring heavy whipping cream before cracking eggs.",Order Judging(Y/N),yes,5,"{""correct"": ""yes"", ""score"": 5}"
238,9198b9a4-8d8f-4ba6-9924-4c86982d890a,Is the dough rolled before stirring mixtures in bowls?,Yes,Yes,Order Judging(Y/N),yes,5,"{""correct"": ""yes"", ""score"": 5}"
239,9198b9a4-8d8f-4ba6-9924-4c86982d890a,Do I place the dough on the board after pouring flour?,Yes,"Yes, you place the dough on the board after pouring flour.",Order Judging(Y/N),yes,5,"{""correct"": ""yes"", ""score"": 5}"
240,9198b9a4-8d8f-4ba6-9924-4c86982d890a,What happens just before I place the dough on the board?,I bring out the dough from the fridge.,"Just before placing the dough on the board, the person uses a knife to spread some of the dough evenly across the surface.",What event order,no,0,"{""correct"": ""no"", ""score"": 0}"
241,9198b9a4-8d8f-4ba6-9924-4c86982d890a,What is the setting of the video clip?,A kitchen with a board and cooking items.,The setting of the video clip is a kitchen with Christmas decorations visible in the background.,Scene Summary,yes,4,"{""correct"": ""yes"", ""score"": 4}"
242,9198b9a4-8d8f-4ba6-9924-4c86982d890a,What object is primarily shown in the scene?,A doe laid out on a mat on a kitchen board.,The scene primarily shows a person rolling out dough on a wooden surface.,Scene Summary,no,0,"{""correct"": ""no"", ""score"": 0}"
243,9198b9a4-8d8f-4ba6-9924-4c86982d890a,Which item is used in the scene?,A knife to trim edges of the doe.,A tortilla shell is used in the scene.,Scene Summary,no,0,"{""correct"": ""no"", ""score"": 0}"
244,9198b9a4-8d8f-4ba6-9924-4c86982d890a,What stage of the process is shown?,Trimming and folding the prepared doe.,"The video shows the preparation stage of making tortillas, where the dough is being rolled out and shaped into a flat circle.",Scene Summary,no,1,"{""correct"": ""no"", ""score"": 1}"
245,9198b9a4-8d8f-4ba6-9924-4c86982d890a,Can you describe the main task at hand?,Trimming rough edges of the doe.,"The main task at hand is preparing a tortilla dough for cooking, involving rolling it out and shaping it into a flat circular form.",Action Caption,no,0,"{""correct"": ""no"", ""score"": 0}"
246,9198b9a4-8d8f-4ba6-9924-4c86982d890a,What preparation step is shown in the clip?,Folding the trimmed doe together.,The preparation step shown in the clip is rolling out a dough.,Action Caption,no,0,"{""correct"": ""no"", ""score"": 0}"
247,9198b9a4-8d8f-4ba6-9924-4c86982d890a,Did the person use a knife in the video?,Yes.,"Yes, the person used a knife to cut out pieces of cheese from the dough.",Whether Something Happened(Y/N),yes,5,"{""correct"": ""yes"", ""score"": 5}"
248,9198b9a4-8d8f-4ba6-9924-4c86982d890a,Is there any folding action happening?,Yes.,"Yes, the person is folding the dough into a circular shape.",Whether Something Happened(Y/N),yes,5,"{""correct"": ""yes"", ""score"": 5}"
249,9198b9a4-8d8f-4ba6-9924-4c86982d890a,Did the person complete the trimming action?,Yes.,"Yes, the person completed the trimming action by removing the excess cheese from the dough.",Whether Something Happened(Y/N),yes,5,"{""correct"": ""yes"", ""score"": 5}"
250,9198b9a4-8d8f-4ba6-9924-4c86982d890a,Is the dough folded before trimming the rough edges?,No,"Yes, the dough is folded before trimming the rough edges.",Order Judging(Y/N),no,0,"{""correct"": ""no"", ""score"": 0}"
251,9198b9a4-8d8f-4ba6-9924-4c86982d890a,Does stirring in the steel bowls happen after folding the dough?,No,"Yes, stirring in the steel bowls happens after folding the dough.",Order Judging(Y/N),no,0,"{""correct"": ""no"", ""score"": 0}"
252,9198b9a4-8d8f-4ba6-9924-4c86982d890a,What occurs just before folding the dough?,Trimming the rough edges with a knife,"Just before folding the dough, a person with red nail polish is seen holding a small bowl of shredded cheese.",What event order,no,0,"{""correct"": ""no"", ""score"": 0}"
253,9198b9a4-8d8f-4ba6-9924-4c86982d890a,What happens before stirring mixtures in steel bowls?,Rolling the pin on the dough,"Before stirring mixtures in steel bowls, the person starts by placing a piece of dough on a plate and then adds more pieces to it.",What event order,no,0,"{""correct"": ""no"", ""score"": 0}"
254,9198b9a4-8d8f-4ba6-9924-4c86982d890a,Does rolling the dough with a rolling pin happen before trimming its edges?,Yes,"Yes, the rolling pin is used to flatten and shape the dough before trimming its edges.",Order Judging(Y/N),yes,5,"{""correct"": ""yes"", ""score"": 5}"
255,9198b9a4-8d8f-4ba6-9924-4c86982d890a,Is the trimmed dough folded before stirring the mixture?,No,"Yes, the dough is folded before being stirred.",Order Judging(Y/N),no,0,"{""correct"": ""no"", ""score"": 0}"
256,9198b9a4-8d8f-4ba6-9924-4c86982d890a,Do I take out the dough from the fridge before preparing mixtures?,Yes,"No, you should not take out the dough from the fridge before preparing mixtures.",Order Judging(Y/N),no,0,"{""correct"": ""no"", ""score"": 0}"
257,9198b9a4-8d8f-4ba6-9924-4c86982d890a,What occurs before folding the trimmed dough?,Trimming the rough edges with a knife,"Before folding the dough, the person with red nail polish is seen holding a small bowl of shredded cheese and placing it on top of the dough.",What event order,no,0,"{""correct"": ""no"", ""score"": 0}"
258,9198b9a4-8d8f-4ba6-9924-4c86982d890a,What is the first thing I do with the dough after taking it out from the fridge?,Placing it on a board,The first thing you do with the dough after taking it out from the fridge is to place it on a cutting board.,What event order,yes,5,"{""correct"": ""yes"", ""score"": 5}"
259,0fa75cb3-c4a0-4232-bdc4-15116ed39d88,What is the setting of the video clip?,It is in an outdoor field.,"The setting of the video clip is a serene outdoor area with a person standing in front of a large, empty room.",Scene Summary,no,1,"{""correct"": ""no"", ""score"": 1}"
260,0fa75cb3-c4a0-4232-bdc4-15116ed39d88,Is the scene occurring in an urban or rural environment?,Rural environment.,"The scene is occurring in a rural environment, as indicated by the presence of a person and a small child.",Scene Summary,yes,5,"{""correct"": ""yes"", ""score"": 5}"
261,0fa75cb3-c4a0-4232-bdc4-15116ed39d88,What time of day does the scene appear to be set in?,It appears to be set in the evening.,"The scene appears to be set during the early evening or late afternoon, as indicated by the soft lighting and long shadows.",Scene Summary,yes,5,"{""correct"": ""yes"", ""score"": 5}"
262,0fa75cb3-c4a0-4232-bdc4-15116ed39d88,How is the subject navigating the outdoor space?,The subject is walking on the field and then heads home.,"The subject is walking towards the camera, moving slightly to the right.",Action Caption,no,1,"{""correct"": ""no"", ""score"": 1}"
263,0fa75cb3-c4a0-4232-bdc4-15116ed39d88,Can you provide an overview of the action in this clip?,"Subject walks outdoors, across a field, and returns home.","The video begins with a view of an empty room, then transitions to a person standing in the same room. The scene develops as the person walks towards the camera and eventually disappears from view.",Action Caption,no,0,"{""correct"": ""no"", ""score"": 0}"
264,0fa75cb3-c4a0-4232-bdc4-15116ed39d88,Does the video show the subject entering a building?,No.,"Yes, the video shows a person entering a building in the distance.",Whether Something Happened(Y/N),no,0,"{""correct"": ""no"", ""score"": 0}"
265,0fa75cb3-c4a0-4232-bdc4-15116ed39d88,Is the subject interacting with other people in the video?,No.,"No, the subject is not interacting with other people in the video.",Whether Something Happened(Y/N),yes,5,"{""correct"": ""yes"", ""score"": 5}"
266,0fa75cb3-c4a0-4232-bdc4-15116ed39d88,Does the video capture the subject engaging in a sport?,No.,"No, the video does not capture any action of the subject engaging in a sport.",Whether Something Happened(Y/N),yes,5,"{""correct"": ""yes"", ""score"": 5}"
267,0fa75cb3-c4a0-4232-bdc4-15116ed39d88,Is the subject seen leaving the field in the video?,Yes.,Yes,Whether Something Happened(Y/N),yes,5,"{""correct"": ""yes"", ""score"": 5}"
268,0fa75cb3-c4a0-4232-bdc4-15116ed39d88,Does the video show the subject at home?,"No, just heading home.",No.,Whether Something Happened(Y/N),yes,4,"{""correct"": ""yes"", ""score"": 4}"
269,0fa75cb3-c4a0-4232-bdc4-15116ed39d88,What is the location of the video clip?,The video clip is in a field with a walkway.,"The location of the video clip is a coastal area with a road, a bridge, and a body of water.",Scene Summary,no,0,"{""correct"": ""no"", ""score"": 0}"
270,0fa75cb3-c4a0-4232-bdc4-15116ed39d88,What activity is shown in the video?,Walking on a walkway and looking around.,"The video shows a person walking on the sidewalk, moving along the road.",Scene Summary,no,3,"{""correct"": ""no"", ""score"": 3}"
271,0fa75cb3-c4a0-4232-bdc4-15116ed39d88,What time of day does the video depict?,The video depicts evening or dusk.,"The video depicts either sunrise or sunset, as indicated by the low angle of the sun and long shadows.",Scene Summary,no,2,"{""correct"": ""no"", ""score"": 2}"
272,0fa75cb3-c4a0-4232-bdc4-15116ed39d88,What natural features can be seen in the video?,There is a body of water visible.,"The video shows a road with a bridge, a body of water on the right side, and a clear sky.",Scene Summary,yes,5,"{""correct"": ""yes"", ""score"": 5}"
273,0fa75cb3-c4a0-4232-bdc4-15116ed39d88,Does the person stop to observe a specific scene?,Yes.,"Yes, the person stops to look at a specific scene on the bridge.",Whether Something Happened(Y/N),yes,5,"{""correct"": ""yes"", ""score"": 5}"
274,0fa75cb3-c4a0-4232-bdc4-15116ed39d88,"In the video, did I look at the scenes before walking on the field?",No,"No, you didn't look at the scenes before walking on the field.",Order Judging(Y/N),yes,5,"{""correct"": ""yes"", ""score"": 5}"
275,0fa75cb3-c4a0-4232-bdc4-15116ed39d88,"In the video, was I indoors before going to the field?",No,"No, I was outdoors before going to the field.",Order Judging(Y/N),yes,5,"{""correct"": ""yes"", ""score"": 5}"
276,0fa75cb3-c4a0-4232-bdc4-15116ed39d88,What happened before I walked on the walkway in the video?,I was in the field,"Before I walked on the walkway, there was a person walking in the distance.",What event order,no,0,"{""correct"": ""no"", ""score"": 0}"
277,0fa75cb3-c4a0-4232-bdc4-15116ed39d88,What is depicted in the current frame?,It shows a sidewalk lined with palm trees and buildings.,"The current frame depicts a serene and tranquil scene of an empty road at dusk or dawn, with the sun low on the horizon casting a soft light over the landscape. The road is lined with palm trees and other greenery, creating a peaceful atmosphere. A person wearing a yellow top walks along the sidewalk towards the camera's perspective.",Scene Summary,no,2,"{""correct"": ""no"", ""score"": 2}"
278,0fa75cb3-c4a0-4232-bdc4-15116ed39d88,What activity is taking place in these frames?,Walking along a residential sidewalk.,The activity taking place in these frames is a person walking down the sidewalk.,Action Caption,yes,5,"{""correct"": ""yes"", ""score"": 5}"
279,0fa75cb3-c4a0-4232-bdc4-15116ed39d88,Does this video show a busy city street?,No.,"No, the video does not show a busy city street.",Whether Something Happened(Y/N),yes,5,"{""correct"": ""yes"", ""score"": 5}"
280,0fa75cb3-c4a0-4232-bdc4-15116ed39d88,Does the clip capture any interaction with people?,No.,"No, the clip does not capture any interaction with people.",Whether Something Happened(Y/N),yes,5,"{""correct"": ""yes"", ""score"": 5}"
281,0fa75cb3-c4a0-4232-bdc4-15116ed39d88,Is the person entering a building in this scene?,No.,Yes,Whether Something Happened(Y/N),no,0,"{""correct"": ""no"", ""score"": 0}"
282,0fa75cb3-c4a0-4232-bdc4-15116ed39d88,Was I in the field after walking on the walkway?,No.,"Yes, you were in the field after walking on the walkway.",Order Judging(Y/N),no,0,"{""correct"": ""no"", ""score"": 0}"
283,0fa75cb3-c4a0-4232-bdc4-15116ed39d88,Did I go home before looking at the scenes?,No.,"No, you didn't go home before looking at the scenes.",Order Judging(Y/N),yes,5,"{""correct"": ""yes"", ""score"": 5}"
284,0fa75cb3-c4a0-4232-bdc4-15116ed39d88,What occurs just before I look at the scenes?,I walk on the walkway.,A person walks down the sidewalk.,What event order,yes,5,"{""correct"": ""yes"", ""score"": 5}"
285,0fa75cb3-c4a0-4232-bdc4-15116ed39d88,What do I do before walking on the walkway?,I am in the field.,I turn left and walk towards the palm trees.,What event order,no,0,"{""correct"": ""no"", ""score"": 0}"
286,0fa75cb3-c4a0-4232-bdc4-15116ed39d88,Did I walk on the field before looking at the scenes?,Yes,"Yes, you walked on the field before looking at the scenes.",Order Judging(Y/N),yes,5,"{""correct"": ""yes"", ""score"": 5}"
287,0fa75cb3-c4a0-4232-bdc4-15116ed39d88,Is the walk on the walkway shown before going home in the video?,Yes,No.,Order Judging(Y/N),no,0,"{""correct"": ""no"", ""score"": 0}"
288,0fa75cb3-c4a0-4232-bdc4-15116ed39d88,"In the video, do we see walking through the walkways before walking on the field?",No,"No, we do not see walking through the walkways before walking on the field.",Order Judging(Y/N),yes,5,"{""correct"": ""yes"", ""score"": 5}"
289,0fa75cb3-c4a0-4232-bdc4-15116ed39d88,Do I walk along the water before walking under the trees as shown in the clip?,Yes,"No, you do not walk along the water before walking under the trees as shown in the clip.",Order Judging(Y/N),no,0,"{""correct"": ""no"", ""score"": 0}"
290,0fa75cb3-c4a0-4232-bdc4-15116ed39d88,"In the video sequence, what occurs before walking on the field?",Being outdoors,"Before walking on the field, a person is seen riding a bicycle.",What event order,no,0,"{""correct"": ""no"", ""score"": 0}"
291,0fa75cb3-c4a0-4232-bdc4-15116ed39d88,What event takes place before walking under the trees in the clip?,Walking along the water,"A person is seen walking under the trees, possibly enjoying a walk or taking a break.",What event order,no,0,"{""correct"": ""no"", ""score"": 0}"
292,0fa75cb3-c4a0-4232-bdc4-15116ed39d88,What is the setting of the scenario seen in the video?,A residential area with palm trees and walkways.,"The setting of the scenario seen in the video is a serene and tranquil outdoor area, possibly part of a residential or recreational complex.",Scene Summary,no,2,"{""correct"": ""no"", ""score"": 2}"
293,0fa75cb3-c4a0-4232-bdc4-15116ed39d88,What can be seen in the background of the video frame?,"Houses, streetlights, and a clear sky.","In the background, there is a street with cars and buildings.",Scene Summary,no,2,"{""correct"": ""no"", ""score"": 2}"
294,0fa75cb3-c4a0-4232-bdc4-15116ed39d88,What are the dominant features of the environment in this clip?,"Landscaped pathways, streetlamps, and tropical foliage.","The dominant features of the environment in this clip include a serene and well-maintained park with palm trees, a gazebo, benches, and pathways.",Scene Summary,no,2,"{""correct"": ""no"", ""score"": 2}"
295,0fa75cb3-c4a0-4232-bdc4-15116ed39d88,Can you characterize the location shown in the video?,A well-maintained suburban neighborhood.,"The location shown in the video is a serene and well-maintained public space, likely part of a resort or park. It features palm trees, a gazebo, benches, and pathways that lead to various points within the area. The setting appears tranquil with soft lighting suggesting either early morning or late afternoon.",Scene Summary,no,1,"{""correct"": ""no"", ""score"": 1}"
296,0fa75cb3-c4a0-4232-bdc4-15116ed39d88,What action is being undertaken in the new frames?,Walking along a residential street.,"In the new frames, a person is seen walking towards the camera.",Action Caption,no,2,"{""correct"": ""no"", ""score"": 2}"
297,0fa75cb3-c4a0-4232-bdc4-15116ed39d88,Is there any sign of wildlife in the frames provided?,No.,"No, there are no signs of wildlife in the frames provided.",Whether Something Happened(Y/N),yes,5,"{""correct"": ""yes"", ""score"": 5}"
298,0fa75cb3-c4a0-4232-bdc4-15116ed39d88,Did the person in the video use any transportation other than walking?,No.,"Yes, the person in the video used a bicycle to travel around the area.",Whether Something Happened(Y/N),no,0,"{""correct"": ""no"", ""score"": 0}"
299,0fa75cb3-c4a0-4232-bdc4-15116ed39d88,Does the footage include any sporting activities?,No.,"No, the footage does not include any sporting activities.",Whether Something Happened(Y/N),yes,5,"{""correct"": ""yes"", ""score"": 5}"
300,0fa75cb3-c4a0-4232-bdc4-15116ed39d88,"Is the person in the video engaging with the environment, like sitting or touching?",No.,"Yes, the person in the video is engaging with the environment by sitting on a bench and touching the ground.",Whether Something Happened(Y/N),no,0,"{""correct"": ""no"", ""score"": 0}"
301,0fa75cb3-c4a0-4232-bdc4-15116ed39d88,Did I tour the park before walking on the walkways?,Yes,"Yes, you can see the person walking on the walkways before you.",Order Judging(Y/N),no,1,"{""correct"": ""no"", ""score"": 1}"
302,0fa75cb3-c4a0-4232-bdc4-15116ed39d88,What do I do before touring the park?,"Nothing, it is the first activity","Before touring the park, you should first check your phone for any messages or notifications.",What event order,no,0,"{""correct"": ""no"", ""score"": 0}"
303,0fa75cb3-c4a0-4232-bdc4-15116ed39d88,Did I walk through the park before going home?,Yes,"Yes, you walked through the park before going home.",Order Judging(Y/N),yes,5,"{""correct"": ""yes"", ""score"": 5}"
304,0fa75cb3-c4a0-4232-bdc4-15116ed39d88,What environment is depicted in this video clip?,"An outdoor, paved area with street lamps.","The video clip depicts a serene suburban environment with a well-maintained road, palm trees lining the sides, and a clear sky.",Scene Summary,no,2,"{""correct"": ""no"", ""score"": 2}"
305,0fa75cb3-c4a0-4232-bdc4-15116ed39d88,What action am I performing in this clip?,Walking on a pavement outdoors.,I am riding a bicycle on the sidewalk.,Action Caption,no,1,"{""correct"": ""no"", ""score"": 1}"
306,0fa75cb3-c4a0-4232-bdc4-15116ed39d88,Do I interact with anyone in this video clip?,No.,"No, there is no interaction with anyone in this video clip.",Whether Something Happened(Y/N),yes,5,"{""correct"": ""yes"", ""score"": 5}"
307,0fa75cb3-c4a0-4232-bdc4-15116ed39d88,What is the setting of this video clip?,The setting is an outdoor pavement in a residential area.,"The setting of this video clip is a residential area with a calm and quiet atmosphere, featuring a street lined with houses and palm trees.",Scene Summary,yes,4,"{""correct"": ""yes"", ""score"": 4}"
308,0fa75cb3-c4a0-4232-bdc4-15116ed39d88,What time of day is depicted in this frame?,It appears to be twilight or early evening.,"The time of day depicted in this frame is either early morning or late evening, as indicated by the low light conditions and the presence of a person walking.",Scene Summary,no,3,"{""correct"": ""no"", ""score"": 3}"
309,0fa75cb3-c4a0-4232-bdc4-15116ed39d88,What elements indicate that this is a residential area?,The presence of housing structures and lack of commercial signs.,"The residential area is indicated by the presence of houses with balconies, a clear sky, and the general layout of the streets.",Scene Summary,no,2,"{""correct"": ""no"", ""score"": 2}"
310,0fa75cb3-c4a0-4232-bdc4-15116ed39d88,What type of path is the person on in the video?,The person is on a paved walkway.,The person is walking on a sidewalk.,Scene Summary,yes,5,"{""correct"": ""yes"", ""score"": 5}"
311,0fa75cb3-c4a0-4232-bdc4-15116ed39d88,Does the scene suggest a leisurely or rushed pace?,The scene suggests a leisurely pace.,"The scene suggests a leisurely pace, as there are no people or moving vehicles visible in the frame.",Action Caption,yes,5,"{""correct"": ""yes"", ""score"": 5}"
312,0fa75cb3-c4a0-4232-bdc4-15116ed39d88,Does the person interact with any objects in the scene?,No.,"Yes, the person is seen walking on the sidewalk near a parked car.",Whether Something Happened(Y/N),no,0,"{""correct"": ""no"", ""score"": 0}"
313,0fa75cb3-c4a0-4232-bdc4-15116ed39d88,Is the person traveling with someone else?,No.,"Yes, the person is traveling with another individual who is not visible in the frame.",Whether Something Happened(Y/N),no,0,"{""correct"": ""no"", ""score"": 0}"
314,0fa75cb3-c4a0-4232-bdc4-15116ed39d88,Does the video capture any animals in the scene?,No.,"No, there are no animals visible in the scene.",Whether Something Happened(Y/N),yes,5,"{""correct"": ""yes"", ""score"": 5}"
315,0fa75cb3-c4a0-4232-bdc4-15116ed39d88,Does the individual seem to be lost or searching for directions?,No.,"Yes, the individual appears to be lost or searching for directions as they are walking along the sidewalk and looking around.",Whether Something Happened(Y/N),no,0,"{""correct"": ""no"", ""score"": 0}"
316,879dd163-7588-45d1-9466-a5deabc59167,What is depicted in the scene of the video clip?,A person relaxing on a couch holding an e-reader.,"The scene depicts a person sitting on a couch in a cozy living room, engrossed in reading a book. The background shows a well-lit room with a comfortable seating arrangement and various decorative elements such as plants and books.",Scene Summary,no,3,"{""correct"": ""no"", ""score"": 3}"
317,879dd163-7588-45d1-9466-a5deabc59167,What location is shown in the video clip?,Inside a house.,"The video clip shows a cozy living room with a comfortable couch, a coffee table, and a wall-mounted lamp.",Scene Summary,yes,5,"{""correct"": ""yes"", ""score"": 5}"
318,879dd163-7588-45d1-9466-a5deabc59167,Describe the setting where the action takes place.,A living room with a dining area in the background.,"The setting is a cozy living room with beige walls, a carpeted floor, and a comfortable-looking sofa. The room has a warm ambiance, enhanced by the soft lighting from recessed ceiling lights. A small table with a lamp on it stands in the background, adding to the homely atmosphere.",Scene Summary,no,3,"{""correct"": ""no"", ""score"": 3}"
319,879dd163-7588-45d1-9466-a5deabc59167,How is the environment arranged in the video clip?,"A cozy arrangement with a couch, curtain, and dining set.","The environment is arranged with a cozy living room setting, featuring a comfortable couch, a chair, and a small table. The background includes a wall adorned with decorative items and a window that allows natural light to enter the room.",Scene Summary,no,2,"{""correct"": ""no"", ""score"": 2}"
320,879dd163-7588-45d1-9466-a5deabc59167,What is the subject doing in the video?,Resting and perhaps beginning to read an e-book.,The subject is engrossed in reading a book.,Action Caption,no,2,"{""correct"": ""no"", ""score"": 2}"
321,879dd163-7588-45d1-9466-a5deabc59167,Can you provide an overview of the action in this clip?,Leisurely activities involving electronic devices at home.,"The clip shows a person sitting on a couch in a cozy living room, holding an open book and reading it. The background features a comfortable-looking sofa with a few cushions, a small table with a lamp, and a wall-mounted shelf displaying various items such as books and decorative objects.",Action Caption,no,1,"{""correct"": ""no"", ""score"": 1}"
322,879dd163-7588-45d1-9466-a5deabc59167,Does the video capture the person sitting on the couch?,Yes.,"Yes, the video captures the person sitting on the couch throughout the sequence.",Whether Something Happened(Y/N),yes,5,"{""correct"": ""yes"", ""score"": 5}"
323,879dd163-7588-45d1-9466-a5deabc59167,Is the person in the video engaged in a strenuous activity?,No.,No.,Whether Something Happened(Y/N),yes,5,"{""correct"": ""yes"", ""score"": 5}"
324,879dd163-7588-45d1-9466-a5deabc59167,What is the setting of the scene in the clip?,The setting is inside a house.,"The setting of the scene is a cozy living room with a comfortable couch, a coffee table, and various decorative items.",Scene Summary,yes,5,"{""correct"": ""yes"", ""score"": 5}"
325,879dd163-7588-45d1-9466-a5deabc59167,Where was the reading activity taking place?,The reading took place on a couch.,The reading activity was taking place in a cozy living room.,Scene Summary,no,2,"{""correct"": ""no"", ""score"": 2}"
326,879dd163-7588-45d1-9466-a5deabc59167,What object is prominently featured in the scene?,A tablet is prominently featured.,A white e-reader is prominently featured in the scene.,Scene Summary,no,2,"{""correct"": ""no"", ""score"": 2}"
327,879dd163-7588-45d1-9466-a5deabc59167,What is the room's appearance in the video clip?,The room appears to be a living area.,"The room has a cozy and comfortable atmosphere, with soft lighting and a few decorative elements like a vase on the table.",Scene Summary,no,1,"{""correct"": ""no"", ""score"": 1}"
328,879dd163-7588-45d1-9466-a5deabc59167,What activity is the subject engaged in?,The subject is engaged in reading a book.,The subject is engaged in reading a book or e-reader.,Scene Summary,yes,5,"{""correct"": ""yes"", ""score"": 5}"
329,879dd163-7588-45d1-9466-a5deabc59167,Describe the posture of the person in the action.,The person is sitting with legs up on the couch.,"The person is lying on their side with one leg extended and the other bent at the knee. They are holding a white e-reader in front of them, which displays text.",Action Caption,no,1,"{""correct"": ""no"", ""score"": 1}"
330,879dd163-7588-45d1-9466-a5deabc59167,Does the clip show a person reading a physical book?,No.,"No, the clip does not show a person reading a physical book; it only shows an individual holding and looking at a digital e-reader.",Whether Something Happened(Y/N),yes,5,"{""correct"": ""yes"", ""score"": 5}"
331,879dd163-7588-45d1-9466-a5deabc59167,Is the subject standing while reading?,No.,"No, the subject is sitting on the couch while reading.",Whether Something Happened(Y/N),yes,5,"{""correct"": ""yes"", ""score"": 5}"
332,879dd163-7588-45d1-9466-a5deabc59167,Does the video capture multiple people in the room?,No.,"Yes, the video captures multiple people in the room.",Whether Something Happened(Y/N),no,0,"{""correct"": ""no"", ""score"": 0}"
333,879dd163-7588-45d1-9466-a5deabc59167,Does the video show a daytime setting?,No.,No.,Whether Something Happened(Y/N),yes,5,"{""correct"": ""yes"", ""score"": 5}"
334,879dd163-7588-45d1-9466-a5deabc59167,What setting is shown in the video?,A house interior is shown in the video.,"The video shows a cozy indoor setting, likely in a living room or study area.",Scene Summary,yes,5,"{""correct"": ""yes"", ""score"": 5}"
335,879dd163-7588-45d1-9466-a5deabc59167,Explain the immediate scene in the video?,The video captures a moment of domestic relaxation.,"The video shows a person sitting on a couch in a cozy living room, holding an e-reader with text displayed on the screen. The background features a comfortable seating area with additional cushions and a potted plant. The lighting is warm and inviting, creating a relaxing atmosphere.",Scene Summary,yes,5,"{""correct"": ""yes"", ""score"": 5}"
336,879dd163-7588-45d1-9466-a5deabc59167,Can you describe the motion occurring in the clip?,"There is minimal motion, mainly of holding a tablet.","The motion in the clip is consistent, with a person sitting on a couch holding an e-reader. The scene remains static throughout the video, maintaining a calm and relaxed atmosphere.",Action Caption,yes,4,"{""correct"": ""yes"", ""score"": 4}"
337,879dd163-7588-45d1-9466-a5deabc59167,How would you caption the video's current activity?,Leisure time: Engrossed in digital reading.,"The caption for the video could be ""A person immerses themselves in a world of words, surrounded by the tranquility of their cozy living room.""",Action Caption,no,2,"{""correct"": ""no"", ""score"": 2}"
338,879dd163-7588-45d1-9466-a5deabc59167,Does the video show a person standing up?,No.,"No, the video does not show a person standing up; it focuses on the person sitting comfortably in the living room.",Whether Something Happened(Y/N),yes,5,"{""correct"": ""yes"", ""score"": 5}"
339,879dd163-7588-45d1-9466-a5deabc59167,Is the video capturing outdoor activities?,No.,"No, the video does not show any outdoor activities.",Whether Something Happened(Y/N),yes,5,"{""correct"": ""yes"", ""score"": 5}"
340,879dd163-7588-45d1-9466-a5deabc59167,Does the video depict a social gathering?,No.,"No, the video does not depict a social gathering. It shows an individual reading a book on a couch in their living room.",Whether Something Happened(Y/N),yes,5,"{""correct"": ""yes"", ""score"": 5}"
341,879dd163-7588-45d1-9466-a5deabc59167,Is the individual in the video interacting with others?,No.,"No, the individual is not interacting with others in the video.",Whether Something Happened(Y/N),yes,5,"{""correct"": ""yes"", ""score"": 5}"
342,879dd163-7588-45d1-9466-a5deabc59167,Is the scene taking place in a work environment?,No.,"No, the scene is not taking place in a work environment.",Whether Something Happened(Y/N),yes,5,"{""correct"": ""yes"", ""score"": 5}"
343,879dd163-7588-45d1-9466-a5deabc59167,What is the main activity depicted in this video scene?,Reading a book on a tablet.,The main activity depicted in this video scene is a person reading an e-reader book.,Scene Summary,yes,5,"{""correct"": ""yes"", ""score"": 5}"
344,879dd163-7588-45d1-9466-a5deabc59167,Where is this scene taking place?,Inside a house.,"The scene is taking place in a cozy living room with warm lighting, creating an inviting atmosphere.",Scene Summary,yes,5,"{""correct"": ""yes"", ""score"": 5}"
345,879dd163-7588-45d1-9466-a5deabc59167,How is the reader positioned in this scenario?,Relaxed on a couch with feet up.,"The reader is positioned on the couch, with their legs crossed and feet resting on a cushion.",Scene Summary,no,3,"{""correct"": ""no"", ""score"": 3}"
346,879dd163-7588-45d1-9466-a5deabc59167,Can you describe the posture of the reader in this clip?,The reader is lying back with feet propped up.,"The reader is comfortably seated on the couch, with their legs crossed and feet resting on the armrest. They are holding an e-reader in both hands, indicating a relaxed posture suitable for reading or browsing content.",Action Caption,no,1,"{""correct"": ""no"", ""score"": 1}"
347,879dd163-7588-45d1-9466-a5deabc59167,What is the focal point of this particular frame?,The tablet displaying text.,"The focal point of this particular frame is the person's hands and the white e-reader device, which is displaying a page with text.",Action Caption,yes,4,"{""correct"": ""yes"", ""score"": 4}"
348,879dd163-7588-45d1-9466-a5deabc59167,What does the stillness of the frame indicate about the action?,It indicates a calm and stationary activity.,"The stillness of the frame indicates that the person is engaged in a quiet and focused activity, likely reading or browsing on their e-reader.",Action Caption,yes,4,"{""correct"": ""yes"", ""score"": 4}"
349,879dd163-7588-45d1-9466-a5deabc59167,Does the video show any social interaction?,No.,"No, the video does not show any social interaction. It focuses solely on the individual's engagement with their e-reader and the quiet, comfortable setting of the living room.",Whether Something Happened(Y/N),yes,5,"{""correct"": ""yes"", ""score"": 5}"
350,879dd163-7588-45d1-9466-a5deabc59167,Is the reader changing positions frequently in this clip?,No.,"No, the reader is consistently lying on their back with their legs extended and feet resting on the couch.",Whether Something Happened(Y/N),yes,5,"{""correct"": ""yes"", ""score"": 5}"
351,879dd163-7588-45d1-9466-a5deabc59167,Does the environment indicate a public or private space?,A private space.,"The environment appears to be a private space, as indicated by the lack of other people or objects in the background that would suggest a public setting.",Whether Something Happened(Y/N),yes,5,"{""correct"": ""yes"", ""score"": 5}"
352,879dd163-7588-45d1-9466-a5deabc59167,Does the reader make use of any physical book in the scene?,No.,"No, the reader does not make use of any physical book in the scene.",Whether Something Happened(Y/N),yes,5,"{""correct"": ""yes"", ""score"": 5}"
353,879dd163-7588-45d1-9466-a5deabc59167,Is there any indication of the reader being disturbed or interrupted?,No.,"No, there is no indication of the reader being disturbed or interrupted in this scene.",Whether Something Happened(Y/N),yes,5,"{""correct"": ""yes"", ""score"": 5}"
354,879dd163-7588-45d1-9466-a5deabc59167,What does the video show in the indoor setting?,Someone sitting on a couch using a tablet.,"The video shows a person lying on a couch, engrossed in reading an e-reader. The indoor setting includes a cozy room with a comfortable couch and a warm ambiance created by soft lighting.",Scene Summary,no,2,"{""correct"": ""no"", ""score"": 2}"
355,879dd163-7588-45d1-9466-a5deabc59167,Where is the person located in the video?,The person is on the couch inside a house.,The person is located in a cozy living room.,Scene Summary,no,3,"{""correct"": ""no"", ""score"": 3}"
356,879dd163-7588-45d1-9466-a5deabc59167,How is the person positioned in this section of the video?,They are sitting with legs on the couch.,The person is lying on their side with their legs bent and feet resting on the couch.,Scene Summary,no,1,"{""correct"": ""no"", ""score"": 1}"
357,879dd163-7588-45d1-9466-a5deabc59167,What is the person doing with their legs in the video?,They are moving their legs on the couch.,The person is sitting cross-legged on the couch with their legs extended.,Action Caption,no,1,"{""correct"": ""no"", ""score"": 1}"
358,879dd163-7588-45d1-9466-a5deabc59167,How is the tablet being utilized in the video?,The tablet is being held and read from.,"The tablet is being used to read a book, as the person is seen holding it in their lap and reading from it.",Action Caption,yes,5,"{""correct"": ""yes"", ""score"": 5}"
359,879dd163-7588-45d1-9466-a5deabc59167,Is the individual in the video eating?,No.,"No, the individual is not eating; they are focused on reading a book.",Whether Something Happened(Y/N),yes,5,"{""correct"": ""yes"", ""score"": 5}"
360,879dd163-7588-45d1-9466-a5deabc59167,Does the video show the person lying down on the couch?,No.,"Yes, the video shows the person lying down on the couch.",Whether Something Happened(Y/N),no,0,"{""correct"": ""no"", ""score"": 0}"
361,879dd163-7588-45d1-9466-a5deabc59167,Is there a pet visible in the video clip?,No.,"No, there is no pet visible in the video clip.",Whether Something Happened(Y/N),yes,5,"{""correct"": ""yes"", ""score"": 5}"
362,879dd163-7588-45d1-9466-a5deabc59167,Does the video depict any outdoor scenes?,No.,"No, the video does not depict any outdoor scenes. The focus remains on the indoor setting throughout the video.",Whether Something Happened(Y/N),yes,5,"{""correct"": ""yes"", ""score"": 5}"
363,879dd163-7588-45d1-9466-a5deabc59167,Is the person in the video talking on the phone?,No.,"No, the person is not talking on the phone; they are focused on reading a book.",Whether Something Happened(Y/N),yes,5,"{""correct"": ""yes"", ""score"": 5}"
364,879dd163-7588-45d1-9466-a5deabc59167,Did I sit on the couch before reading the book on the tablet?,Yes,"No, the person did not sit on the couch before reading the book on the tablet.",Order Judging(Y/N),no,0,"{""correct"": ""no"", ""score"": 0}"
365,879dd163-7588-45d1-9466-a5deabc59167,Did I move my legs on the couch before using the tablet?,Yes,"No, you didn't move your legs on the couch before using the tablet.",Order Judging(Y/N),no,0,"{""correct"": ""no"", ""score"": 0}"
366,879dd163-7588-45d1-9466-a5deabc59167,Was I in the house before I sat on the couch?,Yes,"Yes, you were in the house before I sat on the couch.",Order Judging(Y/N),yes,5,"{""correct"": ""yes"", ""score"": 5}"
367,879dd163-7588-45d1-9466-a5deabc59167,Did I use the tablet before moving my legs on the couch?,No,"Yes, you did use the tablet before moving your legs on the couch.",Order Judging(Y/N),no,0,"{""correct"": ""no"", ""score"": 0}"
368,879dd163-7588-45d1-9466-a5deabc59167,Was the tablet in my hands before I sat on the couch?,No,"Yes, the tablet was in my hands before I sat on the couch.",Order Judging(Y/N),no,0,"{""correct"": ""no"", ""score"": 0}"
369,879dd163-7588-45d1-9466-a5deabc59167,What happens just before I read the book on the tablet?,Sitting on the couch.,"Just before I read the book on the tablet, a person walks into the room and sits down next to me.",What event order,no,1,"{""correct"": ""no"", ""score"": 1}"
370,879dd163-7588-45d1-9466-a5deabc59167,What setting is depicted in the provided video clip?,A person sitting on a couch in a house.,"The setting depicted in the provided video clip is a cozy living room with a comfortable couch, a table with various items on it, and a potted plant.",Scene Summary,yes,4,"{""correct"": ""yes"", ""score"": 4}"
371,879dd163-7588-45d1-9466-a5deabc59167,What furnishings are visible in the video?,"A couch, chair, and a dining area in the background.","The video shows a cozy living room with a couch, a chair, and a table.",Scene Summary,no,3,"{""correct"": ""no"", ""score"": 3}"
372,879dd163-7588-45d1-9466-a5deabc59167,Describe the atmosphere of the room shown in the video?,The room appears to be tidy and comfortably lit.,"The room has a cozy and inviting atmosphere, with soft lighting that creates a warm ambiance. The walls are painted in a light color, and there is a comfortable-looking sofa adorned with cushions. A potted plant adds a touch of greenery to the space, enhancing its homely feel.",Scene Summary,yes,4,"{""correct"": ""yes"", ""score"": 4}"
373,879dd163-7588-45d1-9466-a5deabc59167,Describe the posture of the individual in the video?,They are seated with their legs up on the couch.,The individual is lying on their back with their legs extended and feet resting on the couch.,Action Caption,no,1,"{""correct"": ""no"", ""score"": 1}"
374,879dd163-7588-45d1-9466-a5deabc59167,Can you summarize the person's behavior in the video?,They are relaxing and using an electronic device.,"The person is lying on a couch, holding an e-reader with both hands and reading from it. They appear to be deeply engaged in the content displayed on the screen.",Action Caption,yes,5,"{""correct"": ""yes"", ""score"": 5}"
375,879dd163-7588-45d1-9466-a5deabc59167,Is there any noticeable movement or gesture in the video?,The person raised their hands at some point.,"No, there is no noticeable movement or gesture in the video. The person remains seated with minimal changes in their position throughout the sequence.",Action Caption,no,0,"{""correct"": ""no"", ""score"": 0}"
376,879dd163-7588-45d1-9466-a5deabc59167,Did the person in the video adjust their position on the couch?,Not shown in the given frame.,"Yes, the person adjusted their position on the couch by shifting their legs and arms.",Whether Something Happened(Y/N),no,0,"{""correct"": ""no"", ""score"": 0}"
377,879dd163-7588-45d1-9466-a5deabc59167,Is the individual in the video communicating with someone else?,"No, not visibly.","Yes, the individual is holding a white tablet with text on it and appears to be communicating with someone else in the room.",Whether Something Happened(Y/N),no,0,"{""correct"": ""no"", ""score"": 0}"
378,879dd163-7588-45d1-9466-a5deabc59167,Does the video indicate that the person is multitasking?,"No, they appear focused on the tablet.","Yes, the video indicates that the person is multitasking by simultaneously reading a book and using their smartphone.",Whether Something Happened(Y/N),no,0,"{""correct"": ""no"", ""score"": 0}"
379,879dd163-7588-45d1-9466-a5deabc59167,Is the person standing up at any point in the video?,"No, they are seated throughout.",No.,Whether Something Happened(Y/N),yes,5,"{""correct"": ""yes"", ""score"": 5}"
380,879dd163-7588-45d1-9466-a5deabc59167,Did I move my legs on the couch before using the tablet?,Yes,"No, you didn't move your legs on the couch before using the tablet.",Order Judging(Y/N),no,0,"{""correct"": ""no"", ""score"": 0}"
381,879dd163-7588-45d1-9466-a5deabc59167,Did I raise my hands before sitting on the couch?,No,"No, you didn't raise your hands before sitting on the couch.",Order Judging(Y/N),yes,5,"{""correct"": ""yes"", ""score"": 5}"
382,879dd163-7588-45d1-9466-a5deabc59167,Was I sitting on the couch before raising my hands?,Yes,"Yes, you were sitting on the couch before raising your hands.",Order Judging(Y/N),yes,5,"{""correct"": ""yes"", ""score"": 5}"
383,879dd163-7588-45d1-9466-a5deabc59167,Did I use the tablet after sitting on the couch?,Yes,"Yes, you used the tablet after sitting on the couch.",Order Judging(Y/N),yes,5,"{""correct"": ""yes"", ""score"": 5}"
384,879dd163-7588-45d1-9466-a5deabc59167,What did I do just before using the tablet in the house?,Sat on the couch,I just laid down on the couch and read a book.,What event order,no,2,"{""correct"": ""no"", ""score"": 2}"
385,879dd163-7588-45d1-9466-a5deabc59167,What did I do just before raising my hands?,Used the tablet,I was reading a book.,What event order,no,0,"{""correct"": ""no"", ""score"": 0}"
386,879dd163-7588-45d1-9466-a5deabc59167,Is the tablet used after sitting on the couch as shown in the clip?,Yes,"Yes, the tablet is used after sitting on the couch.",Order Judging(Y/N),yes,5,"{""correct"": ""yes"", ""score"": 5}"
387,879dd163-7588-45d1-9466-a5deabc59167,"In the video, is the tablet picked up before legs are placed on the couch?",Yes,"Yes, the tablet is picked up before legs are placed on the couch.",Order Judging(Y/N),yes,5,"{""correct"": ""yes"", ""score"": 5}"
388,879dd163-7588-45d1-9466-a5deabc59167,Does sitting on the couch happen after raising hands in the sequence?,No,"Yes, the person raises their hands in a gesture that suggests they are about to sit down on the couch.",Order Judging(Y/N),no,0,"{""correct"": ""no"", ""score"": 0}"
389,879dd163-7588-45d1-9466-a5deabc59167,What is the setting of the video clip?,The setting is inside a house.,"The setting of the video clip is a cozy living room with a beige couch, a brown armchair, and a wooden coffee table.",Scene Summary,yes,5,"{""correct"": ""yes"", ""score"": 5}"
390,879dd163-7588-45d1-9466-a5deabc59167,Where is the person situated in this scene?,The person is sitting on the couch.,The person is situated on a couch in the living room.,Scene Summary,yes,5,"{""correct"": ""yes"", ""score"": 5}"
391,879dd163-7588-45d1-9466-a5deabc59167,What object is the person interacting with?,The person is holding and using a tablet.,The person is interacting with a white e-reader device.,Scene Summary,no,2,"{""correct"": ""no"", ""score"": 2}"
392,879dd163-7588-45d1-9466-a5deabc59167,Describe the person's posture in the video.,The person is reclined with feet up on the couch.,"The person is lying on their back with their legs crossed, holding a white e-reader in both hands.",Scene Summary,no,1,"{""correct"": ""no"", ""score"": 1}"
393,879dd163-7588-45d1-9466-a5deabc59167,Is the person reading a book on the tablet?,Yes.,"No, the person is not reading a book on the tablet.",Whether Something Happened(Y/N),no,0,"{""correct"": ""no"", ""score"": 0}"
394,879dd163-7588-45d1-9466-a5deabc59167,Does the scene show an interaction with digital technology?,Yes.,"Yes, the scene shows an interaction with digital technology as the person is holding a white e-reader device and appears to be reading or browsing through its content.",Whether Something Happened(Y/N),yes,5,"{""correct"": ""yes"", ""score"": 5}"
395,879dd163-7588-45d1-9466-a5deabc59167,Is the individual standing while using the tablet?,No.,"No, the individual is sitting on a couch while using the tablet.",Whether Something Happened(Y/N),yes,5,"{""correct"": ""yes"", ""score"": 5}"
396,879dd163-7588-45d1-9466-a5deabc59167,Has the person positioned themselves comfortably for tablet use?,Yes.,"Yes, the person is comfortably positioned with their feet up on the couch and appears to be in a relaxed posture.",Whether Something Happened(Y/N),yes,5,"{""correct"": ""yes"", ""score"": 5}"
397,879dd163-7588-45d1-9466-a5deabc59167,Does the video show the person watching TV?,No.,"No, the video does not show the person watching TV; it focuses on their interaction with a white e-reader.",Whether Something Happened(Y/N),yes,5,"{""correct"": ""yes"", ""score"": 5}"
398,879dd163-7588-45d1-9466-a5deabc59167,"In the video, did I use the tablet before sitting on the couch?",No,"Yes, you did use the tablet before sitting on the couch.",Order Judging(Y/N),no,0,"{""correct"": ""no"", ""score"": 0}"
399,879dd163-7588-45d1-9466-a5deabc59167,Did I raise my hands before holding the tablet?,No,"No, you didn't raise your hands before holding the tablet.",Order Judging(Y/N),yes,5,"{""correct"": ""yes"", ""score"": 5}"
400,879dd163-7588-45d1-9466-a5deabc59167,"In the video, was I already seated on the couch before using the tablet?",Yes,"No, you were already seated on the couch before using the tablet.",Order Judging(Y/N),no,0,"{""correct"": ""no"", ""score"": 0}"
401,879dd163-7588-45d1-9466-a5deabc59167,Was the tablet in my hand before I used it?,Yes,"Yes, the tablet was in my hand before I used it.",Order Judging(Y/N),yes,5,"{""correct"": ""yes"", ""score"": 5}"
402,879dd163-7588-45d1-9466-a5deabc59167,What occurs just before I hold the tablet in the video?,I sit on the couch,"Just before I hold the tablet, a person is lying on their back with their legs crossed and feet resting on the couch.",What event order,no,1,"{""correct"": ""no"", ""score"": 1}"
403,879dd163-7588-45d1-9466-a5deabc59167,What action takes place before using the tablet?,I hold the tablet,"Before using the tablet, the person lies on their back with their legs crossed and feet resting on a cushion.",What event order,no,0,"{""correct"": ""no"", ""score"": 0}"
404,879dd163-7588-45d1-9466-a5deabc59167,"In the video, did I move my legs on the couch before using the tablet?",Yes,"No, the person did not move their legs on the couch before using the tablet.",Order Judging(Y/N),no,0,"{""correct"": ""no"", ""score"": 0}"
405,879dd163-7588-45d1-9466-a5deabc59167,"In the video, is the tablet held before raising hands?",Yes,"Yes, the tablet is held before raising hands.",Order Judging(Y/N),yes,5,"{""correct"": ""yes"", ""score"": 5}"
406,879dd163-7588-45d1-9466-a5deabc59167,"In the video, does sitting on the couch happen before moving legs on the couch?",Yes,"Yes, sitting on the couch happens before moving legs on it.",Order Judging(Y/N),yes,5,"{""correct"": ""yes"", ""score"": 5}"
407,879dd163-7588-45d1-9466-a5deabc59167,What happens before I use the tablet in the video?,I sit on the couch and move my legs,"Before using the tablet, the person is lying on a couch with their feet propped up and appears to be reading or looking at something on the tablet.",What event order,no,1,"{""correct"": ""no"", ""score"": 1}"
408,879dd163-7588-45d1-9466-a5deabc59167,What action is performed just before raising hands in the video?,Using the tablet,"Just before raising hands, the person is holding a white e-reader with text on it.",What event order,no,2,"{""correct"": ""no"", ""score"": 2}"
409,879dd163-7588-45d1-9466-a5deabc59167,What do I do right before moving my legs on the couch?,I sit on the couch,I sit up on the couch.,What event order,yes,5,"{""correct"": ""yes"", ""score"": 5}"
410,879dd163-7588-45d1-9466-a5deabc59167,"In the video, what takes place prior to holding the tablet?",I sit on the couch,"Prior to holding the tablet, the person is lying on a couch with their feet propped up and reading a book.",What event order,no,2,"{""correct"": ""no"", ""score"": 2}"
411,879dd163-7588-45d1-9466-a5deabc59167,What is the depicted scenario in this video frame?,A person sitting on a couch using a tablet.,"The video frame depicts a person lying on their back on a couch, holding an e-reader with both hands. The screen of the e-reader displays text in Russian.",Scene Summary,no,2,"{""correct"": ""no"", ""score"": 2}"
412,879dd163-7588-45d1-9466-a5deabc59167,Can you summarize the environment in the video clip?,The environment is a cozy living room with a person on the couch.,"The video shows a cozy living room with a brown couch, blue pillows, and various items scattered around. The person is comfortably seated on the couch while holding an e-reader, which displays text in Russian.",Scene Summary,yes,5,"{""correct"": ""yes"", ""score"": 5}"
413,879dd163-7588-45d1-9466-a5deabc59167,Offer a caption for the ongoing activity in the video?,Enjoying digital content from the comfort of the couch.,"'Enjoying a peaceful moment with an e-reader, immersed in the world of words.'",Action Caption,no,2,"{""correct"": ""no"", ""score"": 2}"
414,879dd163-7588-45d1-9466-a5deabc59167,Is the person in the video standing up?,No.,"No, the person is sitting on a couch.",Whether Something Happened(Y/N),yes,5,"{""correct"": ""yes"", ""score"": 5}"
415,879dd163-7588-45d1-9466-a5deabc59167,Does the video capture the individual walking around?,No.,"No, the video does not capture the individual walking around; it focuses on the person sitting comfortably on a couch.",Whether Something Happened(Y/N),yes,5,"{""correct"": ""yes"", ""score"": 5}"
416,879dd163-7588-45d1-9466-a5deabc59167,Is there a group of people in the video clip?,No.,"No, there are no people in the video clip.",Whether Something Happened(Y/N),yes,5,"{""correct"": ""yes"", ""score"": 5}"
417,879dd163-7588-45d1-9466-a5deabc59167,Does the frame show the person cooking in the kitchen?,No.,"No, the frame does not show the person cooking in the kitchen.",Whether Something Happened(Y/N),yes,5,"{""correct"": ""yes"", ""score"": 5}"
418,879dd163-7588-45d1-9466-a5deabc59167,Is the person in the video engaging in a conversation?,No.,"No, the person is not engaging in a conversation; they are simply enjoying their reading experience.",Whether Something Happened(Y/N),yes,5,"{""correct"": ""yes"", ""score"": 5}"
419,879dd163-7588-45d1-9466-a5deabc59167,Did I sit on the couch before using the tablet?,Yes.,"No, you didn't sit on the couch before using the tablet.",Order Judging(Y/N),no,0,"{""correct"": ""no"", ""score"": 0}"
420,879dd163-7588-45d1-9466-a5deabc59167,Did I hold the tablet before sitting on the couch?,No.,"Yes, you held the tablet before sitting on the couch.",Order Judging(Y/N),no,0,"{""correct"": ""no"", ""score"": 0}"
421,879dd163-7588-45d1-9466-a5deabc59167,Did I sit down after picking up the tablet?,Yes.,"No, you didn't sit down after picking up the tablet.",Order Judging(Y/N),no,0,"{""correct"": ""no"", ""score"": 0}"
422,879dd163-7588-45d1-9466-a5deabc59167,"In the video, what do I do just before sitting on the couch?",There is no information on actions prior.,I sit on the couch with my legs crossed and a book in hand.,What event order,no,0,"{""correct"": ""no"", ""score"": 0}"
423,879dd163-7588-45d1-9466-a5deabc59167,"In the sequence, what happens before I use the tablet?",I hold the tablet.,"Before using the tablet, I first lie down on the couch with my legs crossed and feet resting on the cushions.",What event order,no,0,"{""correct"": ""no"", ""score"": 0}"
424,879dd163-7588-45d1-9466-a5deabc59167,Does the action of sitting on the couch happen before using the tablet?,Yes,"No, the action of sitting on the couch happens after using the tablet.",Order Judging(Y/N),no,0,"{""correct"": ""no"", ""score"": 0}"
425,879dd163-7588-45d1-9466-a5deabc59167,Does raising hands occur before sitting on the couch?,No,"No, raising hands do not occur before sitting on the couch.",Order Judging(Y/N),yes,5,"{""correct"": ""yes"", ""score"": 5}"
426,879dd163-7588-45d1-9466-a5deabc59167,Is using the tablet done after sitting on the couch?,Yes,"Yes, the person is seen sitting on the couch with their legs crossed and holding the tablet.",Order Judging(Y/N),yes,5,"{""correct"": ""yes"", ""score"": 5}"
427,879dd163-7588-45d1-9466-a5deabc59167,What happens before using the tablet?,Sitting on the couch and holding the tablet,"Before using the tablet, the person is lying on a couch with their legs crossed and feet resting on the armrest.",What event order,no,2,"{""correct"": ""no"", ""score"": 2}"
428,879dd163-7588-45d1-9466-a5deabc59167,What occurs just before raising hands?,Using the tablet,"Just before raising hands, the person's legs are crossed and they are holding a white e-reader with text on it.",What event order,yes,5,"{""correct"": ""yes"", ""score"": 5}"
429,cbfeb6c8-ec1f-4884-bcbf-14d7764c4a36,What environment surrounds the individual in the video?,An apartment setting.,"The individual is surrounded by a warm, well-lit environment with natural light streaming in from the left side of the frame.",Scene Summary,no,1,"{""correct"": ""no"", ""score"": 1}"
430,cbfeb6c8-ec1f-4884-bcbf-14d7764c4a36,What activity is taking place in this particular setting?,Writing in a book with a pen.,"The activity taking place is a person studying or working on an exam, as indicated by the presence of multiple study materials and their focused demeanor.",Scene Summary,no,1,"{""correct"": ""no"", ""score"": 1}"
431,cbfeb6c8-ec1f-4884-bcbf-14d7764c4a36,Was the person depicted cooking in the kitchen?,No.,"No, the person was not cooking in the kitchen; they were simply enjoying a meal.",Whether Something Happened(Y/N),yes,5,"{""correct"": ""yes"", ""score"": 5}"
432,cbfeb6c8-ec1f-4884-bcbf-14d7764c4a36,Did any outdoor activity occur in this video?,No.,"No, there were no outdoor activities observed in this video.",Whether Something Happened(Y/N),yes,5,"{""correct"": ""yes"", ""score"": 5}"
433,cbfeb6c8-ec1f-4884-bcbf-14d7764c4a36,Was the individual standing while performing the task?,No.,"No, the individual was seated while performing the task.",Whether Something Happened(Y/N),yes,5,"{""correct"": ""yes"", ""score"": 5}"
434,cbfeb6c8-ec1f-4884-bcbf-14d7764c4a36,Is there any verbal communication happening in this scene?,No.,"No, there is no verbal communication happening in this scene.",Whether Something Happened(Y/N),yes,5,"{""correct"": ""yes"", ""score"": 5}"
435,cbfeb6c8-ec1f-4884-bcbf-14d7764c4a36,Does the video show someone reading a book?,No.,"Yes, the video shows someone reading a book.",Whether Something Happened(Y/N),no,0,"{""correct"": ""no"", ""score"": 0}"
436,cbfeb6c8-ec1f-4884-bcbf-14d7764c4a36,What location is shown in the video?,A room with a table.,"The video shows a person sitting at a desk with an open spiral notebook, writing in it.",Scene Summary,no,2,"{""correct"": ""no"", ""score"": 2}"
437,cbfeb6c8-ec1f-4884-bcbf-14d7764c4a36,What activity is being done in the clip?,Writing in a notebook.,"The activity being done in the clip is studying or working on a study material, as indicated by the person's focused demeanor and the open notebooks filled with handwritten notes.",Scene Summary,no,2,"{""correct"": ""no"", ""score"": 2}"
438,cbfeb6c8-ec1f-4884-bcbf-14d7764c4a36,What object is being used to write?,A pen.,A spiral-bound notebook is being used to write.,Scene Summary,no,0,"{""correct"": ""no"", ""score"": 0}"
439,cbfeb6c8-ec1f-4884-bcbf-14d7764c4a36,What item is on the table besides the notebook?,Opened books.,A blue pen is on the table besides the notebook.,Scene Summary,no,0,"{""correct"": ""no"", ""score"": 0}"
440,cbfeb6c8-ec1f-4884-bcbf-14d7764c4a36,Is the notebook on a flat surface?,"Yes, on a table.",Yes.,Scene Summary,yes,4,"{""correct"": ""yes"", ""score"": 4}"
441,cbfeb6c8-ec1f-4884-bcbf-14d7764c4a36,What color is the pen being used?,Blue.,The pen being used is blue.,Action Caption,yes,5,"{""correct"": ""yes"", ""score"": 5}"
442,cbfeb6c8-ec1f-4884-bcbf-14d7764c4a36,Is the person using both hands to write?,"Yes, one to hold and one to write.","Yes, the person is using both hands to write.",Action Caption,no,2,"{""correct"": ""no"", ""score"": 2}"
443,cbfeb6c8-ec1f-4884-bcbf-14d7764c4a36,Has the pen made contact with the paper?,Yes.,"Yes, the pen has made contact with the paper.",Whether Something Happened(Y/N),yes,5,"{""correct"": ""yes"", ""score"": 5}"
444,cbfeb6c8-ec1f-4884-bcbf-14d7764c4a36,Is there a book on the table?,Yes.,Yes.,Whether Something Happened(Y/N),yes,5,"{""correct"": ""yes"", ""score"": 5}"
445,cbfeb6c8-ec1f-4884-bcbf-14d7764c4a36,"In the video, do I flip the book page before writing on it?",No,"No, the person does not flip the book page before writing on it.",Order Judging(Y/N),yes,5,"{""correct"": ""yes"", ""score"": 5}"
446,cbfeb6c8-ec1f-4884-bcbf-14d7764c4a36,"In the video, do I write with a pen after sitting at the table?",Yes,"Yes, you write with a pen after sitting at the table.",Order Judging(Y/N),yes,5,"{""correct"": ""yes"", ""score"": 5}"
447,cbfeb6c8-ec1f-4884-bcbf-14d7764c4a36,Does the writing occur before closing the notebook?,Yes,"No, the writing does not occur before closing the notebook.",Order Judging(Y/N),no,0,"{""correct"": ""no"", ""score"": 0}"
448,cbfeb6c8-ec1f-4884-bcbf-14d7764c4a36,Do I start writing before opening the book?,No,"Yes, the person opens the book and begins writing.",Order Judging(Y/N),no,0,"{""correct"": ""no"", ""score"": 0}"
449,cbfeb6c8-ec1f-4884-bcbf-14d7764c4a36,"Before closing the notebook, what event occurs in the video?",Writing on it,"Before closing the notebook, the person points to a specific section of the page with their index finger.",What event order,no,1,"{""correct"": ""no"", ""score"": 1}"
450,cbfeb6c8-ec1f-4884-bcbf-14d7764c4a36,What is done prior to sitting at the table in the video?,Entering the room,"Prior to sitting at the table, a person is seen writing in a spiral notebook.",What event order,no,0,"{""correct"": ""no"", ""score"": 0}"
451,cbfeb6c8-ec1f-4884-bcbf-14d7764c4a36,What is the setting of the scene in the video clip?,In an apartment.,"The setting of the scene is a wooden desk with two open notebooks, one on each side.",Scene Summary,no,0,"{""correct"": ""no"", ""score"": 0}"
452,cbfeb6c8-ec1f-4884-bcbf-14d7764c4a36,Who is present in this clip?,A woman writing and another woman interacting with her.,A person is present in this clip.,Scene Summary,no,1,"{""correct"": ""no"", ""score"": 1}"
453,cbfeb6c8-ec1f-4884-bcbf-14d7764c4a36,What objects are noticeable in the video?,A book and a pen.,"The video shows a person sitting at a wooden desk, writing in a spiral notebook with blue ink. The notebook is open to pages that appear to be filled with handwritten notes and calculations.",Scene Summary,no,1,"{""correct"": ""no"", ""score"": 1}"
454,cbfeb6c8-ec1f-4884-bcbf-14d7764c4a36,What activities are being performed?,Writing in a book and interacting.,The person is writing in a spiral notebook and appears to be engaged in studying or working on an academic task.,Scene Summary,no,2,"{""correct"": ""no"", ""score"": 2}"
455,cbfeb6c8-ec1f-4884-bcbf-14d7764c4a36,How can we describe the movement in the clip?,Gentle and focused on writing.,"The movement in the clip is a continuous focus on the person's hands and notebook, with slight variations in angle and position of the camera.",Action Caption,no,2,"{""correct"": ""no"", ""score"": 2}"
456,cbfeb6c8-ec1f-4884-bcbf-14d7764c4a36,Does the individual write with her right hand?,Yes.,"Yes, the individual writes with her right hand.",Whether Something Happened(Y/N),yes,5,"{""correct"": ""yes"", ""score"": 5}"
457,cbfeb6c8-ec1f-4884-bcbf-14d7764c4a36,Is there another person besides the one writing?,Yes.,"Yes, another person is partially visible on the left side of the frame.",Whether Something Happened(Y/N),yes,5,"{""correct"": ""yes"", ""score"": 5}"
458,cbfeb6c8-ec1f-4884-bcbf-14d7764c4a36,Is the setting a public place?,No.,"No, the setting is not a public place; it appears to be an indoor study or work environment.",Whether Something Happened(Y/N),yes,5,"{""correct"": ""yes"", ""score"": 5}"
459,cbfeb6c8-ec1f-4884-bcbf-14d7764c4a36,Do we see any electronic devices being used?,No.,"No, there are no electronic devices being used in the image.",Whether Something Happened(Y/N),yes,5,"{""correct"": ""yes"", ""score"": 5}"
460,cbfeb6c8-ec1f-4884-bcbf-14d7764c4a36,What happens before picking up the pen in the video?,Sitting at the table,"Before picking up the pen, the person is seen writing on a spiral notebook.",What event order,no,1,"{""correct"": ""no"", ""score"": 1}"
461,cbfeb6c8-ec1f-4884-bcbf-14d7764c4a36,"In the video, does the interaction with woman A happen before writing in the notebook?",No,"No, the interaction with woman A does not happen before writing in the notebook. The video shows her actively writing in a spiral-bound notebook while sitting at a table.",Order Judging(Y/N),yes,5,"{""correct"": ""yes"", ""score"": 5}"
462,cbfeb6c8-ec1f-4884-bcbf-14d7764c4a36,Is the book opened before picking up the pen?,Yes,Yes.,Order Judging(Y/N),yes,5,"{""correct"": ""yes"", ""score"": 5}"
463,cbfeb6c8-ec1f-4884-bcbf-14d7764c4a36,What is the main activity depicted in the video clip?,Writing in a book with a pen.,The main activity depicted in the video clip is a person writing in a spiral notebook.,Scene Summary,yes,5,"{""correct"": ""yes"", ""score"": 5}"
464,cbfeb6c8-ec1f-4884-bcbf-14d7764c4a36,Where is the individual situated in the video clip?,In a room.,The individual is seated at a table in front of the spiral notebook.,Scene Summary,no,2,"{""correct"": ""no"", ""score"": 2}"
465,cbfeb6c8-ec1f-4884-bcbf-14d7764c4a36,What object is being utilized in the video clip?,A pen.,A spiral-bound notebook is being utilized in the video clip.,Scene Summary,no,0,"{""correct"": ""no"", ""score"": 0}"
466,cbfeb6c8-ec1f-4884-bcbf-14d7764c4a36,Does the video show someone studying?,Yes.,"Yes, the video shows someone studying.",Whether Something Happened(Y/N),yes,5,"{""correct"": ""yes"", ""score"": 5}"
467,cbfeb6c8-ec1f-4884-bcbf-14d7764c4a36,Is the person in the video writing with their left hand?,No.,"Yes, the person in the video is writing with their left hand.",Whether Something Happened(Y/N),no,0,"{""correct"": ""no"", ""score"": 0}"
468,cbfeb6c8-ec1f-4884-bcbf-14d7764c4a36,Does the video show a person writing on multiple pages?,Yes.,"Yes, the video shows a person writing on multiple pages.",Whether Something Happened(Y/N),yes,5,"{""correct"": ""yes"", ""score"": 5}"
469,cbfeb6c8-ec1f-4884-bcbf-14d7764c4a36,Is pen picked up before writing on the book as shown in the clip?,Yes,"Yes, the pen is picked up before writing on the book.",Order Judging(Y/N),yes,5,"{""correct"": ""yes"", ""score"": 5}"
470,cbfeb6c8-ec1f-4884-bcbf-14d7764c4a36,Does writing in the book happen after entering the apartment?,Yes,"No, writing in the book happens before entering the apartment.",Order Judging(Y/N),no,0,"{""correct"": ""no"", ""score"": 0}"
471,cbfeb6c8-ec1f-4884-bcbf-14d7764c4a36,Is the person at the table before writing in the notebook?,Yes,Yes.,Order Judging(Y/N),yes,5,"{""correct"": ""yes"", ""score"": 5}"
472,cbfeb6c8-ec1f-4884-bcbf-14d7764c4a36,Does the person use a pen after sitting at the table?,Yes,"Yes, the person uses a pen after sitting at the table.",Order Judging(Y/N),yes,5,"{""correct"": ""yes"", ""score"": 5}"
473,cbfeb6c8-ec1f-4884-bcbf-14d7764c4a36,Is the person in the apartment before using the pen?,Yes,No.,Order Judging(Y/N),no,0,"{""correct"": ""no"", ""score"": 0}"
474,cbfeb6c8-ec1f-4884-bcbf-14d7764c4a36,What happens just before writing in the notebook in the video?,Sitting at the table,"Just before writing in the notebook, the person points to a specific section of the page with their index finger.",What event order,no,0,"{""correct"": ""no"", ""score"": 0}"
475,cbfeb6c8-ec1f-4884-bcbf-14d7764c4a36,"In the video sequence, what do we see occurring before sitting at the table?",Being in a room,"Before sitting at the table, we see a person wearing a green top with blue and white patterns.",What event order,no,1,"{""correct"": ""no"", ""score"": 1}"
476,cbfeb6c8-ec1f-4884-bcbf-14d7764c4a36,What location is shown in the video clip?,An indoor location.,"The video clip shows a person sitting at a desk with two spiral-bound notebooks, one of which has the word 'BROOKS' visible on its cover.",Scene Summary,no,1,"{""correct"": ""no"", ""score"": 1}"
477,cbfeb6c8-ec1f-4884-bcbf-14d7764c4a36,What activity is depicted in this scene?,Writing in a book.,The activity depicted in this scene is a person writing or taking notes on a spiral notebook.,Scene Summary,yes,5,"{""correct"": ""yes"", ""score"": 5}"
478,cbfeb6c8-ec1f-4884-bcbf-14d7764c4a36,Can you caption the person's activity in this clip?,Writing diligently in a notebook.,"Yes, the person is writing in a spiral notebook while sitting at a desk.",Action Caption,yes,5,"{""correct"": ""yes"", ""score"": 5}"
479,cbfeb6c8-ec1f-4884-bcbf-14d7764c4a36,Is there a pen being used for writing in the video?,Yes.,"Yes, there is a pen being used for writing in the video.",Whether Something Happened(Y/N),yes,5,"{""correct"": ""yes"", ""score"": 5}"
480,cbfeb6c8-ec1f-4884-bcbf-14d7764c4a36,Does the clip show a person wearing a watch?,Yes.,"Yes, the clip shows a person wearing a watch.",Whether Something Happened(Y/N),yes,5,"{""correct"": ""yes"", ""score"": 5}"
481,cbfeb6c8-ec1f-4884-bcbf-14d7764c4a36,Does the video include any dialogue or conversation?,"No, it only depicts writing activity.","No, the video does not include any dialogue or conversation.",Whether Something Happened(Y/N),yes,5,"{""correct"": ""yes"", ""score"": 5}"
482,cbfeb6c8-ec1f-4884-bcbf-14d7764c4a36,"In the video, does opening the book happen before writing with a pen?",Yes,"No, the book is closed before writing with a pen.",Order Judging(Y/N),no,0,"{""correct"": ""no"", ""score"": 0}"
483,cbfeb6c8-ec1f-4884-bcbf-14d7764c4a36,Is the pen picked up after turning the page as shown in the clip?,No,"Yes, the pen is picked up after turning the page.",Order Judging(Y/N),no,0,"{""correct"": ""no"", ""score"": 0}"
484,cbfeb6c8-ec1f-4884-bcbf-14d7764c4a36,What occurs just before starting to write in the book?,Opening the book,"Just before starting to write in the book, the person's hands are resting on their lap.",What event order,no,0,"{""correct"": ""no"", ""score"": 0}"
485,cbfeb6c8-ec1f-4884-bcbf-14d7764c4a36,Is the writing in the book shown after being indoor in the clip?,Yes,"Yes, the writing in the book is shown after being indoor.",Order Judging(Y/N),yes,5,"{""correct"": ""yes"", ""score"": 5}"
486,cbfeb6c8-ec1f-4884-bcbf-14d7764c4a36,Which room is the person located in while writing?,The person is in a room.,"The person is located in a room with a bookshelf, which suggests that the setting might be an office or study area.",Scene Summary,yes,5,"{""correct"": ""yes"", ""score"": 5}"
487,cbfeb6c8-ec1f-4884-bcbf-14d7764c4a36,Is the person using any tools for writing?,"Yes, the person is using a pen.","Yes, the person is using a blue pen to write in the notebook.",Scene Summary,yes,5,"{""correct"": ""yes"", ""score"": 5}"
488,cbfeb6c8-ec1f-4884-bcbf-14d7764c4a36,Can you describe the setting of the action in the clip?,The action occurs in a room at a desk.,"The setting appears to be a study or work area, with the person sitting at a desk surrounded by books and notebooks.",Action Caption,yes,5,"{""correct"": ""yes"", ""score"": 5}"
489,cbfeb6c8-ec1f-4884-bcbf-14d7764c4a36,What is the writing tool visible in the frame?,A pen is visible in the frame.,The writing tool visible in the frame is a blue pen.,Action Caption,yes,5,"{""correct"": ""yes"", ""score"": 5}"
490,cbfeb6c8-ec1f-4884-bcbf-14d7764c4a36,Is the person sitting at a desk in the video?,Yes.,Yes.,Whether Something Happened(Y/N),yes,5,"{""correct"": ""yes"", ""score"": 5}"
491,cbfeb6c8-ec1f-4884-bcbf-14d7764c4a36,Does the person sit down after opening the book?,Yes,"Yes, the person sits down after opening the book.",Order Judging(Y/N),yes,5,"{""correct"": ""yes"", ""score"": 5}"
492,cbfeb6c8-ec1f-4884-bcbf-14d7764c4a36,Is the book closed before the person starts writing?,No,"Yes, the book is closed before the person starts writing.",Order Judging(Y/N),no,0,"{""correct"": ""no"", ""score"": 0}"
493,cbfeb6c8-ec1f-4884-bcbf-14d7764c4a36,What action is taken before the person caps the pen?,The person finishes writing.,"Before the person caps the pen, they make a final check of their notebook.",What event order,no,1,"{""correct"": ""no"", ""score"": 1}"
494,cbfeb6c8-ec1f-4884-bcbf-14d7764c4a36,Is the pen placed in the book before writing?,No,"Yes, the pen is placed in the book before writing.",Order Judging(Y/N),no,0,"{""correct"": ""no"", ""score"": 0}"
495,cbfeb6c8-ec1f-4884-bcbf-14d7764c4a36,Does the book close before the pen is picked up?,No,"No, the book does not close before the pen is picked up.",Order Judging(Y/N),yes,5,"{""correct"": ""yes"", ""score"": 5}"
496,cbfeb6c8-ec1f-4884-bcbf-14d7764c4a36,Is the cap of the pen removed after starting to write?,No,"No, the cap of the pen is not removed after starting to write.",Order Judging(Y/N),yes,5,"{""correct"": ""yes"", ""score"": 5}"
497,cbfeb6c8-ec1f-4884-bcbf-14d7764c4a36,Does the hand turn the page before picking up the pen?,No,"Yes, the hand turns the page before picking up the pen.",Order Judging(Y/N),no,0,"{""correct"": ""no"", ""score"": 0}"
498,cbfeb6c8-ec1f-4884-bcbf-14d7764c4a36,Is the pen visible in the scene before writing begins?,Yes,"Yes, the pen is visible in the scene before writing begins.",Order Judging(Y/N),yes,5,"{""correct"": ""yes"", ""score"": 5}"
499,cbfeb6c8-ec1f-4884-bcbf-14d7764c4a36,What do we see happening before the hand appears in the frame?,The book is open,"A person is sitting at a table, writing on a notebook with a blue pen.",What event order,no,0,"{""correct"": ""no"", ""score"": 0}"
500,cbfeb6c8-ec1f-4884-bcbf-14d7764c4a36,What happens just before the pen touches the paper?,The hand moves towards the paper,"Just before the pen touches the paper, the person is seen pointing at something on the page.",What event order,no,1,"{""correct"": ""no"", ""score"": 1}"
501,cbfeb6c8-ec1f-4884-bcbf-14d7764c4a36,"In the video sequence, what action is performed before turning the page?",Writing on the current page,"Before turning the page, the person points to a specific section of the notebook and then begins writing.",What event order,yes,4,"{""correct"": ""yes"", ""score"": 4}"
502,cbfeb6c8-ec1f-4884-bcbf-14d7764c4a36,"In the video, what is done just before the hand finished writing?",Moving the pen across the paper,"Just before the hand finished writing, a book titled ""BROOKS"" is opened on the table.",What event order,no,0,"{""correct"": ""no"", ""score"": 0}"
503,cbfeb6c8-ec1f-4884-bcbf-14d7764c4a36,What does the brief of the depicted scenario show?,The scenario shows a person writing in a book in an apartment.,"The brief of the depicted scenario shows a person sitting at a desk, writing in a spiral notebook. The notebook is open to a page with text and a blue pen being used for writing.",Scene Summary,yes,4,"{""correct"": ""yes"", ""score"": 4}"
504,cbfeb6c8-ec1f-4884-bcbf-14d7764c4a36,What is the setting of this video clip?,"The setting is indoors, in a well-lit apartment.","The setting of the video clip is a wooden desk with various items, including notebooks and a spiral-bound book.",Scene Summary,no,1,"{""correct"": ""no"", ""score"": 1}"
505,cbfeb6c8-ec1f-4884-bcbf-14d7764c4a36,Does the video capture the person stopping their writing at any point?,No.,"Yes, the video captures the person stopping their writing at a specific point on the spiral notebook.",Whether Something Happened(Y/N),no,0,"{""correct"": ""no"", ""score"": 0}"
506,cbfeb6c8-ec1f-4884-bcbf-14d7764c4a36,Is the individual in the video using their left hand to write?,"No, they are using their right hand.","Yes, the individual is using their left hand to write.",Whether Something Happened(Y/N),no,0,"{""correct"": ""no"", ""score"": 0}"
507,cbfeb6c8-ec1f-4884-bcbf-14d7764c4a36,Is there another person present in the scene assisting the writer?,"No, the person is writing alone.","Yes, another person is partially visible on the left side of the frame, suggesting that they might be assisting or observing the writing process.",Whether Something Happened(Y/N),no,0,"{""correct"": ""no"", ""score"": 0}"
508,cbfeb6c8-ec1f-4884-bcbf-14d7764c4a36,"In the video, do I write in the book before holding the pen?",No,"Yes, you write in the book before holding the pen.",Order Judging(Y/N),no,0,"{""correct"": ""no"", ""score"": 0}"
509,cbfeb6c8-ec1f-4884-bcbf-14d7764c4a36,Is the pen in my right hand before I start writing in the book?,Yes,"No, the pen is in my left hand before I start writing in the book.",Order Judging(Y/N),no,0,"{""correct"": ""no"", ""score"": 0}"
510,cbfeb6c8-ec1f-4884-bcbf-14d7764c4a36,"In the sequence, do I open the book before writing on it?",Yes,"No, you do not open the book before writing on it.",Order Judging(Y/N),no,0,"{""correct"": ""no"", ""score"": 0}"
511,cbfeb6c8-ec1f-4884-bcbf-14d7764c4a36,"In the clip, do I wear a green shirt before writing in the book?",Yes,"No, the person is wearing a pink shirt before writing in the book.",Order Judging(Y/N),no,0,"{""correct"": ""no"", ""score"": 0}"
512,cbfeb6c8-ec1f-4884-bcbf-14d7764c4a36,What occurs just before holding the pen in my right hand?,I am wearing a green shirt,"Just before holding the pen in your right hand, you see a spiral notebook with blue writing on it.",What event order,no,0,"{""correct"": ""no"", ""score"": 0}"
513,cbfeb6c8-ec1f-4884-bcbf-14d7764c4a36,Is the book opened before the pen is held in the right hand?,Yes,"Yes, the book is opened before the pen is held in the right hand.",Order Judging(Y/N),yes,5,"{""correct"": ""yes"", ""score"": 5}"
514,cbfeb6c8-ec1f-4884-bcbf-14d7764c4a36,Is the hand placed on the book after the pen is picked up?,Yes,"Yes, the hand is placed on the book after the pen is picked up.",Order Judging(Y/N),yes,5,"{""correct"": ""yes"", ""score"": 5}"
515,cbfeb6c8-ec1f-4884-bcbf-14d7764c4a36,What happens just before the pen starts writing?,The pen is held in the right hand,"Just before the pen starts writing, the person's hand is resting on the spiral binding of the notebook.",What event order,no,1,"{""correct"": ""no"", ""score"": 1}"
516,cbfeb6c8-ec1f-4884-bcbf-14d7764c4a36,What is visible before the wrist with a bracelet appears?,The hand holding the pen,A spiral notebook with handwritten notes.,What event order,no,0,"{""correct"": ""no"", ""score"": 0}"
517,cbfeb6c8-ec1f-4884-bcbf-14d7764c4a36,What do we see happening before the hand touches the book?,The book and pen are visible,"Before the hand touches the book, it is open with a spiral-bound notebook and a blue pen resting on top of it.",What event order,yes,5,"{""correct"": ""yes"", ""score"": 5}"
518,cbfeb6c8-ec1f-4884-bcbf-14d7764c4a36,What takes place before the pen is seen in the video?,The apartment and the book are seen,"Before the pen is seen in the video, a person is sitting at a table with two open notebooks.",What event order,no,1,"{""correct"": ""no"", ""score"": 1}"
519,cbfeb6c8-ec1f-4884-bcbf-14d7764c4a36,What is the setting of the video?,In an apartment.,The setting of the video is a wooden desk with two open notebooks and a spiral notebook.,Scene Summary,no,1,"{""correct"": ""no"", ""score"": 1}"
520,cbfeb6c8-ec1f-4884-bcbf-14d7764c4a36,What activity does the video show?,Writing in a book.,The video shows a person engaged in writing or taking notes on a spiral notebook.,Scene Summary,yes,5,"{""correct"": ""yes"", ""score"": 5}"
521,cbfeb6c8-ec1f-4884-bcbf-14d7764c4a36,Which hand is used for writing in the video?,The right hand.,The right hand is used for writing in the video.,Scene Summary,yes,5,"{""correct"": ""yes"", ""score"": 5}"
522,cbfeb6c8-ec1f-4884-bcbf-14d7764c4a36,What type of pen is being used?,A ballpoint pen.,The pen being used is blue.,Scene Summary,no,0,"{""correct"": ""no"", ""score"": 0}"
523,cbfeb6c8-ec1f-4884-bcbf-14d7764c4a36,What object is being used in the action?,A pen.,A pen.,Action Caption,yes,5,"{""correct"": ""yes"", ""score"": 5}"
524,cbfeb6c8-ec1f-4884-bcbf-14d7764c4a36,Is the writing action fluent or hesitant?,Fluent.,The writing action is fluent.,Action Caption,yes,5,"{""correct"": ""yes"", ""score"": 5}"
525,cbfeb6c8-ec1f-4884-bcbf-14d7764c4a36,Which direction is the pen moving?,Left to right.,The pen is moving from the right side of the image towards the left.,Action Caption,no,0,"{""correct"": ""no"", ""score"": 0}"
526,cbfeb6c8-ec1f-4884-bcbf-14d7764c4a36,Is the person sitting on a cushion?,Yes.,"No, the person is not sitting on a cushion.",Whether Something Happened(Y/N),no,0,"{""correct"": ""no"", ""score"": 0}"
527,cbfeb6c8-ec1f-4884-bcbf-14d7764c4a36,Does the video show page-turning?,No.,"Yes, the video shows page-turning.",Whether Something Happened(Y/N),no,0,"{""correct"": ""no"", ""score"": 0}"
528,cbfeb6c8-ec1f-4884-bcbf-14d7764c4a36,Is the person wearing any wrist accessories?,Yes.,"Yes, the person is wearing a bracelet on their left wrist.",Whether Something Happened(Y/N),yes,5,"{""correct"": ""yes"", ""score"": 5}"
529,cbfeb6c8-ec1f-4884-bcbf-14d7764c4a36,Did the writing happen in a different location than the apartment?,No,"No, the writing happened in a different location than the apartment.",Order Judging(Y/N),no,0,"{""correct"": ""no"", ""score"": 0}"
530,cbfeb6c8-ec1f-4884-bcbf-14d7764c4a36,Did the use of right hand occur before writing in the book?,No,"Yes, the use of right hand occurred before writing in the book.",Order Judging(Y/N),no,0,"{""correct"": ""no"", ""score"": 0}"
531,cbfeb6c8-ec1f-4884-bcbf-14d7764c4a36,Was there a pen used after the book was opened?,Yes,"Yes, there was a pen used after the book was opened.",Order Judging(Y/N),yes,5,"{""correct"": ""yes"", ""score"": 5}"
532,cbfeb6c8-ec1f-4884-bcbf-14d7764c4a36,Did any writing in the book occur without the use of a pen?,No,"Yes, the writing in the book occurred without the use of a pen.",Order Judging(Y/N),no,0,"{""correct"": ""no"", ""score"": 0}"
533,cbfeb6c8-ec1f-4884-bcbf-14d7764c4a36,Was the book closed before writing commenced?,Yes,"Yes, the book was closed before writing commenced.",Order Judging(Y/N),yes,5,"{""correct"": ""yes"", ""score"": 5}"
534,cbfeb6c8-ec1f-4884-bcbf-14d7764c4a36,What happened before the writing started?,The book was opened,"Before the writing started, a person was seen sitting at a desk with an open notebook and a spiral-bound book titled ""BROOKS.""",What event order,no,2,"{""correct"": ""no"", ""score"": 2}"
535,cbfeb6c8-ec1f-4884-bcbf-14d7764c4a36,Does the writing in the book occur before changing the page?,Yes,"Yes, the writing in the book occurs before changing the page.",Order Judging(Y/N),yes,5,"{""correct"": ""yes"", ""score"": 5}"
536,cbfeb6c8-ec1f-4884-bcbf-14d7764c4a36,Does the page turn happen before writing with the pen?,No,"No, the page turns before writing with the pen.",Order Judging(Y/N),no,0,"{""correct"": ""no"", ""score"": 0}"
537,cbfeb6c8-ec1f-4884-bcbf-14d7764c4a36,What occurs just before changing to a new page in the video?,I finish writing,"Just before changing to a new page, the person points at something on the notebook and gestures with their hands.",What event order,no,1,"{""correct"": ""no"", ""score"": 1}"
538,cbfeb6c8-ec1f-4884-bcbf-14d7764c4a36,What do I do before sitting down to write in the video?,I enter the room,"Before sitting down to write in the video, you should ensure that your notebook is open and ready for use.",What event order,no,0,"{""correct"": ""no"", ""score"": 0}"
539,cbfeb6c8-ec1f-4884-bcbf-14d7764c4a36,What is the setting of the scene in the video clip?,The setting is inside a room.,The setting of the scene is a study or work area with a wooden desk and a chair.,Scene Summary,no,2,"{""correct"": ""no"", ""score"": 2}"
540,cbfeb6c8-ec1f-4884-bcbf-14d7764c4a36,What objects are present in the video clip?,A book and a pen are present.,"The video clip contains a book, a notebook with writing on the pages, and a pen.",Scene Summary,yes,4,"{""correct"": ""yes"", ""score"": 4}"
541,cbfeb6c8-ec1f-4884-bcbf-14d7764c4a36,Can you describe the action the person is performing?,The person is flipping through pages and writing.,"The person is meticulously writing on a spiral notebook, which appears to be filled with notes and diagrams. They are also holding a pencil in their right hand, indicating that they might be taking notes or referencing the content of the book.",Action Caption,no,2,"{""correct"": ""no"", ""score"": 2}"
542,cbfeb6c8-ec1f-4884-bcbf-14d7764c4a36,Does the video show the person closing the book?,No.,"No, the video does not show the person closing the book; it only shows them holding and writing on the pages of the open book.",Whether Something Happened(Y/N),yes,5,"{""correct"": ""yes"", ""score"": 5}"
543,cbfeb6c8-ec1f-4884-bcbf-14d7764c4a36,Is the person using a pencil to write?,No.,"Yes, the person is using a pencil to write.",Whether Something Happened(Y/N),no,0,"{""correct"": ""no"", ""score"": 0}"
544,cbfeb6c8-ec1f-4884-bcbf-14d7764c4a36,Does the video capture the person turning off the light?,No.,"Yes, the video captures the person turning off the light.",Whether Something Happened(Y/N),no,0,"{""correct"": ""no"", ""score"": 0}"
545,cbfeb6c8-ec1f-4884-bcbf-14d7764c4a36,Does the video show the person taking notes from another text?,No.,"Yes, the video shows the person taking notes from another text.",Whether Something Happened(Y/N),no,0,"{""correct"": ""no"", ""score"": 0}"
546,cbfeb6c8-ec1f-4884-bcbf-14d7764c4a36,"In the video, is the book closed before writing begins?",Yes,"Yes, the book is closed before writing begins.",Order Judging(Y/N),yes,5,"{""correct"": ""yes"", ""score"": 5}"
547,cbfeb6c8-ec1f-4884-bcbf-14d7764c4a36,Does turning the page happen after writing with the pen?,Yes,"Yes, turning the page happens after writing with the pen.",Order Judging(Y/N),yes,5,"{""correct"": ""yes"", ""score"": 5}"
548,cbfeb6c8-ec1f-4884-bcbf-14d7764c4a36,"In the video, is the pen picked up before the book is opened?",No,"Yes, the pen is picked up before the book is opened.",Order Judging(Y/N),no,0,"{""correct"": ""no"", ""score"": 0}"
549,cbfeb6c8-ec1f-4884-bcbf-14d7764c4a36,Does the writing occur before sitting down in the chair?,No,"No, the writing does not occur before sitting down in the chair.",Order Judging(Y/N),yes,5,"{""correct"": ""yes"", ""score"": 5}"
550,cbfeb6c8-ec1f-4884-bcbf-14d7764c4a36,"In the video sequence, what occurs before the person starts writing?",The book is opened,"Before the person starts writing, they are seen holding a notebook and a pen.",What event order,no,1,"{""correct"": ""no"", ""score"": 1}"
551,cbfeb6c8-ec1f-4884-bcbf-14d7764c4a36,What action takes place before the book is closed?,The person stops writing,"Before the book is closed, a blue pen is placed on top of the page.",What event order,no,1,"{""correct"": ""no"", ""score"": 1}"
552,cbfeb6c8-ec1f-4884-bcbf-14d7764c4a36,"In the video, is the book closed after the writing is done?",Yes,"Yes, the book is closed after the writing is done.",Order Judging(Y/N),yes,5,"{""correct"": ""yes"", ""score"": 5}"
553,cbfeb6c8-ec1f-4884-bcbf-14d7764c4a36,"In the video, is there writing on the book's cover before the person writes inside?",Yes,"Yes, there is writing on the book's cover before the person writes inside.",Order Judging(Y/N),yes,5,"{""correct"": ""yes"", ""score"": 5}"
554,cbfeb6c8-ec1f-4884-bcbf-14d7764c4a36,What is done before the pen cap is removed?,The person prepares to write,"Before the pen cap is removed, the person's hands are seen holding a pencil and writing on the page.",What event order,no,1,"{""correct"": ""no"", ""score"": 1}"
555,cbfeb6c8-ec1f-4884-bcbf-14d7764c4a36,What activity is displayed in the provided image?,Writing in a book.,The image shows a person engaged in writing or taking notes on a spiral-bound notebook.,Scene Summary,yes,5,"{""correct"": ""yes"", ""score"": 5}"
556,cbfeb6c8-ec1f-4884-bcbf-14d7764c4a36,Describe the setting where the depicted activity takes place.,In a room.,"The activity takes place in a well-lit room, likely an office or study area. The person is seated at a desk with open notebooks and pens, suggesting they are engaged in writing or studying.",Scene Summary,yes,5,"{""correct"": ""yes"", ""score"": 5}"
557,cbfeb6c8-ec1f-4884-bcbf-14d7764c4a36,What object is being used in conjunction with the book?,A pen.,A pen is being used in conjunction with the book.,Scene Summary,yes,5,"{""correct"": ""yes"", ""score"": 5}"
558,cbfeb6c8-ec1f-4884-bcbf-14d7764c4a36,How is the person holding the pen in the frame?,With their right hand.,"The person is holding the pen with their right hand, pointing it towards the notebook.",Action Caption,yes,5,"{""correct"": ""yes"", ""score"": 5}"
559,cbfeb6c8-ec1f-4884-bcbf-14d7764c4a36,What part of the room is visible in the clip?,"Only the table area, specifics of the room are not visible.","The room is visible in the clip, with a chair and another person partially visible on the left side.",Action Caption,no,1,"{""correct"": ""no"", ""score"": 1}"
560,cbfeb6c8-ec1f-4884-bcbf-14d7764c4a36,Is the person writing with their left hand?,No.,"Yes, the person is holding a pen in their left hand while writing on the notebook.",Whether Something Happened(Y/N),no,0,"{""correct"": ""no"", ""score"": 0}"
561,cbfeb6c8-ec1f-4884-bcbf-14d7764c4a36,Is the person writing on the last page of the book?,"No, there are more pages visible.","Yes, the person is writing on the last page of the book.",Whether Something Happened(Y/N),no,0,"{""correct"": ""no"", ""score"": 0}"
562,cbfeb6c8-ec1f-4884-bcbf-14d7764c4a36,Can we assume the writer is in a public space?,"No, it appears to be a private space.","Yes, the presence of a chair and another person's hand in the background suggests that the setting could be a public space.",Whether Something Happened(Y/N),no,0,"{""correct"": ""no"", ""score"": 0}"
563,cbfeb6c8-ec1f-4884-bcbf-14d7764c4a36,"In the video, does turning the page happen before writing begins?",No,"No, turning the page happens after writing begins.",Order Judging(Y/N),yes,5,"{""correct"": ""yes"", ""score"": 5}"
564,cbfeb6c8-ec1f-4884-bcbf-14d7764c4a36,Is the book opened after the pen is held in the hand?,Yes,"Yes, the book is opened after the pen is held in the hand.",Order Judging(Y/N),yes,5,"{""correct"": ""yes"", ""score"": 5}"
565,cbfeb6c8-ec1f-4884-bcbf-14d7764c4a36,"In the video, does writing in the book happen before closing the book?",Yes,"Yes, writing in the book happens before closing the book.",Order Judging(Y/N),yes,5,"{""correct"": ""yes"", ""score"": 5}"
566,cbfeb6c8-ec1f-4884-bcbf-14d7764c4a36,"In the video sequence, what do we see occurring just before turning the page?",Writing on the previous page,"Before turning the page, we see a person holding an open book with handwritten notes and writing on it.",What event order,yes,5,"{""correct"": ""yes"", ""score"": 5}"
567,cbfeb6c8-ec1f-4884-bcbf-14d7764c4a36,What action takes place immediately before the pen touches the paper?,Holding the pen above the book,"A hand holding a pen appears, poised to write on the paper.",What event order,no,2,"{""correct"": ""no"", ""score"": 2}"
568,cbfeb6c8-ec1f-4884-bcbf-14d7764c4a36,"In the video, what happens right before the book is opened?",Sitting down,"The video shows a person sitting at a table, writing in a spiral notebook.",What event order,no,1,"{""correct"": ""no"", ""score"": 1}"
569,cbfeb6c8-ec1f-4884-bcbf-14d7764c4a36,Did I write in the book before turning the page?,Yes,"Yes, the person was seen writing in the book before turning the page.",Order Judging(Y/N),yes,5,"{""correct"": ""yes"", ""score"": 5}"
570,cbfeb6c8-ec1f-4884-bcbf-14d7764c4a36,Is the book already opened before I start writing?,Yes,"Yes, the book is already opened before I start writing.",Order Judging(Y/N),yes,5,"{""correct"": ""yes"", ""score"": 5}"
571,cbfeb6c8-ec1f-4884-bcbf-14d7764c4a36,Did I place my left hand on the page before writing with the pen?,Yes,"Yes, the person's left hand is resting on the page while they write with the pen.",Order Judging(Y/N),yes,5,"{""correct"": ""yes"", ""score"": 5}"
572,cbfeb6c8-ec1f-4884-bcbf-14d7764c4a36,What happens before I use the pen to write?,Opening the book,"Before writing, the person points to a page with a pen in hand.",What event order,no,1,"{""correct"": ""no"", ""score"": 1}"
573,cbfeb6c8-ec1f-4884-bcbf-14d7764c4a36,"Before closing the book, what action is performed?",Turning the page,"Before closing the book, a hand points to something on the page.",What event order,no,0,"{""correct"": ""no"", ""score"": 0}"
574,cbfeb6c8-ec1f-4884-bcbf-14d7764c4a36,What is the setting of this video clip?,"The setting is indoors, at a desk.","The setting of the video clip is a study or work environment, with a person sitting at a desk surrounded by books and notebooks.",Scene Summary,yes,5,"{""correct"": ""yes"", ""score"": 5}"
575,cbfeb6c8-ec1f-4884-bcbf-14d7764c4a36,What objects are present in this scene?,"A book, a pen, and a desk.","A spiral-bound notebook, a pen, and an open book with handwritten notes.",Scene Summary,no,2,"{""correct"": ""no"", ""score"": 2}"
576,cbfeb6c8-ec1f-4884-bcbf-14d7764c4a36,Is the person writing with their right hand?,Yes.,"Yes, the person is writing with their right hand.",Whether Something Happened(Y/N),yes,5,"{""correct"": ""yes"", ""score"": 5}"
577,cbfeb6c8-ec1f-4884-bcbf-14d7764c4a36,Is the notebook placed on the person's lap?,No.,"Yes, the notebook is placed on the person's lap.",Whether Something Happened(Y/N),no,0,"{""correct"": ""no"", ""score"": 0}"
578,cbfeb6c8-ec1f-4884-bcbf-14d7764c4a36,Does this video show any electronic devices being used?,No.,"No, the video does not show any electronic devices being used.",Whether Something Happened(Y/N),yes,5,"{""correct"": ""yes"", ""score"": 5}"
579,cbfeb6c8-ec1f-4884-bcbf-14d7764c4a36,Is the person seated while writing in the book?,Yes.,"Yes, the person is seated while writing in the book.",Whether Something Happened(Y/N),yes,5,"{""correct"": ""yes"", ""score"": 5}"
580,cbfeb6c8-ec1f-4884-bcbf-14d7764c4a36,Do I sit down before beginning to write?,Yes,"Yes, you should sit down before beginning to write.",Order Judging(Y/N),yes,5,"{""correct"": ""yes"", ""score"": 5}"
581,cbfeb6c8-ec1f-4884-bcbf-14d7764c4a36,What happens before the book is opened?,I sit down at the desk.,"Before the book is opened, a person with blue nail polish and green hair is seen sitting at a table.",What event order,yes,5,"{""correct"": ""yes"", ""score"": 5}"
582,cbfeb6c8-ec1f-4884-bcbf-14d7764c4a36,Did I close the book before starting to write?,No,"Yes, the person closed the book before starting to write.",Order Judging(Y/N),no,0,"{""correct"": ""no"", ""score"": 0}"
583,cbfeb6c8-ec1f-4884-bcbf-14d7764c4a36,Was I seated while writing in the book?,Yes,"Yes, you were seated while writing in the book.",Order Judging(Y/N),yes,5,"{""correct"": ""yes"", ""score"": 5}"
584,cbfeb6c8-ec1f-4884-bcbf-14d7764c4a36,Did I turn the page after finishing writing?,No,"No, you didn't turn the page after finishing writing.",Order Judging(Y/N),yes,5,"{""correct"": ""yes"", ""score"": 5}"
585,cbfeb6c8-ec1f-4884-bcbf-14d7764c4a36,Was the pen put down before closing the book?,No,"Yes, the pen was put down before closing the book.",Order Judging(Y/N),no,0,"{""correct"": ""no"", ""score"": 0}"
586,cbfeb6c8-ec1f-4884-bcbf-14d7764c4a36,Did I write on the left page before the right one?,No,"Yes, you wrote on the left page before the right one.",Order Judging(Y/N),no,0,"{""correct"": ""no"", ""score"": 0}"
587,cbfeb6c8-ec1f-4884-bcbf-14d7764c4a36,What is the setting of the scene in this video clip?,"The setting is indoors, with a person writing in a notebook.","The setting of the scene is a wooden desk with open notebooks and spiral-bound books, suggesting an academic or study environment.",Scene Summary,no,2,"{""correct"": ""no"", ""score"": 2}"
588,cbfeb6c8-ec1f-4884-bcbf-14d7764c4a36,What activity is being performed in the scene?,Writing on a notebook with a pen.,The activity being performed in the scene is studying or working on a notebook.,Scene Summary,no,2,"{""correct"": ""no"", ""score"": 2}"
589,cbfeb6c8-ec1f-4884-bcbf-14d7764c4a36,What can we deduce about the person's task in the video?,The person is engaged in a writing activity.,"The person appears to be engaged in a study or homework session, as indicated by the presence of notebooks and pens. The focus on writing suggests they are either studying for an exam or working through assignments.",Action Caption,yes,5,"{""correct"": ""yes"", ""score"": 5}"
590,cbfeb6c8-ec1f-4884-bcbf-14d7764c4a36,Describe the motion taking place in these frames?,The movement of the hand while writing.,"The motion in these frames is a person's hand moving from the bottom of the frame to the top, indicating movement or interaction with an object.",Action Caption,no,1,"{""correct"": ""no"", ""score"": 1}"
591,cbfeb6c8-ec1f-4884-bcbf-14d7764c4a36,Does the person stop writing at any point in the video?,No.,"No, the person continues to write at various points throughout the video.",Whether Something Happened(Y/N),yes,5,"{""correct"": ""yes"", ""score"": 5}"
592,cbfeb6c8-ec1f-4884-bcbf-14d7764c4a36,Is there any use of electronic devices in these frames?,No.,"No, there are no electronic devices visible in these frames.",Whether Something Happened(Y/N),yes,5,"{""correct"": ""yes"", ""score"": 5}"
593,cbfeb6c8-ec1f-4884-bcbf-14d7764c4a36,"In the video sequence, what do we see happening before writing with the pen?",Sitting at the desk,"Before writing with the pen, we see a person sitting at a wooden desk, holding a notebook and a pen. The background includes an open book with text on it, suggesting that they are studying or working on something related to the content in the book.",What event order,yes,5,"{""correct"": ""yes"", ""score"": 5}"
594,cbfeb6c8-ec1f-4884-bcbf-14d7764c4a36,What occurs just before opening the notebook in the video?,Sitting at the desk,"Just before opening the notebook, a hand appears and points towards it.",What event order,no,0,"{""correct"": ""no"", ""score"": 0}"
595,cbfeb6c8-ec1f-4884-bcbf-14d7764c4a36,"In the video, does using the pen happen after sitting at the desk?",Yes,"Yes, the pen is used to write on a notebook after sitting at the desk.",Order Judging(Y/N),yes,5,"{""correct"": ""yes"", ""score"": 5}"
596,cbfeb6c8-ec1f-4884-bcbf-14d7764c4a36,What action precedes putting down the pen on the desk?,Writing in the book,The action that precedes putting down the pen on the desk is writing in a notebook.,What event order,yes,5,"{""correct"": ""yes"", ""score"": 5}"
597,cbfeb6c8-ec1f-4884-bcbf-14d7764c4a36,What is done just before the writing starts in the video?,Picking up the pen,"Just before the writing starts, the person is seen adjusting their hair and making a gesture with their hand.",What event order,no,0,"{""correct"": ""no"", ""score"": 0}"
598,cbfeb6c8-ec1f-4884-bcbf-14d7764c4a36,Which action is depicted in this frame?,Writing in a book with a pen.,The action depicted in this frame is the person writing on a spiral notebook.,Scene Summary,yes,5,"{""correct"": ""yes"", ""score"": 5}"
599,cbfeb6c8-ec1f-4884-bcbf-14d7764c4a36,Describe the surroundings visible in this frame.,"Indoors, likely a desk or table.","The surroundings visible in the frame include a wooden desk with an open spiral notebook and a pen lying on top of it. There is also a glimpse of another person's leg at the bottom left corner, suggesting that the person might be sitting or standing nearby.",Scene Summary,yes,4,"{""correct"": ""yes"", ""score"": 4}"
600,cbfeb6c8-ec1f-4884-bcbf-14d7764c4a36,Can you specify the object being used by the person?,A pen.,The person is using a blue pen to write on the spiral notebook.,Action Caption,yes,5,"{""correct"": ""yes"", ""score"": 5}"
601,cbfeb6c8-ec1f-4884-bcbf-14d7764c4a36,Did the interaction occur in an outdoor location?,No.,"No, the interaction occurred indoors.",Whether Something Happened(Y/N),yes,5,"{""correct"": ""yes"", ""score"": 5}"
602,cbfeb6c8-ec1f-4884-bcbf-14d7764c4a36,Is the person predominantly engaged in a physical activity?,No.,"No, the person is not actively engaged in a physical activity; they are focused on writing and reading.",Whether Something Happened(Y/N),yes,5,"{""correct"": ""yes"", ""score"": 5}"
603,cbfeb6c8-ec1f-4884-bcbf-14d7764c4a36,"In the video, does writing in the notebook occur before conversing with a woman?",Yes.,"Yes, the writing in the notebook occurs before conversing with a woman.",Order Judging(Y/N),yes,5,"{""correct"": ""yes"", ""score"": 5}"
604,cbfeb6c8-ec1f-4884-bcbf-14d7764c4a36,"In the video, does the conversation with a woman happen before being in an apartment?",No.,"No, the conversation with a woman does not happen before being in an apartment.",Order Judging(Y/N),yes,5,"{""correct"": ""yes"", ""score"": 5}"
605,cbfeb6c8-ec1f-4884-bcbf-14d7764c4a36,Is the pen used before entering the apartment as shown in the clip?,No.,"Yes, the pen is seen in the person's hand before entering the apartment.",Order Judging(Y/N),no,0,"{""correct"": ""no"", ""score"": 0}"
606,cbfeb6c8-ec1f-4884-bcbf-14d7764c4a36,"In the video sequence, what do we see happening before conversing with woman X?",Being in an apartment.,"Before conversing with woman X, the scene shows a person sitting at a table with an open notebook and a pen. The focus is on the hands of the individual who appears to be writing or drawing in the notebook.",What event order,no,1,"{""correct"": ""no"", ""score"": 1}"
607,cbfeb6c8-ec1f-4884-bcbf-14d7764c4a36,What happens right before using a pen on the book?,Being indoors.,"The person points to the notebook, indicating they are about to write something down.",What event order,no,1,"{""correct"": ""no"", ""score"": 1}"
608,cbfeb6c8-ec1f-4884-bcbf-14d7764c4a36,"In the video, what occurs directly before the pen is picked up?",Being indoors.,The pen is placed on the notebook.,What event order,no,0,"{""correct"": ""no"", ""score"": 0}"
609,cbfeb6c8-ec1f-4884-bcbf-14d7764c4a36,What happens before the conversation with woman X in the video?,Writing on a book,"Before the conversation with woman X, a person is seen holding a notebook and pen, indicating they are taking notes or preparing to write.",What event order,yes,4,"{""correct"": ""yes"", ""score"": 4}"
610,6baa36c1-e4d0-4dbd-97b2-dff48ecf796e,What environments surround the individual scrapping the wall?,An outdoor setting with a ladder near a wooden fence.,"The individual is surrounded by a serene environment with trees and a clear sky, indicating an outdoor setting.",Scene Summary,no,2,"{""correct"": ""no"", ""score"": 2}"
611,6baa36c1-e4d0-4dbd-97b2-dff48ecf796e,What tool is utilized for scrapping in the scene?,A scraper is used.,A pair of pliers is utilized for scrapping in the scene.,Scene Summary,no,0,"{""correct"": ""no"", ""score"": 0}"
612,6baa36c1-e4d0-4dbd-97b2-dff48ecf796e,Is the individual standing on the ground or elevated while scrapping?,The individual is elevated on a ladder.,The individual is standing on the ground while scrapping.,Scene Summary,no,0,"{""correct"": ""no"", ""score"": 0}"
613,6baa36c1-e4d0-4dbd-97b2-dff48ecf796e,What is the purpose of using a ladder in this scenario?,To reach higher areas of the wall for scrapping.,"The purpose of using a ladder is to reach higher areas and access the roof, which allows for easier maintenance or repair work.",Scene Summary,no,2,"{""correct"": ""no"", ""score"": 2}"
614,6baa36c1-e4d0-4dbd-97b2-dff48ecf796e,How does the individual prepare to scrape the wall?,The individual prepares by stretching out a ladder.,The individual prepares to scrape the wall by holding a scraper and using it to remove small debris from the surface.,Action Caption,no,0,"{""correct"": ""no"", ""score"": 0}"
615,6baa36c1-e4d0-4dbd-97b2-dff48ecf796e,Does the video show a person using a ladder?,Yes.,"Yes, the video shows a person using a ladder to reach up and adjust or fix something on the roof.",Whether Something Happened(Y/N),yes,5,"{""correct"": ""yes"", ""score"": 5}"
616,6baa36c1-e4d0-4dbd-97b2-dff48ecf796e,Is the wall being scraped in the video?,Yes.,Yes,Whether Something Happened(Y/N),yes,5,"{""correct"": ""yes"", ""score"": 5}"
617,6baa36c1-e4d0-4dbd-97b2-dff48ecf796e,Does the scene involve stretching a ladder before scrapping?,Yes.,Yes,Whether Something Happened(Y/N),yes,5,"{""correct"": ""yes"", ""score"": 5}"
618,6baa36c1-e4d0-4dbd-97b2-dff48ecf796e,Does the individual scrap the wall without any tools?,No.,"No, the individual scrapes the wall with a tool.",Whether Something Happened(Y/N),yes,5,"{""correct"": ""yes"", ""score"": 5}"
619,6baa36c1-e4d0-4dbd-97b2-dff48ecf796e,What location is depicted in this video clip?,The video clip depicts an outdoor scene with a wall.,The location depicted in the video clip is a residential area with visible trees and houses.,Scene Summary,no,1,"{""correct"": ""no"", ""score"": 1}"
620,6baa36c1-e4d0-4dbd-97b2-dff48ecf796e,How does the environment appear in the video clip?,The environment appears to be a porch or exterior of a building.,The environment appears to be a residential area with visible trees and other structures in the background.,Scene Summary,no,2,"{""correct"": ""no"", ""score"": 2}"
621,6baa36c1-e4d0-4dbd-97b2-dff48ecf796e,What structure can be observed in this video clip?,A wall with white paint is observed in this video clip.,"The structure in the video appears to be a part of a building, possibly a roof or an exterior wall.",Scene Summary,no,1,"{""correct"": ""no"", ""score"": 1}"
622,6baa36c1-e4d0-4dbd-97b2-dff48ecf796e,How is the exterior space utilized in the video action?,The exterior space provides a background for removal of an object.,The exterior space is utilized by a person who appears to be cleaning or inspecting the area around the window.,Action Caption,no,1,"{""correct"": ""no"", ""score"": 1}"
623,6baa36c1-e4d0-4dbd-97b2-dff48ecf796e,Is the object completely removed from the wall in the video?,Yes,"No, the object is partially removed from the wall in the video.",Whether Something Happened(Y/N),no,0,"{""correct"": ""no"", ""score"": 0}"
624,6baa36c1-e4d0-4dbd-97b2-dff48ecf796e,Does the video clip show a wall being painted?,No,"Yes, the video clip shows a wall being painted.",Whether Something Happened(Y/N),no,0,"{""correct"": ""no"", ""score"": 0}"
625,6baa36c1-e4d0-4dbd-97b2-dff48ecf796e,"In the video, is the wall outdoors?",Yes,"No, the wall is indoors.",Whether Something Happened(Y/N),no,0,"{""correct"": ""no"", ""score"": 0}"
626,6baa36c1-e4d0-4dbd-97b2-dff48ecf796e,"In the video, is the ladder stretched before scraping the wall?",Yes,"Yes, the ladder is stretched before scraping the wall.",Order Judging(Y/N),yes,5,"{""correct"": ""yes"", ""score"": 5}"
627,6baa36c1-e4d0-4dbd-97b2-dff48ecf796e,What happens just before the wall is scraped in the video?,The ladder is stretched,"Just before the wall is scraped, the person is seen holding a tool and using it to scrape off some paint from the wall.",What event order,no,0,"{""correct"": ""no"", ""score"": 0}"
628,6baa36c1-e4d0-4dbd-97b2-dff48ecf796e,What exterior work is being performed?,Scraping a wall and smoothing a surface.,The exterior work being performed includes painting the window and repairing or cleaning the surrounding area.,Scene Summary,no,1,"{""correct"": ""no"", ""score"": 1}"
629,6baa36c1-e4d0-4dbd-97b2-dff48ecf796e,Where is the activity taking place?,Outside a house.,The activity is taking place in a garage or workshop.,Scene Summary,no,1,"{""correct"": ""no"", ""score"": 1}"
630,6baa36c1-e4d0-4dbd-97b2-dff48ecf796e,Which tools are being used for the exterior tasks?,A scraper and a planer.,"A hammer and a red-handled tool, possibly a screwdriver or similar device, are being used for the exterior tasks.",Scene Summary,no,0,"{""correct"": ""no"", ""score"": 0}"
631,6baa36c1-e4d0-4dbd-97b2-dff48ecf796e,Can you describe the sequence of work shown?,"Scraping first, then planing.","Certainly! The sequence of work begins with the person using a hammer to smooth out the paint on the window frame. They then use a sander to further clean and prepare the surface for painting. Finally, they apply a coat of white paint over the previously painted areas.",Action Caption,no,0,"{""correct"": ""no"", ""score"": 0}"
632,6baa36c1-e4d0-4dbd-97b2-dff48ecf796e,Does the video show painting work being done?,No.,"Yes, the video shows painting work being done.",Whether Something Happened(Y/N),no,0,"{""correct"": ""no"", ""score"": 0}"
633,6baa36c1-e4d0-4dbd-97b2-dff48ecf796e,Is there any smoothing of surfaces portrayed?,Yes.,"Yes, the person is seen smoothing out the surface of the window frame with a tool.",Whether Something Happened(Y/N),yes,5,"{""correct"": ""yes"", ""score"": 5}"
634,6baa36c1-e4d0-4dbd-97b2-dff48ecf796e,Does the scene capture window installation?,No.,"Yes, the scene captures a person installing a window.",Whether Something Happened(Y/N),no,0,"{""correct"": ""no"", ""score"": 0}"
635,6baa36c1-e4d0-4dbd-97b2-dff48ecf796e,Does the clip depict interior renovation?,No.,"Yes, the clip depicts interior renovation.",Whether Something Happened(Y/N),no,0,"{""correct"": ""no"", ""score"": 0}"
636,6baa36c1-e4d0-4dbd-97b2-dff48ecf796e,Does smoothing the surface occur before scraping the wall?,No,"Yes, the person is seen smoothing the surface of the wall before scraping it with a red and yellow tool.",Order Judging(Y/N),no,0,"{""correct"": ""no"", ""score"": 0}"
637,6baa36c1-e4d0-4dbd-97b2-dff48ecf796e,Is the removal of plaster seen before the scraping action?,Yes,"Yes, the removal of plaster is seen before the scraping action.",Order Judging(Y/N),yes,5,"{""correct"": ""yes"", ""score"": 5}"
638,6baa36c1-e4d0-4dbd-97b2-dff48ecf796e,Does the planer touch the surface after the wall is scrapped?,Yes,"Yes, the planer touches the surface after the wall is scrapped.",Order Judging(Y/N),yes,5,"{""correct"": ""yes"", ""score"": 5}"
639,6baa36c1-e4d0-4dbd-97b2-dff48ecf796e,"In the video, is the ladder stretched before scraping the wall?",Yes,Yes,Order Judging(Y/N),yes,5,"{""correct"": ""yes"", ""score"": 5}"
640,6baa36c1-e4d0-4dbd-97b2-dff48ecf796e,Does the smoothing of the surface occur after scraping the wall?,Yes,"Yes, the person continues to smooth out the surface after scraping the wall.",Order Judging(Y/N),yes,5,"{""correct"": ""yes"", ""score"": 5}"
641,6baa36c1-e4d0-4dbd-97b2-dff48ecf796e,Is something removed from the wall before stretching the ladder?,No,"Yes, a piece of wood is removed from the wall before stretching the ladder.",Order Judging(Y/N),no,0,"{""correct"": ""no"", ""score"": 0}"
642,6baa36c1-e4d0-4dbd-97b2-dff48ecf796e,"In the clip, is the ladder stretched after smoothing the surface?",No,Yes,Order Judging(Y/N),no,0,"{""correct"": ""no"", ""score"": 0}"
643,6baa36c1-e4d0-4dbd-97b2-dff48ecf796e,What can be seen happening before smoothing the surface?,Scraping the wall,"Before smoothing the surface, a person is seen holding a red and black tool with a yellow handle, which appears to be a type of sanding or grinding device.",What event order,no,1,"{""correct"": ""no"", ""score"": 1}"
644,6baa36c1-e4d0-4dbd-97b2-dff48ecf796e,"In the video, what happens before stretching the ladder?","Nothing, it is the first action","Before stretching the ladder, a person is seen holding a red and black tool with a yellow handle.",What event order,no,0,"{""correct"": ""no"", ""score"": 0}"
645,6baa36c1-e4d0-4dbd-97b2-dff48ecf796e,What is the setting of the video clip?,Outside a house.,"The setting of the video clip is a workshop or garage, with various tools and equipment visible in the background.",Scene Summary,no,0,"{""correct"": ""no"", ""score"": 0}"
646,6baa36c1-e4d0-4dbd-97b2-dff48ecf796e,What task is being performed in the video clip?,Smoothing and scraping a surface.,The task being performed in the video clip is a window repair or maintenance.,Scene Summary,no,1,"{""correct"": ""no"", ""score"": 1}"
647,6baa36c1-e4d0-4dbd-97b2-dff48ecf796e,What tools are being used in the video clip?,A planer and a scraper.,The tools being used in the video clip include a hammer and a screwdriver.,Scene Summary,no,0,"{""correct"": ""no"", ""score"": 0}"
648,6baa36c1-e4d0-4dbd-97b2-dff48ecf796e,What is the condition of the surface being worked on?,It is a rough surface.,"The surface being worked on appears to be in a state of disrepair, with peeling paint and exposed wood.",Scene Summary,no,1,"{""correct"": ""no"", ""score"": 1}"
649,6baa36c1-e4d0-4dbd-97b2-dff48ecf796e,What is the first action taken on the surface in the clip?,Smoothing it with a planer.,The first action taken on the surface is a person using a hammer to scrape off debris.,Action Caption,no,0,"{""correct"": ""no"", ""score"": 0}"
650,6baa36c1-e4d0-4dbd-97b2-dff48ecf796e,What is the progression of work on the surface in the clip?,From smoothing to scraping.,"The progression of work on the surface includes scraping off old material, applying a new layer of paint or sealant, and smoothing out any rough edges.",Action Caption,no,1,"{""correct"": ""no"", ""score"": 1}"
651,6baa36c1-e4d0-4dbd-97b2-dff48ecf796e,How is the condition of the surface changing in the clip?,Becoming smoother and cleaner.,"The surface is being worked on, with the person using a tool to smooth out or adjust it.",Action Caption,no,2,"{""correct"": ""no"", ""score"": 2}"
652,6baa36c1-e4d0-4dbd-97b2-dff48ecf796e,Does the person use a planer on the surface?,Yes.,"Yes, the person uses a planer on the surface.",Whether Something Happened(Y/N),yes,5,"{""correct"": ""yes"", ""score"": 5}"
653,6baa36c1-e4d0-4dbd-97b2-dff48ecf796e,Is there an action of scraping visible in the new frames?,Yes.,"Yes, there is an action of scraping visible in the new frames.",Whether Something Happened(Y/N),yes,5,"{""correct"": ""yes"", ""score"": 5}"
654,6baa36c1-e4d0-4dbd-97b2-dff48ecf796e,Does the clip show the complete smoothing of the surface?,No.,"No, the clip shows only a close-up of the person's hands and the tool being used to smooth out the surface.",Whether Something Happened(Y/N),yes,5,"{""correct"": ""yes"", ""score"": 5}"
655,6baa36c1-e4d0-4dbd-97b2-dff48ecf796e,"In the video, is the surface scrapped before it is smoothened with a planer?",No,Yes,Order Judging(Y/N),no,0,"{""correct"": ""no"", ""score"": 0}"
656,6baa36c1-e4d0-4dbd-97b2-dff48ecf796e,"In the sequence, is the planer used before the scraper?",Yes,"Yes, the planer is used before the scraper.",Order Judging(Y/N),yes,5,"{""correct"": ""yes"", ""score"": 5}"
657,6baa36c1-e4d0-4dbd-97b2-dff48ecf796e,What occurs right before the planer is used on the surface?,"Nothing, it's the first action","A person wearing a blue sleeveless shirt and black shoes is seen standing on the left side of the frame, holding a tool.",What event order,no,0,"{""correct"": ""no"", ""score"": 0}"
658,6baa36c1-e4d0-4dbd-97b2-dff48ecf796e,Did I remove something from the wall before scraping the wall?,Yes,"Yes, the person in the video removed a small object from the wall before scraping it.",Order Judging(Y/N),yes,5,"{""correct"": ""yes"", ""score"": 5}"
659,6baa36c1-e4d0-4dbd-97b2-dff48ecf796e,Is the surface smoothened with a planer before scraping with a scraper?,Yes,"Yes, the surface is smoothened with a planer before scraping.",Order Judging(Y/N),yes,5,"{""correct"": ""yes"", ""score"": 5}"
660,6baa36c1-e4d0-4dbd-97b2-dff48ecf796e,Do I smoothen the surface with a planer before removing something from the wall?,No,"Yes, the person in the video uses a planer to smooth out the surface of the wall before removing something from it.",Order Judging(Y/N),no,0,"{""correct"": ""no"", ""score"": 0}"
661,6baa36c1-e4d0-4dbd-97b2-dff48ecf796e,Is the wall scraped with a scraper before using a planer in one sequence?,No,"Yes, the wall is scraped with a scraper before using a planer in one sequence.",Order Judging(Y/N),no,0,"{""correct"": ""no"", ""score"": 0}"
662,6baa36c1-e4d0-4dbd-97b2-dff48ecf796e,What setting is shown in the video clip?,An outdoor scene with window frame paint removal.,The setting shown in the video clip is a garage or workshop.,Scene Summary,no,1,"{""correct"": ""no"", ""score"": 1}"
663,6baa36c1-e4d0-4dbd-97b2-dff48ecf796e,Describe the environment shown in the clip.,"An outside area, likely a building's exterior.","The environment is a garage or workshop with a window that has been partially painted. The walls are covered in white paint, and there's some debris scattered around the area.",Scene Summary,no,1,"{""correct"": ""no"", ""score"": 1}"
664,6baa36c1-e4d0-4dbd-97b2-dff48ecf796e,What tool is being used in the current action?,A paint scraper is being used in the action.,A hammer is being used in the current action.,Action Caption,no,0,"{""correct"": ""no"", ""score"": 0}"
665,6baa36c1-e4d0-4dbd-97b2-dff48ecf796e,How is the paint being removed in this scene?,The paint is being manually scraped off.,"The paint is being removed by scraping it away with a tool, which the person uses to carefully remove the white layer from the wooden surface.",Action Caption,yes,5,"{""correct"": ""yes"", ""score"": 5}"
666,6baa36c1-e4d0-4dbd-97b2-dff48ecf796e,Does the video show a paint removal process?,Yes.,"Yes, the video shows a paint removal process.",Whether Something Happened(Y/N),yes,5,"{""correct"": ""yes"", ""score"": 5}"
667,6baa36c1-e4d0-4dbd-97b2-dff48ecf796e,Is the person successfully removing paint from a window frame?,Yes.,Yes,Whether Something Happened(Y/N),yes,5,"{""correct"": ""yes"", ""score"": 5}"
668,6baa36c1-e4d0-4dbd-97b2-dff48ecf796e,Does the scene take place indoors?,No.,"No, the scene does not take place indoors; it is set in a garage or workshop.",Whether Something Happened(Y/N),yes,5,"{""correct"": ""yes"", ""score"": 5}"
669,6baa36c1-e4d0-4dbd-97b2-dff48ecf796e,Is the surface smoothed with a planer before scraping with a scraper?,Yes,"Yes, the surface is smoothed with a planer before scraping with a scraper.",Order Judging(Y/N),yes,5,"{""correct"": ""yes"", ""score"": 5}"
670,6baa36c1-e4d0-4dbd-97b2-dff48ecf796e,Does the removal of paint on the window frame happen after smoothing a surface?,Yes,"Yes, the removal of paint on the window frame happens after smoothing a surface.",Order Judging(Y/N),yes,5,"{""correct"": ""yes"", ""score"": 5}"
671,6baa36c1-e4d0-4dbd-97b2-dff48ecf796e,Is the paint scraper used before the planer on any surface?,No,"Yes, the paint scraper is used before the planer on any surface.",Order Judging(Y/N),no,0,"{""correct"": ""no"", ""score"": 0}"
672,6baa36c1-e4d0-4dbd-97b2-dff48ecf796e,Is the surface smoothed after removing paint from the window frame?,No,"Yes, the surface is smooth after removing paint from the window frame.",Order Judging(Y/N),no,0,"{""correct"": ""no"", ""score"": 0}"
673,6baa36c1-e4d0-4dbd-97b2-dff48ecf796e,What happens just before using the scraper on the surface?,Smoothing the surface with a planer,"Just before using the scraper, the person points at something on the wall to indicate a specific area of interest.",What event order,no,0,"{""correct"": ""no"", ""score"": 0}"
674,6baa36c1-e4d0-4dbd-97b2-dff48ecf796e,What is done just prior to smoothing a surface?,"Nothing, it's the first action.","Just prior to smoothing a surface, the person uses a tool to smooth out the paint or material on the wall.",What event order,no,0,"{""correct"": ""no"", ""score"": 0}"
675,6baa36c1-e4d0-4dbd-97b2-dff48ecf796e,What action takes place before using the paint scraper?,Smoothing and scraping a surface,"Before using the paint scraper, the person is seen holding a paint scraper and appears to be preparing it for use.",What event order,no,1,"{""correct"": ""no"", ""score"": 1}"
676,6baa36c1-e4d0-4dbd-97b2-dff48ecf796e,What is the first action performed outside the house?,Smoothing a surface with a planer,The first action performed outside the house is a person using a hammer to remove paint from the window frame.,What event order,no,0,"{""correct"": ""no"", ""score"": 0}"
677,6baa36c1-e4d0-4dbd-97b2-dff48ecf796e,Did I scrape the wall before smoothing the surface with a planer?,Yes.,"Yes, the person in the video has scraped the wall before smoothing it with a planer.",Order Judging(Y/N),yes,5,"{""correct"": ""yes"", ""score"": 5}"
678,6baa36c1-e4d0-4dbd-97b2-dff48ecf796e,Did I smooth the surface with a planer before removing paint from the window frame?,Yes.,"Yes, the person used a planer to smooth out the surface of the window frame before removing paint.",Order Judging(Y/N),yes,5,"{""correct"": ""yes"", ""score"": 5}"
679,6baa36c1-e4d0-4dbd-97b2-dff48ecf796e,What do I do before removing paint from the window frame?,Scrape the wall and smooth a surface.,"Before removing paint from the window frame, you should first ensure that there is no paint on the surface.",What event order,no,0,"{""correct"": ""no"", ""score"": 0}"
680,6baa36c1-e4d0-4dbd-97b2-dff48ecf796e,What is the setting of the video clip?,The setting is outside near a window.,The setting of the video clip is a residential area with a window that has been partially painted.,Scene Summary,no,2,"{""correct"": ""no"", ""score"": 2}"
681,6baa36c1-e4d0-4dbd-97b2-dff48ecf796e,What tool is being used on the window?,A scraper is being used.,A hammer is being used on the window.,Action Caption,no,0,"{""correct"": ""no"", ""score"": 0}"
682,6baa36c1-e4d0-4dbd-97b2-dff48ecf796e,Does the video show paint being scraped off?,Yes.,"Yes, the video shows paint being scraped off from the window frame.",Whether Something Happened(Y/N),yes,5,"{""correct"": ""yes"", ""score"": 5}"
683,6baa36c1-e4d0-4dbd-97b2-dff48ecf796e,Is the window frame being refinished?,Yes.,Yes,Whether Something Happened(Y/N),yes,5,"{""correct"": ""yes"", ""score"": 5}"
684,6baa36c1-e4d0-4dbd-97b2-dff48ecf796e,Is a tool being used for paint removal?,Yes.,Yes,Whether Something Happened(Y/N),yes,5,"{""correct"": ""yes"", ""score"": 5}"
685,6baa36c1-e4d0-4dbd-97b2-dff48ecf796e,Is the person working on interior maintenance?,No.,Yes,Whether Something Happened(Y/N),no,0,"{""correct"": ""no"", ""score"": 0}"
686,6baa36c1-e4d0-4dbd-97b2-dff48ecf796e,Is the window frame being replaced?,No.,Yes,Whether Something Happened(Y/N),no,0,"{""correct"": ""no"", ""score"": 0}"
687,6baa36c1-e4d0-4dbd-97b2-dff48ecf796e,Is the window opened before the paint is scraped?,Yes,Yes,Order Judging(Y/N),yes,5,"{""correct"": ""yes"", ""score"": 5}"
688,6baa36c1-e4d0-4dbd-97b2-dff48ecf796e,Does the hand touch the window frame before using the scraper?,Yes,"Yes, the hand touches the window frame before using the scraper.",Order Judging(Y/N),yes,5,"{""correct"": ""yes"", ""score"": 5}"
689,6baa36c1-e4d0-4dbd-97b2-dff48ecf796e,Is the paint on the window frame removed before the hand is visible?,No,"Yes, the paint on the window frame is removed before the hand is visible.",Order Judging(Y/N),no,0,"{""correct"": ""no"", ""score"": 0}"
690,6baa36c1-e4d0-4dbd-97b2-dff48ecf796e,Does the window frame appear before the scraper is in motion?,Yes,"Yes, the window frame appears before the scraper is in motion.",Order Judging(Y/N),yes,5,"{""correct"": ""yes"", ""score"": 5}"
691,6baa36c1-e4d0-4dbd-97b2-dff48ecf796e,Is the paint removed from the window frame before using the planer?,No,Yes,Order Judging(Y/N),no,0,"{""correct"": ""no"", ""score"": 0}"
692,6baa36c1-e4d0-4dbd-97b2-dff48ecf796e,Does the surface smoothing with a planer occur before the scraping?,Yes,"Yes, the surface smoothing with a planer occurs before the scraping.",Order Judging(Y/N),yes,5,"{""correct"": ""yes"", ""score"": 5}"
693,6baa36c1-e4d0-4dbd-97b2-dff48ecf796e,Is the scraping of the surface completed before removing paint on the window frame?,No,"Yes, the scraping of the surface is completed before removing paint on the window frame.",Order Judging(Y/N),no,0,"{""correct"": ""no"", ""score"": 0}"
694,6baa36c1-e4d0-4dbd-97b2-dff48ecf796e,What occurs just before scraping the surface?,Smoothening with a planer,"Just before scraping the surface, a person's hand appears and points towards the camera.",What event order,no,0,"{""correct"": ""no"", ""score"": 0}"
695,6baa36c1-e4d0-4dbd-97b2-dff48ecf796e,What is the main activity taking place outside the house?,Smoothing and scraping surfaces.,"The main activity is the person performing a task on the window, possibly repairing or installing something.",Scene Summary,no,1,"{""correct"": ""no"", ""score"": 1}"
696,6baa36c1-e4d0-4dbd-97b2-dff48ecf796e,Where is the scene set?,Outside a house.,The scene is set in a garage or workshop.,Scene Summary,no,1,"{""correct"": ""no"", ""score"": 1}"
697,6baa36c1-e4d0-4dbd-97b2-dff48ecf796e,What tools are being used in this scene?,A planer and a scraper.,A hammer and a screwdriver are being used in this scene.,Scene Summary,no,0,"{""correct"": ""no"", ""score"": 0}"
698,6baa36c1-e4d0-4dbd-97b2-dff48ecf796e,How can you describe the area in which the activity occurs?,It's a woodworking area outside the house.,"The area is outdoors, with a grassy lawn and some trees visible in the background.",Scene Summary,no,2,"{""correct"": ""no"", ""score"": 2}"
699,6baa36c1-e4d0-4dbd-97b2-dff48ecf796e,What actions are being performed in this video clip?,Smoothing with a planer and scraping with a scraper.,"The actions performed in this video clip include scraping the window, removing debris from the window frame, and possibly repairing or cleaning the window.",Action Caption,no,1,"{""correct"": ""no"", ""score"": 1}"
700,6baa36c1-e4d0-4dbd-97b2-dff48ecf796e,What is the focus of the activity in these frames?,Wood surface maintenance.,"The focus of the activity in these frames is on a window with peeling paint, where the person is using a hammer to smooth out the surface.",Action Caption,no,1,"{""correct"": ""no"", ""score"": 1}"
701,6baa36c1-e4d0-4dbd-97b2-dff48ecf796e,What is the sequence of actions performed outside?,"First smoothening, then scraping surfaces.","First, the person uses a hammer to smooth out the paint on the window frame. Then, they use another tool to apply more pressure and further refine the surface of the paint. Finally, they step back to assess their work before continuing with the next action.",Action Caption,no,1,"{""correct"": ""no"", ""score"": 1}"
702,6baa36c1-e4d0-4dbd-97b2-dff48ecf796e,How does the person handle the tools in the video?,With precision and care for the task.,"The person uses a hammer and a screwdriver to work on the window frame, demonstrating their expertise in handling tools.",Action Caption,no,2,"{""correct"": ""no"", ""score"": 2}"
703,6baa36c1-e4d0-4dbd-97b2-dff48ecf796e,What are the visible results of the actions in this clip?,Smooth surfaces and wood shavings scattered.,"The visible results include the window being repaired, with a cleaner and more secure surface.",Action Caption,no,0,"{""correct"": ""no"", ""score"": 0}"
704,6baa36c1-e4d0-4dbd-97b2-dff48ecf796e,Does the video show the use of a woodworking planer?,Yes,"Yes, the video shows a close-up of the person's hands using a woodworking planer to smooth out the surface of the window frame.",Whether Something Happened(Y/N),yes,5,"{""correct"": ""yes"", ""score"": 5}"
705,6baa36c1-e4d0-4dbd-97b2-dff48ecf796e,Is the person scraping a wooden surface?,Yes,Yes,Whether Something Happened(Y/N),yes,5,"{""correct"": ""yes"", ""score"": 5}"
706,6baa36c1-e4d0-4dbd-97b2-dff48ecf796e,Are the actions performed indoor?,No,"Yes, the actions are performed indoors.",Whether Something Happened(Y/N),no,0,"{""correct"": ""no"", ""score"": 0}"
707,6baa36c1-e4d0-4dbd-97b2-dff48ecf796e,Does the activity involve painting or staining?,No,"No, the activity does not involve painting or staining.",Whether Something Happened(Y/N),yes,5,"{""correct"": ""yes"", ""score"": 5}"
708,6baa36c1-e4d0-4dbd-97b2-dff48ecf796e,Is the person wearing any safety gear?,No,"No, the person is not wearing any safety gear.",Whether Something Happened(Y/N),yes,5,"{""correct"": ""yes"", ""score"": 5}"
709,6baa36c1-e4d0-4dbd-97b2-dff48ecf796e,Was the window frame scraped before it was planed?,No,"Yes, the window frame was scraped before it was planed.",Order Judging(Y/N),no,0,"{""correct"": ""no"", ""score"": 0}"
710,6baa36c1-e4d0-4dbd-97b2-dff48ecf796e,Did the scraping of a surface happen after smoothening it?,Yes,"Yes, the scraping of a surface happened after smoothening it.",Order Judging(Y/N),yes,5,"{""correct"": ""yes"", ""score"": 5}"
711,6baa36c1-e4d0-4dbd-97b2-dff48ecf796e,What happens just before the scraper is used on the window frame?,The surface is smoothened with a planer,"Just before the scraper is used on the window frame, a person points at something outside of the camera's view.",What event order,no,0,"{""correct"": ""no"", ""score"": 0}"
712,6baa36c1-e4d0-4dbd-97b2-dff48ecf796e,What is the action taken just prior to the planer being used in the video?,There is no action shown before the planer is used,"The action taken just prior to the planer being used in the video is a person pointing at something on the window frame, possibly indicating where they are planning to place the planer.",What event order,no,0,"{""correct"": ""no"", ""score"": 0}"
713,6baa36c1-e4d0-4dbd-97b2-dff48ecf796e,Was the surface planed before the scraping of paint on the window frame?,Yes,"Yes, the surface planed was before the scraping of paint on the window frame.",Order Judging(Y/N),yes,5,"{""correct"": ""yes"", ""score"": 5}"
714,6baa36c1-e4d0-4dbd-97b2-dff48ecf796e,Was the window frame scraped before planing the surface?,No,"Yes, the window frame was scraped before planning the surface.",Order Judging(Y/N),no,0,"{""correct"": ""no"", ""score"": 0}"
715,6baa36c1-e4d0-4dbd-97b2-dff48ecf796e,Was the window frame scraped first before using any tools?,No,"Yes, the window frame was scraped first before using any tools.",Order Judging(Y/N),no,0,"{""correct"": ""no"", ""score"": 0}"
716,6baa36c1-e4d0-4dbd-97b2-dff48ecf796e,What's the brief of the depicted scenario?,A person scrapes a surface outside a house.,"The brief of the depicted scenario shows a person using a hammer to remove debris from a window, with a potted plant visible in the background.",Scene Summary,no,1,"{""correct"": ""no"", ""score"": 1}"
717,6baa36c1-e4d0-4dbd-97b2-dff48ecf796e,What can be inferred about the location in the video clip?,It's a residential outdoor area by a window.,"The location appears to be a residential area, as indicated by the presence of a window with a decorative pot and a ladder leaning against it.",Scene Summary,yes,5,"{""correct"": ""yes"", ""score"": 5}"
718,6baa36c1-e4d0-4dbd-97b2-dff48ecf796e,How would you describe the environment surrounding the action?,It appears to be tranquil and domestic.,"The environment surrounding the action is a garage or workshop with natural light coming in from outside. The floor appears to be made of concrete, and there's a ladder leaning against the wall near the window.",Scene Summary,no,1,"{""correct"": ""no"", ""score"": 1}"
719,6baa36c1-e4d0-4dbd-97b2-dff48ecf796e,Is the person in the video using a tool for scraping?,Yes.,"Yes, the person in the video is using a tool for scraping.",Whether Something Happened(Y/N),yes,5,"{""correct"": ""yes"", ""score"": 5}"
720,6baa36c1-e4d0-4dbd-97b2-dff48ecf796e,Is the scraping happening indoors?,No.,Yes,Whether Something Happened(Y/N),no,0,"{""correct"": ""no"", ""score"": 0}"
721,6baa36c1-e4d0-4dbd-97b2-dff48ecf796e,Does the footage show the completion of the scraping task?,No.,"Yes, the footage shows the completion of the scraping task as the person is seen holding a tool and moving it back and forth to smooth out the debris.",Whether Something Happened(Y/N),no,0,"{""correct"": ""no"", ""score"": 0}"
722,6baa36c1-e4d0-4dbd-97b2-dff48ecf796e,Is the person wearing gloves while scraping?,No.,"No, the person is not wearing gloves while scraping.",Whether Something Happened(Y/N),yes,5,"{""correct"": ""yes"", ""score"": 5}"
723,6baa36c1-e4d0-4dbd-97b2-dff48ecf796e,Did I smoothen the surface with a planer before scraping it with a scraper?,Yes,"Yes, the person used a planer to smooth out the surface before scraping it with a scraper.",Order Judging(Y/N),yes,5,"{""correct"": ""yes"", ""score"": 5}"
724,6baa36c1-e4d0-4dbd-97b2-dff48ecf796e,What occurs just before I scrape the surface with the scraper?,Smoothening with a planer,"Before scraping the surface with the scraper, a person points at something outside the window.",What event order,no,0,"{""correct"": ""no"", ""score"": 0}"
725,6baa36c1-e4d0-4dbd-97b2-dff48ecf796e,Is the scraping of the window frame after smoothing the surface?,Yes,"Yes, the scraping of the window frame after smoothing the surface is visible in the video.",Order Judging(Y/N),yes,5,"{""correct"": ""yes"", ""score"": 5}"
726,6baa36c1-e4d0-4dbd-97b2-dff48ecf796e,What happens just before the window frame is scraped?,The surface is smoothened with a planer,"Just before the window frame is scraped, a person points at something outside the camera's view.",What event order,no,0,"{""correct"": ""no"", ""score"": 0}"
727,6baa36c1-e4d0-4dbd-97b2-dff48ecf796e,What occurs right before the surface is smoothened?,The paint is removed with a scraper,"A person points at the surface, indicating a point of interest or concern.",What event order,no,0,"{""correct"": ""no"", ""score"": 0}"
728,6baa36c1-e4d0-4dbd-97b2-dff48ecf796e,Can you describe the setting in the video?,The setting is outdoor by the side of a house.,"The setting in the video is a garage or workshop with a window that has been partially stripped of its paint. The walls are covered in peeling white paint, and there's debris scattered around.",Scene Summary,no,1,"{""correct"": ""no"", ""score"": 1}"
729,6baa36c1-e4d0-4dbd-97b2-dff48ecf796e,Does the person succeed in scraping off the material?,Yes.,"Yes, the person successfully scrapes off the material from the window frame.",Whether Something Happened(Y/N),yes,5,"{""correct"": ""yes"", ""score"": 5}"
730,6baa36c1-e4d0-4dbd-97b2-dff48ecf796e,Is the scraping being done on an interior wall?,No.,Yes,Whether Something Happened(Y/N),no,0,"{""correct"": ""no"", ""score"": 0}"
731,6baa36c1-e4d0-4dbd-97b2-dff48ecf796e,Is the person using any tool other than a scraper?,No.,"No, the person is using a scraper to scrape away the white paint from the window frame.",Whether Something Happened(Y/N),yes,5,"{""correct"": ""yes"", ""score"": 5}"
732,6baa36c1-e4d0-4dbd-97b2-dff48ecf796e,Does the scrapping of the surface start before walking outside the house?,No,"Yes, the scrapping of the surface starts before walking outside the house.",Order Judging(Y/N),no,0,"{""correct"": ""no"", ""score"": 0}"
733,6baa36c1-e4d0-4dbd-97b2-dff48ecf796e,"In the video, is the scraper used on the lower part of the wall before the upper part?",No,"Yes, the scraper is used on the lower part of the wall before the upper part.",Order Judging(Y/N),no,0,"{""correct"": ""no"", ""score"": 0}"
734,6baa36c1-e4d0-4dbd-97b2-dff48ecf796e,Is the paint removal near the window sill done after removing paint near the flower pot?,Yes,"Yes, the paint removal near the window sill is done after removing paint from the flower pot.",Order Judging(Y/N),yes,5,"{""correct"": ""yes"", ""score"": 5}"
735,6baa36c1-e4d0-4dbd-97b2-dff48ecf796e,What action occurs just before the paint near the flower pot is scraped off?,Scraping near the window sill,"Just before the paint near the flower pot is scraped off, a person points at it with their right hand.",What event order,no,0,"{""correct"": ""no"", ""score"": 0}"
736,6baa36c1-e4d0-4dbd-97b2-dff48ecf796e,Is the planer used before the scraper?,Yes,"Yes, the planer is used before the scraper.",Order Judging(Y/N),yes,5,"{""correct"": ""yes"", ""score"": 5}"
737,6baa36c1-e4d0-4dbd-97b2-dff48ecf796e,Is the scraping done before smoothing the surface?,No,"Yes, the person is seen pointing towards a specific area of the wall before smoothing it down with the scraper.",Order Judging(Y/N),no,0,"{""correct"": ""no"", ""score"": 0}"
738,6baa36c1-e4d0-4dbd-97b2-dff48ecf796e,Does the planing occur after the scraping?,No,"No, the planing does not occur after the scraping.",Order Judging(Y/N),yes,5,"{""correct"": ""yes"", ""score"": 5}"
739,6baa36c1-e4d0-4dbd-97b2-dff48ecf796e,What happens before the scraping begins?,Smoothing with a planer,"Before the scraping begins, a person points at something on the wall and gestures towards it.",What event order,no,0,"{""correct"": ""no"", ""score"": 0}"
740,6baa36c1-e4d0-4dbd-97b2-dff48ecf796e,What task is being carried out outside the house?,Smoothening a surface with a planer and scraping.,The task carried out outside the house is painting a wooden surface with a paint roller.,Scene Summary,no,0,"{""correct"": ""no"", ""score"": 0}"
741,6baa36c1-e4d0-4dbd-97b2-dff48ecf796e,What tools are used in the latest frames for the outdoor task?,A planer and a scraper.,A hammer and a paintbrush are used in the latest frames for the outdoor task.,Scene Summary,no,0,"{""correct"": ""no"", ""score"": 0}"
742,6baa36c1-e4d0-4dbd-97b2-dff48ecf796e,Describe the surroundings where the task takes place.,"Outside a house, likely a work area with debris.","The task takes place in an outdoor setting with a wooden structure, possibly a window or door frame, and a ladder leaning against it. The background shows a residential area with trees and houses visible through the window.",Scene Summary,no,2,"{""correct"": ""no"", ""score"": 2}"
743,6baa36c1-e4d0-4dbd-97b2-dff48ecf796e,What process is demonstrated in the recent video footage?,Woodworking involving smoothing and scraping actions.,"The video shows a person using a sander to smooth out the paint on a wooden surface, which appears to be part of a window or door. The process involves applying pressure and rotating the sander in a circular motion to remove the old paint and create a smoother finish.",Scene Summary,no,2,"{""correct"": ""no"", ""score"": 2}"
744,6baa36c1-e4d0-4dbd-97b2-dff48ecf796e,What is the likely purpose of the actions shown in the clip?,"Preparing a wooden surface, possibly for painting or finishing.",The likely purpose of the actions shown in the clip is to demonstrate a step-by-step process for painting or repairing a wooden surface.,Scene Summary,yes,5,"{""correct"": ""yes"", ""score"": 5}"
745,6baa36c1-e4d0-4dbd-97b2-dff48ecf796e,Describe the sequential actions taken by the individual.,"First, using a planer for smoothing, then a scraper.","The individual is seen using a paint roller to apply white paint onto the wooden surface of a window. They carefully apply the paint, ensuring it covers the entire visible area and smooths out any uneven areas. The person's hands are steady as they work, indicating precision in their application process.",Action Caption,no,0,"{""correct"": ""no"", ""score"": 0}"
746,6baa36c1-e4d0-4dbd-97b2-dff48ecf796e,Has the person completed the smoothening task?,Yes.,"Yes, the person has finished smoothing out the paint on the window frame.",Whether Something Happened(Y/N),yes,5,"{""correct"": ""yes"", ""score"": 5}"
747,6baa36c1-e4d0-4dbd-97b2-dff48ecf796e,Does the individual use more than one tool?,Yes.,"Yes, the individual uses a hammer and a brush to apply paint or seal around the window frame.",Whether Something Happened(Y/N),yes,5,"{""correct"": ""yes"", ""score"": 5}"
748,6baa36c1-e4d0-4dbd-97b2-dff48ecf796e,Is the work performed indoors in the latest frames?,"No, it's outside.","No, the work is being performed outdoors in the latest frames.",Whether Something Happened(Y/N),yes,5,"{""correct"": ""yes"", ""score"": 5}"
749,6baa36c1-e4d0-4dbd-97b2-dff48ecf796e,Have any painting actions been depicted in the summary?,"No, only smoothening and scraping are shown.","Yes, the video shows a person using a paint roller to apply and smooth out the white paint on the wooden surface.",Whether Something Happened(Y/N),no,0,"{""correct"": ""no"", ""score"": 0}"
750,6baa36c1-e4d0-4dbd-97b2-dff48ecf796e,"In the video, is scraping done before smoothing with a planer?",No,"Yes, the video shows a close-up of the person's hands using a planer to smooth out the paint on the window frame.",Order Judging(Y/N),no,0,"{""correct"": ""no"", ""score"": 0}"
751,6baa36c1-e4d0-4dbd-97b2-dff48ecf796e,Is the surface scraped after the house exterior is shown?,Yes,Yes,Order Judging(Y/N),yes,5,"{""correct"": ""yes"", ""score"": 5}"
752,6baa36c1-e4d0-4dbd-97b2-dff48ecf796e,What is seen happening before any tool is used on the surface?,Outside of the house shown,"Before any tool is used on the surface, a person's hand holding a black and yellow-handled tool is visible.",What event order,no,0,"{""correct"": ""no"", ""score"": 0}"
753,6baa36c1-e4d0-4dbd-97b2-dff48ecf796e,"In the sequence, is the scraper used before the planer?",No,"Yes, the scraper is used before the planer.",Order Judging(Y/N),no,0,"{""correct"": ""no"", ""score"": 0}"
754,6baa36c1-e4d0-4dbd-97b2-dff48ecf796e,Does the scraping happen outdoors?,Yes,"Yes, the scraping happens outdoors as indicated by the natural light and the presence of a car in the background.",Order Judging(Y/N),yes,5,"{""correct"": ""yes"", ""score"": 5}"
755,6baa36c1-e4d0-4dbd-97b2-dff48ecf796e,Is the surface scraped after it is smoothened?,Yes,"Yes, the surface is smooth and free of any visible marks or debris after it has been smoothened.",Order Judging(Y/N),no,1,"{""correct"": ""no"", ""score"": 1}"
756,6baa36c1-e4d0-4dbd-97b2-dff48ecf796e,Is the scraping performed before standing up?,No,"Yes, the scraping is performed before standing up.",Order Judging(Y/N),no,0,"{""correct"": ""no"", ""score"": 0}"
757,6baa36c1-e4d0-4dbd-97b2-dff48ecf796e,What is done before using the scraper in the video?,Smoothening the surface with a planer,"Before using the scraper, the person is seen holding a paint roller and applying it to the wall.",What event order,no,0,"{""correct"": ""no"", ""score"": 0}"
758,6baa36c1-e4d0-4dbd-97b2-dff48ecf796e,What happens just before the second scraping action?,The first scraping action,"Just before the second scraping action, the person is seen holding a red-handled tool and pointing at something on the wall.",What event order,no,0,"{""correct"": ""no"", ""score"": 0}"
759,6baa36c1-e4d0-4dbd-97b2-dff48ecf796e,What occurs just before the surface is smoothened?,Going outside the house,"A hand appears, holding a tool and pointing towards the surface.",What event order,no,0,"{""correct"": ""no"", ""score"": 0}"
760,6baa36c1-e4d0-4dbd-97b2-dff48ecf796e,What is the setting of the video clip?,"The setting is outdoors, with a person removing unwanted cover.",The setting of the video clip is a residential area with a window that has been partially painted.,Scene Summary,no,1,"{""correct"": ""no"", ""score"": 1}"
761,6baa36c1-e4d0-4dbd-97b2-dff48ecf796e,What is the main focus of the video clip?,The main focus is on a person removing a cover from a surface.,The main focus of the video clip is a person performing a task involving peeling and scraping paint off a window.,Scene Summary,no,2,"{""correct"": ""no"", ""score"": 2}"
762,6baa36c1-e4d0-4dbd-97b2-dff48ecf796e,What is the person doing with their hand?,They are rubbing waste off with their hand.,"The person is holding a red-handled tool, possibly a hammer or a similar object, and appears to be using it to push or scrape the paint off the window frame.",Action Caption,no,1,"{""correct"": ""no"", ""score"": 1}"
763,6baa36c1-e4d0-4dbd-97b2-dff48ecf796e,What action follows rubbing the waste?,The person climbs a ladder.,The action follows the person's hand moving back and forth to rub the waste against the window frame.,Action Caption,no,0,"{""correct"": ""no"", ""score"": 0}"
764,6baa36c1-e4d0-4dbd-97b2-dff48ecf796e,What tool is the person using in the action?,The person is using a scraper or a similar tool.,The person is using a hammer to apply the paint.,Action Caption,no,0,"{""correct"": ""no"", ""score"": 0}"
765,6baa36c1-e4d0-4dbd-97b2-dff48ecf796e,Did the person climb a ladder in the video?,Yes.,"No, the person did not climb a ladder in the video.",Whether Something Happened(Y/N),no,0,"{""correct"": ""no"", ""score"": 0}"
766,6baa36c1-e4d0-4dbd-97b2-dff48ecf796e,Does the video show the person successfully removing the cover?,Yes.,"Yes, the video shows the person successfully removing the cover from the window frame.",Whether Something Happened(Y/N),yes,5,"{""correct"": ""yes"", ""score"": 5}"
767,6baa36c1-e4d0-4dbd-97b2-dff48ecf796e,Was the task performed indoors?,No.,"Yes, the task was performed indoors.",Whether Something Happened(Y/N),no,0,"{""correct"": ""no"", ""score"": 0}"
768,6baa36c1-e4d0-4dbd-97b2-dff48ecf796e,Did I smoothen the surface with a planer before scraping it with a scraper?,Yes.,"Yes, the person used a planer to smooth out the surface before scraping it with a scraper.",Order Judging(Y/N),yes,5,"{""correct"": ""yes"", ""score"": 5}"
769,6baa36c1-e4d0-4dbd-97b2-dff48ecf796e,Did I climb the ladder before rubbing waste with my hand?,No.,"No, the ladder was not used to climb before rubbing waste with a hand.",Order Judging(Y/N),yes,5,"{""correct"": ""yes"", ""score"": 5}"
770,6baa36c1-e4d0-4dbd-97b2-dff48ecf796e,Did the removal of unwanted cover happen before climbing the ladder?,No.,"Yes, the removal of unwanted cover happened before climbing the ladder.",Order Judging(Y/N),no,0,"{""correct"": ""no"", ""score"": 0}"
771,6baa36c1-e4d0-4dbd-97b2-dff48ecf796e,Did I scrape the surface before smoothening it with a planer?,No.,"Yes, the person in the video uses a planer to smooth out the surface of the window before applying the sealant.",Order Judging(Y/N),no,0,"{""correct"": ""no"", ""score"": 0}"
772,6baa36c1-e4d0-4dbd-97b2-dff48ecf796e,Did the drawing a planer happen after climbing the ladder?,No.,"No, the drawing a planer happened before climbing the ladder.",Order Judging(Y/N),yes,5,"{""correct"": ""yes"", ""score"": 5}"
773,6baa36c1-e4d0-4dbd-97b2-dff48ecf796e,What takes place immediately before drawing a planer across the surface?,Being outside the house.,"Before drawing a planer across the surface, the person points to the wall and begins to use the planer to smooth out the paint.",What event order,no,0,"{""correct"": ""no"", ""score"": 0}"
774,6baa36c1-e4d0-4dbd-97b2-dff48ecf796e,What do I do before rubbing waste with my hand?,Being outside.,I use a red-handled tool to apply pressure and make contact with the paint.,What event order,no,0,"{""correct"": ""no"", ""score"": 0}"
775,6baa36c1-e4d0-4dbd-97b2-dff48ecf796e,Did I scrape the surface before using a planer?,No,"Yes, the person in the video uses a planer to scrape off excess paint from the window frame.",Order Judging(Y/N),no,0,"{""correct"": ""no"", ""score"": 0}"
776,6baa36c1-e4d0-4dbd-97b2-dff48ecf796e,Did the planer use happen after the ladder climbing?,No,"No, the planer did not use happen after the ladder climbing.",Order Judging(Y/N),yes,5,"{""correct"": ""yes"", ""score"": 5}"
777,6baa36c1-e4d0-4dbd-97b2-dff48ecf796e,Was the surface scraped after using the planer?,Yes,"Yes, the surface was scraped after using the planer.",Order Judging(Y/N),yes,5,"{""correct"": ""yes"", ""score"": 5}"
778,6baa36c1-e4d0-4dbd-97b2-dff48ecf796e,Was the waste rubbed off before I climbed the ladder?,Yes,"Yes, the waste was rubbed off before I climbed the ladder.",Order Judging(Y/N),yes,5,"{""correct"": ""yes"", ""score"": 5}"
779,6baa36c1-e4d0-4dbd-97b2-dff48ecf796e,What happens just before I scrape the surface?,Smoothening with a planer,"Just before I scrape the surface, a person wearing a blue shirt enters the frame from behind.",What event order,no,0,"{""correct"": ""no"", ""score"": 0}"
780,6baa36c1-e4d0-4dbd-97b2-dff48ecf796e,What event occurs before using the planer?,Climbing the ladder,"Before using the planer, a person is seen holding a red-handled tool near the window frame.",What event order,no,0,"{""correct"": ""no"", ""score"": 0}"
781,6baa36c1-e4d0-4dbd-97b2-dff48ecf796e,What is the focus of the video's depicted scenario?,Removing unwanted cover from wood surface.,"The focus of the video's depicted scenario is on a person performing a task involving peeling and sanding a wooden surface, possibly for painting or repair.",Scene Summary,yes,4,"{""correct"": ""yes"", ""score"": 4}"
782,6baa36c1-e4d0-4dbd-97b2-dff48ecf796e,Describe the setting shown in the video clip.,"Outside, near a window with a wood surface.","The video shows a person working on a wooden structure, likely a window or door frame, with a paint roller and a hammer. The background features a house and trees outside the window, indicating an outdoor setting.",Scene Summary,no,2,"{""correct"": ""no"", ""score"": 2}"
783,6baa36c1-e4d0-4dbd-97b2-dff48ecf796e,What can be observed about the environment in the clip?,"It's outdoors, possibly at a residential location.","The environment includes a ladder, tools, and various objects scattered around the area.",Scene Summary,no,1,"{""correct"": ""no"", ""score"": 1}"
784,6baa36c1-e4d0-4dbd-97b2-dff48ecf796e,Narrate the activity captured in this clip.,"Holding a scraper, staring at, and scraping a wood surface.","The video showcases a person diligently working on a wooden structure, likely a window or door frame. The individual is using a hammer to smooth out the paint and apply it in a precise manner, ensuring that the surface is clean and free of any marks. The scene includes various tools such as a hammer, a small tool, and a ladder, indicating an ongoing renovation or repair project.",Action Caption,no,1,"{""correct"": ""no"", ""score"": 1}"
785,6baa36c1-e4d0-4dbd-97b2-dff48ecf796e,Can you provide a caption for the action taking place?,Scraping Away: Unveiling the Wood Beneath.,"Yes, the caption could be: 'A person is painting a wall with a paint roller.'",Action Caption,no,0,"{""correct"": ""no"", ""score"": 0}"
786,6baa36c1-e4d0-4dbd-97b2-dff48ecf796e,Did the individual successfully remove some of the unwanted cover?,Yes.,"Yes, the individual successfully removed some of the unwanted cover.",Whether Something Happened(Y/N),yes,5,"{""correct"": ""yes"", ""score"": 5}"
787,6baa36c1-e4d0-4dbd-97b2-dff48ecf796e,Is the person using a tool to work on the surface?,Yes.,Yes.,Whether Something Happened(Y/N),yes,5,"{""correct"": ""yes"", ""score"": 5}"
788,6baa36c1-e4d0-4dbd-97b2-dff48ecf796e,Has the person been carefully examining the wood surface?,Yes.,"Yes, the person has been carefully examining the wood surface to ensure that all areas are properly prepared for painting.",Whether Something Happened(Y/N),yes,5,"{""correct"": ""yes"", ""score"": 5}"
789,6baa36c1-e4d0-4dbd-97b2-dff48ecf796e,Is the work being performed close to a window?,Yes.,Yes.,Whether Something Happened(Y/N),yes,5,"{""correct"": ""yes"", ""score"": 5}"
790,6baa36c1-e4d0-4dbd-97b2-dff48ecf796e,Did I rub waste with my hand before climbing the ladder?,Yes.,"Yes, you should have rubbed the waste with your hand before climbing the ladder.",Order Judging(Y/N),no,2,"{""correct"": ""no"", ""score"": 2}"
791,6baa36c1-e4d0-4dbd-97b2-dff48ecf796e,Is the unwanted cover removed after I stare at the wood surface?,No.,Yes,Order Judging(Y/N),no,0,"{""correct"": ""no"", ""score"": 0}"
792,6baa36c1-e4d0-4dbd-97b2-dff48ecf796e,Do I hold the scraper before removing the unwanted cover?,No.,"Yes, the person holds the scraper before removing the unwanted cover.",Order Judging(Y/N),no,0,"{""correct"": ""no"", ""score"": 0}"
793,6baa36c1-e4d0-4dbd-97b2-dff48ecf796e,Am I outside when I stare at the wood surface?,Yes.,"Yes, you are outside when you stare at the wood surface.",Order Judging(Y/N),yes,5,"{""correct"": ""yes"", ""score"": 5}"
794,6baa36c1-e4d0-4dbd-97b2-dff48ecf796e,What happens just before I hold the scraper?,Staring at the wood surface.,"Just before I hold the scraper, a person is seen holding it in their hand.",What event order,no,0,"{""correct"": ""no"", ""score"": 0}"
795,6baa36c1-e4d0-4dbd-97b2-dff48ecf796e,Did I smooth the surface with a planer before scraping it with a scraper?,Yes,"Yes, the person used a planer to smooth out the surface before scraping it with a scraper.",Order Judging(Y/N),yes,5,"{""correct"": ""yes"", ""score"": 5}"
796,6baa36c1-e4d0-4dbd-97b2-dff48ecf796e,Did I rub waste with my hand before climbing the ladder?,Yes,"Yes, you should have rubbed the waste with your hand before climbing the ladder.",Order Judging(Y/N),no,1,"{""correct"": ""no"", ""score"": 1}"
797,6baa36c1-e4d0-4dbd-97b2-dff48ecf796e,Did I climb the ladder before removing the unwanted cover from the surface?,Yes,"No, the ladder was not used to reach the surface.",Order Judging(Y/N),no,0,"{""correct"": ""no"", ""score"": 0}"
798,6baa36c1-e4d0-4dbd-97b2-dff48ecf796e,What is the setting depicted in the video clip?,It is an outdoor setting surrounding a window frame.,The setting depicted in the video clip is a residential area with a window that has been partially stripped of its paint.,Scene Summary,no,2,"{""correct"": ""no"", ""score"": 2}"
799,6baa36c1-e4d0-4dbd-97b2-dff48ecf796e,What is the state of the window frame in the scene?,The window frame is in the process of being scraped.,"The window frame is in a state of disrepair, with peeling paint and visible damage.",Scene Summary,no,1,"{""correct"": ""no"", ""score"": 1}"
800,6baa36c1-e4d0-4dbd-97b2-dff48ecf796e,Describe the immediate environment around the window frame.,There's discarded material on the ground near the window frame.,"The immediate environment around the window frame is a cluttered outdoor area with various objects scattered on the ground, including a ladder leaning against a wall.",Scene Summary,yes,4,"{""correct"": ""yes"", ""score"": 4}"
801,6baa36c1-e4d0-4dbd-97b2-dff48ecf796e,What can be inferred about the surface condition in the scene?,"The surface likely needed maintenance, as it's being scraped.","The surface appears to be weathered and worn, with visible cracks and discoloration.",Scene Summary,no,1,"{""correct"": ""no"", ""score"": 1}"
802,6baa36c1-e4d0-4dbd-97b2-dff48ecf796e,Are there any signs of ongoing construction or repair in the video?,"Yes, the scraping indicates repair or renovation work.","Yes, there are signs of ongoing construction or repair in the video. The person is using a hammer to work on the window frame, and there's visible debris around the area indicating recent activity.",Scene Summary,no,2,"{""correct"": ""no"", ""score"": 2}"
803,6baa36c1-e4d0-4dbd-97b2-dff48ecf796e,What action is the person performing in the new frames?,The person is scraping the surface of a window frame.,The person is using a tool to scrape or remove the old paint from the window frame.,Action Caption,yes,5,"{""correct"": ""yes"", ""score"": 5}"
804,6baa36c1-e4d0-4dbd-97b2-dff48ecf796e,How is the person preparing the window frame?,By removing unwanted cover and rubbing the surface.,"The person is using a tool to smooth out the paint on the window frame, ensuring it is clean and ready for installation.",Action Caption,no,1,"{""correct"": ""no"", ""score"": 1}"
805,6baa36c1-e4d0-4dbd-97b2-dff48ecf796e,What maintenance task can be seen happening around a window?,Scraping off old paint or material from the window frame.,"The maintenance task involves scraping off the paint from a window, which is being done by the person using a tool to remove the old paint.",Action Caption,yes,5,"{""correct"": ""yes"", ""score"": 5}"
806,6baa36c1-e4d0-4dbd-97b2-dff48ecf796e,Has the protective cover been removed from the window surface?,Yes.,"Yes, the protective cover has been removed from the window surface.",Whether Something Happened(Y/N),yes,5,"{""correct"": ""yes"", ""score"": 5}"
807,6baa36c1-e4d0-4dbd-97b2-dff48ecf796e,Is there any sign of the person completing the scraping action?,"No, the person is still holding the scraper.","Yes, the person is seen pointing towards the completed action of scraping the window frame.",Whether Something Happened(Y/N),no,0,"{""correct"": ""no"", ""score"": 0}"
808,6baa36c1-e4d0-4dbd-97b2-dff48ecf796e,Does the footage show a fully renovated window frame?,"No, the window is still being worked on.","No, the footage does not show a fully renovated window frame; it only shows the process of sanding and smoothing out the paint.",Whether Something Happened(Y/N),yes,5,"{""correct"": ""yes"", ""score"": 5}"
809,6baa36c1-e4d0-4dbd-97b2-dff48ecf796e,Did the person in the video fully rub the surface?,"No, only part of the surface has been rubbed.","Yes, the person in the video fully rubbed the surface of the window.",Whether Something Happened(Y/N),no,0,"{""correct"": ""no"", ""score"": 0}"
810,6baa36c1-e4d0-4dbd-97b2-dff48ecf796e,Has all the discarded material been cleared from the ground?,"No, the material is still on the ground.","Yes, all the discarded material has been cleared from the ground.",Whether Something Happened(Y/N),no,0,"{""correct"": ""no"", ""score"": 0}"
811,6baa36c1-e4d0-4dbd-97b2-dff48ecf796e,"In the video, does staring at the wood surface occur before removing the unwanted cover?",No,"Yes, staring at the wood surface occurs before removing the unwanted cover.",Order Judging(Y/N),no,0,"{""correct"": ""no"", ""score"": 0}"
812,6baa36c1-e4d0-4dbd-97b2-dff48ecf796e,Is the wood surface rubbed after removing the unwanted cover?,Yes,Yes,Order Judging(Y/N),yes,5,"{""correct"": ""yes"", ""score"": 5}"
813,6baa36c1-e4d0-4dbd-97b2-dff48ecf796e,"In the video, does holding the scraper happen before rubbing the surface?",Yes,"Yes, the person holds the scraper before rubbing the surface.",Order Judging(Y/N),yes,5,"{""correct"": ""yes"", ""score"": 5}"
814,6baa36c1-e4d0-4dbd-97b2-dff48ecf796e,What happens just before rubbing the wood surface in the video?,Removing unwanted cover,"Just before rubbing the wood surface, the person points at something on the wall and then uses a tool to smooth out any rough edges.",What event order,no,0,"{""correct"": ""no"", ""score"": 0}"
815,6baa36c1-e4d0-4dbd-97b2-dff48ecf796e,What happens just before removing the unwanted cover in the video?,Staring at the wood surface.,"Just before removing the unwanted cover, the person points at a small object on the window frame and then proceeds to remove it.",What event order,no,0,"{""correct"": ""no"", ""score"": 0}"
816,6baa36c1-e4d0-4dbd-97b2-dff48ecf796e,Did rubbing the surface happen before staring at the wood surface?,No,"Yes, rubbing the surface happened before staring at the wood surface.",Order Judging(Y/N),no,0,"{""correct"": ""no"", ""score"": 0}"
817,6baa36c1-e4d0-4dbd-97b2-dff48ecf796e,Was the ladder climbed before removing the unwanted cover?,Yes,"Yes, the ladder was climbed before removing the unwanted cover.",Order Judging(Y/N),yes,5,"{""correct"": ""yes"", ""score"": 5}"
818,6baa36c1-e4d0-4dbd-97b2-dff48ecf796e,Was the unwanted cover removed after rubbing waste with hand?,Yes,"Yes, the unwanted cover was removed after rubbing waste with a hand.",Order Judging(Y/N),yes,5,"{""correct"": ""yes"", ""score"": 5}"
819,6baa36c1-e4d0-4dbd-97b2-dff48ecf796e,Did staring at the wood surface happen before holding the scraper?,No,"Yes, staring at the wood surface happened before holding the scraper.",Order Judging(Y/N),no,0,"{""correct"": ""no"", ""score"": 0}"
820,6baa36c1-e4d0-4dbd-97b2-dff48ecf796e,What is done after staring at the wood surface?,Holding the scraper,"The person begins to work on the wood, using a tool to smooth out any rough edges and apply pressure.",What event order,no,1,"{""correct"": ""no"", ""score"": 1}"
821,6baa36c1-e4d0-4dbd-97b2-dff48ecf796e,What is the overall setting of the video clip?,"Outside, near a building with unwanted cover being removed.","The video clip is set in a garage or workshop, with the person working on a window frame.",Scene Summary,no,1,"{""correct"": ""no"", ""score"": 1}"
822,6baa36c1-e4d0-4dbd-97b2-dff48ecf796e,What's the main focus of the scene?,A person cleaning an area by a building.,"The main focus of the scene is a person performing a task on a window, specifically using a tool to scrape or remove paint from the window frame.",Scene Summary,no,2,"{""correct"": ""no"", ""score"": 2}"
823,6baa36c1-e4d0-4dbd-97b2-dff48ecf796e,What kind of location is shown in the video?,An outdoor location by a building.,The video shows a garage or workshop with a window that has been partially stripped of its paint.,Scene Summary,no,1,"{""correct"": ""no"", ""score"": 1}"
824,6baa36c1-e4d0-4dbd-97b2-dff48ecf796e,What task is being performed in the frames?,Scraping off unwanted cover from a surface.,The task being performed is sanding a window frame.,Action Caption,no,1,"{""correct"": ""no"", ""score"": 1}"
825,6baa36c1-e4d0-4dbd-97b2-dff48ecf796e,Can you detail the activity taking place?,A person removing a covering layer from a window.,"The video shows a person engaged in a DIY or repair task, focusing on the window area. The individual is using a tool to smooth out the paint and apply it to the window frame. They are carefully scraping off excess paint with their hand, ensuring that the surface is clean and free of debris.",Action Caption,no,1,"{""correct"": ""no"", ""score"": 1}"
826,6baa36c1-e4d0-4dbd-97b2-dff48ecf796e,What is the immediate action captured?,A hand using a tool to clean a window.,The immediate action captured is a person using a hammer to scrape or remove the paint from a window.,Action Caption,no,2,"{""correct"": ""no"", ""score"": 2}"
827,6baa36c1-e4d0-4dbd-97b2-dff48ecf796e,What is the implication of the depicted movement?,Preparation or cleaning of a building's exterior.,"The implied movement is the person's attempt to fix or repair a damaged window, as they are using a tool to work on it.",Action Caption,no,1,"{""correct"": ""no"", ""score"": 1}"
828,6baa36c1-e4d0-4dbd-97b2-dff48ecf796e,Did the camera wearer completely remove the unwanted cover?,No.,"No, the camera wearer did not completely remove the unwanted cover.",Whether Something Happened(Y/N),yes,5,"{""correct"": ""yes"", ""score"": 5}"
829,6baa36c1-e4d0-4dbd-97b2-dff48ecf796e,Did the video contain any interaction with another person?,"No, it only shows a person working alone.","No, the video does not contain any interaction with another person.",Whether Something Happened(Y/N),yes,5,"{""correct"": ""yes"", ""score"": 5}"
830,6baa36c1-e4d0-4dbd-97b2-dff48ecf796e,Does the frame convey the completion of the task?,"No, the task appears to be in progress.","Yes, the frame shows that the person has made significant progress in smoothing out the paint and securing it to the window.",Whether Something Happened(Y/N),no,0,"{""correct"": ""no"", ""score"": 0}"
831,6baa36c1-e4d0-4dbd-97b2-dff48ecf796e,Did the rubbing of the surface happen before walking outside?,No,"Yes, the person was seen rubbing their hands against the surface before walking outside.",Order Judging(Y/N),no,0,"{""correct"": ""no"", ""score"": 0}"
832,6baa36c1-e4d0-4dbd-97b2-dff48ecf796e,Is the scraper held after removing unwanted cover from the surface?,Yes,"Yes, the scraper is held after removing unwanted cover from the surface.",Order Judging(Y/N),yes,5,"{""correct"": ""yes"", ""score"": 5}"
833,6baa36c1-e4d0-4dbd-97b2-dff48ecf796e,Does the unwanted cover get removed before the surface is rubbed?,Yes,"Yes, the unwanted cover is removed before the surface is rubbed.",Order Judging(Y/N),yes,5,"{""correct"": ""yes"", ""score"": 5}"
834,6baa36c1-e4d0-4dbd-97b2-dff48ecf796e,Did walking outside occur before holding the scraper?,Yes,"Yes, walking outside occurred before holding the scraper.",Order Judging(Y/N),yes,5,"{""correct"": ""yes"", ""score"": 5}"
835,6baa36c1-e4d0-4dbd-97b2-dff48ecf796e,What happens before the surface is rubbed?,Unwanted cover is removed.,"Before the surface is rubbed, a person points at the wall and gestures towards it.",What event order,no,0,"{""correct"": ""no"", ""score"": 0}"
836,6baa36c1-e4d0-4dbd-97b2-dff48ecf796e,What occurs just before the scraper is held?,The surface is rubbed.,"A person wearing a watch is seen pointing towards the camera, indicating that they are about to start the video.",What event order,no,0,"{""correct"": ""no"", ""score"": 0}"
837,6baa36c1-e4d0-4dbd-97b2-dff48ecf796e,What takes place just before removing unwanted cover?,Being outside.,"Before removing unwanted cover, the person points at a nearby object and gestures towards it.",What event order,no,0,"{""correct"": ""no"", ""score"": 0}"
838,6baa36c1-e4d0-4dbd-97b2-dff48ecf796e,What action occurs before the unwanted cover is removed a second time?,Holding the scraper.,"Before the unwanted cover is removed a second time, the person uses a hammer to smooth out any remaining debris on the window frame.",What event order,no,0,"{""correct"": ""no"", ""score"": 0}"
839,6baa36c1-e4d0-4dbd-97b2-dff48ecf796e,Did I stare at the wood surface before removing the unwanted cover?,No,"Yes, you stared at the wood surface before removing the unwanted cover.",Order Judging(Y/N),no,0,"{""correct"": ""no"", ""score"": 0}"
840,6baa36c1-e4d0-4dbd-97b2-dff48ecf796e,Did I rub the surface after removing the unwanted cover?,Yes,"Yes, you should have rubbed the surface after removing the unwanted cover to ensure it was thoroughly cleaned and polished.",Order Judging(Y/N),yes,5,"{""correct"": ""yes"", ""score"": 5}"
841,6baa36c1-e4d0-4dbd-97b2-dff48ecf796e,Did I remove the unwanted cover before walking outside?,Yes,"Yes, you removed the unwanted cover before walking outside.",Order Judging(Y/N),yes,5,"{""correct"": ""yes"", ""score"": 5}"
842,6baa36c1-e4d0-4dbd-97b2-dff48ecf796e,What happened before I held the scraper?,Removed unwanted cover and stared at the surface,"Before I held the scraper, a person was working on a window.",What event order,no,1,"{""correct"": ""no"", ""score"": 1}"
843,6baa36c1-e4d0-4dbd-97b2-dff48ecf796e,What occurred just before walking outside?,Removed the unwanted cover,"Just before walking outside, the person was seen using a tool to scrape off some paint from the window frame.",What event order,no,0,"{""correct"": ""no"", ""score"": 0}"
844,6baa36c1-e4d0-4dbd-97b2-dff48ecf796e,What takes place right before removing the unwanted cover?,"Nothing, it's the initial action","A person is seen pointing towards the wall, indicating a point of interest or concern.",What event order,no,0,"{""correct"": ""no"", ""score"": 0}"
845,6baa36c1-e4d0-4dbd-97b2-dff48ecf796e,What action occurred immediately before rubbing the surface?,Removed unwanted cover,"The person began to work on the window, using a tool to smooth out the paint.",What event order,no,0,"{""correct"": ""no"", ""score"": 0}"
846,e58207f1-84ec-424b-a997-ff64a57eb13b,What is the setting of the video clip?,The setting is inside a house.,"The setting of the video clip is a modern, well-lit interior space with high ceilings and ample natural light.",Scene Summary,no,2,"{""correct"": ""no"", ""score"": 2}"
847,e58207f1-84ec-424b-a997-ff64a57eb13b,What activity occurs in the scene?,Walking around and checking items.,"A person wearing sunglasses and a black hoodie is seen sitting on the couch, holding something in their hands.",Scene Summary,no,0,"{""correct"": ""no"", ""score"": 0}"
848,e58207f1-84ec-424b-a997-ff64a57eb13b,Are there multiple people in the video?,"Yes, two people are present.","Yes, there are multiple people in the video.",Scene Summary,yes,4,"{""correct"": ""yes"", ""score"": 4}"
849,e58207f1-84ec-424b-a997-ff64a57eb13b,Did I exit the house during the video?,No.,"Yes, the person in the black hoodie and sunglasses exited the house during the video.",Whether Something Happened(Y/N),no,0,"{""correct"": ""no"", ""score"": 0}"
850,e58207f1-84ec-424b-a997-ff64a57eb13b,Did I ignore any rooms while checking?,No.,"No, the person was not ignored while checking.",Whether Something Happened(Y/N),no,2,"{""correct"": ""no"", ""score"": 2}"
851,e58207f1-84ec-424b-a997-ff64a57eb13b,Did the interaction with the other person seem hostile?,No.,"Yes, the interaction with the other person seemed hostile.",Whether Something Happened(Y/N),no,0,"{""correct"": ""no"", ""score"": 0}"
852,e58207f1-84ec-424b-a997-ff64a57eb13b,Did I find anything unusual in the items?,The video does not indicate that.,"Yes, there is a water bottle on the floor near the person.",Whether Something Happened(Y/N),no,0,"{""correct"": ""no"", ""score"": 0}"
853,e58207f1-84ec-424b-a997-ff64a57eb13b,What setting is introduced in this video clip?,An interior of a house.,"The setting introduced in this video clip is a modern, well-lit living room with a cozy atmosphere.",Scene Summary,yes,5,"{""correct"": ""yes"", ""score"": 5}"
854,e58207f1-84ec-424b-a997-ff64a57eb13b,What objects are central to the scene in this video?,A magazine and a woman.,"The central objects in the scene are a person sitting on a couch, an open magazine with images of women's hairstyles and makeup products, and a hand holding a small object.",Scene Summary,no,2,"{""correct"": ""no"", ""score"": 2}"
855,e58207f1-84ec-424b-a997-ff64a57eb13b,Describe the layout of the room shown.,Room with large windows and modern lighting.,"The room is spacious with a modern design, featuring a gray sofa, a television on the left side, and various items scattered around. There are also potted plants adding greenery to the space.",Scene Summary,no,2,"{""correct"": ""no"", ""score"": 2}"
856,e58207f1-84ec-424b-a997-ff64a57eb13b,What activity dominates this scene?,Reading and interacting with another person.,"The activity that dominates this scene is the person sitting on a couch, reading a magazine.",Scene Summary,no,2,"{""correct"": ""no"", ""score"": 2}"
857,e58207f1-84ec-424b-a997-ff64a57eb13b,What is the relationship between the primary elements in this scene?,They involve engagement with reading material and human interaction.,"The relationship between the primary elements in this scene is that of a person relaxing on a couch, with an open magazine featuring images and text about hair care.",Scene Summary,no,2,"{""correct"": ""no"", ""score"": 2}"
858,e58207f1-84ec-424b-a997-ff64a57eb13b,What action am I performing in these frames?,Holding and looking at a magazine.,"In these frames, you are performing the action of holding a magazine with an article about hair styling.",Action Caption,yes,4,"{""correct"": ""yes"", ""score"": 4}"
859,e58207f1-84ec-424b-a997-ff64a57eb13b,What activity follows holding the magazine?,Looking at the magazine.,"Following holding the magazine, a hand appears from the bottom of the frame and picks up the magazine.",Action Caption,no,0,"{""correct"": ""no"", ""score"": 0}"
860,e58207f1-84ec-424b-a997-ff64a57eb13b,Did I hold the magazine before walking around the house?,No,"Yes, the person holding the magazine was walking around the house before they were shown a close-up of their hand.",Order Judging(Y/N),no,0,"{""correct"": ""no"", ""score"": 0}"
861,e58207f1-84ec-424b-a997-ff64a57eb13b,Did I look at the magazine before walking around with another person?,Yes,"Yes, you can see a hand holding the magazine in the foreground of the video.",Order Judging(Y/N),yes,5,"{""correct"": ""yes"", ""score"": 5}"
862,e58207f1-84ec-424b-a997-ff64a57eb13b,Was the magazine held after checking on items in the house?,No,"Yes, the magazine was held after checking on items in the house.",Order Judging(Y/N),no,0,"{""correct"": ""no"", ""score"": 0}"
863,e58207f1-84ec-424b-a997-ff64a57eb13b,What do I do just before interacting with the woman?,Holding the magazine,I turn on the television.,What event order,no,0,"{""correct"": ""no"", ""score"": 0}"
864,e58207f1-84ec-424b-a997-ff64a57eb13b,What action is performed just before I check on items?,Walking around the house,"A hand holding a magazine with the text 'Try a new cut' appears, and I start flipping through it.",What event order,no,0,"{""correct"": ""no"", ""score"": 0}"
865,e58207f1-84ec-424b-a997-ff64a57eb13b,What happens right before I hold the magazine?,Walking with another person,"A hand appears holding the magazine, and I start flipping through it.",What event order,no,0,"{""correct"": ""no"", ""score"": 0}"
866,e58207f1-84ec-424b-a997-ff64a57eb13b,What is done immediately before walking around the house?,Being inside the house,"Immediately before walking around the house, a person is seen holding an open magazine with the headline 'Upgrade your tools' and various images of hairstyles.",What event order,no,0,"{""correct"": ""no"", ""score"": 0}"
867,e58207f1-84ec-424b-a997-ff64a57eb13b,What does the environment indicate about the video's setting?,"The video is set in a modern, well-lit living space.","The environment, characterized by a modern and minimalist design with minimalistic furniture and decor, indicates that the video is set in an office or studio space.",Scene Summary,no,2,"{""correct"": ""no"", ""score"": 2}"
868,e58207f1-84ec-424b-a997-ff64a57eb13b,What activity is being undertaken in the living area?,Reading and interacting with another person.,The person in the living area is engaged in reading a magazine.,Scene Summary,no,3,"{""correct"": ""no"", ""score"": 3}"
869,e58207f1-84ec-424b-a997-ff64a57eb13b,Describe the indoor setting captured in the video.,"A living room with a TV unit, books, and seating areas.","The video captures a cozy and modern living room with white walls, a large television mounted on the wall, several potted plants adding greenery to the space, and a comfortable seating area featuring a gray couch. The lighting is soft and natural, coming from the windows that offer a view of the outdoors.",Scene Summary,yes,4,"{""correct"": ""yes"", ""score"": 4}"
870,e58207f1-84ec-424b-a997-ff64a57eb13b,What items in the room indicate leisure activities?,A television and books suggest leisure or relaxation.,"The presence of a magazine on the floor, a remote control, and a pair of sunglasses suggest leisure activities.",Scene Summary,no,1,"{""correct"": ""no"", ""score"": 1}"
871,e58207f1-84ec-424b-a997-ff64a57eb13b,What furnishings can be observed in the video scene?,"A TV stand, shelves, and magazines can be seen.","The furnishings include a gray sofa, a blue magazine on the floor, and various items scattered around.",Scene Summary,no,1,"{""correct"": ""no"", ""score"": 1}"
872,e58207f1-84ec-424b-a997-ff64a57eb13b,What actions are performed by the individual regarding the books?,The individual is turning the pages and reading a book.,The individual is seen holding a book titled 'Stand-Up' and appears to be reading or flipping through it.,Action Caption,yes,5,"{""correct"": ""yes"", ""score"": 5}"
873,e58207f1-84ec-424b-a997-ff64a57eb13b,How does the person engage with the media in the room?,The person seems to ignore the TV and focuses on the book.,"The person engages with the media by holding a magazine titled 'Stand-Up' and flipping through its pages, appearing to read or look at it.",Action Caption,no,1,"{""correct"": ""no"", ""score"": 1}"
874,e58207f1-84ec-424b-a997-ff64a57eb13b,Did the person read a book in the video?,Yes.,"Yes, the person was seen holding a book titled 'Stand-Up' while sitting on the couch.",Whether Something Happened(Y/N),yes,5,"{""correct"": ""yes"", ""score"": 5}"
875,e58207f1-84ec-424b-a997-ff64a57eb13b,Did the individual change the page of the book at least once?,Yes.,"Yes, the individual made a few changes to the page of the book.",Whether Something Happened(Y/N),yes,5,"{""correct"": ""yes"", ""score"": 5}"
876,e58207f1-84ec-424b-a997-ff64a57eb13b,Did the person have an interaction with someone in the room?,Yes.,"Yes, the person was seen holding a magazine and gesturing with their hands while sitting on the couch.",Whether Something Happened(Y/N),yes,5,"{""correct"": ""yes"", ""score"": 5}"
877,e58207f1-84ec-424b-a997-ff64a57eb13b,"In the video, is the magazine held before turning book pages?",Yes.,Yes,Order Judging(Y/N),yes,5,"{""correct"": ""yes"", ""score"": 5}"
878,e58207f1-84ec-424b-a997-ff64a57eb13b,Is the book read after interacting with a woman?,No.,Yes,Order Judging(Y/N),no,0,"{""correct"": ""no"", ""score"": 0}"
879,e58207f1-84ec-424b-a997-ff64a57eb13b,"In the video, does looking around occur before holding the magazine?",No.,"Yes, looking around occurs before holding the magazine.",Order Judging(Y/N),no,0,"{""correct"": ""no"", ""score"": 0}"
880,e58207f1-84ec-424b-a997-ff64a57eb13b,What is done just before interacting with a woman?,Looking at the magazine.,"Just before interacting with a woman, the person is seen holding a magazine titled 'Stand-Up' and appears to be reading it.",What event order,yes,5,"{""correct"": ""yes"", ""score"": 5}"
881,e58207f1-84ec-424b-a997-ff64a57eb13b,What occurs just before turning book pages?,Looking around.,"Just before turning the book pages, a person wearing sunglasses appears and starts to read.",What event order,no,0,"{""correct"": ""no"", ""score"": 0}"
882,e58207f1-84ec-424b-a997-ff64a57eb13b,What is performed just before reading a book?,Turning book pages.,"Just before reading a book, the person is seen holding it in their hands.",What event order,no,1,"{""correct"": ""no"", ""score"": 1}"
883,e58207f1-84ec-424b-a997-ff64a57eb13b,"In the video sequence, what is done before interacting with a different woman?",Reading a book.,"Before interacting with a different woman, the person in the black hoodie and sunglasses is seen sitting on a couch holding a magazine titled 'Stand-Up'.",What event order,no,2,"{""correct"": ""no"", ""score"": 2}"
884,e58207f1-84ec-424b-a997-ff64a57eb13b,Did I walk around the house before holding the magazine?,Yes.,"Yes, you walked around the house before holding the magazine.",Order Judging(Y/N),yes,5,"{""correct"": ""yes"", ""score"": 5}"
885,e58207f1-84ec-424b-a997-ff64a57eb13b,Was the magazine held before reading a book?,Yes.,"Yes, the magazine was held before reading a book.",Order Judging(Y/N),yes,5,"{""correct"": ""yes"", ""score"": 5}"
886,e58207f1-84ec-424b-a997-ff64a57eb13b,Did reading a book happen before walking around the house?,No.,"Yes, the person was seen holding a book before walking around the house.",Order Judging(Y/N),no,0,"{""correct"": ""no"", ""score"": 0}"
887,e58207f1-84ec-424b-a997-ff64a57eb13b,What occurs just before reading a book?,Turn book pages.,"Just before reading a book, the person is seen holding it in their hands and appears to be looking at it.",What event order,no,1,"{""correct"": ""no"", ""score"": 1}"
888,e58207f1-84ec-424b-a997-ff64a57eb13b,What action takes place before walking around the house?,No preceding action mentioned.,"Before walking around the house, a person wearing sunglasses and holding a magazine is seen sitting on a couch.",What event order,no,0,"{""correct"": ""no"", ""score"": 0}"
889,e58207f1-84ec-424b-a997-ff64a57eb13b,What is the location setting in this video clip?,Inside a house.,"The location setting in this video clip is a modern living room with gray sofas, a glass coffee table, and various items on the tables.",Scene Summary,yes,5,"{""correct"": ""yes"", ""score"": 5}"
890,e58207f1-84ec-424b-a997-ff64a57eb13b,Describe the atmosphere of the scene.,"A casual, indoor environment.","The atmosphere of the scene is calm and serene, with natural light streaming in from a large window on the left side. The room is well-lit, creating a warm and inviting ambiance.",Scene Summary,no,2,"{""correct"": ""no"", ""score"": 2}"
891,e58207f1-84ec-424b-a997-ff64a57eb13b,What is the relationship between the participants in the video?,They appear to be acquaintances.,"The relationship between the participants in the video appears to be casual and relaxed, as they are comfortably seated in a living room setting.",Scene Summary,no,1,"{""correct"": ""no"", ""score"": 1}"
892,e58207f1-84ec-424b-a997-ff64a57eb13b,Did the characters engage in any recreational activity?,"Yes, they read magazines.","Yes, the characters engaged in a recreational activity by holding and examining a magazine.",Action Caption,yes,5,"{""correct"": ""yes"", ""score"": 5}"
893,e58207f1-84ec-424b-a997-ff64a57eb13b,Did the characters sit down for a formal meeting?,No.,"No, the characters did not sit down for a formal meeting; they were simply sitting and conversing.",Whether Something Happened(Y/N),yes,5,"{""correct"": ""yes"", ""score"": 5}"
894,e58207f1-84ec-424b-a997-ff64a57eb13b,Are the characters in the video clip outdoors?,No.,No.,Whether Something Happened(Y/N),yes,5,"{""correct"": ""yes"", ""score"": 5}"
895,e58207f1-84ec-424b-a997-ff64a57eb13b,Is there any sign of an argument happening in the video?,No.,"No, there is no sign of an argument happening in the video.",Whether Something Happened(Y/N),yes,5,"{""correct"": ""yes"", ""score"": 5}"
896,e58207f1-84ec-424b-a997-ff64a57eb13b,Did the characters watch television in the clip?,No.,"Yes, the characters watched television in the clip.",Whether Something Happened(Y/N),no,0,"{""correct"": ""no"", ""score"": 0}"
897,e58207f1-84ec-424b-a997-ff64a57eb13b,Is there any physical activity performed by the characters?,No.,"No, there is no physical activity performed by the characters in this scene.",Whether Something Happened(Y/N),yes,5,"{""correct"": ""yes"", ""score"": 5}"
898,e58207f1-84ec-424b-a997-ff64a57eb13b,Does reading a book happen before talking to the woman?,Yes.,"Yes, the book is opened in front of her on the coffee table.",Order Judging(Y/N),yes,5,"{""correct"": ""yes"", ""score"": 5}"
899,e58207f1-84ec-424b-a997-ff64a57eb13b,Is looking around done before turning book pages?,Yes.,"No, looking around is not done before turning book pages.",Order Judging(Y/N),no,0,"{""correct"": ""no"", ""score"": 0}"
900,e58207f1-84ec-424b-a997-ff64a57eb13b,What occurs just before reading the magazines?,Talking to each other.,"Just before reading the magazines, a person appears to be adjusting their glasses or looking at something off-screen.",What event order,no,0,"{""correct"": ""no"", ""score"": 0}"
901,e58207f1-84ec-424b-a997-ff64a57eb13b,What takes place immediately before looking around?,Turning book pages.,"A person wearing a black hoodie with the text 'Los Angeles' and sunglasses enters the frame, holding a drink.",What event order,no,0,"{""correct"": ""no"", ""score"": 0}"
902,e58207f1-84ec-424b-a997-ff64a57eb13b,What action is performed just before talking to each other?,Looking around.,"Just before talking to each other, the person in the black hoodie and shorts is seen adjusting their glasses.",What event order,no,0,"{""correct"": ""no"", ""score"": 0}"
903,e58207f1-84ec-424b-a997-ff64a57eb13b,Did I look around before holding the magazine?,No.,"Yes, you can see the magazine on the coffee table in front of you.",Order Judging(Y/N),no,0,"{""correct"": ""no"", ""score"": 0}"
904,e58207f1-84ec-424b-a997-ff64a57eb13b,What activities were performed in the room?,Reading a magazine and making coffee.,"The room was used for various activities, including a person sitting on the couch holding a drink and engaging in conversation or demonstration. There were also individuals seated on chairs, one of whom is holding a remote control.",Scene Summary,no,1,"{""correct"": ""no"", ""score"": 1}"
905,e58207f1-84ec-424b-a997-ff64a57eb13b,Describe the environment where the actions occurred.,"A room with a seated person, magazine, and phone.","The environment is a modern, well-lit living room with a cozy atmosphere. The room features a large window that offers a view of the outdoors and a television on a stand in front of a gray sofa. There are also various decorative items such as books and a potted plant on the coffee table. A person wearing sunglasses sits comfortably in a chair near the television, holding a drink and engaging in conversation or demonstration.",Scene Summary,no,1,"{""correct"": ""no"", ""score"": 1}"
906,e58207f1-84ec-424b-a997-ff64a57eb13b,What devices were used in the scenario?,A magazine and a phone.,"The scenario involved using a smartphone, a remote control, and a book.",Scene Summary,no,1,"{""correct"": ""no"", ""score"": 1}"
907,e58207f1-84ec-424b-a997-ff64a57eb13b,What was the person doing with the magazine?,The person was reading the magazine.,"The person was holding the magazine and looking at it, possibly reading or flipping through its pages.",Action Caption,yes,4,"{""correct"": ""yes"", ""score"": 4}"
908,e58207f1-84ec-424b-a997-ff64a57eb13b,What activity followed reading the magazine?,The person operated the phone.,"Following reading the magazine, a person in sunglasses and a black shirt sat down on the couch to continue their activity.",Action Caption,no,0,"{""correct"": ""no"", ""score"": 0}"
909,e58207f1-84ec-424b-a997-ff64a57eb13b,Did the person remain seated throughout?,"No, they got up to make coffee.","Yes, the person remained seated throughout the video.",Action Caption,no,0,"{""correct"": ""no"", ""score"": 0}"
910,e58207f1-84ec-424b-a997-ff64a57eb13b,Did the person leave the room?,"No, the actions happened in the room.",Yes,Whether Something Happened(Y/N),no,0,"{""correct"": ""no"", ""score"": 0}"
911,e58207f1-84ec-424b-a997-ff64a57eb13b,Did the person use a laptop?,"No, the person used a phone.","No, the person did not use a laptop.",Whether Something Happened(Y/N),yes,4,"{""correct"": ""yes"", ""score"": 4}"
912,e58207f1-84ec-424b-a997-ff64a57eb13b,Did I talk to the woman before reading the magazine?,Yes,"Yes, the woman was seen holding a magazine and talking to someone off-camera before reading it.",Order Judging(Y/N),yes,5,"{""correct"": ""yes"", ""score"": 5}"
913,e58207f1-84ec-424b-a997-ff64a57eb13b,Did I read the magazine before making coffee?,Yes,No,Order Judging(Y/N),no,0,"{""correct"": ""no"", ""score"": 0}"
914,e58207f1-84ec-424b-a997-ff64a57eb13b,Did I operate the phone before talking to the woman?,No,"Yes, you operated the phone before talking to the woman.",Order Judging(Y/N),no,0,"{""correct"": ""no"", ""score"": 0}"
915,e58207f1-84ec-424b-a997-ff64a57eb13b,Did I make coffee before sitting in the room?,No,"Yes, you made coffee before sitting in the room.",Order Judging(Y/N),no,0,"{""correct"": ""no"", ""score"": 0}"
916,e58207f1-84ec-424b-a997-ff64a57eb13b,Did I make coffee before reading a magazine?,No,"Yes, you made coffee before reading a magazine.",Order Judging(Y/N),no,0,"{""correct"": ""no"", ""score"": 0}"
917,e58207f1-84ec-424b-a997-ff64a57eb13b,Did I interact with the woman before reading the book?,Yes,"Yes, before reading the book, I interacted with the woman by holding a phone and engaging in conversation.",Order Judging(Y/N),yes,5,"{""correct"": ""yes"", ""score"": 5}"
918,e58207f1-84ec-424b-a997-ff64a57eb13b,Was the magazine read before interacting with the woman?,No,"Yes, the magazine was read before interacting with the woman.",Order Judging(Y/N),no,0,"{""correct"": ""no"", ""score"": 0}"
919,e58207f1-84ec-424b-a997-ff64a57eb13b,Was the phone operated before making coffee?,Yes,"Yes, the phone was operated before making coffee.",Order Judging(Y/N),yes,5,"{""correct"": ""yes"", ""score"": 5}"
920,e58207f1-84ec-424b-a997-ff64a57eb13b,What occurs just before I make coffee?,Operate the phone,"Just before I make coffee, a person wearing sunglasses and holding a cup appears to be preparing or setting up something.",What event order,no,0,"{""correct"": ""no"", ""score"": 0}"
921,e58207f1-84ec-424b-a997-ff64a57eb13b,What do I do before reading the magazine?,Talk to the woman,"Before reading the magazine, you should hold it in your hands and turn to face the table.",What event order,no,0,"{""correct"": ""no"", ""score"": 0}"
922,e58207f1-84ec-424b-a997-ff64a57eb13b,What is done just before looking around?,Turn book pages,"Just before looking around, the person is seen holding a smartphone and appears to be adjusting their glasses.",What event order,no,0,"{""correct"": ""no"", ""score"": 0}"
923,e58207f1-84ec-424b-a997-ff64a57eb13b,What action takes place before reading the book?,Look around,"Before reading the book, a person is seen holding a smartphone and appears to be looking at it.",What event order,no,1,"{""correct"": ""no"", ""score"": 1}"
924,e58207f1-84ec-424b-a997-ff64a57eb13b,Describe the setting where the activity is taking place.,The activity is in an indoor room with modern furnishings.,"The activity is taking place in a cozy, modern living room with a television mounted on the wall. The room features a comfortable seating area with a couch and a coffee table adorned with various items such as magazines, a remote control, and a pair of sunglasses.",Scene Summary,yes,5,"{""correct"": ""yes"", ""score"": 5}"
925,e58207f1-84ec-424b-a997-ff64a57eb13b,Identify the furniture used by the individuals in the clip.,Chairs are used for seating during the card game.,The individuals are seated on a couch and a chair.,Scene Summary,no,2,"{""correct"": ""no"", ""score"": 2}"
926,e58207f1-84ec-424b-a997-ff64a57eb13b,Did the individual participate in a recreational game?,Yes.,"Yes, the individual is seen holding a Jenga game board and interacting with it in a casual manner.",Whether Something Happened(Y/N),yes,5,"{""correct"": ""yes"", ""score"": 5}"
927,e58207f1-84ec-424b-a997-ff64a57eb13b,Was there any interaction with another person during the game?,Yes.,"Yes, the person in the black shirt is seen holding a smartphone and interacting with another individual who is not visible in the frame.",Whether Something Happened(Y/N),yes,5,"{""correct"": ""yes"", ""score"": 5}"
928,e58207f1-84ec-424b-a997-ff64a57eb13b,Does the setting include contemporary room decor?,Yes.,"Yes, the setting includes contemporary room decor with modern furniture and a television mounted on the wall.",Whether Something Happened(Y/N),yes,5,"{""correct"": ""yes"", ""score"": 5}"
929,e58207f1-84ec-424b-a997-ff64a57eb13b,Name one activity that is clearly not happening in this scene.,Cooking food is clearly not happening in this scene.,"The activity that is clearly not happening in this scene is the person wearing a VR headset, as they are not interacting with any physical objects or engaging in any other activity.",Scene Summary,no,0,"{""correct"": ""no"", ""score"": 0}"
930,e58207f1-84ec-424b-a997-ff64a57eb13b,What parallel activity accompanies the main action in this clip?,A discussion with another person accompanies the main action.,"The main action in this clip is a person engaging with a Jenga puzzle, which is a parallel activity.",Action Caption,no,0,"{""correct"": ""no"", ""score"": 0}"
931,e58207f1-84ec-424b-a997-ff64a57eb13b,Is there a creative or construction-related task shown?,"Yes, arranging wooden bricks can be considered a construction-related task.","Yes, there is a creative or construction-related task shown in the video.",Action Caption,yes,4,"{""correct"": ""yes"", ""score"": 4}"
932,e58207f1-84ec-424b-a997-ff64a57eb13b,Does the video show any form of artistic painting?,No.,"No, the video does not show any form of artistic painting.",Whether Something Happened(Y/N),yes,5,"{""correct"": ""yes"", ""score"": 5}"
933,e58207f1-84ec-424b-a997-ff64a57eb13b,Is there a solo performance happening in the video?,No.,"Yes, there is a solo performance happening in the video.",Whether Something Happened(Y/N),no,0,"{""correct"": ""no"", ""score"": 0}"
934,e58207f1-84ec-424b-a997-ff64a57eb13b,Did I interact with Lady A after I sat on the chair?,Yes.,"Yes, Lady A was seen interacting with you after sitting on the chair.",Order Judging(Y/N),yes,5,"{""correct"": ""yes"", ""score"": 5}"
935,e58207f1-84ec-424b-a997-ff64a57eb13b,What happens just before I sit on the chair?,Entering the room.,"Just before I sit on the chair, a person wearing sunglasses appears and hands me a black object.",What event order,no,0,"{""correct"": ""no"", ""score"": 0}"
936,e58207f1-84ec-424b-a997-ff64a57eb13b,What did I engage in right before sitting in a room?,I did not engage in anything; I was already seated.,You engaged in a video call with someone.,What event order,no,0,"{""correct"": ""no"", ""score"": 0}"
937,e58207f1-84ec-424b-a997-ff64a57eb13b,Where is this scene set?,In a room with another person.,"The scene is set in a modern, well-lit living room with contemporary furniture and decor.",Scene Summary,no,1,"{""correct"": ""no"", ""score"": 1}"
938,e58207f1-84ec-424b-a997-ff64a57eb13b,What are the main elements present in this scenario?,A Jenga game and two individuals.,"The main elements present in this scenario include a person wearing sunglasses, holding a Jenga puzzle, and interacting with a TV remote control. The setting includes a living room with a couch, coffee table, and a television screen.",Scene Summary,no,2,"{""correct"": ""no"", ""score"": 2}"
939,e58207f1-84ec-424b-a997-ff64a57eb13b,What can be observed on the table in the video?,A Jenga tower and blocks.,"On the table, there is a box of Jenga and a magazine.",Scene Summary,no,2,"{""correct"": ""no"", ""score"": 2}"
940,e58207f1-84ec-424b-a997-ff64a57eb13b,Who is actively participating in the game shown in the video?,The person in the frame and another woman.,The person wearing a black shirt and sunglasses is actively participating in the game.,Action Caption,no,2,"{""correct"": ""no"", ""score"": 2}"
941,e58207f1-84ec-424b-a997-ff64a57eb13b,How is the game of Jenga progressing in the clip?,Blocks are being stacked atop the tower.,"The game of Jenga is progressing as the person in the glasses continues to hold and manipulate the blocks, indicating that they are actively engaged in the activity.",Action Caption,no,1,"{""correct"": ""no"", ""score"": 1}"
942,e58207f1-84ec-424b-a997-ff64a57eb13b,What is the consequence of the actions performed with the Jenga blocks?,The Jenga tower is becoming taller.,"The consequence of the actions performed with the Jenga blocks is that they are successfully stacked in a tower, demonstrating the person's skill and ability to manipulate objects.",Action Caption,no,2,"{""correct"": ""no"", ""score"": 2}"
943,e58207f1-84ec-424b-a997-ff64a57eb13b,What action precedes placing a block atop the Jenga tower?,Removing a block from the Jenga tower.,The action that precedes placing a block atop the Jenga tower is the person wearing VR glasses and holding a Jenga box.,Action Caption,no,0,"{""correct"": ""no"", ""score"": 0}"
944,e58207f1-84ec-424b-a997-ff64a57eb13b,Does the video show a Jenga tower on a glass table?,Yes.,"Yes, the video shows a Jenga tower on a glass table.",Whether Something Happened(Y/N),yes,5,"{""correct"": ""yes"", ""score"": 5}"
945,e58207f1-84ec-424b-a997-ff64a57eb13b,Are the Jenga blocks being carefully handled?,Yes.,"Yes, the Jenga blocks are being carefully handled by the person in the video.",Whether Something Happened(Y/N),yes,5,"{""correct"": ""yes"", ""score"": 5}"
946,e58207f1-84ec-424b-a997-ff64a57eb13b,Is the Jenga tower intact at this moment in the video?,Yes.,"Yes, the Jenga tower is intact and balanced in the video.",Whether Something Happened(Y/N),yes,5,"{""correct"": ""yes"", ""score"": 5}"
947,e58207f1-84ec-424b-a997-ff64a57eb13b,What action occurred just before placing the blocks atop the Jenga tower?,Took Jenga blocks from the tower,"Just before placing the blocks atop the Jenga tower, a hand with a wristwatch appeared and placed one of the blocks on top.",What event order,no,1,"{""correct"": ""no"", ""score"": 1}"
948,e58207f1-84ec-424b-a997-ff64a57eb13b,What happened just before taking Jenga blocks from the tower?,Played game of Jenga,"Just before taking Jenga blocks from the tower, a person wearing VR glasses and sunglasses appeared in front of the camera.",What event order,no,1,"{""correct"": ""no"", ""score"": 1}"
949,e58207f1-84ec-424b-a997-ff64a57eb13b,Did I arrange wooden bricks before playing a card game?,No,"Yes, you did.",Order Judging(Y/N),no,0,"{""correct"": ""no"", ""score"": 0}"
950,e58207f1-84ec-424b-a997-ff64a57eb13b,Did I sit on a chair before talking to a lady?,Yes,"Yes, you sat on a chair before talking to the lady.",Order Judging(Y/N),yes,5,"{""correct"": ""yes"", ""score"": 5}"
951,e58207f1-84ec-424b-a997-ff64a57eb13b,What activities are occurring inside the house?,Two individuals are playing Jenga.,"Inside the house, there are people engaging in various activities. One person is sitting on a couch holding a stack of Jenga blocks, while another person stands nearby. There's also a person standing near the entrance to the house, and a person seated at a table with a laptop.",Scene Summary,no,2,"{""correct"": ""no"", ""score"": 2}"
952,e58207f1-84ec-424b-a997-ff64a57eb13b,What is on the table between the participants?,A Jenga tower is on the table.,There is a green plant on the table between the participants.,Scene Summary,no,0,"{""correct"": ""no"", ""score"": 0}"
953,e58207f1-84ec-424b-a997-ff64a57eb13b,How are the participants utilizing the wooden blocks?,They are carefully pulling blocks from the Jenga tower.,"The participants are using the wooden blocks to create a tower, with one person holding up the top block and another placing it on top of the stack.",Action Caption,no,1,"{""correct"": ""no"", ""score"": 1}"
954,e58207f1-84ec-424b-a997-ff64a57eb13b,Is the Jenga tower still standing?,Yes.,"Yes, the Jenga tower is still standing in the foreground of the video.",Whether Something Happened(Y/N),yes,5,"{""correct"": ""yes"", ""score"": 5}"
955,e58207f1-84ec-424b-a997-ff64a57eb13b,Has a Jenga block just been successfully moved?,Yes.,"Yes, the Jenga block has been successfully moved to the right side of the image.",Whether Something Happened(Y/N),yes,5,"{""correct"": ""yes"", ""score"": 5}"
956,e58207f1-84ec-424b-a997-ff64a57eb13b,Are the participants seated during the game?,Yes.,"Yes, the participants are seated during the game.",Whether Something Happened(Y/N),yes,5,"{""correct"": ""yes"", ""score"": 5}"
957,e58207f1-84ec-424b-a997-ff64a57eb13b,Is there a game being played on the floor?,No.,"Yes, there is a game being played on the floor.",Whether Something Happened(Y/N),no,0,"{""correct"": ""no"", ""score"": 0}"
958,e58207f1-84ec-424b-a997-ff64a57eb13b,Does the frame display a competitive match in progress?,Yes.,"Yes, the frame displays a competitive match in progress as the person is seen holding up a stack of Jenga blocks while another individual stands nearby.",Whether Something Happened(Y/N),yes,5,"{""correct"": ""yes"", ""score"": 5}"
959,e58207f1-84ec-424b-a997-ff64a57eb13b,Did I sit on the chairs before playing Jenga?,Yes.,"Yes, you can see the chairs in the background where you sat before playing Jenga.",Order Judging(Y/N),yes,5,"{""correct"": ""yes"", ""score"": 5}"
960,e58207f1-84ec-424b-a997-ff64a57eb13b,Did I take Jenga blocks from the tower before adding to its top?,Yes.,"Yes, you can see the Jenga blocks being added to its top in the video.",Order Judging(Y/N),no,2,"{""correct"": ""no"", ""score"": 2}"
961,e58207f1-84ec-424b-a997-ff64a57eb13b,Did the Jenga game happen before relaxing on the chairs?,No.,"Yes, the Jenga game was already in progress before relaxing on the chairs.",Order Judging(Y/N),no,0,"{""correct"": ""no"", ""score"": 0}"
962,e58207f1-84ec-424b-a997-ff64a57eb13b,Was placing blocks atop the Jenga tower before taking blocks from it?,No.,"Yes, the person in the video was placing blocks atop the Jenga tower before taking some from it.",Order Judging(Y/N),no,0,"{""correct"": ""no"", ""score"": 0}"
963,e58207f1-84ec-424b-a997-ff64a57eb13b,What occurs just before placing the blocks atop the Jenga tower?,Taking Jenga blocks from the tower.,"Just before placing the blocks atop the Jenga tower, a person wearing sunglasses and holding a green object appears to be interacting with the camera.",What event order,no,0,"{""correct"": ""no"", ""score"": 0}"
964,e58207f1-84ec-424b-a997-ff64a57eb13b,What happens just before sitting on the chairs to play?,Entering the room.,"Just before sitting on the chairs to play, the person is seen holding a stack of wooden blocks and appears to be in the process of placing them into a larger structure.",What event order,no,0,"{""correct"": ""no"", ""score"": 0}"
965,e58207f1-84ec-424b-a997-ff64a57eb13b,Did the game start before arranging wooden bricks on a block?,No,"Yes, the game started before arranging wooden bricks on a block.",Order Judging(Y/N),no,0,"{""correct"": ""no"", ""score"": 0}"
966,e58207f1-84ec-424b-a997-ff64a57eb13b,What is the setting of the current video clip?,The setting is inside a house.,"The setting of the current video clip is a modern living room with a television on a white stand, surrounded by various items such as books and a remote control.",Scene Summary,yes,5,"{""correct"": ""yes"", ""score"": 5}"
967,e58207f1-84ec-424b-a997-ff64a57eb13b,Describe the occupants in the house in the video.,"There are multiple individuals, both men and women.","The occupants in the house include a person wearing a black shirt and white pants, who is seen moving around the room.",Scene Summary,no,1,"{""correct"": ""no"", ""score"": 1}"
968,e58207f1-84ec-424b-a997-ff64a57eb13b,What were the individuals doing with wood in the video?,They were arranging pieces of wood.,"The individuals were seen holding and interacting with the wood, possibly in a playful or creative activity.",Scene Summary,no,1,"{""correct"": ""no"", ""score"": 1}"
969,e58207f1-84ec-424b-a997-ff64a57eb13b,What type of interaction occurred among the individuals?,They interacted with each other.,"The individuals engaged in a casual and friendly interaction, with one person gesturing towards the television while another person is seen holding a remote control.",Scene Summary,yes,4,"{""correct"": ""yes"", ""score"": 4}"
970,e58207f1-84ec-424b-a997-ff64a57eb13b,Are the people stationary or moving about in the clip?,They are moving about the space.,"The people in the clip are moving about, with one person walking towards a door and another standing near it.",Action Caption,yes,5,"{""correct"": ""yes"", ""score"": 5}"
971,e58207f1-84ec-424b-a997-ff64a57eb13b,Is the Jenga game played before arranging wood pieces?,Yes.,"Yes, the Jenga game is played before arranging wood pieces.",Order Judging(Y/N),yes,5,"{""correct"": ""yes"", ""score"": 5}"
972,e58207f1-84ec-424b-a997-ff64a57eb13b,Does sitting on chairs happen before interacting with each other?,Yes.,"Yes, sitting on chairs happens before interacting with each other.",Order Judging(Y/N),yes,5,"{""correct"": ""yes"", ""score"": 5}"
973,e58207f1-84ec-424b-a997-ff64a57eb13b,Is the wood arrangement completed before the Jenga tower is built?,No.,"No, the wooden arrangement is not completed before the Jenga tower is built.",Order Judging(Y/N),yes,5,"{""correct"": ""yes"", ""score"": 5}"
974,e58207f1-84ec-424b-a997-ff64a57eb13b,What happens before arranging the wood pieces?,Playing Jenga.,"Before arranging the wood pieces, a person is seen holding a remote control and appears to be in motion.",What event order,no,0,"{""correct"": ""no"", ""score"": 0}"
975,e58207f1-84ec-424b-a997-ff64a57eb13b,What takes place before the Jenga block is touched?,Sitting down.,"Before the Jenga block is touched, a person wearing a black shirt and white pants enters the room from the right side of the frame.",What event order,no,0,"{""correct"": ""no"", ""score"": 0}"
976,e58207f1-84ec-424b-a997-ff64a57eb13b,Did the Jenga game occur before sitting on the chairs?,No.,"Yes, the Jenga game was played before sitting on the chairs.",Order Judging(Y/N),no,0,"{""correct"": ""no"", ""score"": 0}"
977,e58207f1-84ec-424b-a997-ff64a57eb13b,Was taking Jenga blocks from the tower after sitting on the chairs?,Yes.,"Yes, Jenga blocks were being taken from the tower after sitting on the chairs.",Order Judging(Y/N),yes,5,"{""correct"": ""yes"", ""score"": 5}"
978,e58207f1-84ec-424b-a997-ff64a57eb13b,What happened just before placing blocks atop the Jenga tower?,Taking Jenga blocks from the tower.,"Just before placing blocks atop the Jenga tower, a person was seen holding a remote control and gesturing towards it.",What event order,no,0,"{""correct"": ""no"", ""score"": 0}"
979,e58207f1-84ec-424b-a997-ff64a57eb13b,What happens before arranging the pieces of wood?,Playing the Jenga wooden blocks game.,"Before arranging the pieces of wood, a person enters the room and picks up a cardboard box.",What event order,no,0,"{""correct"": ""no"", ""score"": 0}"
980,e58207f1-84ec-424b-a997-ff64a57eb13b,What is the setting of the video clip?,An office.,"The setting of the video clip is a cozy living room with a television, a couch, and various items on the coffee table.",Scene Summary,no,0,"{""correct"": ""no"", ""score"": 0}"
981,e58207f1-84ec-424b-a997-ff64a57eb13b,What activities are taking place in the clip?,Talking to a person and using a phone.,"The clip shows a person sitting on the couch, holding two smartphones and interacting with them. One phone displays an image of another person's face, while the other phone is showing a text message or social media post. The background features a television set displaying a news program and a room adorned with Christmas decorations.",Scene Summary,no,2,"{""correct"": ""no"", ""score"": 2}"
982,e58207f1-84ec-424b-a997-ff64a57eb13b,What is the primary action in the recent frames?,Engaging in a discussion and using the phone.,"The primary action in the recent frames is a person holding up a smartphone to show an image of another person's face, with both individuals looking at their respective phones.",Action Caption,no,2,"{""correct"": ""no"", ""score"": 2}"
983,e58207f1-84ec-424b-a997-ff64a57eb13b,What technology is in use in the action?,A phone.,"The technology used in the action is a person wearing VR glasses, which allows them to see their hands and feet through the screen.",Action Caption,no,0,"{""correct"": ""no"", ""score"": 0}"
984,e58207f1-84ec-424b-a997-ff64a57eb13b,Is the person alone in the scene?,No.,Yes.,Whether Something Happened(Y/N),no,0,"{""correct"": ""no"", ""score"": 0}"
985,e58207f1-84ec-424b-a997-ff64a57eb13b,Did I interact with others after being at the office?,Yes,"Yes, after being at the office, you can see a person wearing sunglasses and holding a smartphone with a text message displayed on it.",Order Judging(Y/N),yes,5,"{""correct"": ""yes"", ""score"": 5}"
986,e58207f1-84ec-424b-a997-ff64a57eb13b,Did the office scene occur before the house activities?,Yes,"Yes, the office scene occurred before the house activities.",Order Judging(Y/N),yes,5,"{""correct"": ""yes"", ""score"": 5}"
987,e58207f1-84ec-424b-a997-ff64a57eb13b,What happened right before I was at the office?,I was in the house,"The person in the video was playing a game on their phone, which resulted in them being distracted from their work.",What event order,no,0,"{""correct"": ""no"", ""score"": 0}"
988,e58207f1-84ec-424b-a997-ff64a57eb13b,Did I play Jenga before arranging pieces of wood?,Yes.,"Yes, you did play Jenga before arranging pieces of wood.",Order Judging(Y/N),yes,5,"{""correct"": ""yes"", ""score"": 5}"
989,e58207f1-84ec-424b-a997-ff64a57eb13b,Did I use the phone before playing Jenga?,No.,"Yes, you used the phone before playing Jenga.",Order Judging(Y/N),no,0,"{""correct"": ""no"", ""score"": 0}"
990,e58207f1-84ec-424b-a997-ff64a57eb13b,Was I at the office before playing with the Jenga blocks?,Yes.,"Yes, you were at the office before playing with the Jenga blocks.",Order Judging(Y/N),yes,5,"{""correct"": ""yes"", ""score"": 5}"
991,89a95cd8-ca13-4edf-807e-d62138fd30e0,Describe the environment displayed in the video clip.,The video depicts a kitchen scenario.,"The video shows a cluttered kitchen with various items scattered on the counter, including a hand holding an onion. The background features a tiled wall and a window with blinds partially open.",Scene Summary,yes,5,"{""correct"": ""yes"", ""score"": 5}"
992,89a95cd8-ca13-4edf-807e-d62138fd30e0,Identify the items being interacted with in the video clip.,Flour and onions are being used with water and a knife.,"The person in the video is interacting with a hand holding an onion, which they are peeling.",Scene Summary,no,2,"{""correct"": ""no"", ""score"": 2}"
993,89a95cd8-ca13-4edf-807e-d62138fd30e0,What's the main activity in the scene?,"The main activity is preparing ingredients, mixing and chopping.","The main activity in the scene is a person preparing food, specifically chopping vegetables.",Scene Summary,yes,4,"{""correct"": ""yes"", ""score"": 4}"
994,89a95cd8-ca13-4edf-807e-d62138fd30e0,What objects are present in the scene related to the activity?,"Container of flour, a knife, and mixed dough are noticeable.","The objects present in the scene include a hand holding an onion, a person's hand reaching for something on the counter, and various kitchen utensils such as knives, spoons, and bowls.",Scene Summary,no,1,"{""correct"": ""no"", ""score"": 1}"
995,89a95cd8-ca13-4edf-807e-d62138fd30e0,Did the person use a knife on the onions?,Yes.,"Yes, the person used a knife to cut the onions on the counter.",Whether Something Happened(Y/N),yes,5,"{""correct"": ""yes"", ""score"": 5}"
996,89a95cd8-ca13-4edf-807e-d62138fd30e0,Was water added to the flour in the video?,Yes.,"Yes, water was added to the flour in the video.",Whether Something Happened(Y/N),yes,5,"{""correct"": ""yes"", ""score"": 5}"
997,89a95cd8-ca13-4edf-807e-d62138fd30e0,Did the preparation seem to be for baking?,"No, more likely for cooking.","Yes, the preparation seems to be for baking. The person is seen holding a small bowl and appears to be mixing ingredients in it, which suggests they are preparing dough or batter for baking.",Whether Something Happened(Y/N),no,0,"{""correct"": ""no"", ""score"": 0}"
998,89a95cd8-ca13-4edf-807e-d62138fd30e0,Describe the environment where the cooking is taking place.,The cooking is taking place in a kitchen.,"The cooking is taking place in a small, cluttered kitchen with a tiled wall and various utensils scattered around.",Scene Summary,yes,5,"{""correct"": ""yes"", ""score"": 5}"
999,89a95cd8-ca13-4edf-807e-d62138fd30e0,What step is being performed with the pan?,Oil is being poured into the pan.,"The hand is seen pouring a liquid from the metal container into the pan, likely to cook or mix ingredients.",Scene Summary,no,3,"{""correct"": ""no"", ""score"": 3}"
1000,89a95cd8-ca13-4edf-807e-d62138fd30e0,Are there any other objects visible associated with cooking?,"Yes, there are kitchen utensils and containers.","Yes, there are various kitchen utensils and containers visible on the countertop.",Scene Summary,yes,5,"{""correct"": ""yes"", ""score"": 5}"
1001,89a95cd8-ca13-4edf-807e-d62138fd30e0,Are there any ingredients ready to be cooked?,"Yes, there are chopped ingredients on the cutting board.","Yes, there are ingredients ready to be cooked on the stove.",Action Caption,no,2,"{""correct"": ""no"", ""score"": 2}"
1002,89a95cd8-ca13-4edf-807e-d62138fd30e0,What is implied by the action of pouring oil in the pan?,The person is preparing to cook or fry food.,"The action of pouring oil in the pan implies that it is being used to cook or prepare a dish, possibly for cooking the chickpeas.",Action Caption,yes,5,"{
  ""correct"": ""yes"",
  ""score"": 5
}"
1003,89a95cd8-ca13-4edf-807e-d62138fd30e0,What will likely happen next in the cooking process?,The food will be added to the heated oil for cooking.,"Next, the person will likely pour a liquid from the bottle into one of the pots to mix with the cooked chickpeas.",Action Caption,no,1,"{""correct"": ""no"", ""score"": 1}"
1004,89a95cd8-ca13-4edf-807e-d62138fd30e0,Did the person start cooking as soon as the video began?,No.,"Yes, the person began cooking as soon as the video began.",Whether Something Happened(Y/N),no,0,"{""correct"": ""no"", ""score"": 0}"
1005,89a95cd8-ca13-4edf-807e-d62138fd30e0,Has the person used any kitchen utensils yet?,Yes.,"Yes, the person is seen using a spatula to stir the contents of one of the pots.",Whether Something Happened(Y/N),yes,5,"{""correct"": ""yes"", ""score"": 5}"
1006,89a95cd8-ca13-4edf-807e-d62138fd30e0,Is the person cooking unattended or seen in the frame?,"The person is unattended, not seen in the frame.","The person is seen in the frame, actively cooking and stirring the contents of the pot.",Whether Something Happened(Y/N),no,0,"{""correct"": ""no"", ""score"": 0}"
1007,89a95cd8-ca13-4edf-807e-d62138fd30e0,Has the heat been turned on under the pan yet?,No.,"Yes, the heat has been turned on under the pan.",Whether Something Happened(Y/N),no,0,"{""correct"": ""no"", ""score"": 0}"
1008,89a95cd8-ca13-4edf-807e-d62138fd30e0,"In the video, does mixing flour with water happen before cutting onions?",Yes.,"Yes, the person mixes flour with water before cutting onions.",Order Judging(Y/N),yes,5,"{""correct"": ""yes"", ""score"": 5}"
1009,89a95cd8-ca13-4edf-807e-d62138fd30e0,Is cooking the food shown before opening the door in the video?,Yes.,"Yes, the person is seen opening the door to reveal a kitchen counter with various items on it.",Order Judging(Y/N),no,1,"{""correct"": ""no"", ""score"": 1}"
1010,89a95cd8-ca13-4edf-807e-d62138fd30e0,"In the video, does pouring oil in the pan occur after cutting onions?",Yes.,"Yes, the video shows a hand pouring oil into the pan after cutting onions.",Order Judging(Y/N),yes,5,"{""correct"": ""yes"", ""score"": 5}"
1011,89a95cd8-ca13-4edf-807e-d62138fd30e0,"In the video, is oil poured into the pan before cooking the food?",No.,Yes,Order Judging(Y/N),no,0,"{""correct"": ""no"", ""score"": 0}"
1012,89a95cd8-ca13-4edf-807e-d62138fd30e0,What is the setting of the video clip?,The setting is a kitchen.,The setting of the video clip is a kitchen with various cooking utensils and ingredients on the countertop.,Scene Summary,yes,5,"{""correct"": ""yes"", ""score"": 5}"
1013,89a95cd8-ca13-4edf-807e-d62138fd30e0,What tasks are being performed in the scene?,"Cooking food, cleaning the counter, rolling dough.","The tasks being performed in the scene include mixing ingredients, kneading dough, and preparing a dish.",Scene Summary,no,2,"{""correct"": ""no"", ""score"": 2}"
1014,89a95cd8-ca13-4edf-807e-d62138fd30e0,Can you caption the cleaning action in the clip?,Tidying up the kitchen counter.,"Yes, the caption for the cleaning action in the clip would be: 'Person washing dishes at a kitchen counter.'",Action Caption,no,2,"{""correct"": ""no"", ""score"": 2}"
1015,89a95cd8-ca13-4edf-807e-d62138fd30e0,How is the dough being prepared?,The dough is being rolled.,"The dough is being prepared by kneading it on a wooden board, pressing it into the bowl of flour, and then rolling it out to form a ball.",Action Caption,no,2,"{""correct"": ""no"", ""score"": 2}"
1016,89a95cd8-ca13-4edf-807e-d62138fd30e0,Does the video show someone cooking?,Yes.,"Yes, the video shows someone cooking.",Whether Something Happened(Y/N),yes,5,"{""correct"": ""yes"", ""score"": 5}"
1017,89a95cd8-ca13-4edf-807e-d62138fd30e0,Is the counter being cleaned in the video?,Yes.,Yes,Whether Something Happened(Y/N),yes,5,"{""correct"": ""yes"", ""score"": 5}"
1018,89a95cd8-ca13-4edf-807e-d62138fd30e0,Is there a scene of rolling dough in the video?,Yes.,Yes.,Whether Something Happened(Y/N),yes,5,"{""correct"": ""yes"", ""score"": 5}"
1019,89a95cd8-ca13-4edf-807e-d62138fd30e0,Does rolling the dough happen before cleaning the counter?,No,"Yes, the person is seen rolling the dough on a wooden board before cleaning the counter.",Order Judging(Y/N),no,0,"{""correct"": ""no"", ""score"": 0}"
1020,89a95cd8-ca13-4edf-807e-d62138fd30e0,Is the food cooked after I clean the counter?,Yes,"Yes, the food is cooked after you clean the counter.",Order Judging(Y/N),yes,5,"{""correct"": ""yes"", ""score"": 5}"
1021,89a95cd8-ca13-4edf-807e-d62138fd30e0,"Before the food is cooked, what do I do?",In the kitchen.,"Before the food is cooked, you can see a hand holding a bowl of flour on the countertop.",What event order,no,0,"{""correct"": ""no"", ""score"": 0}"
1022,89a95cd8-ca13-4edf-807e-d62138fd30e0,What occurs just before I clean the counter?,Cook food.,"Just before I clean the counter, a hand is seen holding a bowl of food.",What event order,no,1,"{""correct"": ""no"", ""score"": 1}"
1023,89a95cd8-ca13-4edf-807e-d62138fd30e0,"In the video, what takes place right before rolling the dough?",Clean the counter.,"Before rolling the dough, a hand is seen holding a small piece of dough on a wooden board.",What event order,no,0,"{""correct"": ""no"", ""score"": 0}"
1024,89a95cd8-ca13-4edf-807e-d62138fd30e0,"In the video, does the mixing of flour with water happen before cutting the onions?",Yes,"Yes, the mixing of flour with water happens before cutting the onions.",Order Judging(Y/N),yes,5,"{""correct"": ""yes"", ""score"": 5}"
1025,89a95cd8-ca13-4edf-807e-d62138fd30e0,What is the setting of the video clip?,"Inside a house, in the kitchen.",The setting of the video clip is a kitchen with various cooking utensils and ingredients on the counter.,Scene Summary,yes,5,"{""correct"": ""yes"", ""score"": 5}"
1026,89a95cd8-ca13-4edf-807e-d62138fd30e0,What activity is depicted in the scene?,Making dough for cooking.,"The scene depicts a person preparing food, specifically kneading dough.",Scene Summary,yes,5,"{""correct"": ""yes"", ""score"": 5}"
1027,89a95cd8-ca13-4edf-807e-d62138fd30e0,What tools are being utilized in the scene?,"Hands, rolling pin, flour container.",A person is using a rolling pin and a spoon to knead the dough.,Scene Summary,no,2,"{""correct"": ""no"", ""score"": 2}"
1028,89a95cd8-ca13-4edf-807e-d62138fd30e0,Where specifically is the dough preparation taking place?,On a newspaper-covered surface.,The dough preparation is taking place on a kitchen counter.,Scene Summary,no,1,"{""correct"": ""no"", ""score"": 1}"
1029,89a95cd8-ca13-4edf-807e-d62138fd30e0,What is the immediate environment around the dough-making area?,Nearby kitchen appliances and utensils.,The immediate environment around the dough-making area is a kitchen with various cooking utensils and ingredients on the counter.,Scene Summary,yes,5,"{""correct"": ""yes"", ""score"": 5}"
1030,89a95cd8-ca13-4edf-807e-d62138fd30e0,What is the main action taking place in these frames?,The dough is being rolled out.,"The main action is the preparation of a dough, with hands mixing and rolling it on a flat surface.",Action Caption,yes,5,"{""correct"": ""yes"", ""score"": 5}"
1031,89a95cd8-ca13-4edf-807e-d62138fd30e0,What action precedes the rolling of the dough?,Dipping the dough in flour.,The action that precedes the rolling of the dough is kneading it.,Action Caption,no,0,"{""correct"": ""no"", ""score"": 0}"
1032,89a95cd8-ca13-4edf-807e-d62138fd30e0,How is the dough initially shaped?,It is shaped by hand.,The dough is initially shaped into a small ball.,Action Caption,no,2,"{""correct"": ""no"", ""score"": 2}"
1033,89a95cd8-ca13-4edf-807e-d62138fd30e0,What is the purpose of the flour in the dough rolling process?,To prevent sticking to the rolling pin.,"The flour is used to create a dough by kneading it with the hands, which helps in forming the dough into a smooth and elastic surface.",Action Caption,no,0,"{""correct"": ""no"", ""score"": 0}"
1034,89a95cd8-ca13-4edf-807e-d62138fd30e0,What may likely be the next step after rolling the dough?,Cutting or shaping the dough for cooking.,"The next step after rolling the dough is likely to continue kneading it, as indicated by the person's hand moving around and pressing down on the dough.",Action Caption,no,0,"{""correct"": ""no"", ""score"": 0}"
1035,89a95cd8-ca13-4edf-807e-d62138fd30e0,Did the person use a rolling pin in the video?,Yes.,"Yes, the person is seen using a rolling pin to press down on the dough.",Whether Something Happened(Y/N),yes,5,"{""correct"": ""yes"", ""score"": 5}"
1036,89a95cd8-ca13-4edf-807e-d62138fd30e0,Did the dough-making happen on a bare countertop?,No.,"Yes, the dough-making happened on a bare countertop.",Whether Something Happened(Y/N),no,0,"{""correct"": ""no"", ""score"": 0}"
1037,89a95cd8-ca13-4edf-807e-d62138fd30e0,Was an electrical appliance used to roll the dough?,No.,"Yes, an electrical appliance was used to roll the dough.",Whether Something Happened(Y/N),no,0,"{""correct"": ""no"", ""score"": 0}"
1038,89a95cd8-ca13-4edf-807e-d62138fd30e0,Did the person complete the dough rolling in one try?,"Not specified, unclear.","Yes, the person completed the dough rolling in one try.",Whether Something Happened(Y/N),no,0,"{""correct"": ""no"", ""score"": 0}"
1039,89a95cd8-ca13-4edf-807e-d62138fd30e0,Is the flour container closed in the scene?,Yes.,"Yes, the flour container is closed in the scene.",Whether Something Happened(Y/N),yes,5,"{""correct"": ""yes"", ""score"": 5}"
1040,89a95cd8-ca13-4edf-807e-d62138fd30e0,"In the video, is the dough rolled with hands before it's dipped in flour?",Yes,"Yes, the dough is rolled with hands before it's dipped in flour.",Order Judging(Y/N),yes,5,"{""correct"": ""yes"", ""score"": 5}"
1041,89a95cd8-ca13-4edf-807e-d62138fd30e0,Is the food cooked before the counter is cleaned?,Yes,"Yes, the food is cooked before the counter is cleaned.",Order Judging(Y/N),yes,5,"{""correct"": ""yes"", ""score"": 5}"
1042,89a95cd8-ca13-4edf-807e-d62138fd30e0,Does the dough rolling with a rolling pin happen after hand rolling?,Yes,"Yes, the dough rolling with a rolling pin happens after hand rolling.",Order Judging(Y/N),yes,5,"{""correct"": ""yes"", ""score"": 5}"
1043,89a95cd8-ca13-4edf-807e-d62138fd30e0,Is the counter cleaned before the dough is rolled with hands?,Yes,"Yes, the counter is clean before the dough is rolled with hands.",Order Judging(Y/N),yes,5,"{""correct"": ""yes"", ""score"": 5}"
1044,89a95cd8-ca13-4edf-807e-d62138fd30e0,"In the video, is the rolling pin used before the dough is dipped in flour?",Yes,"Yes, the rolling pin is used to scoop out a portion of the dough before it is dipped in flour.",Order Judging(Y/N),yes,5,"{""correct"": ""yes"", ""score"": 5}"
1045,89a95cd8-ca13-4edf-807e-d62138fd30e0,What is done just before the dough is dipped in flour?,Roll dough with hands,"Just before the dough is dipped in flour, a hand is seen mixing the dough on the countertop.",What event order,no,2,"{""correct"": ""no"", ""score"": 2}"
1046,89a95cd8-ca13-4edf-807e-d62138fd30e0,What action is performed before cleaning the counter?,Cook food,"Before cleaning the counter, a hand is seen kneading dough on a wooden board.",What event order,no,1,"{""correct"": ""no"", ""score"": 1}"
1047,89a95cd8-ca13-4edf-807e-d62138fd30e0,What activity happens before the dough is rolled with hands?,Nothing is specified before hand rolling,"Before the dough is rolled with hands, it is kneaded.",What event order,no,0,"{""correct"": ""no"", ""score"": 0}"
1048,89a95cd8-ca13-4edf-807e-d62138fd30e0,Was the counter cleaned after cooking food?,Yes,"Yes, the counter was cleaned after cooking food.",Order Judging(Y/N),yes,5,"{""correct"": ""yes"", ""score"": 5}"
1049,89a95cd8-ca13-4edf-807e-d62138fd30e0,Did I roll the dough before dipping it in flour?,No,"Yes, you rolled the dough before dipping it in flour.",Order Judging(Y/N),no,0,"{""correct"": ""no"", ""score"": 0}"
1050,89a95cd8-ca13-4edf-807e-d62138fd30e0,Did I roll dough with hands before rolling it with a rolling pin?,Yes,"Yes, you rolled dough with your hands before rolling it with a rolling pin.",Order Judging(Y/N),yes,5,"{""correct"": ""yes"", ""score"": 5}"
1051,89a95cd8-ca13-4edf-807e-d62138fd30e0,What happens right before I dip the dough in flour?,Rolling the dough with hands,"A hand is seen holding a wooden spoon, preparing to dip the dough into flour.",What event order,no,0,"{""correct"": ""no"", ""score"": 0}"
1052,89a95cd8-ca13-4edf-807e-d62138fd30e0,What action occurs just before I roll the dough with a rolling pin?,Dipping dough in flour,"Just before I roll the dough with a rolling pin, the person's hand is seen holding the dough and preparing to roll it.",What event order,no,1,"{""correct"": ""no"", ""score"": 1}"
1053,89a95cd8-ca13-4edf-807e-d62138fd30e0,What do I do just before pouring oil in the pan?,Open the door,"You should place the pan on a heat source, such as a stove or oven.",What event order,no,0,"{""correct"": ""no"", ""score"": 0}"
1054,89a95cd8-ca13-4edf-807e-d62138fd30e0,What takes place immediately before I clean the counter?,Cook food,"Before cleaning the counter, a hand is seen mixing ingredients in a bowl.",What event order,no,1,"{""correct"": ""no"", ""score"": 1}"
1055,89a95cd8-ca13-4edf-807e-d62138fd30e0,What location is shown in this video clip?,The kitchen.,The location shown in this video clip is a kitchen.,Scene Summary,yes,5,"{""correct"": ""yes"", ""score"": 5}"
1056,89a95cd8-ca13-4edf-807e-d62138fd30e0,What task is being performed in this scene?,Making dough.,The task being performed in this scene is kneading dough.,Scene Summary,yes,5,"{""correct"": ""yes"", ""score"": 5}"
1057,89a95cd8-ca13-4edf-807e-d62138fd30e0,What is the setting of this clip?,A kitchen counter.,The setting of this clip is a kitchen with various cooking utensils and ingredients scattered on the countertop.,Scene Summary,yes,5,"{""correct"": ""yes"", ""score"": 5}"
1058,89a95cd8-ca13-4edf-807e-d62138fd30e0,What cooking action is taking place?,Rolling dough with a roller.,"The cooking action taking place is kneading dough, as indicated by the person's hands mixing and rolling the dough in a bowl.",Action Caption,no,1,"{""correct"": ""no"", ""score"": 1}"
1059,89a95cd8-ca13-4edf-807e-d62138fd30e0,Does the frame capture using a rolling pin?,Yes.,"No, the frame captures a person using a rolling pin to mix ingredients in a bowl.",Whether Something Happened(Y/N),no,0,"{""correct"": ""no"", ""score"": 0}"
1060,89a95cd8-ca13-4edf-807e-d62138fd30e0,Is dough being prepared in this scene?,Yes.,"Yes, dough is being prepared in this scene.",Whether Something Happened(Y/N),yes,5,"{""correct"": ""yes"", ""score"": 5}"
1061,89a95cd8-ca13-4edf-807e-d62138fd30e0,Are there ingredients visible on the kitchen counter?,Yes.,"Yes, there are ingredients visible on the kitchen counter.",Whether Something Happened(Y/N),yes,5,"{""correct"": ""yes"", ""score"": 5}"
1062,89a95cd8-ca13-4edf-807e-d62138fd30e0,"In the video, is the dough cut before it's rolled with hands?",No,"Yes, the dough is cut before it's rolled with hands.",Order Judging(Y/N),no,0,"{""correct"": ""no"", ""score"": 0}"
1063,89a95cd8-ca13-4edf-807e-d62138fd30e0,Does the dipping of dough in flour happen after using the rolling pin?,No,"Yes, the person continues to dip the dough into flour after using the rolling pin.",Order Judging(Y/N),no,0,"{""correct"": ""no"", ""score"": 0}"
1064,89a95cd8-ca13-4edf-807e-d62138fd30e0,Does rolling the dough with hands happen before cutting the dough?,Yes,"Yes, the person is seen rolling the dough with their hands before cutting it.",Order Judging(Y/N),yes,5,"{""correct"": ""yes"", ""score"": 5}"
1065,89a95cd8-ca13-4edf-807e-d62138fd30e0,Is the dough rolled with a roller after being dipped in flour?,Yes,"Yes, the dough is rolled with a roller after being dipped in flour.",Order Judging(Y/N),yes,5,"{""correct"": ""yes"", ""score"": 5}"
1066,89a95cd8-ca13-4edf-807e-d62138fd30e0,What occurs just before rolling dough with a roller in the video?,The dough is cut,A hand holding a wooden rolling pin is seen preparing to roll dough.,What event order,no,0,"{""correct"": ""no"", ""score"": 0}"
1067,89a95cd8-ca13-4edf-807e-d62138fd30e0,"In the video sequence, what happens before rolling dough with hands?","Nothing, it's the first action","Before rolling dough with hands, the person is seen holding a wooden spoon and placing it into a large container filled with flour.",What event order,no,0,"{""correct"": ""no"", ""score"": 0}"
1068,89a95cd8-ca13-4edf-807e-d62138fd30e0,What is done just before cutting the dough?,The dough is rolled with hands,"Just before cutting the dough, a hand is seen holding a wooden spoon and stirring the flour in a container.",What event order,no,0,"{""correct"": ""no"", ""score"": 0}"
1069,89a95cd8-ca13-4edf-807e-d62138fd30e0,Did I clean the counter before rolling the dough?,Yes,"Yes, you can see the person's hand holding a bowl of flour on the counter before rolling the dough.",Order Judging(Y/N),yes,5,"{""correct"": ""yes"", ""score"": 5}"
1070,89a95cd8-ca13-4edf-807e-d62138fd30e0,Was the dough cut before being rolled?,Yes,"Yes, the dough was cut before being rolled.",Order Judging(Y/N),yes,5,"{""correct"": ""yes"", ""score"": 5}"
1071,89a95cd8-ca13-4edf-807e-d62138fd30e0,Did I dip the dough in flour before using the rolling pin?,Yes,"Yes, you did dip the dough in flour before using the rolling pin.",Order Judging(Y/N),yes,5,"{""correct"": ""yes"", ""score"": 5}"
1072,89a95cd8-ca13-4edf-807e-d62138fd30e0,Did I cook food after rolling the dough with my hands?,No,"Yes, you did cook food after rolling the dough with your hands.",Order Judging(Y/N),no,0,"{""correct"": ""no"", ""score"": 0}"
1073,89a95cd8-ca13-4edf-807e-d62138fd30e0,Was the counter cleaned after the dough was cut?,No,"Yes, the counter was cleaned after the dough was cut.",Order Judging(Y/N),no,0,"{""correct"": ""no"", ""score"": 0}"
1074,89a95cd8-ca13-4edf-807e-d62138fd30e0,What do I do before rolling the dough with a roller?,Cut the dough,"Before rolling the dough with a roller, you should first knead it.",What event order,no,0,"{""correct"": ""no"", ""score"": 0}"
1075,89a95cd8-ca13-4edf-807e-d62138fd30e0,What occurs just before cutting the dough?,Rolling dough with hands,A hand holding a wooden spoon is seen stirring the dough in a bowl.,What event order,no,0,"{""correct"": ""no"", ""score"": 0}"
1076,89a95cd8-ca13-4edf-807e-d62138fd30e0,What do I do before cleaning the counter?,Cook food,"Before cleaning the counter, you should first wash your hands thoroughly with soap and water.",What event order,no,0,"{""correct"": ""no"", ""score"": 0}"
1077,89a95cd8-ca13-4edf-807e-d62138fd30e0,Describe the main activity occurring in this section of video.,Food preparation for a meal.,"The main activity involves a person preparing food in the kitchen, specifically stirring and flipping tortillas on a frying pan. The scene includes various elements such as a newspaper spread out to the left of the pan, a hand holding a spatula, and a sink or faucet visible in the background.",Action Caption,yes,5,"{""correct"": ""yes"", ""score"": 5}"
1078,89a95cd8-ca13-4edf-807e-d62138fd30e0,What is the current culinary action captured here?,Ready to cook flatbread on the pan.,The current culinary action captured here is the person preparing a dish by rolling out dough and cooking it in a frying pan.,Action Caption,no,2,"{""correct"": ""no"", ""score"": 2}"
1079,89a95cd8-ca13-4edf-807e-d62138fd30e0,Did the person successfully slice the cucumber?,Yes.,"Yes, the person successfully sliced the cucumber into thin pieces.",Whether Something Happened(Y/N),yes,5,"{""correct"": ""yes"", ""score"": 5}"
1080,89a95cd8-ca13-4edf-807e-d62138fd30e0,Has the lemon been placed on the cucumber slices?,Yes.,"No, the lemon has not been placed on the cucumber slices.",Whether Something Happened(Y/N),no,0,"{""correct"": ""no"", ""score"": 0}"
1081,89a95cd8-ca13-4edf-807e-d62138fd30e0,Describe the setting in this video clip.,A kitchen with a person cooking roti on a stove.,"The video takes place in a kitchen with a countertop and stove where the person is preparing food. The background features a tiled wall with some text on it, indicating that this might be a home setting.",Scene Summary,yes,4,"{""correct"": ""yes"", ""score"": 4}"
1082,89a95cd8-ca13-4edf-807e-d62138fd30e0,What is the visual focal point of this scene?,The pan with the roti being roasted.,The visual focal point of this scene is the hand stirring a mixture in a frying pan on the stove.,Scene Summary,no,2,"{""correct"": ""no"", ""score"": 2}"
1083,89a95cd8-ca13-4edf-807e-d62138fd30e0,Where is the roti being placed after roasting?,In a pot next to the stove.,The roti is being placed on a newspaper in the kitchen.,Scene Summary,no,1,"{""correct"": ""no"", ""score"": 1}"
1084,89a95cd8-ca13-4edf-807e-d62138fd30e0,What kitchen equipment is being utilized in this action?,A frying pan and a stove.,"A hand is seen using a spatula to press down on the dough, likely in preparation for cooking.",Action Caption,no,1,"{""correct"": ""no"", ""score"": 1}"
1085,89a95cd8-ca13-4edf-807e-d62138fd30e0,Does the clip show a person flipping the roti?,No.,"Yes, the clip shows a hand holding a spatula and flipping one of the roti in the pan.",Whether Something Happened(Y/N),no,0,"{""correct"": ""no"", ""score"": 0}"
1086,89a95cd8-ca13-4edf-807e-d62138fd30e0,Is the roti being taken out of the pan in this frame?,Yes.,Yes,Whether Something Happened(Y/N),yes,5,"{""correct"": ""yes"", ""score"": 5}"
1087,89a95cd8-ca13-4edf-807e-d62138fd30e0,Does the clip involve any baking activity?,No.,"Yes, the clip involves baking activity as a hand is seen stirring a mixture in a frying pan on the stove.",Whether Something Happened(Y/N),no,0,"{""correct"": ""no"", ""score"": 0}"
1088,89a95cd8-ca13-4edf-807e-d62138fd30e0,Is there another person assisting with the cooking?,No.,"Yes, a hand is seen holding the spoon and stirring the mixture in the frying pan.",Whether Something Happened(Y/N),no,0,"{""correct"": ""no"", ""score"": 0}"
1089,89a95cd8-ca13-4edf-807e-d62138fd30e0,Was the flat bread prepared before the roti was roasted?,Yes,"Yes, the flat bread was prepared before the roti was roasted.",Order Judging(Y/N),yes,5,"{""correct"": ""yes"", ""score"": 5}"
1090,89a95cd8-ca13-4edf-807e-d62138fd30e0,Did I put the roasted roti in the pot before cutting the cucumber?,No,"Yes, you placed the roasted roti in the pot before cutting the cucumber.",Order Judging(Y/N),no,0,"{""correct"": ""no"", ""score"": 0}"
1091,89a95cd8-ca13-4edf-807e-d62138fd30e0,Did I roast the roti after preparing the flat bread?,Yes,"Yes, the roti was roasted after preparing the flat bread.",Order Judging(Y/N),yes,5,"{""correct"": ""yes"", ""score"": 5}"
1092,89a95cd8-ca13-4edf-807e-d62138fd30e0,What cooking method is used for tortillas?,They are placed in a hot pot.,The cooking method used for tortillas is frying.,Scene Summary,no,1,"{""correct"": ""no"", ""score"": 1}"
1093,89a95cd8-ca13-4edf-807e-d62138fd30e0,Is the person wearing oven mitts?,No.,"Yes, the person is wearing oven mitts.",Whether Something Happened(Y/N),no,0,"{""correct"": ""no"", ""score"": 0}"
1094,89a95cd8-ca13-4edf-807e-d62138fd30e0,"In the video, is the pot closed after the roti is put inside?",Yes,"Yes, the pot is closed after the roti is put inside.",Order Judging(Y/N),yes,5,"{""correct"": ""yes"", ""score"": 5}"
1095,89a95cd8-ca13-4edf-807e-d62138fd30e0,Did I use a spatula to roast the roti before placing it in the pot?,Yes,"Yes, the person used a spatula to roast the roti before placing it in the pot.",Order Judging(Y/N),yes,5,"{""correct"": ""yes"", ""score"": 5}"
1096,89a95cd8-ca13-4edf-807e-d62138fd30e0,What activity is shown just before the roti comes in contact with the pan?,The roti is picked up,"Just before the roti comes in contact with the pan, a hand is seen holding a knife and preparing to cut or slice the roti.",What event order,no,0,"{""correct"": ""no"", ""score"": 0}"
1097,2bb31b69-fcda-4f54-8338-f590944df999,What activity is depicted in this snapshot?,A card game is being played.,"The snapshot depicts a person playing a card game, likely poker or blackjack, as indicated by the cards being held and the focused demeanor of the individual.",Scene Summary,yes,5,"{""correct"": ""yes"", ""score"": 5}"
1098,2bb31b69-fcda-4f54-8338-f590944df999,Where is this scene likely taking place?,"The scene is indoors, possibly in a living room.",This scene is likely taking place in a living room.,Scene Summary,yes,5,"{""correct"": ""yes"", ""score"": 5}"
1099,2bb31b69-fcda-4f54-8338-f590944df999,What objects are present in this setting?,"Cards, a piece of paper, and a plant.","Objects present in the setting include a person sitting on the floor, playing cards, money, and various other items scattered around.",Scene Summary,no,1,"{""correct"": ""no"", ""score"": 1}"
1100,2bb31b69-fcda-4f54-8338-f590944df999,How is the room furnished?,"With a couch, a rug, and various personal items.","The room is furnished with a wooden floor, a wooden chair, and various items scattered around.",Scene Summary,no,1,"{""correct"": ""no"", ""score"": 1}"
1101,2bb31b69-fcda-4f54-8338-f590944df999,What is the approximate time of day in this scene?,It's not discernible from this image.,"The scene appears to be set during the day, as indicated by natural light and shadows.",Scene Summary,no,0,"{""correct"": ""no"", ""score"": 0}"
1102,2bb31b69-fcda-4f54-8338-f590944df999,What action is being performed with the cards?,The cards are being reshuffled.,"The action being performed with the cards is counting them, as indicated by the person's hand moving towards the cards.",Action Caption,no,0,"{""correct"": ""no"", ""score"": 0}"
1103,2bb31b69-fcda-4f54-8338-f590944df999,What is the person across doing?,The person is holding and possibly organizing cards.,"The person across is playing a card game, specifically the 'Clue' card game.",Action Caption,no,2,"{""correct"": ""no"", ""score"": 2}"
1104,2bb31b69-fcda-4f54-8338-f590944df999,What follow-up activity to shuffling is likely?,Dealing the cards to players.,The follow-up activity to shuffling is likely the person in the pink shirt and blue jacket continuing to shuffle the deck of cards.,Action Caption,no,0,"{""correct"": ""no"", ""score"": 0}"
1105,2bb31b69-fcda-4f54-8338-f590944df999,Is there more than one participant in the card activity?,Yes.,"Yes, there is another person partially visible in the frame.",Whether Something Happened(Y/N),yes,5,"{""correct"": ""yes"", ""score"": 5}"
1106,2bb31b69-fcda-4f54-8338-f590944df999,Is any reading material involved in the activity?,"Yes, there's a piece of paper being held.","Yes, there is a book visible on the floor near the person.",Whether Something Happened(Y/N),no,1,"{""correct"": ""no"", ""score"": 1}"
1107,2bb31b69-fcda-4f54-8338-f590944df999,Are any electronic devices being used in the game?,No visible electronic devices are used.,"Yes, a small electronic device is being used to play the game.",Whether Something Happened(Y/N),no,0,"{""correct"": ""no"", ""score"": 0}"
1108,2bb31b69-fcda-4f54-8338-f590944df999,Has any card been laid out on the floor?,"No, they're being held or shuffled.","Yes, a card has been laid out on the floor.",Whether Something Happened(Y/N),no,0,"{""correct"": ""no"", ""score"": 0}"
1109,2bb31b69-fcda-4f54-8338-f590944df999,What activity is taking place in the room?,Playing poker.,"The activity taking place in the room is a card game, with one person holding cards and another person gesturing towards them.",Scene Summary,no,2,"{""correct"": ""no"", ""score"": 2}"
1110,2bb31b69-fcda-4f54-8338-f590944df999,What is the setting of this clip?,"Indoors, in a room.","The setting of this clip is a cozy living room with wooden flooring, featuring a patterned rug on the floor. There are various items scattered around, including playing cards and some papers or documents.",Scene Summary,yes,5,"{""correct"": ""yes"", ""score"": 5}"
1111,2bb31b69-fcda-4f54-8338-f590944df999,What objects are visible in the scene?,"Cards, a carpet, and furniture.","A colorful patterned rug, a leopard-print shoe, and some scattered papers are visible in the scene.",Scene Summary,no,1,"{""correct"": ""no"", ""score"": 1}"
1112,2bb31b69-fcda-4f54-8338-f590944df999,Describe the atmosphere of the room.,Casual and leisurely.,"The room has a cozy and casual atmosphere, with wooden flooring, a patterned rug on the floor, various items scattered around, including a leopard print blanket, a pair of brown shoes, and some papers. The lighting is warm and ambient, contributing to the relaxed setting.",Scene Summary,yes,5,"{""correct"": ""yes"", ""score"": 5}"
1113,2bb31b69-fcda-4f54-8338-f590944df999,What precedes the dealing of cards in poker?,Reshuffling the cards.,"The video begins with a person sitting on the floor, holding a deck of cards and appearing to be in the middle of dealing them.",Action Caption,no,0,"{""correct"": ""no"", ""score"": 0}"
1114,2bb31b69-fcda-4f54-8338-f590944df999,Did someone shuffle cards in this video?,Yes.,"Yes, someone in the video is seen shuffling cards.",Whether Something Happened(Y/N),yes,5,"{""correct"": ""yes"", ""score"": 5}"
1115,2bb31b69-fcda-4f54-8338-f590944df999,Is the room set up for a large gathering?,No.,"Yes, the room is set up for a large gathering with multiple people present.",Whether Something Happened(Y/N),no,0,"{""correct"": ""no"", ""score"": 0}"
1116,2bb31b69-fcda-4f54-8338-f590944df999,Are the individuals standing in this video?,No.,"No, the individuals are sitting on the floor in this video.",Whether Something Happened(Y/N),yes,5,"{""correct"": ""yes"", ""score"": 5}"
1117,2bb31b69-fcda-4f54-8338-f590944df999,Was the deck reshuffled before playing the cards?,Yes.,"Yes, the deck was reshuffled before playing the cards.",Order Judging(Y/N),yes,5,"{""correct"": ""yes"", ""score"": 5}"
1118,2bb31b69-fcda-4f54-8338-f590944df999,What occurs just before picking up the cards?,The cards are spread on floor.,"Just before picking up the cards, a hand appears from the right side of the frame, holding two playing cards.",What event order,no,1,"{""correct"": ""no"", ""score"": 1}"
1119,2bb31b69-fcda-4f54-8338-f590944df999,What action occurs before the deck is seen in a unified stack?,Separate the cards.,"Before the deck is seen in a unified stack, the person places their hand on the table and gestures towards it.",What event order,no,0,"{""correct"": ""no"", ""score"": 0}"
1120,2bb31b69-fcda-4f54-8338-f590944df999,What is visible before I separate cards?,Floor and unorganized cards.,"Before I separate cards, there are several playing cards visible on the floor.",What event order,yes,4,"{""correct"": ""yes"", ""score"": 4}"
1121,2bb31b69-fcda-4f54-8338-f590944df999,What is the setting of the current video clip?,A room with two people playing cards.,"The setting of the current video clip is a cozy living room with wooden flooring, where two people are engaged in playing cards.",Scene Summary,yes,5,"{""correct"": ""yes"", ""score"": 5}"
1122,2bb31b69-fcda-4f54-8338-f590944df999,What objects are prominent in the video scene?,"Playing cards, a phone, and a paper.","The prominent objects in the video scene include a colorful patterned rug, various playing cards spread out on it, and some papers.",Scene Summary,no,3,"{""correct"": ""no"", ""score"": 3}"
1123,2bb31b69-fcda-4f54-8338-f590944df999,How would you characterize the atmosphere in the video?,Casual and leisurely.,"The atmosphere in the video is casual and relaxed, with a focus on leisurely activities such as playing cards.",Scene Summary,yes,5,"{""correct"": ""yes"", ""score"": 5}"
1124,2bb31b69-fcda-4f54-8338-f590944df999,What actions are being performed in the video clip?,"Shuffling, picking, and playing cards.","The actions performed in the video clip include a person holding and examining cards, another person reading from a card, and one person making hand gestures.",Action Caption,no,1,"{""correct"": ""no"", ""score"": 1}"
1125,2bb31b69-fcda-4f54-8338-f590944df999,Did the individuals reshuffle the cards in the video?,Yes.,"Yes, the individuals reshuffled the cards in the video.",Whether Something Happened(Y/N),yes,5,"{""correct"": ""yes"", ""score"": 5}"
1126,2bb31b69-fcda-4f54-8338-f590944df999,Was a phone used during the gameplay?,Yes.,"Yes, a phone was used during the gameplay.",Whether Something Happened(Y/N),yes,5,"{""correct"": ""yes"", ""score"": 5}"
1127,2bb31b69-fcda-4f54-8338-f590944df999,Was a new game started in the video clip?,Yes.,"Yes, a new game was started in the video clip.",Whether Something Happened(Y/N),yes,5,"{""correct"": ""yes"", ""score"": 5}"
1128,2bb31b69-fcda-4f54-8338-f590944df999,Did the scene capture any form of disagreement?,No.,"No, the scene does not capture any form of disagreement.",Whether Something Happened(Y/N),yes,5,"{""correct"": ""yes"", ""score"": 5}"
1129,2bb31b69-fcda-4f54-8338-f590944df999,"In the video, is the poker game started before the cards are reshuffled?",No.,"Yes, the poker game is started before the cards are reshuffled.",Order Judging(Y/N),no,0,"{""correct"": ""no"", ""score"": 0}"
1130,2bb31b69-fcda-4f54-8338-f590944df999,Is the deck spread out on the floor after picking a card?,Yes.,Yes,Order Judging(Y/N),yes,5,"{""correct"": ""yes"", ""score"": 5}"
1131,2bb31b69-fcda-4f54-8338-f590944df999,Does the card shuffling happen before sitting on the floor?,No.,"Yes, the card shuffling happens before sitting on the floor.",Order Judging(Y/N),no,0,"{""correct"": ""no"", ""score"": 0}"
1132,2bb31b69-fcda-4f54-8338-f590944df999,"In the video, is the card game initiated before sitting with the lady?",No.,"Yes, the card game is initiated before sitting with the lady.",Order Judging(Y/N),no,0,"{""correct"": ""no"", ""score"": 0}"
1133,2bb31b69-fcda-4f54-8338-f590944df999,What happens before the poker game is played in the video?,Cards are picked.,"Before the poker game is played, the person is seen sitting on a patterned rug with playing cards spread out in front of them.",What event order,no,2,"{""correct"": ""no"", ""score"": 2}"
1134,2bb31b69-fcda-4f54-8338-f590944df999,What occurs right before reshuffling the cards?,I sit with the lady.,"A hand appears, holding a card and gesturing towards the cards.",What event order,no,0,"{""correct"": ""no"", ""score"": 0}"
1135,2bb31b69-fcda-4f54-8338-f590944df999,What is done just before spreading the cards on the floor?,Cards are picked.,"Just before spreading the cards on the floor, a hand is seen holding a smartphone.",What event order,no,0,"{""correct"": ""no"", ""score"": 0}"
1136,2bb31b69-fcda-4f54-8338-f590944df999,"In the video, did I play cards before shuffling them?",No.,"Yes, you played cards before shuffling them.",Order Judging(Y/N),no,0,"{""correct"": ""no"", ""score"": 0}"
1137,2bb31b69-fcda-4f54-8338-f590944df999,"In the video, did I shuffle the cards before picking them?",Yes.,"Yes, the person in the video is seen picking up a card from the deck and then shuffling it before continuing to pick cards.",Order Judging(Y/N),no,2,"{""correct"": ""no"", ""score"": 2}"
1138,2bb31b69-fcda-4f54-8338-f590944df999,What is the action before reshuffling the cards in the video?,Separating the cards.,"Before reshuffling, the person is seen holding a card and looking at it intently.",What event order,no,1,"{""correct"": ""no"", ""score"": 1}"
1139,2bb31b69-fcda-4f54-8338-f590944df999,What is the setting of the video?,A room with two people playing poker.,"The setting of the video is a cozy living room with a wooden floor, where two people are engaged in playing cards.",Scene Summary,yes,4,"{""correct"": ""yes"", ""score"": 4}"
1140,2bb31b69-fcda-4f54-8338-f590944df999,What objects are present in the scene?,"Cards, a tablecloth, and personal items on the floor.","The objects present in the scene include a deck of playing cards, a smartphone, and some papers.",Scene Summary,no,1,"{""correct"": ""no"", ""score"": 1}"
1141,2bb31b69-fcda-4f54-8338-f590944df999,What is the main focus of the camera?,The poker game and the players' actions.,"The main focus of the camera is on a person playing cards, with their hands moving and adjusting the cards.",Scene Summary,no,2,"{""correct"": ""no"", ""score"": 2}"
1142,2bb31b69-fcda-4f54-8338-f590944df999,What stage of the game is shown?,"The preparation phase, shuffling and dealing cards.","The stage of the game shown is where one player is holding a card and appears to be in the process of making a move, possibly dealing cards or preparing for another action.",Action Caption,no,2,"{""correct"": ""no"", ""score"": 2}"
1143,2bb31b69-fcda-4f54-8338-f590944df999,Capture the essence of the action in a short phrase.,An intense poker game in progress.,"A person is seen holding a smartphone, possibly taking a selfie or recording the game.",Action Caption,no,1,"{""correct"": ""no"", ""score"": 1}"
1144,2bb31b69-fcda-4f54-8338-f590944df999,Did the person shuffle the cards more than once?,Yes.,"Yes, the person shuffled the cards multiple times.",Whether Something Happened(Y/N),yes,5,"{""correct"": ""yes"", ""score"": 5}"
1145,2bb31b69-fcda-4f54-8338-f590944df999,Is there another activity besides poker being portrayed?,No.,"Yes, there is another activity portrayed in the video where a person is seen holding and interacting with a smartphone.",Whether Something Happened(Y/N),no,0,"{""correct"": ""no"", ""score"": 0}"
1146,2bb31b69-fcda-4f54-8338-f590944df999,Are both players sitting on chairs?,"No, they are sitting on the floor.","No, only one player is sitting on a chair.",Whether Something Happened(Y/N),no,2,"{""correct"": ""no"", ""score"": 2}"
1147,2bb31b69-fcda-4f54-8338-f590944df999,"In the video, is the card reshuffling performed before picking the cards?",No,"Yes, the card reshuffling is performed before picking the cards.",Order Judging(Y/N),no,0,"{""correct"": ""no"", ""score"": 0}"
1148,2bb31b69-fcda-4f54-8338-f590944df999,Is the lady X present in the room before I reshuffle the cards?,Yes,Yes.,Order Judging(Y/N),yes,5,"{""correct"": ""yes"", ""score"": 5}"
1149,2bb31b69-fcda-4f54-8338-f590944df999,Do I play the cards before lady X picks her phone?,No,"No, the video does not show any action of playing the cards before lady X picks her phone.",Order Judging(Y/N),yes,5,"{""correct"": ""yes"", ""score"": 5}"
1150,2bb31b69-fcda-4f54-8338-f590944df999,Are the cards picked before they are played?,Yes,"Yes, the cards are picked before they are played.",Order Judging(Y/N),yes,5,"{""correct"": ""yes"", ""score"": 5}"
1151,2bb31b69-fcda-4f54-8338-f590944df999,What happens just before the cards are played in the video?,The cards are reshuffled.,"Just before the cards are played, a hand holding a white cup appears and takes a sip from it.",What event order,no,0,"{""correct"": ""no"", ""score"": 0}"
1152,2bb31b69-fcda-4f54-8338-f590944df999,What do we see happening just before the cards are picked?,The cards are reshuffled.,"Just before the cards are picked, a hand holding a white cup appears and places it on the table.",What event order,no,0,"{""correct"": ""no"", ""score"": 0}"
1153,2bb31b69-fcda-4f54-8338-f590944df999,What action takes place before reshuffling the cards?,The cards are picked.,"Before reshuffling, the person in the purple shirt is seen holding a white cloth and appears to be preparing for the next round of cards.",What event order,no,0,"{""correct"": ""no"", ""score"": 0}"
1154,2bb31b69-fcda-4f54-8338-f590944df999,"Before the poker game begins, what is the last action performed?",The cards are reshuffled.,"The last action performed is the person in the purple shirt holding a white cup, possibly to take a sip.",What event order,no,0,"{""correct"": ""no"", ""score"": 0}"
1155,2bb31b69-fcda-4f54-8338-f590944df999,Did the card reshuffling happen before picking the cards?,No,"Yes, the card reshuffling happened before picking the cards.",Order Judging(Y/N),no,0,"{""correct"": ""no"", ""score"": 0}"
1156,2bb31b69-fcda-4f54-8338-f590944df999,Was playing cards done after picking the cards?,Yes,"Yes, after picking the cards, both hands were seen holding the playing cards.",Order Judging(Y/N),yes,5,"{""correct"": ""yes"", ""score"": 5}"
1157,2bb31b69-fcda-4f54-8338-f590944df999,What happened just before playing poker cards?,Reshuffled the cards,"Just before playing poker cards, the person in the video was seen holding a white cup and gesturing with their hand.",What event order,no,0,"{""correct"": ""no"", ""score"": 0}"
1158,2bb31b69-fcda-4f54-8338-f590944df999,What occurs right before reshuffling the cards?,Picked the cards,"A hand holding a white cup appears, and the person shakes it to shake out any remaining cards.",What event order,no,0,"{""correct"": ""no"", ""score"": 0}"
1159,2bb31b69-fcda-4f54-8338-f590944df999,What action took place just before picking the cards?,Reshuffled the cards,"Just before picking the cards, a hand holding a white cup was seen reaching towards the playing cards.",What event order,no,0,"{""correct"": ""no"", ""score"": 0}"
1160,2bb31b69-fcda-4f54-8338-f590944df999,What environment is presented in the video?,A casual indoor space with a card game being played.,"The video is set in a cozy, indoor environment with a person sitting on the floor playing cards and a drink.",Scene Summary,yes,5,"{""correct"": ""yes"", ""score"": 5}"
1161,2bb31b69-fcda-4f54-8338-f590944df999,What sequence of actions is depicted here?,"Selecting, organizing, and using cards in a game is depicted.","The sequence of actions depicted in the video is as follows: 1) The person holding a white cup sits on the floor, drinks from it, and then places their hands together. 2) Another person appears to be playing cards with them, while the first person continues to drink from the white cup. 3) The second person takes out a small object, possibly a card or a piece of paper, and starts examining it closely.",Action Caption,no,1,"{""correct"": ""no"", ""score"": 1}"
1162,2bb31b69-fcda-4f54-8338-f590944df999,How are the participants utilizing the items?,They are using cards for a recreational activity.,"The participants are using the items to engage in a card game, with one person holding cards and another holding a smartphone.",Action Caption,yes,5,"{""correct"": ""yes"", ""score"": 5}"
1163,2bb31b69-fcda-4f54-8338-f590944df999,Is there a competitive game being played in this scene?,Yes.,"Yes, there is a card game being played and one of the players is holding cards.",Whether Something Happened(Y/N),yes,5,"{""correct"": ""yes"", ""score"": 5}"
1164,2bb31b69-fcda-4f54-8338-f590944df999,Has any card been placed face-up on the carpet?,Yes.,"Yes, a card has been placed face-up on the carpet.",Whether Something Happened(Y/N),yes,5,"{""correct"": ""yes"", ""score"": 5}"
1165,2bb31b69-fcda-4f54-8338-f590944df999,Are there drinks present on the floor beside the players?,Yes.,"Yes, there are drinks present on the floor beside the players.",Whether Something Happened(Y/N),yes,5,"{""correct"": ""yes"", ""score"": 5}"
1166,2bb31b69-fcda-4f54-8338-f590944df999,Is there a document visible on the floor?,Yes.,Yes.,Whether Something Happened(Y/N),yes,5,"{""correct"": ""yes"", ""score"": 5}"
1167,2bb31b69-fcda-4f54-8338-f590944df999,Are both participants actively selecting cards?,Yes.,"Yes, both participants are actively selecting cards.",Whether Something Happened(Y/N),yes,5,"{""correct"": ""yes"", ""score"": 5}"
1168,2bb31b69-fcda-4f54-8338-f590944df999,Is the poker game played before reshuffling the cards?,No,"Yes, the poker game is played before reshuffling the cards.",Order Judging(Y/N),no,0,"{""correct"": ""no"", ""score"": 0}"
1169,2bb31b69-fcda-4f54-8338-f590944df999,What action is performed immediately before reshuffling?,Picking the cards,"Before reshuffling, the person holding a card is seen placing it on top of another card.",What event order,no,1,"{""correct"": ""no"", ""score"": 1}"
1170,2bb31b69-fcda-4f54-8338-f590944df999,Was the poker card played after the cards were picked?,Yes.,"Yes, the cards were picked up from the table and placed on a card stand in front of the person holding the white cup.",Order Judging(Y/N),yes,5,"{""correct"": ""yes"", ""score"": 5}"
1171,2bb31b69-fcda-4f54-8338-f590944df999,What action occurs before playing the card game?,Separating cards.,"Before playing the card game, a person is seen holding a white cup and drinking from it.",What event order,no,0,"{""correct"": ""no"", ""score"": 0}"
1172,2bb31b69-fcda-4f54-8338-f590944df999,What is done just before reshuffling the cards?,Picking the cards.,"Just before reshuffling the cards, one of the hands is seen holding a card and appears to be counting or organizing it.",What event order,no,1,"{""correct"": ""no"", ""score"": 1}"
1173,2bb31b69-fcda-4f54-8338-f590944df999,What is the main setting of this scene?,The setting is a room where a poker card game is being played.,The main setting of this scene is a cozy living room where two people are engaged in playing cards.,Scene Summary,no,2,"{""correct"": ""no"", ""score"": 2}"
1174,2bb31b69-fcda-4f54-8338-f590944df999,How many participants are involved in the card game?,There are two participants in the card game.,Two participants are involved in the card game.,Scene Summary,yes,5,"{""correct"": ""yes"", ""score"": 5}"
1175,2bb31b69-fcda-4f54-8338-f590944df999,What objects are primarily visible on the table?,Visible objects include poker cards and scattered items.,The objects primarily visible on the table are playing cards and a glass.,Scene Summary,no,2,"{""correct"": ""no"", ""score"": 2}"
1176,2bb31b69-fcda-4f54-8338-f590944df999,Describe the sequence of actions with the poker cards.,"The poker cards are picked up, shuffled, then played in turns.","The sequence of actions begins with the person holding a deck of cards, preparing to shuffle them. They then pick up a cup and take a sip from it while continuing to shuffle the cards. The person continues to shuffle the cards, occasionally looking at their hands as they do so. After finishing shuffling, they place the shuffled cards back on the table.",Action Caption,no,1,"{""correct"": ""no"", ""score"": 1}"
1177,2bb31b69-fcda-4f54-8338-f590944df999,Did I carry out a reshuffle of the poker cards?,Yes.,"Yes, you did.",Whether Something Happened(Y/N),yes,5,"{""correct"": ""yes"", ""score"": 5}"
1178,2bb31b69-fcda-4f54-8338-f590944df999,Was a complete poker game played in this clip?,Yes.,"Yes, the video shows a complete poker game being played by two individuals.",Whether Something Happened(Y/N),yes,5,"{""correct"": ""yes"", ""score"": 5}"
1179,2bb31b69-fcda-4f54-8338-f590944df999,Did the game involve more than two players?,No.,"Yes, the game involved more than two players.",Whether Something Happened(Y/N),no,0,"{""correct"": ""no"", ""score"": 0}"
1180,2bb31b69-fcda-4f54-8338-f590944df999,Did I participate in dealing the cards?,Yes.,"Yes, you participated in dealing the cards.",Whether Something Happened(Y/N),yes,5,"{""correct"": ""yes"", ""score"": 5}"
1181,2bb31b69-fcda-4f54-8338-f590944df999,"In the video, did the card shuffling happen before playing the game?",Yes.,"Yes, the card shuffling happened before playing the game.",Order Judging(Y/N),yes,5,"{""correct"": ""yes"", ""score"": 5}"
1182,2bb31b69-fcda-4f54-8338-f590944df999,Did the playing of poker cards occur before reshuffling the cards?,No.,"Yes, the playing of poker cards occurred before reshuffling the cards.",Order Judging(Y/N),no,0,"{""correct"": ""no"", ""score"": 0}"
1183,2bb31b69-fcda-4f54-8338-f590944df999,Did picking the cards happen after playing the card game?,No.,"Yes, the person holding the cards appears to be in the process of picking them up from the table.",Order Judging(Y/N),no,0,"{""correct"": ""no"", ""score"": 0}"
1184,2bb31b69-fcda-4f54-8338-f590944df999,What happens just before playing the poker card game in the video?,Reshuffling the cards.,"Just before playing the poker card game, the person holding the cup takes a sip from it.",What event order,no,0,"{""correct"": ""no"", ""score"": 0}"
1185,2bb31b69-fcda-4f54-8338-f590944df999,What occurs directly before playing the card game?,Separating the cards.,"Before playing the card game, a person is seen holding a cup and drinking from it.",What event order,no,0,"{""correct"": ""no"", ""score"": 0}"
1186,2bb31b69-fcda-4f54-8338-f590944df999,"In the video, was the poker card played before they were reshuffled?",No,"Yes, the poker card was played before they were reshuffled.",Order Judging(Y/N),no,0,"{""correct"": ""no"", ""score"": 0}"
1187,2bb31b69-fcda-4f54-8338-f590944df999,"In the clip, was the poker card reshuffled after card separation?",Yes,"Yes, the poker card was reshuffled after card separation.",Order Judging(Y/N),yes,5,"{""correct"": ""yes"", ""score"": 5}"
1188,2bb31b69-fcda-4f54-8338-f590944df999,What occurs just before playing the poker card in the video?,Reshuffling the cards,"Just before playing the poker card, the person is seen holding a cup and drinking from it.",What event order,no,0,"{""correct"": ""no"", ""score"": 0}"
1189,2bb31b69-fcda-4f54-8338-f590944df999,"In the video, what event precedes playing the card game?",Separating cards,"The event that precedes playing the card game is a person holding money and a cup, possibly preparing to play or having just finished.",What event order,no,0,"{""correct"": ""no"", ""score"": 0}"
1190,2bb31b69-fcda-4f54-8338-f590944df999,What does this video clip depict in the room scene?,The video shows a card game session in a room.,"The video clip depicts a person sitting on the floor in a room, playing cards with money.",Scene Summary,yes,4,"{""correct"": ""yes"", ""score"": 4}"
1191,2bb31b69-fcda-4f54-8338-f590944df999,What can you infer about the location in the video?,"It is a casual, home-like space with a seated person.","The location appears to be a casual indoor setting, possibly a living room or a similar space. The presence of the playing cards and money suggests that this might be a social gathering or a game session involving card games and cash transactions.",Scene Summary,yes,4,"{""correct"": ""yes"", ""score"": 4}"
1192,2bb31b69-fcda-4f54-8338-f590944df999,Do these frames show any specific action with the cards?,"Yes, the cards are being reshuffled by the person.","Yes, the frames show a hand holding a card being shown to another person.",Action Caption,no,1,"{""correct"": ""no"", ""score"": 1}"
1193,2bb31b69-fcda-4f54-8338-f590944df999,Did the scene show a game in progress?,Yes.,"Yes, the scene shows a game in progress as indicated by the cards being dealt and the person holding the card with their hand raised.",Whether Something Happened(Y/N),yes,5,"{""correct"": ""yes"", ""score"": 5}"
1194,2bb31b69-fcda-4f54-8338-f590944df999,Was there a card shuffle taking place?,Yes.,"Yes, there was a card shuffle taking place.",Whether Something Happened(Y/N),yes,5,"{""correct"": ""yes"", ""score"": 5}"
1195,2bb31b69-fcda-4f54-8338-f590944df999,Did they play the cards on a traditional table?,No.,"No, they played the cards on a small table.",Whether Something Happened(Y/N),yes,5,"{""correct"": ""yes"", ""score"": 5}"
1196,2bb31b69-fcda-4f54-8338-f590944df999,Was the person alone in this activity?,No.,"Yes, the person was alone in this activity.",Whether Something Happened(Y/N),no,0,"{""correct"": ""no"", ""score"": 0}"
1197,2bb31b69-fcda-4f54-8338-f590944df999,Did the video capture an outdoor event?,No.,"No, the video does not capture an outdoor event. It focuses on a person playing cards indoors.",Whether Something Happened(Y/N),yes,5,"{""correct"": ""yes"", ""score"": 5}"
1198,2bb31b69-fcda-4f54-8338-f590944df999,What action takes place immediately before the carpet is covered?,Sitting down.,"Before the carpet is covered, a hand holding a smartphone appears and starts to interact with it.",What event order,no,0,"{""correct"": ""no"", ""score"": 0}"
1199,2bb31b69-fcda-4f54-8338-f590944df999,Is the card game played before reshuffling the cards?,No,"Yes, the card game is played before reshuffling the cards.",Order Judging(Y/N),no,0,"{""correct"": ""no"", ""score"": 0}"
1200,2bb31b69-fcda-4f54-8338-f590944df999,Is picking the cards shown before separating them?,Yes,"Yes, the person is seen picking up a card from the deck and then placing it back into the deck.",Order Judging(Y/N),yes,5,"{""correct"": ""yes"", ""score"": 5}"
1201,2bb31b69-fcda-4f54-8338-f590944df999,Does separating cards happen before reshuffling?,Yes,"Yes, before reshuffling, the cards are separated and placed on a table.",Order Judging(Y/N),yes,5,"{""correct"": ""yes"", ""score"": 5}"
1202,2bb31b69-fcda-4f54-8338-f590944df999,Is reshuffling the cards shown before playing poker?,Yes,"Yes, the person is seen holding a deck of cards and preparing to reshuffle them before starting to play poker.",Order Judging(Y/N),yes,5,"{""correct"": ""yes"", ""score"": 5}"
1203,2bb31b69-fcda-4f54-8338-f590944df999,Does picking cards occur before playing the card game?,Yes,"Yes, the person is seen holding a card and appears to be preparing to pick it up from the deck.",Order Judging(Y/N),yes,5,"{""correct"": ""yes"", ""score"": 5}"
1204,2bb31b69-fcda-4f54-8338-f590944df999,What is the current setting in the video clip?,A room where a card game is being played.,"The setting is a cozy room with a person sitting on the floor, playing cards and money.",Scene Summary,yes,4,"{""correct"": ""yes"", ""score"": 4}"
1205,2bb31b69-fcda-4f54-8338-f590944df999,What objects are central to the scene in the video?,A deck of poker cards.,The central objects in the scene are a deck of playing cards and two hands holding them.,Scene Summary,yes,5,"{""correct"": ""yes"", ""score"": 5}"
1206,2bb31b69-fcda-4f54-8338-f590944df999,What is the main focus of the scene?,The act of playing a poker game.,"The main focus of the scene is a person playing cards, with another individual holding money and interacting with them.",Scene Summary,no,3,"{""correct"": ""no"", ""score"": 3}"
1207,2bb31b69-fcda-4f54-8338-f590944df999,Detail the sequence of actions with the cards.,"Cards are being selected, shuffled, and dealt for poker.","The sequence of actions begins with the person holding a deck of cards, which is being passed from one hand to another. The hands are seen moving around the table, possibly discussing or explaining something related to the game.",Action Caption,no,1,"{""correct"": ""no"", ""score"": 1}"
1208,2bb31b69-fcda-4f54-8338-f590944df999,Does the scene show a poker game in action?,Yes.,"Yes, the scene shows a poker game in action.",Whether Something Happened(Y/N),yes,5,"{""correct"": ""yes"", ""score"": 5}"
1209,2bb31b69-fcda-4f54-8338-f590944df999,Does the video include a moment of card shuffling?,Yes.,"Yes, the video includes a moment of card shuffling where one hand is holding cards and another is reaching for them.",Whether Something Happened(Y/N),yes,5,"{""correct"": ""yes"", ""score"": 5}"
1210,2bb31b69-fcda-4f54-8338-f590944df999,Is a card game being organized on a carpet?,Yes.,Yes,Whether Something Happened(Y/N),yes,5,"{""correct"": ""yes"", ""score"": 5}"
1211,2bb31b69-fcda-4f54-8338-f590944df999,Does the clip show someone dealing cards?,Yes.,"Yes, the clip shows someone dealing cards.",Whether Something Happened(Y/N),yes,5,"{""correct"": ""yes"", ""score"": 5}"
1212,2bb31b69-fcda-4f54-8338-f590944df999,Is the lady sitting on the floor while playing cards?,Yes.,Yes,Whether Something Happened(Y/N),yes,5,"{""correct"": ""yes"", ""score"": 5}"
1213,2bb31b69-fcda-4f54-8338-f590944df999,Did the card shuffling happen before playing cards?,Yes,"Yes, the card shuffling happened before playing cards.",Order Judging(Y/N),yes,5,"{""correct"": ""yes"", ""score"": 5}"
1214,2bb31b69-fcda-4f54-8338-f590944df999,Was the room entered before the cards were reshuffled?,Yes,"Yes, the room was entered before the cards were reshuffled.",Order Judging(Y/N),yes,5,"{""correct"": ""yes"", ""score"": 5}"
1215,2bb31b69-fcda-4f54-8338-f590944df999,Did card shuffling occur before the cards were picked?,No,"Yes, the card shuffling occurred before the cards were picked.",Order Judging(Y/N),no,0,"{""correct"": ""no"", ""score"": 0}"
1216,2bb31b69-fcda-4f54-8338-f590944df999,What action is performed right before playing cards?,Reshuffling the cards,"A hand holding a smartphone is shown, likely preparing to make a call or send an SMS.",What event order,no,0,"{""correct"": ""no"", ""score"": 0}"
1217,2bb31b69-fcda-4f54-8338-f590944df999,What happens just before reshuffling the cards?,Picking up the cards,"Just before reshuffling, the person holding the card in their hand is seen shaking it around to ensure all cards are visible.",What event order,no,1,"{""correct"": ""no"", ""score"": 1}"
1218,2bb31b69-fcda-4f54-8338-f590944df999,What is done immediately before picking up cards?,Entering the room,"Before picking up cards, the person is seen holding a smartphone and appears to be looking at it.",What event order,no,0,"{""correct"": ""no"", ""score"": 0}"
1219,2bb31b69-fcda-4f54-8338-f590944df999,What takes place immediately after reshuffling cards?,Playing cards,"After reshuffling cards, the person in the foreground starts to shake their hands and gestures towards the camera.",What event order,no,0,"{""correct"": ""no"", ""score"": 0}"
1220,2bb31b69-fcda-4f54-8338-f590944df999,"In the video, is the poker game started before reshuffling the cards?",No,"Yes, the poker game is started before reshuffling the cards.",Order Judging(Y/N),no,0,"{""correct"": ""no"", ""score"": 0}"
1221,2bb31b69-fcda-4f54-8338-f590944df999,"In the video, is the poker game initiated before the cards are spread out on the floor?",Yes,"Yes, the poker game is initiated before the cards are spread out on the floor.",Order Judging(Y/N),yes,5,"{""correct"": ""yes"", ""score"": 5}"
1222,2bb31b69-fcda-4f54-8338-f590944df999,What happens just before the cards are reshuffled in the video?,The cards are picked up,"Just before the cards are reshuffled, a hand holding a smartphone appears and starts to flip through the cards.",What event order,no,1,"{""correct"": ""no"", ""score"": 1}"
1223,2bb31b69-fcda-4f54-8338-f590944df999,What happens immediately before the cards are spread out on the floor?,Poker game is played,"Before the cards are spread out on the floor, a hand holding a smartphone appears and starts to flip through it.",What event order,no,0,"{""correct"": ""no"", ""score"": 0}"
1224,2bb31b69-fcda-4f54-8338-f590944df999,What activity is being depicted in this room?,A card game is being played in the room.,"The activity depicted in the room is a card game, specifically playing cards.",Scene Summary,yes,5,"{""correct"": ""yes"", ""score"": 5}"
1225,2bb31b69-fcda-4f54-8338-f590944df999,What can you deduce about the space shown?,"It's a lived-in room with a casual, cozy setting.","The space shown is a cozy room with wooden flooring, where the individuals are seated on a patterned rug. The room has a relaxed and casual atmosphere, indicated by the presence of a cup and a smartphone near the person holding money.",Scene Summary,yes,5,"{""correct"": ""yes"", ""score"": 5}"
1226,2bb31b69-fcda-4f54-8338-f590944df999,Where are the players sitting in the scenario?,The players are seated on the floor.,"The players are sitting on the floor in a cozy, indoor setting.",Scene Summary,yes,5,"{""correct"": ""yes"", ""score"": 5}"
1227,2bb31b69-fcda-4f54-8338-f590944df999,What are the visible objects associated with the activity?,Playing cards and casual footwear are visible.,"The visible objects associated with the activity include a smartphone, money, playing cards, and a cup.",Scene Summary,no,2,"{""correct"": ""no"", ""score"": 2}"
1228,2bb31b69-fcda-4f54-8338-f590944df999,Does playing poker occur after picking cards?,Yes,"Yes, after picking cards, the person holding a card is seen placing it on the table.",Order Judging(Y/N),yes,5,"{""correct"": ""yes"", ""score"": 5}"
1229,2bb31b69-fcda-4f54-8338-f590944df999,Are cards picked before reshuffling?,Yes,"Yes, the cards are picked before reshuffling.",Order Judging(Y/N),yes,5,"{""correct"": ""yes"", ""score"": 5}"
1230,2bb31b69-fcda-4f54-8338-f590944df999,Is the poker card played after reshuffling?,Yes,"Yes, the poker card is being played after reshuffling.",Order Judging(Y/N),yes,5,"{""correct"": ""yes"", ""score"": 5}"
1231,2bb31b69-fcda-4f54-8338-f590944df999,What happens just before reshuffling the cards?,Picking the cards,"Just before reshuffling the cards, one of the players reaches out to grab a card from the deck.",What event order,yes,5,"{""correct"": ""yes"", ""score"": 5}"
1232,2bb31b69-fcda-4f54-8338-f590944df999,"In the video, is a card picked up before reshuffling the deck?",No,"Yes, a card is picked up before reshuffling the deck.",Order Judging(Y/N),no,0,"{""correct"": ""no"", ""score"": 0}"
1233,2bb31b69-fcda-4f54-8338-f590944df999,"In the video, does playing cards occur before picking any card from the deck?",No,"Yes, the video shows a person holding a card and interacting with another person who is also playing cards.",Order Judging(Y/N),no,0,"{""correct"": ""no"", ""score"": 0}"
1234,2bb31b69-fcda-4f54-8338-f590944df999,"In the video, what happens before reshuffling the cards?",Picking up the cards,"Before reshuffling the cards, one of the players is seen holding a small object and appears to be explaining something.",What event order,no,0,"{""correct"": ""no"", ""score"": 0}"
1235,2bb31b69-fcda-4f54-8338-f590944df999,What takes place just after the cards are picked up?,Reshuffling the cards,"After the cards are picked up, a hand reaches out to pick up one of the playing cards.",What event order,no,1,"{""correct"": ""no"", ""score"": 1}"
1236,2bb31b69-fcda-4f54-8338-f590944df999,What is done right after reshuffling the deck?,Playing poker cards,"After reshuffling the deck, the person holding a card is seen placing it on top of the cards in front of them.",What event order,no,1,"{""correct"": ""no"", ""score"": 1}"
1237,2bb31b69-fcda-4f54-8338-f590944df999,What is the setting of the scene depicted?,The setting is inside a room with two individuals playing poker.,"The scene is set in a cozy living room with a patterned rug, where two people are engaged in playing cards.",Scene Summary,yes,4,"{""correct"": ""yes"", ""score"": 4}"
1238,2bb31b69-fcda-4f54-8338-f590944df999,What objects are prominent in this scene?,Poker cards and hands are prominent in the scene.,"The prominent objects in this scene include a deck of playing cards, a smartphone, and a small white cup.",Scene Summary,no,1,"{""correct"": ""no"", ""score"": 1}"
1239,2bb31b69-fcda-4f54-8338-f590944df999,Is there a card game being played in this video?,Yes.,"Yes, there is a card game being played in this video.",Whether Something Happened(Y/N),yes,5,"{""correct"": ""yes"", ""score"": 5}"
1240,2bb31b69-fcda-4f54-8338-f590944df999,Does this video show a person dealing cards?,Yes.,"Yes, the video shows a person dealing cards.",Whether Something Happened(Y/N),yes,5,"{""correct"": ""yes"", ""score"": 5}"
1241,2bb31b69-fcda-4f54-8338-f590944df999,Are the poker cards being reshuffled in this scene?,Yes.,"Yes, the poker cards are being reshuffled in this scene.",Whether Something Happened(Y/N),yes,5,"{""correct"": ""yes"", ""score"": 5}"
1242,2bb31b69-fcda-4f54-8338-f590944df999,Did the card reshuffling occur before playing poker?,Yes.,"Yes, the card reshuffling occurred before playing poker.",Order Judging(Y/N),yes,5,"{""correct"": ""yes"", ""score"": 5}"
1243,2bb31b69-fcda-4f54-8338-f590944df999,Do I wear blue sleeves before the lady reads a card?,Yes.,"Yes, the lady is wearing blue sleeves before she reads a card.",Order Judging(Y/N),yes,5,"{""correct"": ""yes"", ""score"": 5}"
1244,2bb31b69-fcda-4f54-8338-f590944df999,Are poker cards spread on the carpet before organizing them into rows?,Yes.,"Yes, poker cards are spread out on the carpet before organizing them into rows.",Order Judging(Y/N),yes,5,"{""correct"": ""yes"", ""score"": 5}"
1245,2bb31b69-fcda-4f54-8338-f590944df999,Is the picking of cards done before reshuffling?,No,"Yes, the picking of cards is done before reshuffling.",Order Judging(Y/N),no,0,"{""correct"": ""no"", ""score"": 0}"
1246,2bb31b69-fcda-4f54-8338-f590944df999,Is playing poker done after reshuffling cards?,Yes,"Yes, after reshuffling the cards, the person is seen holding a card and looking at it with a focused expression.",Order Judging(Y/N),yes,5,"{""correct"": ""yes"", ""score"": 5}"
1247,2bb31b69-fcda-4f54-8338-f590944df999,Does the reshuffling occur before arranging cards on the floor?,Yes,"Yes, the reshuffling occurs before arranging cards on the floor.",Order Judging(Y/N),yes,5,"{""correct"": ""yes"", ""score"": 5}"
1248,2bb31b69-fcda-4f54-8338-f590944df999,What takes place right before picking cards?,Sitting in the room,"Before picking cards, the person is seen holding a card and looking at it closely.",What event order,no,1,"{""correct"": ""no"", ""score"": 1}"
1249,2bb31b69-fcda-4f54-8338-f590944df999,What activity is taking place in this clip?,Playing cards with a woman.,"The activity taking place in this clip is a card game, specifically playing cards.",Scene Summary,no,3,"{""correct"": ""no"", ""score"": 3}"
1250,2bb31b69-fcda-4f54-8338-f590944df999,What is the setting of this scene?,Inside a house.,"The setting of this scene is a cozy indoor environment, likely a living room or a similar space.",Scene Summary,yes,5,"{""correct"": ""yes"", ""score"": 5}"
1251,2bb31b69-fcda-4f54-8338-f590944df999,What objects are prominently featured in this clip?,Cards and a carpet.,"The objects prominently featured in this clip are a deck of playing cards, money, and a smartphone.",Scene Summary,no,1,"{""correct"": ""no"", ""score"": 1}"
1252,2bb31b69-fcda-4f54-8338-f590944df999,What is the atmosphere in this scene?,Casual indoor leisure.,"The atmosphere in this scene is casual and relaxed, with the participants enjoying a card game.",Scene Summary,yes,4,"{""correct"": ""yes"", ""score"": 4}"
1253,2bb31b69-fcda-4f54-8338-f590944df999,Is there any interaction between the players?,"Yes, they are playing a game together.","Yes, the player on the right is seen making a hand gesture while holding cards, possibly indicating a decision or action related to the game.",Action Caption,yes,4,"{""correct"": ""yes"", ""score"": 4}"
1254,2bb31b69-fcda-4f54-8338-f590944df999,Can you describe the table setup for the game?,Cards are spread out haphazardly on the carpet.,"The table setup includes a white mug, a pink cup, and some scattered papers.",Action Caption,no,0,"{""correct"": ""no"", ""score"": 0}"
1255,2bb31b69-fcda-4f54-8338-f590944df999,How are the players seated during the game?,They are sitting cross-legged on the floor.,"The players are seated on the floor, with one player sitting cross-legged and holding a card in their hand.",Action Caption,no,3,"{""correct"": ""no"", ""score"": 3}"
1256,2bb31b69-fcda-4f54-8338-f590944df999,Did the game just start?,"No, it is in progress as cards are already spread out.","Yes, the game seems to have just started as indicated by the cards being laid out on the table and the person in the foreground holding a card.",Whether Something Happened(Y/N),no,0,"{""correct"": ""no"", ""score"": 0}"
1257,2bb31b69-fcda-4f54-8338-f590944df999,Did reshuffling the cards happen before playing the poker cards?,Yes.,"Yes, the cards were reshuffled before playing the poker cards.",Order Judging(Y/N),yes,5,"{""correct"": ""yes"", ""score"": 5}"
1258,2bb31b69-fcda-4f54-8338-f590944df999,Did laying out the cards on the floor occur after sitting down?,Yes.,"Yes, the cards were laid out on the floor after sitting down.",Order Judging(Y/N),yes,5,"{""correct"": ""yes"", ""score"": 5}"
1259,2bb31b69-fcda-4f54-8338-f590944df999,Did the game of cards start after the cards were laid out?,Yes.,"Yes, the game of cards began after the cards were laid out.",Order Judging(Y/N),yes,5,"{""correct"": ""yes"", ""score"": 5}"
1260,2bb31b69-fcda-4f54-8338-f590944df999,Did I play cards before reshuffling them?,No,"Yes, you can see the cards being shuffled in front of you.",Order Judging(Y/N),no,0,"{""correct"": ""no"", ""score"": 0}"
1261,2bb31b69-fcda-4f54-8338-f590944df999,Was the rug visible before I dealt the cards?,Yes,"Yes, the rug was visible before I dealt the cards.",Order Judging(Y/N),yes,5,"{""correct"": ""yes"", ""score"": 5}"
1262,2bb31b69-fcda-4f54-8338-f590944df999,Did I spread cards on the floor before sitting down?,Yes,"Yes, the person sitting down placed cards on the floor before sitting down.",Order Judging(Y/N),yes,5,"{""correct"": ""yes"", ""score"": 5}"
1263,2bb31b69-fcda-4f54-8338-f590944df999,Were cards in my hand before reshuffling?,No,"Yes, the person in the foreground is holding a card and appears to be reshuffling it.",Order Judging(Y/N),no,0,"{""correct"": ""no"", ""score"": 0}"
1264,2bb31b69-fcda-4f54-8338-f590944df999,Was I seated before the cards were displayed face-up?,Yes,"Yes, you were seated before the cards were displayed face-up.",Order Judging(Y/N),yes,5,"{""correct"": ""yes"", ""score"": 5}"
1265,2bb31b69-fcda-4f54-8338-f590944df999,What happened just before playing cards?,Reshuffled the cards,"Just before playing cards, the person in the foreground was seen holding a card and gesturing with their hand.",What event order,no,1,"{""correct"": ""no"", ""score"": 1}"
1266,2bb31b69-fcda-4f54-8338-f590944df999,What happened before reshuffling the cards?,Sat in the room,"Before reshuffling, the person was seen holding a card and gesturing with their hand.",What event order,no,1,"{""correct"": ""no"", ""score"": 1}"
1267,2bb31b69-fcda-4f54-8338-f590944df999,What did I do before spreading cards on the floor?,Reshuffled them,"Before spreading cards on the floor, the person was seen holding a card and gesturing with their hand.",What event order,no,1,"{""correct"": ""no"", ""score"": 1}"
1268,2bb31b69-fcda-4f54-8338-f590944df999,What action took place before sitting down?,Entered the room,"Before sitting down, the person was seen holding a card and gesturing with their hand.",What event order,no,0,"{""correct"": ""no"", ""score"": 0}"
1269,2bb31b69-fcda-4f54-8338-f590944df999,What activity is being performed in the scene?,Playing cards is the activity.,"The activity being performed in the scene is playing a card game, specifically poker.",Scene Summary,yes,5,"{""correct"": ""yes"", ""score"": 5}"
1270,2bb31b69-fcda-4f54-8338-f590944df999,How many individuals are participating in the activity?,Two individuals are participating.,Two individuals are participating in the activity.,Scene Summary,yes,5,"{""correct"": ""yes"", ""score"": 5}"
1271,2bb31b69-fcda-4f54-8338-f590944df999,Can you describe the setting of the video clip?,"The setting is indoors, on the floor with a rug.","The video is set in a cozy room with a wooden floor, where two people are seated on the floor. The person on the left is holding a deck of cards and appears to be playing a card game, while the person on the right is holding money and seems to be counting or organizing it.",Scene Summary,no,2,"{""correct"": ""no"", ""score"": 2}"
1272,2bb31b69-fcda-4f54-8338-f590944df999,What is the gender composition of the participants?,One male and one female are participating.,"The gender composition of the participants is not explicitly stated, but it appears to be a mix of genders.",Scene Summary,no,1,"{""correct"": ""no"", ""score"": 1}"
1273,2bb31b69-fcda-4f54-8338-f590944df999,How are the participants positioned in the clip?,They are sitting on the floor.,"The participants are positioned on the floor, with one person sitting and holding a deck of cards.",Action Caption,yes,4,"{""correct"": ""yes"", ""score"": 4}"
1274,2bb31b69-fcda-4f54-8338-f590944df999,Describe the interaction between the individuals.,They are engaged in a card game.,"The interaction between the individuals is focused and engaging, with one person holding a deck of cards and another holding money. The person with the cards appears to be explaining or discussing something related to the game, while the other individual seems to be listening attentively.",Action Caption,yes,4,"{""correct"": ""yes"", ""score"": 4}"
1275,2bb31b69-fcda-4f54-8338-f590944df999,Are there any other objects involved in the action?,"Yes, a deck of cards is involved.","Yes, there is a small white cup with a straw on the floor near the person holding the money.",Action Caption,no,1,"{""correct"": ""no"", ""score"": 1}"
1276,2bb31b69-fcda-4f54-8338-f590944df999,Is there a competitive activity occurring in the video?,Yes.,"Yes, the person on the right is holding a deck of cards and appears to be making a hand gesture, possibly indicating a decision or action related to the game.",Whether Something Happened(Y/N),yes,5,"{""correct"": ""yes"", ""score"": 5}"
1277,2bb31b69-fcda-4f54-8338-f590944df999,Is there a visible winner in the card game?,No.,"Yes, the person on the right is seen holding a card with a red heart symbol and appears to be in control of the game.",Whether Something Happened(Y/N),no,0,"{""correct"": ""no"", ""score"": 0}"
1278,2bb31b69-fcda-4f54-8338-f590944df999,Did I pick up a card before shuffling the deck?,No,"Yes, you picked up a card before shuffling the deck.",Order Judging(Y/N),no,0,"{""correct"": ""no"", ""score"": 0}"
1279,2bb31b69-fcda-4f54-8338-f590944df999,Was the woman seen holding cards before I laid mine on the floor?,Yes,"Yes, the woman was seen holding cards before I laid mine on the floor.",Order Judging(Y/N),yes,5,"{""correct"": ""yes"", ""score"": 5}"
1280,2bb31b69-fcda-4f54-8338-f590944df999,Did I deal cards to the woman before sitting down?,No,"Yes, the woman was seen holding cards before sitting down.",Order Judging(Y/N),no,0,"{""correct"": ""no"", ""score"": 0}"
1281,2bb31b69-fcda-4f54-8338-f590944df999,Did the woman adjust her glasses before smiling at me?,Yes,"Yes, she adjusted her glasses before smiling at me.",Order Judging(Y/N),yes,5,"{""correct"": ""yes"", ""score"": 5}"
1282,2bb31b69-fcda-4f54-8338-f590944df999,Was the woman's sock visible before she crossed her legs?,Yes,"Yes, the woman's sock was visible before she crossed her legs.",Order Judging(Y/N),yes,5,"{""correct"": ""yes"", ""score"": 5}"
1283,2bb31b69-fcda-4f54-8338-f590944df999,What did the woman do before looking at her hand of cards?,She crossed her legs,"She was seen holding a small object, possibly a phone or a remote control.",What event order,no,0,"{""correct"": ""no"", ""score"": 0}"
1284,2bb31b69-fcda-4f54-8338-f590944df999,What occurred before the woman adjusted her glasses?,She held her cards,"Before the woman adjusted her glasses, she was holding a deck of cards and gesturing with them.",What event order,yes,5,"{""correct"": ""yes"", ""score"": 5}"
1285,2bb31b69-fcda-4f54-8338-f590944df999,What action took place before I dealt the cards?,I picked up the deck,"Before dealing the cards, a hand holding money appeared and began to deal the cards.",What event order,no,0,"{""correct"": ""no"", ""score"": 0}"
1286,2bb31b69-fcda-4f54-8338-f590944df999,"In the video, is the poker game started before reshuffling the cards?",No,"Yes, the poker game is started before reshuffling the cards.",Order Judging(Y/N),no,0,"{""correct"": ""no"", ""score"": 0}"
1287,2bb31b69-fcda-4f54-8338-f590944df999,"In the sequence, does the lady pick up her cards before the cards are laid out on the floor?",Yes,"Yes, the lady picks up her cards before the cards are laid out on the floor.",Order Judging(Y/N),yes,5,"{""correct"": ""yes"", ""score"": 5}"
1288,2bb31b69-fcda-4f54-8338-f590944df999,"In the clip, do the cards get scattered on the table before being picked up?",Yes,"Yes, the cards get scattered on the table before being picked up.",Order Judging(Y/N),yes,5,"{""correct"": ""yes"", ""score"": 5}"
1289,2bb31b69-fcda-4f54-8338-f590944df999,Does the video show the lady with cards in hand before the cards are shuffled?,No,"Yes, the video shows the lady with cards in hand before the cards are shuffled.",Order Judging(Y/N),no,0,"{""correct"": ""no"", ""score"": 0}"
1290,2bb31b69-fcda-4f54-8338-f590944df999,What occurs just before the lady picks up her cards?,Cards are laid out on the floor,"Just before the lady picks up her cards, a hand holding money appears from the right side of the frame.",What event order,no,0,"{""correct"": ""no"", ""score"": 0}"
1291,2bb31b69-fcda-4f54-8338-f590944df999,"In the video, what happens before the cards are reshuffled?",A round of poker is played,"Before the cards are reshuffled, a hand holding money appears and hands it to another person.",What event order,no,0,"{""correct"": ""no"", ""score"": 0}"
1292,2bb31b69-fcda-4f54-8338-f590944df999,What event happens before the cards get scattered on the table?,The lady picks up her cards,"Before the cards get scattered on the table, a hand holding money appears and places it down.",What event order,no,0,"{""correct"": ""no"", ""score"": 0}"
1293,2bb31b69-fcda-4f54-8338-f590944df999,What do we see happening before the cards are laid out on the floor?,Reshuffling of cards,"Before the cards are laid out on the floor, a person is seen holding money and a smartphone.",What event order,no,0,"{""correct"": ""no"", ""score"": 0}"
1294,2bb31b69-fcda-4f54-8338-f590944df999,What action takes place before the poker game starts?,Cards are reshuffled,"Before the poker game starts, a hand is shown holding a deck of cards.",What event order,no,1,"{""correct"": ""no"", ""score"": 1}"
1295,2bb31b69-fcda-4f54-8338-f590944df999,What is the setting of this video clip?,I played cards with a woman inside a house.,"The setting of the video clip is a cozy indoor environment, likely a living room or a similar space.",Scene Summary,no,2,"{""correct"": ""no"", ""score"": 2}"
1296,2bb31b69-fcda-4f54-8338-f590944df999,How many people are involved in the scene?,Two people are involved in the scene.,There are two people involved in the scene.,Scene Summary,yes,5,"{""correct"": ""yes"", ""score"": 5}"
1297,2bb31b69-fcda-4f54-8338-f590944df999,Is there a competitive element visible here?,"Yes, the card game implies a competitive interaction.","Yes, there is a competitive element visible in the scene. The person holding the deck of cards appears to be making strategic moves, possibly trying to influence the game's outcome.",Action Caption,yes,5,"{""correct"": ""yes"", ""score"": 5}"
1298,2bb31b69-fcda-4f54-8338-f590944df999,Did the individuals rearrange the furniture for playing?,No.,"Yes, the individuals rearranged the furniture to create a more comfortable playing environment.",Whether Something Happened(Y/N),no,0,"{""correct"": ""no"", ""score"": 0}"
1299,2bb31b69-fcda-4f54-8338-f590944df999,Did someone draw a card in the clip?,Yes.,"Yes, someone in the video is seen holding a card and drawing it from the deck.",Whether Something Happened(Y/N),yes,5,"{""correct"": ""yes"", ""score"": 5}"
1300,2bb31b69-fcda-4f54-8338-f590944df999,Did the scene involve any form of digital technology?,No.,"No, the scene did not involve any form of digital technology.",Whether Something Happened(Y/N),yes,5,"{""correct"": ""yes"", ""score"": 5}"
1301,2bb31b69-fcda-4f54-8338-f590944df999,Did the people appear to be outdoors?,No.,"No, the people were indoors.",Whether Something Happened(Y/N),yes,5,"{""correct"": ""yes"", ""score"": 5}"
1302,2bb31b69-fcda-4f54-8338-f590944df999,"In the video, did the shoe appear before the card deck on the carpet?",Yes,"Yes, the shoe appears before the card deck on the carpet.",Order Judging(Y/N),yes,5,"{""correct"": ""yes"", ""score"": 5}"
1303,2bb31b69-fcda-4f54-8338-f590944df999,Was the hand holding cards before the bottle was seen?,Yes,"No, the hand holding cards was not seen before the bottle.",Order Judging(Y/N),no,0,"{""correct"": ""no"", ""score"": 0}"
1304,2bb31b69-fcda-4f54-8338-f590944df999,"In the clip, did the playing of cards happen before the plant was visible?",No,"Yes, the playing of cards happened before the plant was visible.",Order Judging(Y/N),no,0,"{""correct"": ""no"", ""score"": 0}"
1305,2bb31b69-fcda-4f54-8338-f590944df999,What is shown before the bottle on the left side of the frame?,Cards on the floor,The bottle is shown before the person holding a smartphone.,What event order,no,0,"{""correct"": ""no"", ""score"": 0}"
1306,2bb31b69-fcda-4f54-8338-f590944df999,What do you see before the plant in the video's background?,A sofa,"Before the plant, there is a person sitting on the floor with their legs crossed.",What event order,no,0,"{""correct"": ""no"", ""score"": 0}"
1307,2bb31b69-fcda-4f54-8338-f590944df999,Was the rug straightened before I sat down to play?,No.,"Yes, the rug was straightened before I sat down to play.",Order Judging(Y/N),no,0,"{""correct"": ""no"", ""score"": 0}"
1308,2bb31b69-fcda-4f54-8338-f590944df999,Did I touch my foot before picking more cards from the pile?,No.,"No, you didn't touch your foot before picking more cards from the pile.",Order Judging(Y/N),yes,5,"{""correct"": ""yes"", ""score"": 5}"
1309,2bb31b69-fcda-4f54-8338-f590944df999,Were the cards spread out on the rug before the game started?,No.,"Yes, the cards were spread out on the rug before the game started.",Order Judging(Y/N),no,0,"{""correct"": ""no"", ""score"": 0}"
1310,2bb31b69-fcda-4f54-8338-f590944df999,Did I pick a card from my hand before the woman looked at hers?,Yes.,"No, the woman did not pick a card from her hand before she looked at hers.",Order Judging(Y/N),no,0,"{""correct"": ""no"", ""score"": 0}"
1311,2bb31b69-fcda-4f54-8338-f590944df999,What occurs just before I look at my cards?,I pick them up.,"Just before I look at my cards, the person in the purple shirt is seen holding a card and gesturing with their hand.",What event order,no,0,"{""correct"": ""no"", ""score"": 0}"
1312,2bb31b69-fcda-4f54-8338-f590944df999,What action takes place before the game begins?,Sitting down on the rug.,"Before the game begins, a hand holding money appears and points towards the cards on the table.",What event order,no,0,"{""correct"": ""no"", ""score"": 0}"
1313,2bb31b69-fcda-4f54-8338-f590944df999,What happens before more cards are picked from the pile?,Playing a round of cards.,"Before more cards are picked from the pile, a hand holding a card appears and points towards it.",What event order,no,1,"{""correct"": ""no"", ""score"": 1}"
1314,2bb31b69-fcda-4f54-8338-f590944df999,What activity takes place in this scene?,Playing cards in the house.,"The scene depicts a person playing cards, with another individual holding money and a smartphone.",Scene Summary,yes,4,"{""correct"": ""yes"", ""score"": 4}"
1315,2bb31b69-fcda-4f54-8338-f590944df999,Where are the individuals in this scene?,Inside a house.,The individuals are sitting on a rug in what appears to be a living room.,Scene Summary,yes,5,"{""correct"": ""yes"", ""score"": 5}"
1316,2bb31b69-fcda-4f54-8338-f590944df999,What objects are central in this scenario?,Cards on the floor.,"The central objects in this scenario are the playing cards, money, and a smartphone.",Scene Summary,no,2,"{""correct"": ""no"", ""score"": 2}"
1317,2bb31b69-fcda-4f54-8338-f590944df999,How is the room in the clip furnished?,There's a bookshelf and a couch.,"The room is furnished with a wooden floor, a white wall, and a small table.",Scene Summary,no,0,"{""correct"": ""no"", ""score"": 0}"
1318,2bb31b69-fcda-4f54-8338-f590944df999,What action is the person opposite performing?,Holding and presumably playing cards.,"The person opposite is holding a smartphone and appears to be interacting with it, possibly taking a photo or recording the game.",Action Caption,no,0,"{""correct"": ""no"", ""score"": 0}"
1319,2bb31b69-fcda-4f54-8338-f590944df999,What seems to be the immediate action captured in the frame?,Dealing or picking up cards.,"The immediate action captured in the frame includes a person holding money, another person holding cards, and one of them making a hand gesture.",Action Caption,no,1,"{""correct"": ""no"", ""score"": 1}"
1320,2bb31b69-fcda-4f54-8338-f590944df999,What can be said about the card game's progression?,It looks mid-game with several cards played.,"The card game progresses with the person in the pink shirt holding a deck of cards, and the other player is seen reaching for money from their hand. The scene suggests that they are either counting or deciding on how much to spend, as indicated by the money being held up towards the camera.",Action Caption,no,1,"{""correct"": ""no"", ""score"": 1}"
1321,2bb31b69-fcda-4f54-8338-f590944df999,Is there a card game occurring?,Yes.,"Yes, there is a card game occurring.",Whether Something Happened(Y/N),yes,5,"{""correct"": ""yes"", ""score"": 5}"
1322,2bb31b69-fcda-4f54-8338-f590944df999,Is there more than one participant in the game?,Yes.,"Yes, there are two participants in the game.",Whether Something Happened(Y/N),yes,5,"{""correct"": ""yes"", ""score"": 5}"
1323,2bb31b69-fcda-4f54-8338-f590944df999,Have any cards been laid out on the floor?,Yes.,"Yes, several cards have been laid out on the floor.",Whether Something Happened(Y/N),yes,5,"{""correct"": ""yes"", ""score"": 5}"
1324,2bb31b69-fcda-4f54-8338-f590944df999,Is the activity taking place indoors?,Yes.,Yes,Whether Something Happened(Y/N),yes,5,"{""correct"": ""yes"", ""score"": 5}"
1325,2bb31b69-fcda-4f54-8338-f590944df999,Does it appear to be a formal card-playing setting?,No.,"No, the setting appears to be informal and casual.",Whether Something Happened(Y/N),yes,5,"{""correct"": ""yes"", ""score"": 5}"
1326,2bb31b69-fcda-4f54-8338-f590944df999,Was the rug visible before I started playing cards?,Yes.,"Yes, the rug was visible before I started playing cards.",Order Judging(Y/N),yes,5,"{""correct"": ""yes"", ""score"": 5}"
1327,2bb31b69-fcda-4f54-8338-f590944df999,Did the plant appear in the frame before the game began?,Yes.,"Yes, the plant appears in the frame before the game begins.",Order Judging(Y/N),yes,5,"{""correct"": ""yes"", ""score"": 5}"
1328,2bb31b69-fcda-4f54-8338-f590944df999,What happens before I sit on the floor?,The setting of the room is displayed.,"Before sitting on the floor, the person holding a smartphone is seen pointing at something in their hand.",What event order,no,1,"{""correct"": ""no"", ""score"": 1}"
1329,2bb31b69-fcda-4f54-8338-f590944df999,"In the video, does the arrangement of cards on the floor change before a new card is drawn?",No,"Yes, the arrangement of cards on the floor changes before a new card is drawn.",Order Judging(Y/N),no,0,"{""correct"": ""no"", ""score"": 0}"
1330,2bb31b69-fcda-4f54-8338-f590944df999,"In the video, is the heart card shown before a player picks more cards?",Yes,"Yes, the heart card is shown before a player picks more cards.",Order Judging(Y/N),yes,5,"{""correct"": ""yes"", ""score"": 5}"
1331,2bb31b69-fcda-4f54-8338-f590944df999,Does the woman put down a card before all cards are laid out?,Yes,"Yes, the woman places a card on top of the deck before all cards are laid out.",Order Judging(Y/N),yes,5,"{""correct"": ""yes"", ""score"": 5}"
1332,2bb31b69-fcda-4f54-8338-f590944df999,What occurs just before a new card is drawn from the deck?,Players examine their cards,"Just before a new card is drawn from the deck, the person holding the phone appears to be explaining something or making a point.",What event order,no,0,"{""correct"": ""no"", ""score"": 0}"
1333,2bb31b69-fcda-4f54-8338-f590944df999,"In the video sequence, what do we see happening before the cards are spread out?",A card is being placed down,"Before the cards are spread out, we see a person holding money and a smartphone, possibly preparing to make a bet or card trick.",What event order,no,0,"{""correct"": ""no"", ""score"": 0}"
1334,2bb31b69-fcda-4f54-8338-f590944df999,What takes place right before more cards are picked from the deck?,The woman sorts her cards,"A hand holding a smartphone appears, and the person is seen pointing at something on the screen.",What event order,no,0,"{""correct"": ""no"", ""score"": 0}"
1335,af400f98-3c57-46ad-acac-eaca6f940180,What location is shown in the video frame?,It shows a road.,The location shown in the video frame is a street with a person wearing a striped shirt and jeans.,Scene Summary,yes,4,"{""correct"": ""yes"", ""score"": 4}"
1336,af400f98-3c57-46ad-acac-eaca6f940180,Are there other people present in this scene?,"Yes, people are present.","Yes, there are other people present in the background of the scene.",Scene Summary,yes,5,"{""correct"": ""yes"", ""score"": 5}"
1337,af400f98-3c57-46ad-acac-eaca6f940180,Is the environment urban or rural?,The environment appears to be urban.,"The environment appears to be rural, as indicated by the natural surroundings and the absence of urban structures.",Scene Summary,no,0,"{""correct"": ""no"", ""score"": 0}"
1338,af400f98-3c57-46ad-acac-eaca6f940180,Is the road busy or empty?,The road is busy with movement.,"The road appears to be empty, with no other visible vehicles or pedestrians.",Scene Summary,no,0,"{""correct"": ""no"", ""score"": 0}"
1339,af400f98-3c57-46ad-acac-eaca6f940180,What is the weather like in the scene?,The weather information is not provided.,"The weather appears to be overcast, as the sky is not visible in the image.",Scene Summary,no,0,"{""correct"": ""no"", ""score"": 0}"
1340,af400f98-3c57-46ad-acac-eaca6f940180,Who is walking in this clip?,I am walking along the road.,A person wearing a striped shirt and jeans is walking in this clip.,Action Caption,no,1,"{""correct"": ""no"", ""score"": 1}"
1341,af400f98-3c57-46ad-acac-eaca6f940180,What is the camera angle capturing?,The camera angle captures from the walker's perspective.,"The camera angle is from a first-person perspective, looking down at the person's feet as they walk.",Action Caption,yes,5,"{""correct"": ""yes"", ""score"": 5}"
1342,af400f98-3c57-46ad-acac-eaca6f940180,Is there interaction with the passerby?,No interaction is mentioned or shown.,"Yes, there is a hand reaching out towards the passerby in one of the frames.",Action Caption,no,0,"{""correct"": ""no"", ""score"": 0}"
1343,af400f98-3c57-46ad-acac-eaca6f940180,Do any vehicles pass by closely?,"The summary indicates vehicles move past, but closeness isn't specified.","Yes, a vehicle passes by closely in the background.",Action Caption,no,1,"{""correct"": ""no"", ""score"": 1}"
1344,af400f98-3c57-46ad-acac-eaca6f940180,Is there an accident occurring in the video?,"No, no accident is mentioned.",Yes.,Whether Something Happened(Y/N),no,0,"{""correct"": ""no"", ""score"": 0}"
1345,af400f98-3c57-46ad-acac-eaca6f940180,Is there any construction work shown in the video?,"No, no construction is mentioned.","No, there is no construction work shown in the video.",Whether Something Happened(Y/N),yes,5,"{""correct"": ""yes"", ""score"": 5}"
1346,af400f98-3c57-46ad-acac-eaca6f940180,Does the video frame show clear skies?,The video frame does not provide this information.,"No, the video frame does not show clear skies.",Whether Something Happened(Y/N),no,1,"{""correct"": ""no"", ""score"": 1}"
1347,af400f98-3c57-46ad-acac-eaca6f940180,What is the main event depicted in this video clip?,A walk on the road with a woman and interactions with passersby.,"The main event depicted in this video clip is a person riding a skateboard down a street, with another individual following closely behind.",Scene Summary,no,0,"{""correct"": ""no"", ""score"": 0}"
1348,af400f98-3c57-46ad-acac-eaca6f940180,Which location is primarily featured in this video clip?,The video clip features a road.,"The primary location featured in this video clip is a narrow, paved path with grass on either side.",Scene Summary,no,2,"{""correct"": ""no"", ""score"": 2}"
1349,af400f98-3c57-46ad-acac-eaca6f940180,How many main subjects are involved in this video scenario?,"Two main subjects, a man and a woman.","Three main subjects are involved: the skateboarder, the person in a white shirt and blue jeans, and another individual.",Scene Summary,no,0,"{""correct"": ""no"", ""score"": 0}"
1350,af400f98-3c57-46ad-acac-eaca6f940180,Are there other individuals present in this video scene besides the subjects?,"Yes, there are passersby present.","Yes, there is another individual present in the background of the video scene.",Scene Summary,yes,5,"{""correct"": ""yes"", ""score"": 5}"
1351,af400f98-3c57-46ad-acac-eaca6f940180,What actions are shown in these new frames?,A person is seen walking and reaching out to others.,"In the new frames, a person is seen holding a cigarette in their right hand and pointing towards the camera.",Action Caption,no,0,"{""correct"": ""no"", ""score"": 0}"
1352,af400f98-3c57-46ad-acac-eaca6f940180,Is there any communication depicted in the clip?,"Yes, there is interaction with passersby.","No, there is no communication depicted in the clip.",Action Caption,no,0,"{""correct"": ""no"", ""score"": 0}"
1353,af400f98-3c57-46ad-acac-eaca6f940180,Can you describe the physical posture in this frame?,The person's arm is extended forward as if reaching out.,"The person in the striped shirt is holding a cigarette and pointing towards the camera, while the other individual's hand is visible at the bottom of the frame.",Action Caption,no,1,"{""correct"": ""no"", ""score"": 1}"
1354,af400f98-3c57-46ad-acac-eaca6f940180,Are the movements in the video leisurely or hurried?,They appear leisurely.,"The movements in the video are leisurely and unhurried, as indicated by the relaxed pace of the individuals walking along the path.",Action Caption,yes,5,"{""correct"": ""yes"", ""score"": 5}"
1355,af400f98-3c57-46ad-acac-eaca6f940180,Does the person in the video come into physical contact with others?,It is implied but not visible.,"No, the person in the video does not come into physical contact with others; they are seen walking alone on a path.",Whether Something Happened(Y/N),no,1,"{""correct"": ""no"", ""score"": 1}"
1356,af400f98-3c57-46ad-acac-eaca6f940180,Is the person in the video engaging in a conversation?,Yes.,"Yes, the person in the video is holding a cigarette and appears to be smoking.",Whether Something Happened(Y/N),no,1,"{""correct"": ""no"", ""score"": 1}"
1357,af400f98-3c57-46ad-acac-eaca6f940180,Does the person walk on a grassy path in the video?,No.,"Yes, the person walks on a grassy path in the video.",Whether Something Happened(Y/N),no,0,"{""correct"": ""no"", ""score"": 0}"
1358,af400f98-3c57-46ad-acac-eaca6f940180,Does the person in the video interact with more than one passerby?,Yes.,"Yes, the person in the video interacts with another individual who is not visible in the frame.",Whether Something Happened(Y/N),no,2,"{""correct"": ""no"", ""score"": 2}"
1359,af400f98-3c57-46ad-acac-eaca6f940180,What is the setting of this video clip?,It's on a road with a person walking and interacting with a woman.,"The setting of the video clip is a narrow, paved path with grass on either side.",Scene Summary,no,1,"{""correct"": ""no"", ""score"": 1}"
1360,af400f98-3c57-46ad-acac-eaca6f940180,Is there any physical contact between the two individuals?,No.,"No, there is no physical contact between the two individuals in the video.",Whether Something Happened(Y/N),yes,5,"{""correct"": ""yes"", ""score"": 5}"
1361,af400f98-3c57-46ad-acac-eaca6f940180,Did the person in the video stop walking while interacting?,No.,"Yes, the person in the video stopped walking while interacting with another individual who is not visible in the frame.",Whether Something Happened(Y/N),no,0,"{""correct"": ""no"", ""score"": 0}"
1362,af400f98-3c57-46ad-acac-eaca6f940180,Is the communication friendly and non-threatening?,Yes.,"Yes, the communication is friendly and non-threatening as indicated by the relaxed body language of both individuals.",Whether Something Happened(Y/N),yes,5,"{""correct"": ""yes"", ""score"": 5}"
1363,af400f98-3c57-46ad-acac-eaca6f940180,"In the video, do I interact with some passersby before walking with the woman on the road?",No,"Yes, I interact with some passersby before walking with the woman on the road.",Order Judging(Y/N),no,0,"{""correct"": ""no"", ""score"": 0}"
1364,af400f98-3c57-46ad-acac-eaca6f940180,"In the video, do I walk alone on the road before interacting with a woman?",Yes,"Yes, you walk alone on the road before interacting with a woman.",Order Judging(Y/N),yes,5,"{""correct"": ""yes"", ""score"": 5}"
1365,af400f98-3c57-46ad-acac-eaca6f940180,What do I do just before interacting with the woman on the road in the video?,Walk alone,"I point towards the woman on the road, indicating her presence.",What event order,no,0,"{""correct"": ""no"", ""score"": 0}"
1366,20bc995f-c3de-4789-bd7a-34cf1a313b0c,Who is involved in the scene?,A man and some girls.,"A person is involved in the scene, actively engaged in preparing and serving food.",Scene Summary,no,1,"{""correct"": ""no"", ""score"": 1}"
1367,20bc995f-c3de-4789-bd7a-34cf1a313b0c,What activity is taking place?,Food preparation.,"The activity taking place is the preparation of a dish, likely a curry or stew, involving various ingredients and utensils.",Scene Summary,yes,5,"{""correct"": ""yes"", ""score"": 5}"
1368,20bc995f-c3de-4789-bd7a-34cf1a313b0c,What can be seen on the table in the scene?,Ingredients and cooking utensils.,"The table is cluttered with various food items, including a bowl of rice, a plate with a mixture of spices and vegetables, and another plate containing a colorful mixture.",Scene Summary,no,2,"{""correct"": ""no"", ""score"": 2}"
1369,20bc995f-c3de-4789-bd7a-34cf1a313b0c,What is the camera wearer doing with the spoon?,Cooking food.,"The camera wearer is using the spoon to scoop and mix a mixture of ingredients, likely preparing food.",Action Caption,yes,5,"{""correct"": ""yes"", ""score"": 5}"
1370,20bc995f-c3de-4789-bd7a-34cf1a313b0c,What can be assumed about the pace of the activity?,It is fast-paced.,"The activity appears to be fast-paced, as indicated by the close-up shots of hands moving quickly and the dynamic movement captured in the video.",Action Caption,yes,5,"{""correct"": ""yes"", ""score"": 5}"
1371,20bc995f-c3de-4789-bd7a-34cf1a313b0c,Does the video show any monetary transaction?,No.,"No, the video does not show any monetary transaction.",Whether Something Happened(Y/N),yes,5,"{""correct"": ""yes"", ""score"": 5}"
1372,20bc995f-c3de-4789-bd7a-34cf1a313b0c,Is the food prepared for a large group?,Yes.,"Yes, the food is prepared for a large group as indicated by the presence of multiple people in the background.",Whether Something Happened(Y/N),yes,5,"{""correct"": ""yes"", ""score"": 5}"
1373,20bc995f-c3de-4789-bd7a-34cf1a313b0c,Does the camera wearer handle more than one dish?,Yes.,"Yes, the camera wearer is seen handling two dishes in the video.",Whether Something Happened(Y/N),yes,5,"{""correct"": ""yes"", ""score"": 5}"
1374,20bc995f-c3de-4789-bd7a-34cf1a313b0c,What is the setting in this video clip?,A food tent with servings of food.,"The setting in the video clip is a bustling street food stall, likely in an urban area. The scene includes various dishes being prepared and served, with people interacting around it.",Scene Summary,no,2,"{""correct"": ""no"", ""score"": 2}"
1375,20bc995f-c3de-4789-bd7a-34cf1a313b0c,Is the person serving food to more than one person?,Yes.,"Yes, the person is seen serving food to more than one person.",Whether Something Happened(Y/N),yes,5,"{""correct"": ""yes"", ""score"": 5}"
1376,20bc995f-c3de-4789-bd7a-34cf1a313b0c,Is there a pot included in the food items being served?,Yes.,"Yes, there is a pot included in the food items being served.",Whether Something Happened(Y/N),yes,5,"{""correct"": ""yes"", ""score"": 5}"
1377,20bc995f-c3de-4789-bd7a-34cf1a313b0c,Is the setting of this video during a nighttime event?,Yes.,Yes.,Whether Something Happened(Y/N),yes,5,"{""correct"": ""yes"", ""score"": 5}"
1378,20bc995f-c3de-4789-bd7a-34cf1a313b0c,Is the food made for a man and some girls before serving food under the tent?,Yes,"Yes, the food is made for a man and some girls before serving food under the tent.",Order Judging(Y/N),yes,5,"{""correct"": ""yes"", ""score"": 5}"
1379,20bc995f-c3de-4789-bd7a-34cf1a313b0c,What is the setting of the video clip?,At a roadside food stall.,"The setting of the video clip is a bustling street food stall in India, characterized by vibrant colors and an array of colorful dishes being prepared.",Scene Summary,yes,5,"{""correct"": ""yes"", ""score"": 5}"
1380,20bc995f-c3de-4789-bd7a-34cf1a313b0c,Who is the main person interacting with others in the scene?,A food stall vendor.,The main person interacting with others in the scene is a woman wearing a black shirt.,Scene Summary,no,1,"{""correct"": ""no"", ""score"": 1}"
1381,20bc995f-c3de-4789-bd7a-34cf1a313b0c,What type of interaction occurs between the vendor and customers?,Serving food and conversing.,"The vendor interacts with customers by offering food and engaging in conversation, showcasing the lively atmosphere of a bustling street food stall.",Scene Summary,yes,5,"{""correct"": ""yes"", ""score"": 5}"
1382,20bc995f-c3de-4789-bd7a-34cf1a313b0c,How is the stall vendor engaging with the customers besides serving food?,Talking with them.,The stall vendor is engaging with the customers by interacting with them through gestures and using a mobile phone.,Action Caption,no,1,"{""correct"": ""no"", ""score"": 1}"
1383,20bc995f-c3de-4789-bd7a-34cf1a313b0c,Is the vendor wearing gloves while handling food?,No.,"Yes, the vendor is wearing gloves while handling food.",Whether Something Happened(Y/N),no,0,"{""correct"": ""no"", ""score"": 0}"
1384,20bc995f-c3de-4789-bd7a-34cf1a313b0c,Does the video show a customer receiving change after payment?,No.,"Yes, the video shows a customer receiving change after paying for their food.",Whether Something Happened(Y/N),no,0,"{""correct"": ""no"", ""score"": 0}"
1385,20bc995f-c3de-4789-bd7a-34cf1a313b0c,Is there any interaction between the customers in the frame?,No.,"Yes, a customer is seen holding a small container and interacting with the person preparing the food.",Whether Something Happened(Y/N),no,0,"{""correct"": ""no"", ""score"": 0}"
1386,20bc995f-c3de-4789-bd7a-34cf1a313b0c,Does the stall have a digital payment option displayed?,Yes.,"Yes, the stall has a digital payment option displayed on the screen.",Whether Something Happened(Y/N),yes,5,"{""correct"": ""yes"", ""score"": 5}"
1387,20bc995f-c3de-4789-bd7a-34cf1a313b0c,Does the interaction with woman B happen before serving to woman C?,Yes,"Yes, the interaction with woman B happens before serving to woman C.",Order Judging(Y/N),yes,5,"{""correct"": ""yes"", ""score"": 5}"
1388,20bc995f-c3de-4789-bd7a-34cf1a313b0c,Do I serve food to a group of people before the roadside food stall scene?,No,"Yes, the person in the video is seen serving food to a group of people before the roadside food stall scene.",Order Judging(Y/N),no,0,"{""correct"": ""no"", ""score"": 0}"
1389,20bc995f-c3de-4789-bd7a-34cf1a313b0c,"In the video, did I serve food under the tent before talking to man A at the stand?",No,"Yes, the man A at the stand served food under the tent before talking to him.",Order Judging(Y/N),no,0,"{""correct"": ""no"", ""score"": 0}"
1390,20bc995f-c3de-4789-bd7a-34cf1a313b0c,"In the video, does serving pani puri occur before making food for the man and girls?",Yes,"Yes, the video shows a person serving pani puri to another individual before making food for them.",Order Judging(Y/N),yes,5,"{""correct"": ""yes"", ""score"": 5}"
1391,20bc995f-c3de-4789-bd7a-34cf1a313b0c,"What happens before interacting with woman A, B, and C at the roadside stall?",I serve food to a group of people.,"Before interacting with woman A, B, and C at the roadside stall, a person is seen holding a small container of food.",What event order,no,2,"{""correct"": ""no"", ""score"": 2}"
1392,20bc995f-c3de-4789-bd7a-34cf1a313b0c,Describe the setting of this video clip.,A roadside food stall at night.,"The video takes place in a bustling street food stall, characterized by vibrant colors and an array of colorful dishes. The scene is filled with various items such as small fried snacks, a large metal tray filled with a mixture of ingredients, and a person holding a smartphone. The background features other stalls and people, contributing to the lively atmosphere typical of street food markets.",Scene Summary,no,2,"{""correct"": ""no"", ""score"": 2}"
1393,20bc995f-c3de-4789-bd7a-34cf1a313b0c,Could you summarize the depicted scenario?,A person serving and conversing at a food stall.,"The video showcases a bustling street food stall, where a person is seen preparing and serving various dishes. The scene includes a variety of colorful foods such as doskas (doughnuts), chutneys, and other snacks. A smartphone is held in the foreground by one individual, indicating they might be checking on their order or capturing the moment. The background reveals more of the busy environment with additional people and items like a large pot and a mobile phone screen displaying text.",Scene Summary,yes,4,"{""correct"": ""yes"", ""score"": 4}"
1394,20bc995f-c3de-4789-bd7a-34cf1a313b0c,Did the vendor converse with two individuals?,Yes.,"Yes, the vendor engaged in conversation with one of the individuals.",Whether Something Happened(Y/N),no,2,"{""correct"": ""no"", ""score"": 2}"
1395,20bc995f-c3de-4789-bd7a-34cf1a313b0c,"In the sequence, is food served at the roadside stall before the food tent?",No,"Yes, the food is served at the roadside stall before the food tent.",Order Judging(Y/N),no,0,"{""correct"": ""no"", ""score"": 0}"
1396,20bc995f-c3de-4789-bd7a-34cf1a313b0c,What scene is captured in the video clip?,A food stand with cooking in progress.,"The video captures a bustling street food stall in India, filled with vibrant colors and diverse dishes. The scene is illuminated by the warm glow of overhead lights, highlighting the lively atmosphere. A person wearing a blue shirt is seen interacting with the food, adding to the dynamic nature of the setting.",Scene Summary,yes,4,"{""correct"": ""yes"", ""score"": 4}"
1397,20bc995f-c3de-4789-bd7a-34cf1a313b0c,What's the brief of the depicted scenario?,Food preparation at a stand with a customer waiting.,"The brief of the depicted scenario shows a person preparing food at an outdoor street food stall, with various dishes and ingredients on display. The scene is bustling with activity, highlighting the vibrant and diverse culinary offerings available in this setting.",Scene Summary,no,3,"{""correct"": ""no"", ""score"": 3}"
1398,20bc995f-c3de-4789-bd7a-34cf1a313b0c,Does the scene capture a customer receiving their order?,No.,"Yes, the scene captures a customer receiving their order from the person in the foreground.",Whether Something Happened(Y/N),no,0,"{""correct"": ""no"", ""score"": 0}"
1399,20bc995f-c3de-4789-bd7a-34cf1a313b0c,Is there any indication of a payment transaction in the video?,No.,"Yes, there is a hand holding a small object near the cash register in the video.",Whether Something Happened(Y/N),no,0,"{""correct"": ""no"", ""score"": 0}"
1400,20bc995f-c3de-4789-bd7a-34cf1a313b0c,Does the video show the cook finishing the dish?,No.,"Yes, the video shows the cook finishing the dish by scooping out a portion of it with a spoon.",Whether Something Happened(Y/N),no,0,"{""correct"": ""no"", ""score"": 0}"
1401,20bc995f-c3de-4789-bd7a-34cf1a313b0c,Is the cook multitasking between cooking and another activity?,Yes.,"Yes, the cook is seen holding a small container and interacting with another person in the background.",Whether Something Happened(Y/N),yes,5,"{""correct"": ""yes"", ""score"": 5}"
1402,20bc995f-c3de-4789-bd7a-34cf1a313b0c,Does the cook appear to be preparing food for more than one person?,Yes.,"Yes, the cook appears to be preparing food for more than one person as there are two individuals visible in the image.",Whether Something Happened(Y/N),yes,5,"{""correct"": ""yes"", ""score"": 5}"
1403,20bc995f-c3de-4789-bd7a-34cf1a313b0c,Did the discussion with man X and man Y happen before serving woman Z?,No,"No, the discussion with man X and man Y happened after serving woman Z.",Order Judging(Y/N),yes,5,"{""correct"": ""yes"", ""score"": 5}"
1404,20bc995f-c3de-4789-bd7a-34cf1a313b0c,What event happened before the phone conversation?,Serving a different customer,"Before the phone conversation, a person was seen preparing food at a street vendor stall.",What event order,no,1,"{""correct"": ""no"", ""score"": 1}"
1405,20bc995f-c3de-4789-bd7a-34cf1a313b0c,Was food made for woman A after the interaction with woman B?,Yes,"Yes, food was made for woman A after the interaction with woman B.",Order Judging(Y/N),yes,5,"{""correct"": ""yes"", ""score"": 5}"
1406,20bc995f-c3de-4789-bd7a-34cf1a313b0c,Did the phone conversation occur before discussing with man Y?,Yes,"No, the phone conversation occurred after discussing with man Y.",Order Judging(Y/N),no,0,"{""correct"": ""no"", ""score"": 0}"
1407,20bc995f-c3de-4789-bd7a-34cf1a313b0c,What is seen happening before making food for man B?,Talked on the phone,"Before making food for man B, the person is seen preparing a dish on a metal plate.",What event order,no,0,"{""correct"": ""no"", ""score"": 0}"
1408,20bc995f-c3de-4789-bd7a-34cf1a313b0c,What took place just before making food for woman A?,Talked on the phone,"Just before making food for woman A, a person was seen pouring hot oil into the deep fryer.",What event order,no,0,"{""correct"": ""no"", ""score"": 0}"
1409,20bc995f-c3de-4789-bd7a-34cf1a313b0c,What is the location of the scene in the video?,The location is at a food stand.,"The scene is set in a dimly lit outdoor area, likely at night or during the evening.",Scene Summary,no,1,"{""correct"": ""no"", ""score"": 1}"
1410,20bc995f-c3de-4789-bd7a-34cf1a313b0c,How many customers are being interacted with?,Three customers are being interacted with.,There are two customers being interacted with in the video.,Scene Summary,no,0,"{""correct"": ""no"", ""score"": 0}"
1411,20bc995f-c3de-4789-bd7a-34cf1a313b0c,Does the frame show the server handing pani puris to a customer?,Yes.,"Yes, the frame shows a hand holding a small container of pani puris being handed to a customer by the server.",Whether Something Happened(Y/N),yes,5,"{""correct"": ""yes"", ""score"": 5}"
1412,20bc995f-c3de-4789-bd7a-34cf1a313b0c,Is the shown frame depicting an indoor activity?,No.,"No, the frame is taken from an outdoor perspective of a street food stall.",Whether Something Happened(Y/N),yes,5,"{""correct"": ""yes"", ""score"": 5}"
1413,20bc995f-c3de-4789-bd7a-34cf1a313b0c,Does the video involve interaction between the server and customers?,Yes.,"Yes, the video shows a customer interacting with the server by holding a phone and taking photos or videos of the food.",Whether Something Happened(Y/N),yes,5,"{""correct"": ""yes"", ""score"": 5}"
1414,20bc995f-c3de-4789-bd7a-34cf1a313b0c,Is the phone conversation happening before making food for woman A?,Yes,"Yes, the phone conversation is happening before making food for woman A.",Order Judging(Y/N),yes,5,"{""correct"": ""yes"", ""score"": 5}"
1415,20bc995f-c3de-4789-bd7a-34cf1a313b0c,Does man Z get served before the phone conversation starts?,No,"No, man Z does not get served before the phone conversation starts.",Order Judging(Y/N),yes,5,"{""correct"": ""yes"", ""score"": 5}"
1416,20bc995f-c3de-4789-bd7a-34cf1a313b0c,"In the video, is the interaction with man X and Y before the food preparation for woman A and man B?",No,"No, the interaction with man X and Y is not before the food preparation for woman A and man B.",Order Judging(Y/N),yes,5,"{""correct"": ""yes"", ""score"": 5}"
1417,20bc995f-c3de-4789-bd7a-34cf1a313b0c,Do I talk to man Z before making food for woman A and man B?,No.,"No, you don't talk to the man Z before making food for woman A and man B.",Order Judging(Y/N),yes,5,"{""correct"": ""yes"", ""score"": 5}"
1418,20bc995f-c3de-4789-bd7a-34cf1a313b0c,Is the food prepared for woman Z before the interaction with man Z?,Yes.,"Yes, the food is prepared for woman Z before the interaction with man Z.",Order Judging(Y/N),yes,5,"{""correct"": ""yes"", ""score"": 5}"
1419,20bc995f-c3de-4789-bd7a-34cf1a313b0c,What do I do before making food for woman A and man B?,Talking on the phone.,"Before making food for woman A and man B, I need to prepare the dough.",What event order,no,0,"{""correct"": ""no"", ""score"": 0}"
1420,20bc995f-c3de-4789-bd7a-34cf1a313b0c,How many individuals does the camera wearer interact with?,Three individuals.,"The camera wearer interacts with one individual, who is holding a smartphone.",Scene Summary,no,0,"{""correct"": ""no"", ""score"": 0}"
1421,20bc995f-c3de-4789-bd7a-34cf1a313b0c,Are there any objects visible in the scene?,"Yes, food and serving utensils.","Yes, there are various objects visible in the scene. The person is holding a smartphone and appears to be interacting with it while standing near the food stall. There's also a hand reaching towards the food on the table.",Scene Summary,no,2,"{""correct"": ""no"", ""score"": 2}"
1422,20bc995f-c3de-4789-bd7a-34cf1a313b0c,Is the environment depicted busy or calm?,"Busy, with serving and conversation happening.",The environment depicted is busy.,Scene Summary,yes,4,"{""correct"": ""yes"", ""score"": 4}"
1423,20bc995f-c3de-4789-bd7a-34cf1a313b0c,Did the camera wearer carry out more than one task?,"Yes, serving and conversing.","Yes, the camera wearer was seen holding a smartphone and interacting with it while standing near the food stall.",Action Caption,no,1,"{""correct"": ""no"", ""score"": 1}"
1424,20bc995f-c3de-4789-bd7a-34cf1a313b0c,Did the serving of food appear organized or haphazard?,"Organized, with food laid out.","The serving of food in the video appears to be organized, with each dish having its own designated area on the table.",Action Caption,yes,5,"{""correct"": ""yes"", ""score"": 5}"
1425,20bc995f-c3de-4789-bd7a-34cf1a313b0c,Are all men engaged in eating or just conversing?,"Only one is shown eating, others converse.","The video shows a man eating from a plate, but there is no indication that he is just conversing with another person.",Action Caption,no,1,"{""correct"": ""no"", ""score"": 1}"
1426,20bc995f-c3de-4789-bd7a-34cf1a313b0c,Was there verbal exchange under the tent?,Yes.,"Yes, there was verbal exchange under the tent.",Whether Something Happened(Y/N),yes,5,"{""correct"": ""yes"", ""score"": 5}"
1427,20bc995f-c3de-4789-bd7a-34cf1a313b0c,Is there visible evidence of food being consumed in the frame?,Yes.,"Yes, there is a hand reaching towards the food on the right side of the frame.",Whether Something Happened(Y/N),yes,5,"{""correct"": ""yes"", ""score"": 5}"
1428,20bc995f-c3de-4789-bd7a-34cf1a313b0c,Does the scene suggest any sign of a rush or urgency?,"No, it appears orderly.","Yes, the scene suggests a rush or urgency due to the person's hand movements and the close-up shots of the food preparation area.",Whether Something Happened(Y/N),no,0,"{""correct"": ""no"", ""score"": 0}"
1429,20bc995f-c3de-4789-bd7a-34cf1a313b0c,Is the preparation of pani puris shown before serving them to man X and Y?,Yes,"Yes, the preparation of pani puris shown before serving them to man X and Y is in a close-up shot.",Order Judging(Y/N),yes,5,"{""correct"": ""yes"", ""score"": 5}"
1430,20bc995f-c3de-4789-bd7a-34cf1a313b0c,Do I talk on the phone prior to serving food under the food tent?,Yes,"Yes, you can see a hand holding the phone in the foreground of the image.",Order Judging(Y/N),yes,5,"{""correct"": ""yes"", ""score"": 5}"
1431,20bc995f-c3de-4789-bd7a-34cf1a313b0c,What occurs just before serving food to man A under the food tent?,Preparing food,"Just before serving food to man A under the food tent, a person holding a smartphone appears and interacts with him.",What event order,no,0,"{""correct"": ""no"", ""score"": 0}"
1432,20bc995f-c3de-4789-bd7a-34cf1a313b0c,What activity is taking place at the stall?,A person is serving potato balls and gruel.,"The activity taking place at the stall is serving food, with a person pouring a dark liquid into a bowl and another person scooping it up.",Scene Summary,no,2,"{""correct"": ""no"", ""score"": 2}"
1433,20bc995f-c3de-4789-bd7a-34cf1a313b0c,Who is interacting at the food stall?,"A server, a woman, and a girl.",A person wearing a blue shirt is interacting at the food stall.,Scene Summary,no,1,"{""correct"": ""no"", ""score"": 1}"
1434,20bc995f-c3de-4789-bd7a-34cf1a313b0c,What type of service is depicted at the stall?,Food service involving potato balls and gruel.,"The service at the stall appears to be a food preparation or serving activity, as indicated by the hands interacting with various items and utensils.",Scene Summary,no,2,"{""correct"": ""no"", ""score"": 2}"
1435,20bc995f-c3de-4789-bd7a-34cf1a313b0c,Who is preparing the food in the video clip?,The server at the stall.,A person is preparing the food in the video clip.,Action Caption,no,2,"{""correct"": ""no"", ""score"": 2}"
1436,20bc995f-c3de-4789-bd7a-34cf1a313b0c,What actions can be seen in the frame provided?,Preparing and serving food at the stall.,"The frame shows a person scooping food from a bowl, pouring it into a pot on the table, and then placing a small piece of food onto a plate. The scene also includes a hand holding a smartphone, possibly recording or checking something.",Action Caption,no,2,"{""correct"": ""no"", ""score"": 2}"
1437,20bc995f-c3de-4789-bd7a-34cf1a313b0c,Is the food being freshly prepared or pre-packaged?,"Freshly prepared, as seen in the video.","The food is being freshly prepared, as indicated by the person's hand holding a small container and the ongoing process of adding ingredients to the dish.",Action Caption,yes,5,"{""correct"": ""yes"", ""score"": 5}"
1438,20bc995f-c3de-4789-bd7a-34cf1a313b0c,Does the server use any special tools for serving?,Not evident in the provided frame.,"Yes, the server uses a spoon to scoop up the food and then places it into a bowl.",Action Caption,no,0,"{""correct"": ""no"", ""score"": 0}"
1439,20bc995f-c3de-4789-bd7a-34cf1a313b0c,Does the video show the server using a foam plate for serving?,Yes.,"Yes, the server is seen using a foam plate to scoop up food from the bowl.",Whether Something Happened(Y/N),yes,5,"{""correct"": ""yes"", ""score"": 5}"
1440,20bc995f-c3de-4789-bd7a-34cf1a313b0c,Can we see any cooking equipment in the video?,"Yes, in the provided frame.","Yes, there is a cooking equipment visible in the video.",Whether Something Happened(Y/N),yes,5,"{""correct"": ""yes"", ""score"": 5}"
1441,20bc995f-c3de-4789-bd7a-34cf1a313b0c,Did the serving of potato balls occur before serving gruel?,Yes,"Yes, the serving of potato balls occurred before serving gruel.",Order Judging(Y/N),yes,5,"{""correct"": ""yes"", ""score"": 5}"
1442,20bc995f-c3de-4789-bd7a-34cf1a313b0c,Was the conversation with man E before serving food to the woman Z?,No,"No, the conversation with man E was not before serving food to the woman Z.",Order Judging(Y/N),yes,5,"{""correct"": ""yes"", ""score"": 5}"
1443,20bc995f-c3de-4789-bd7a-34cf1a313b0c,What event occurs just before serving food to man A?,Being under a food tent,"Just before serving food to man A, the scene transitions from a bustling street food stall to a more intimate setting where the person is seen holding a small container and interacting with it.",What event order,no,0,"{""correct"": ""no"", ""score"": 0}"
1444,20bc995f-c3de-4789-bd7a-34cf1a313b0c,What happens right before serving potato balls?,Interacting with a group of people,"A person is seen holding a potato, preparing to serve it.",What event order,no,1,"{""correct"": ""no"", ""score"": 1}"
1445,20bc995f-c3de-4789-bd7a-34cf1a313b0c,What event happens before interacting with a group of people?,Being at a stall,"Before interacting with a group of people, the person is seen preparing food at an outdoor food stall.",What event order,yes,5,"{""correct"": ""yes"", ""score"": 5}"
1446,20bc995f-c3de-4789-bd7a-34cf1a313b0c,Did the serving of potato balls happen before the gruel in foam plates?,No,"Yes, the serving of potato balls happened before the gruel in foam plates.",Order Judging(Y/N),no,0,"{""correct"": ""no"", ""score"": 0}"
1447,20bc995f-c3de-4789-bd7a-34cf1a313b0c,"In the video, is the food tent scene before the interaction with the group of people?",No,"No, the food tent scene is after the interaction with the group of people.",Order Judging(Y/N),yes,5,"{""correct"": ""yes"", ""score"": 5}"
1448,20bc995f-c3de-4789-bd7a-34cf1a313b0c,What do we see happening just before the food stand scene?,Serving at a stall,"Just before the food stand scene, we see a person holding a small container and interacting with the food preparation process.",What event order,no,1,"{""correct"": ""no"", ""score"": 1}"
1449,20bc995f-c3de-4789-bd7a-34cf1a313b0c,What's the setting of the video clip?,Inside a food kiosk.,"The setting of the video clip appears to be a bustling street food stall at night, illuminated by artificial lighting.",Scene Summary,no,2,"{""correct"": ""no"", ""score"": 2}"
1450,20bc995f-c3de-4789-bd7a-34cf1a313b0c,What is the primary activity occurring?,Food preparation and sales.,The primary activity is the preparation and serving of food at a street-side kiosk.,Scene Summary,yes,4,"{""correct"": ""yes"", ""score"": 4}"
1451,20bc995f-c3de-4789-bd7a-34cf1a313b0c,Are there any customers present in the video?,"Yes, a group of people.","Yes, there are a few customers visible in the background of the video.",Scene Summary,yes,5,"{""correct"": ""yes"", ""score"": 5}"
1452,20bc995f-c3de-4789-bd7a-34cf1a313b0c,What can be seen in the kiosk besides the food?,Food ingredients and cooking utensils.,"Besides the food, there are various utensils and containers on the kiosk.",Scene Summary,no,3,"{""correct"": ""no"", ""score"": 3}"
1453,20bc995f-c3de-4789-bd7a-34cf1a313b0c,What type of food is being sold?,It is not specified.,"The video shows a person preparing and serving food, which appears to be a type of dosa or similar dish.",Action Caption,no,0,"{""correct"": ""no"", ""score"": 0}"
1454,20bc995f-c3de-4789-bd7a-34cf1a313b0c,Is the food seller working alone?,It's not clear from the clip.,"Yes, the food seller is working alone in the video.",Action Caption,no,0,"{""correct"": ""no"", ""score"": 0}"
1455,20bc995f-c3de-4789-bd7a-34cf1a313b0c,Does the video show the exchange of goods for payment?,It is not confirmed.,"Yes, the video shows a person holding a smartphone and interacting with another individual who is not visible in the frame.",Action Caption,no,0,"{""correct"": ""no"", ""score"": 0}"
1456,20bc995f-c3de-4789-bd7a-34cf1a313b0c,Does the video show the food being cooked?,No.,"Yes, the video shows the food being cooked.",Whether Something Happened(Y/N),no,0,"{""correct"": ""no"", ""score"": 0}"
1457,20bc995f-c3de-4789-bd7a-34cf1a313b0c,Does the video show the food being packaged?,"No, it shows it being prepared.","Yes, the video shows a hand holding a small container of food being placed into one of the bowls on the table.",Whether Something Happened(Y/N),no,0,"{""correct"": ""no"", ""score"": 0}"
1458,20bc995f-c3de-4789-bd7a-34cf1a313b0c,Is there any indication of the kiosk's location being outdoors?,No.,"Yes, the presence of a person wearing a blue shirt and holding a smartphone suggests that they might be taking photos or videos of the scene.",Whether Something Happened(Y/N),no,0,"{""correct"": ""no"", ""score"": 0}"
1459,20bc995f-c3de-4789-bd7a-34cf1a313b0c,"In the video, is the gruel served after the interaction with the group of people?",Yes,"No, the gruel is not served after the interaction with the group of people.",Order Judging(Y/N),no,0,"{""correct"": ""no"", ""score"": 0}"
1460,20bc995f-c3de-4789-bd7a-34cf1a313b0c,Was I at the kiosk before serving potato balls and gruel?,No,"No, you were not at the kiosk before serving potato balls and gruel.",Order Judging(Y/N),yes,5,"{""correct"": ""yes"", ""score"": 5}"
1461,20bc995f-c3de-4789-bd7a-34cf1a313b0c,Did I sell food before I prepared it in the kiosk?,No,"Yes, you did.",Order Judging(Y/N),no,0,"{""correct"": ""no"", ""score"": 0}"
1462,20bc995f-c3de-4789-bd7a-34cf1a313b0c,Is the food sold to the group of people after I prepared it?,Yes,"Yes, the food is being served to the group of people after I prepared it.",Order Judging(Y/N),yes,5,"{""correct"": ""yes"", ""score"": 5}"
1463,20bc995f-c3de-4789-bd7a-34cf1a313b0c,What event took place before serving food to a group of people?,Prepared food in the kiosk,"Before serving food to a group of people, the person in the video was seen preparing and cooking food on a table.",What event order,no,2,"{""correct"": ""no"", ""score"": 2}"
1464,20bc995f-c3de-4789-bd7a-34cf1a313b0c,Did I serve gruel before serving potato balls?,No,"Yes, you served gruel before serving potato balls.",Order Judging(Y/N),no,0,"{""correct"": ""no"", ""score"": 0}"
