video_id,question,answer,pred_answer,task
9198b9a4-8d8f-4ba6-9924-4c86982d890a,What task is being performed with vegetables?,Chopping vegetables.,The task being performed with vegetables is chopping and mixing them with the other ingredients.,Scene Summary
9198b9a4-8d8f-4ba6-9924-4c86982d890a,What step is being taken with flatbread?,Wrapping sauce in flatbread.,The person is preparing flatbread by spreading a mixture of ingredients on it.,Scene Summary
9198b9a4-8d8f-4ba6-9924-4c86982d890a,What kitchen fixture is being utilized?,Opening a cabinet.,A kitchen island is being utilized.,Scene Summary
9198b9a4-8d8f-4ba6-9924-4c86982d890a,What's the overview of the action in the clip?,Preparing ingredients for a meal.,"The clip shows a person preparing a meal in a kitchen, focusing on the preparation of a dish that includes ingredients such as tomatoes, onions, and peppers. The scene includes various kitchen items like a cutting board, a knife, a bowl, and a cutting board with chopped tomatoes. The person is seen chopping the tomatoes and adding them to a bowl. The kitchen is well-lit, and the person is seen mixing the ingredients in a bowl. The video concludes with the person holding a bowl of chopped tomatoes and a bowl of chopped vegetables, ready to be added to the dish.",Action Caption
9198b9a4-8d8f-4ba6-9924-4c86982d890a,Does the video show someone chopping vegetables?,Yes.,Yes,Whether Something Happened(Y/N)
9198b9a4-8d8f-4ba6-9924-4c86982d890a,Did the individual successfully open a kitchen cabinet?,Yes.,"Yes, the individual successfully opened a kitchen cabinet to retrieve a red item.",Whether Something Happened(Y/N)
9198b9a4-8d8f-4ba6-9924-4c86982d890a,Is the flatbread being seasoned with sauce?,Yes.,Yes.,Whether Something Happened(Y/N)
9198b9a4-8d8f-4ba6-9924-4c86982d890a,Is there an occurrence of food being wrapped?,Yes.,Yes.,Whether Something Happened(Y/N)
9198b9a4-8d8f-4ba6-9924-4c86982d890a,Is the person using a knife for cooking tasks?,Yes.,Yes.,Whether Something Happened(Y/N)
9198b9a4-8d8f-4ba6-9924-4c86982d890a,What is the location in the video clip?,A kitchen.,The location is a kitchen.,Scene Summary
9198b9a4-8d8f-4ba6-9924-4c86982d890a,What kitchen activity is underway in the clip?,Cutting vegetables.,"The kitchen activity underway in the clip is preparing tortillas, with the person peeling and chopping garlic and onions.",Scene Summary
9198b9a4-8d8f-4ba6-9924-4c86982d890a,What tool does the person in the video use?,Knives.,The person uses a large knife to cut the tomatoes.,Scene Summary
9198b9a4-8d8f-4ba6-9924-4c86982d890a,What appliance does the person in the video handle?,The heat regulator of the cooker.,The person in the video handles a stove.,Scene Summary
9198b9a4-8d8f-4ba6-9924-4c86982d890a,What part of the kitchen furniture does the person interact with?,Drawers.,The person interacts with the kitchen cabinets and drawers.,Scene Summary
9198b9a4-8d8f-4ba6-9924-4c86982d890a,How is the person controlling the cooking temperature?,Operating the heat regulator.,The person is using a black-handled knife to turn the stove burner.,Action Caption
9198b9a4-8d8f-4ba6-9924-4c86982d890a,What can be inferred from the person's actions with the drawers?,Searching or organizing.,"The person's actions with the drawers suggest that they are organizing or storing the kitchen items, indicating a sense of order and tidiness in the kitchen.",Action Caption
9198b9a4-8d8f-4ba6-9924-4c86982d890a,Does the clip show any cooking taking place?,"No direct cooking, only preparation.","Yes, the clip shows the preparation of tortillas, with the person adding ingredients to the tortillas and then placing them into the oven.",Action Caption
9198b9a4-8d8f-4ba6-9924-4c86982d890a,Did the person successfully cut the vegetables?,Yes.,"Yes, the person successfully cut the tomatoes into smaller pieces.",Whether Something Happened(Y/N)
9198b9a4-8d8f-4ba6-9924-4c86982d890a,Was the heat regulator adjusted to a specific level?,"Yes, it was operated.","Yes, the heat regulator was adjusted to a specific level.",Whether Something Happened(Y/N)
9198b9a4-8d8f-4ba6-9924-4c86982d890a,Did the person use any other kitchen tools besides knives?,Heat regulator only mentioned.,"Yes, the person also used a grater to grate the cheese.",Whether Something Happened(Y/N)
9198b9a4-8d8f-4ba6-9924-4c86982d890a,Is the cabinet opened before wrapping the sauce in flat bread?,No,Yes.,Order Judging(Y/N)
9198b9a4-8d8f-4ba6-9924-4c86982d890a,Do I cut vegetables before operating the heat regulator on the cooker?,Yes,"Yes, you must cut vegetables before operating the heat regulator on the cooker.",Order Judging(Y/N)
9198b9a4-8d8f-4ba6-9924-4c86982d890a,Is the drawer opened before the vegetables are chopped?,No,Yes.,Order Judging(Y/N)
9198b9a4-8d8f-4ba6-9924-4c86982d890a,Does wrapping sauce in flat bread happen after cutting vegetables?,Yes,"Yes, after cutting vegetables, the person places the sliced tomatoes on a cutting board and then proceeds to wrap the flat bread in a tortilla, following the instructions provided.",Order Judging(Y/N)
9198b9a4-8d8f-4ba6-9924-4c86982d890a,Do I open the cabinet before chopping the vegetables?,No,"Yes, you open the cabinet before chopping the vegetables.",Order Judging(Y/N)
9198b9a4-8d8f-4ba6-9924-4c86982d890a,What occurs just before wrapping the sauce in flat bread?,Chopping vegetables,"Just before wrapping the sauce in flat bread, the person places the garlic cloves on the cutting board and picks up a red bell pepper.",What event order
9198b9a4-8d8f-4ba6-9924-4c86982d890a,What takes place right before operating the heat regulator of the cooker?,Cutting vegetables with knives,"A person is seen holding a black-handled knife, preparing to open the oven door.",What event order
9198b9a4-8d8f-4ba6-9924-4c86982d890a,What setting is shown in this video clip?,A kitchen.,The setting shown in this video clip is a kitchen.,Scene Summary
9198b9a4-8d8f-4ba6-9924-4c86982d890a,What task is being performed with tomatoes?,Cutting tomatoes.,The task being performed with tomatoes is adding them to the pot of chili.,Scene Summary
9198b9a4-8d8f-4ba6-9924-4c86982d890a,Is there an electronic device being used in this scene?,"Yes, a mobile phone.",Yes.,Scene Summary
9198b9a4-8d8f-4ba6-9924-4c86982d890a,How is the sauce being utilized in the cooking process?,By spreading it on flatbreads.,"The sauce is being poured over the rolled tortillas, which are being prepared for the next step in the cooking process.",Action Caption
9198b9a4-8d8f-4ba6-9924-4c86982d890a,What activity is occurring aside from food preparation?,Operating a mobile phone.,A person is using a smartphone to take a photo of the food preparation process.,Action Caption
9198b9a4-8d8f-4ba6-9924-4c86982d890a,What manual task is depicted involving food items?,"Cutting vegetables, specifically tomatoes.",The manual task depicted involves rolling tortillas and scooping filling from a pot on the stove.,Action Caption
9198b9a4-8d8f-4ba6-9924-4c86982d890a,Is someone chopping vegetables in the video?,Yes.,Yes.,Whether Something Happened(Y/N)
9198b9a4-8d8f-4ba6-9924-4c86982d890a,Is the sauce being poured into a bowl?,"No, it's being rolled in flatbreads.","No, the sauce is being poured into a pan on the stove.",Whether Something Happened(Y/N)
9198b9a4-8d8f-4ba6-9924-4c86982d890a,Is a cooking activity happening in a bedroom?,"No, it's happening in a kitchen.","No, the kitchen is not a bedroom; it is a cooking activity taking place in a kitchen.",Whether Something Happened(Y/N)
9198b9a4-8d8f-4ba6-9924-4c86982d890a,Does the frame capture the act of grilling or frying?,No.,"No, the frame captures the act of grilling or frying, as the person is seen grilling the tortillas on the stove.",Whether Something Happened(Y/N)
9198b9a4-8d8f-4ba6-9924-4c86982d890a,"In the video, are vegetables cut before the heat regulator is operated?",Yes,"Yes, the vegetables are cut before the heat regulator is operated.",Order Judging(Y/N)
9198b9a4-8d8f-4ba6-9924-4c86982d890a,Does rolling sauce in flatbreads occur after cutting tomatoes?,Yes,"Yes, after cutting tomatoes, the rolling sauce in flatbreads is added to the pan.",Order Judging(Y/N)
9198b9a4-8d8f-4ba6-9924-4c86982d890a,Does the opening of the drawers happen before using the mobile phone?,No,"Yes, the opening of the drawers happens before using the mobile phone.",Order Judging(Y/N)
9198b9a4-8d8f-4ba6-9924-4c86982d890a,Is the heat regulator operated before rolling sauce in flatbreads?,No,"Yes, the heat regulator is turned on before rolling sauce in flatbreads.",Order Judging(Y/N)
9198b9a4-8d8f-4ba6-9924-4c86982d890a,What occurs just before rolling sauce in flatbreads?,Cutting tomatoes with a knife.,"Just before rolling sauce in flatbreads, the person places a tortilla on the pan and starts to roll it.",What event order
9198b9a4-8d8f-4ba6-9924-4c86982d890a,What happens just before operating the heat regulator?,Cutting vegetables with knives.,"Just before operating the heat regulator, the person places the tortilla on the pan and adjusts the heat setting.",What event order
9198b9a4-8d8f-4ba6-9924-4c86982d890a,What is done just before opening drawers in the kitchen?,Operating the heat regulator of the cooker.,"Just before opening drawers, the person is seen holding a tortilla, preparing to place it into the pot.",What event order
9198b9a4-8d8f-4ba6-9924-4c86982d890a,What activity occurs just before operating a mobile phone?,Rolling sauce in flatbreads.,"Just before operating a mobile phone, the person is seen holding a tortilla, preparing to wrap it with the filling.",What event order
9198b9a4-8d8f-4ba6-9924-4c86982d890a,Is the cabinet opened before the vegetables are chopped?,No,Yes.,Order Judging(Y/N)
9198b9a4-8d8f-4ba6-9924-4c86982d890a,Does operating the heat regulator happen after chopping vegetables?,Yes,"Yes, the heat regulator is turned on, and the person is seen adjusting the heat to ensure the food is cooked evenly.",Order Judging(Y/N)
9198b9a4-8d8f-4ba6-9924-4c86982d890a,Is wrapping sauce in flat bread before cutting vegetables?,No,"Yes, wrapping sauce is in the flat bread before cutting vegetables.",Order Judging(Y/N)
9198b9a4-8d8f-4ba6-9924-4c86982d890a,Do I use the mobile phone before opening drawers?,Yes,"Yes, you use the mobile phone before opening drawers.",Order Judging(Y/N)
9198b9a4-8d8f-4ba6-9924-4c86982d890a,What happens just before the cabinet is opened in the video?,Chopping vegetables,"Just before the cabinet is opened, the person is seen holding a red container with a white lid, possibly containing ingredients or tools.",What event order
9198b9a4-8d8f-4ba6-9924-4c86982d890a,What occurs immediately before operating the heat regulator?,Cutting vegetables with knives,"A person with red nail polish is seen holding a red container, possibly a container of seasoning or sauce, and is about to operate the heat regulator.",What event order
9198b9a4-8d8f-4ba6-9924-4c86982d890a,What do I do right before rolling sauce in flat breads?,Cutting tomatoes,You should roll the sauce in the flat breads.,What event order
9198b9a4-8d8f-4ba6-9924-4c86982d890a,What action takes place just before using the mobile phone?,Rolling sauce in flat breads,"Just before using the mobile phone, the person is seen holding a red container with a spoon inside, possibly preparing to add ingredients to the dish.",What event order
9198b9a4-8d8f-4ba6-9924-4c86982d890a,What is done directly before opening drawers in the kitchen?,Operating the heat regulator.,"The person is seen preparing tortillas, which are then placed on a tray on the stove.",What event order
9198b9a4-8d8f-4ba6-9924-4c86982d890a,What is the setting of the latest video frame?,A kitchen.,"The latest video frame shows the person in the kitchen, holding a bowl of chopped tomatoes, preparing to add them to the tortillas.",Scene Summary
9198b9a4-8d8f-4ba6-9924-4c86982d890a,What can be seen on the stove in the video clip?,A pan with shawarma filling and bread.,"On the stove, there are two pots with different types of food being cooked, a blender, a bowl of chopped vegetables, and a cutting board with chopped onions and garlic.",Scene Summary
9198b9a4-8d8f-4ba6-9924-4c86982d890a,How many pans are on the stove in the video?,Two pans.,There are two pans on the stove in the video.,Scene Summary
9198b9a4-8d8f-4ba6-9924-4c86982d890a,What objects are visible on the kitchen counter in the video?,Ingredients and utensils.,"A cutting board with chopped onions, a bowl of chopped tomatoes, and a plate of sliced tomatoes are visible on the kitchen counter.",Scene Summary
9198b9a4-8d8f-4ba6-9924-4c86982d890a,What cooking process is happening in the new frames?,Shawarma filling is being prepared.,"The new frames show the person preparing tortillas, adding ingredients to them, and cooking them in a pan.",Action Caption
9198b9a4-8d8f-4ba6-9924-4c86982d890a,What action was the cook performing?,Adding bread to the shawarma filling.,"The cook was preparing food, specifically rolling tortillas and adding ingredients to them.",Action Caption
9198b9a4-8d8f-4ba6-9924-4c86982d890a,How is the cook interacting with the food?,By stirring and combining ingredients.,"The cook is actively stirring the food in the pan and using a spatula to handle the food, indicating a focus on cooking and preparing the dish.",Action Caption
9198b9a4-8d8f-4ba6-9924-4c86982d890a,Describe the cook's technique in the video clip.,Carefully scooping and spreading filling onto bread.,"The cook methodically prepares the ingredients, starting with the preparation of the tortillas, followed by the cooking of the filling in the pan, and finally, the assembly of the tortillas.",Action Caption
9198b9a4-8d8f-4ba6-9924-4c86982d890a,Is there more than one dish being cooked simultaneously?,Yes.,"Yes, there are two dishes being cooked simultaneously on the stove.",Whether Something Happened(Y/N)
9198b9a4-8d8f-4ba6-9924-4c86982d890a,Is the cook wearing any protective gloves in the video?,No.,"Yes, the cook is wearing red nail polish.",Whether Something Happened(Y/N)
9198b9a4-8d8f-4ba6-9924-4c86982d890a,Does the video capture the addition of toppings to the shawarma?,No.,"Yes, the video captures the addition of toppings to the shawarma, as the person adds the toppings to the rolled-up wraps on the stovetop.",Whether Something Happened(Y/N)
9198b9a4-8d8f-4ba6-9924-4c86982d890a,Is the mobile phone operated before rolling sauce in flat breads?,No,"Yes, the mobile phone is operated before rolling sauce in flat breads.",Order Judging(Y/N)
9198b9a4-8d8f-4ba6-9924-4c86982d890a,Do I cut the tomatoes before preparing the shawarma?,Yes,"Yes, you can cut the tomatoes before preparing the shawarma.",Order Judging(Y/N)
9198b9a4-8d8f-4ba6-9924-4c86982d890a,Is the shawarma prepared before cutting tomatoes?,No,"Yes, the shawarma is prepared before cutting tomatoes, as indicated by the person placing the shawarma on the pan with tomatoes.",Order Judging(Y/N)
9198b9a4-8d8f-4ba6-9924-4c86982d890a,Do I roll sauce in flat breads after cutting tomatoes?,Yes,"Yes, you roll sauce in flat breads after cutting tomatoes.",Order Judging(Y/N)
9198b9a4-8d8f-4ba6-9924-4c86982d890a,Is the mobile phone operated after preparing the shawarma?,Yes,"Yes, the mobile phone is operated after preparing the shawarma.",Order Judging(Y/N)
9198b9a4-8d8f-4ba6-9924-4c86982d890a,What action occurs just before I operated the mobile phone?,Rolling sauce in flat breads,"Just before I operated the mobile phone, the person is seen holding a white bowl filled with chopped tomatoes and green herbs.",What event order
9198b9a4-8d8f-4ba6-9924-4c86982d890a,What do I do before cutting the tomatoes?,"Nothing, it is the first action.","Before cutting the tomatoes, you should first chop the tomatoes into smaller pieces.",What event order
9198b9a4-8d8f-4ba6-9924-4c86982d890a,What occurs just before preparing the shawarma?,Operating the mobile phone,"Just before preparing the shawarma, the person is seen holding a bowl of chopped tomatoes and onions, ready to add them to the shawarma wrap.",What event order
9198b9a4-8d8f-4ba6-9924-4c86982d890a,"In the video, did I open the kitchen drawers before cutting vegetables?",No,"Yes, the person in the video opens the kitchen drawers before cutting vegetables.",Order Judging(Y/N)
9198b9a4-8d8f-4ba6-9924-4c86982d890a,Does the cooking of shawarma happen before regulating the cooker's heat?,Yes,"Yes, the cooking of shawarma happens before regulating the cooker's heat.",Order Judging(Y/N)
9198b9a4-8d8f-4ba6-9924-4c86982d890a,"In the video, is the mobile phone operated after the sauce is rolled in flatbreads?",Yes,"Yes, the mobile phone is operated after the sauce is rolled in flatbreads.",Order Judging(Y/N)
9198b9a4-8d8f-4ba6-9924-4c86982d890a,Is heat regulation done before cutting tomatoes with a knife?,No,"Yes, the person is seen holding a knife and cutting tomatoes with a spatula, indicating that heat regulation has been done before cutting tomatoes.",Order Judging(Y/N)
9198b9a4-8d8f-4ba6-9924-4c86982d890a,"In the video sequence, what do I do before cooking shawarma?",Cut vegetables,"Before cooking shawarma, you first prepare the filling by mixing the ingredients in a bowl.",What event order
9198b9a4-8d8f-4ba6-9924-4c86982d890a,Describe the setting shown in the video clip.,A kitchen where shawarma is being prepared.,"The video shows a kitchen setting where a person is preparing a meal involving tortillas, meat, and a bean-based dish. The kitchen counter is filled with various ingredients and cooking utensils, and the person is seen handling tortillas, stirring a mixture in a pan, and adding toppings to the tortillas.",Scene Summary
9198b9a4-8d8f-4ba6-9924-4c86982d890a,What is happening in these new frames?,Shawarma is being filled with ingredients.,"In these new frames, a person is preparing a dish that involves rolling tortillas filled with a mixture of meat and vegetables, which is being cooked on a stove. The person is using a spatula to stir the mixture in a pan.",Action Caption
9198b9a4-8d8f-4ba6-9924-4c86982d890a,Is the person in the video making a meal?,Yes.,Yes,Whether Something Happened(Y/N)
9198b9a4-8d8f-4ba6-9924-4c86982d890a,Is the kitchen the main location in these frames?,Yes.,"Yes, the kitchen is the main location in these frames.",Whether Something Happened(Y/N)
9198b9a4-8d8f-4ba6-9924-4c86982d890a,Does the video capture the moment of grilling meat for the shawarma?,No.,"Yes, the video captures the moment of grilling meat for the shawarma, as the person is seen grilling the meat in a pan on the stove.",Whether Something Happened(Y/N)
9198b9a4-8d8f-4ba6-9924-4c86982d890a,Are spices being added to the food in this clip?,No.,"Yes, spices are being added to the food in the pan on the stove.",Whether Something Happened(Y/N)
9198b9a4-8d8f-4ba6-9924-4c86982d890a,"In the video, is the shawarma filling added to the bread before wrapping it?",Yes,"Yes, the shawarma filling is added to the bread before wrapping it.",Order Judging(Y/N)
9198b9a4-8d8f-4ba6-9924-4c86982d890a,Does the chopping of vegetables occur before heating the pan?,No,"Yes, the chopping of vegetables occurs before heating the pan.",Order Judging(Y/N)
9198b9a4-8d8f-4ba6-9924-4c86982d890a,Is the stove turned off before removing the pan from heat?,Yes,"Yes, the stove is turned off before removing the pan from heat.",Order Judging(Y/N)
9198b9a4-8d8f-4ba6-9924-4c86982d890a,"In the video, is the bread placed on the pan before adding fillings?",Yes,"Yes, the bread is placed on the pan before adding fillings.",Order Judging(Y/N)
9198b9a4-8d8f-4ba6-9924-4c86982d890a,Is the shawarma served before adding sauce?,No,"Yes, the shawarma is served before adding sauce, as indicated by the person holding a spatula and placing the rolled-up shawarma onto the tray.",Order Judging(Y/N)
9198b9a4-8d8f-4ba6-9924-4c86982d890a,What do I do before adding the shawarma filling to the bread?,Chop vegetables,"Before adding the shawarma filling to the bread, you should first roll the tortilla and place it on the tray.",What event order
9198b9a4-8d8f-4ba6-9924-4c86982d890a,What is done before turning off the stove?,Cook shawarma,"Before turning off the stove, the person is seen holding a spatula and stirring the filling in the pan.",What event order
9198b9a4-8d8f-4ba6-9924-4c86982d890a,What is the immediate step before serving the shawarma?,Add sauce,The immediate step before serving the shawarma is spreading the meat mixture onto the wrap.,What event order
9198b9a4-8d8f-4ba6-9924-4c86982d890a,"In the video, is the sauce added to the flat bread before cutting the tomatoes?",No,"No, the sauce is not added to the flat bread before cutting the tomatoes.",Order Judging(Y/N)
9198b9a4-8d8f-4ba6-9924-4c86982d890a,Does the person operate the mobile phone after rolling the sauce in the flat breads?,Yes,"No, the person does not operate the mobile phone after rolling the sauce in the flat breads.",Order Judging(Y/N)
9198b9a4-8d8f-4ba6-9924-4c86982d890a,Is the shawarma prepared before the tomatoes are cut with a knife?,Yes,"Yes, the shawarma is prepared before the tomatoes are cut with a knife.",Order Judging(Y/N)
9198b9a4-8d8f-4ba6-9924-4c86982d890a,"In the video, does rolling the sauce happen before the shawarma preparation?",No,"No, the sauce is added to the shawarma before the shawarma preparation.",Order Judging(Y/N)
9198b9a4-8d8f-4ba6-9924-4c86982d890a,Is the flat bread used before operating the mobile phone?,Yes,"Yes, the flat bread is used before operating the mobile phone.",Order Judging(Y/N)
9198b9a4-8d8f-4ba6-9924-4c86982d890a,What setting is portrayed in the latest clip?,A kitchen setting.,The latest clip portrays a festive kitchen setting with a Christmas tree in the background.,Scene Summary
9198b9a4-8d8f-4ba6-9924-4c86982d890a,What activity is featured in the frame?,Preparing shawarma.,"The activity featured in the frame is the preparation of a dish, specifically making tortillas and adding fresh vegetables to them.",Scene Summary
9198b9a4-8d8f-4ba6-9924-4c86982d890a,Is the shawarma preparation process completed in the clip?,No.,"Yes, the shawarma preparation process is completed in the clip, as the shawarma is being cut into pieces and the person is holding the shawarma pieces.",Whether Something Happened(Y/N)
9198b9a4-8d8f-4ba6-9924-4c86982d890a,Is there more than one person visible in the kitchen?,No.,"Yes, there is another person visible in the kitchen, standing near the sink and the counter.",Whether Something Happened(Y/N)
9198b9a4-8d8f-4ba6-9924-4c86982d890a,Does the clip show any cooking appliances being used?,No.,"Yes, the clip shows the use of a microwave and an oven being used in the cooking process.",Whether Something Happened(Y/N)
9198b9a4-8d8f-4ba6-9924-4c86982d890a,Is there any sign of food already cooked in the scene?,No.,"Yes, there is a bowl of cooked tortillas visible in the background, suggesting that the food preparation is ongoing.",Whether Something Happened(Y/N)
9198b9a4-8d8f-4ba6-9924-4c86982d890a,Is the person in the frame wearing gloves?,No.,"No, the person is not wearing gloves.",Whether Something Happened(Y/N)
9198b9a4-8d8f-4ba6-9924-4c86982d890a,"In the video, is the meat added to the shawarma wrap before chopping the herbs?",No,"No, the meat is not added to the shawarma wrap before chopping the herbs.",Order Judging(Y/N)
9198b9a4-8d8f-4ba6-9924-4c86982d890a,"In the video, is the shawarma wrap prepared before the vegetables are chopped?",Yes,"Yes, the shawarma wrap is prepared before the vegetables are chopped.",Order Judging(Y/N)
9198b9a4-8d8f-4ba6-9924-4c86982d890a,Does chopping herbs happen after the vegetables are mixed in the bowl?,No,"Yes, the person continues to chop the herbs in the bowl after the vegetables are mixed in.",Order Judging(Y/N)
9198b9a4-8d8f-4ba6-9924-4c86982d890a,Is the shawarma meat cooked before the vegetables are cut?,Yes,"No, the shawarma meat is not cooked before the vegetables are cut.",Order Judging(Y/N)
9198b9a4-8d8f-4ba6-9924-4c86982d890a,What happens just before the shawarma meat is added to the wrap in the video?,The vegetables are mixed in a bowl,"Just before the shawarma meat is added to the wrap, the person is seen holding a bowl of chopped green herbs, likely cilantro, and preparing to add it to the wrap.",What event order
9198b9a4-8d8f-4ba6-9924-4c86982d890a,What action takes place before the wrap is rolled up in the video?,The meat and vegetables are added to it,"Before the wrap is rolled up, the hands are seen holding the green leaves and the white ramekin, preparing them for the next step in the cooking process.",What event order
9198b9a4-8d8f-4ba6-9924-4c86982d890a,"In the video, is the meat placed on the bread before adding vegetables?",No,"No, the meat is not placed on the bread before adding vegetables.",Order Judging(Y/N)
9198b9a4-8d8f-4ba6-9924-4c86982d890a,Is the bread toasted before spreading the meat on it?,No,"Yes, the bread is toasted before spreading the meat on it.",Order Judging(Y/N)
9198b9a4-8d8f-4ba6-9924-4c86982d890a,"In the clip, is the chopping of vegetables shown before the frying of meat?",Yes,"Yes, the chopping of vegetables is shown before the frying of meat in the video.",Order Judging(Y/N)
9198b9a4-8d8f-4ba6-9924-4c86982d890a,Does the video show adding condiments after the meat is placed on the bread?,Yes,"No, the video does not show adding condiments after the meat is placed on the bread.",Order Judging(Y/N)
9198b9a4-8d8f-4ba6-9924-4c86982d890a,What occurs just before the meat is added to the bread in the video?,Vegetables are chopped,"Just before the meat is added to the bread, the person is seen holding a bowl of chopped green vegetables, likely cilantro, and preparing to add it to the bread.",What event order
9198b9a4-8d8f-4ba6-9924-4c86982d890a,"In the video sequence, what do we see happening before the bread is picked up?",Vegetables being sautéed,"Before the bread is picked up, we see a person with red nail polish holding a bunch of fresh green herbs, likely cilantro, and placing them into a bowl.",What event order
9198b9a4-8d8f-4ba6-9924-4c86982d890a,"Before the chopping of vegetables, what event is shown in the clip?",Preparing other ingredients,"Before the chopping of vegetables, the clip shows a festive Christmas tree in the background, indicating the holiday season.",What event order
9198b9a4-8d8f-4ba6-9924-4c86982d890a,What does the cook do before adding condiments to the shawarma?,Place meat on the bread,The cook adds a red chili pepper to the shawarma before adding condiments.,What event order
9198b9a4-8d8f-4ba6-9924-4c86982d890a,What is the setting of this scene?,A kitchen.,The setting of this scene is a kitchen where a person is preparing a dish that involves rolling tortillas filled with a meat mixture and then cooking them in a pan.,Scene Summary
9198b9a4-8d8f-4ba6-9924-4c86982d890a,What culinary activity is taking place?,Preparing shawarma.,The culinary activity is making tortillas filled with a meat mixture.,Scene Summary
9198b9a4-8d8f-4ba6-9924-4c86982d890a,Which type of cuisine is being worked on?,"Middle Eastern, specifically shawarma.",The cuisine being worked on is Mexican.,Scene Summary
9198b9a4-8d8f-4ba6-9924-4c86982d890a,Are any other tasks being carried out besides cooking?,"No, just cooking.","Yes, the person is also seen holding a plate with a tortilla filled with a mixture, possibly a filling for the burritos, and is seen stirring the mixture in the pan.",Scene Summary
9198b9a4-8d8f-4ba6-9924-4c86982d890a,Is the kitchen residential or commercial?,It appears residential.,The kitchen is residential.,Scene Summary
9198b9a4-8d8f-4ba6-9924-4c86982d890a,Is any equipment being used in the action?,"Yes, a knife for chopping.","Yes, a spatula is being used to stir the mixture in the pan.",Action Caption
9198b9a4-8d8f-4ba6-9924-4c86982d890a,Is the person cooking alone or with others?,The clip only shows one person cooking.,"The person is cooking with others, as indicated by the presence of a person in the background.",Action Caption
9198b9a4-8d8f-4ba6-9924-4c86982d890a,Is there more than one person in this scene?,No.,"Yes, there is more than one person in this scene.",Whether Something Happened(Y/N)
9198b9a4-8d8f-4ba6-9924-4c86982d890a,Has the meal been completed in this frame?,No.,"Yes, the meal has been completed in this frame, with the person holding a tortilla filled with a mixture of meat and vegetables, and the tortilla being prepared to be folded into a burrito.",Whether Something Happened(Y/N)
9198b9a4-8d8f-4ba6-9924-4c86982d890a,Is the person in the video cleaning?,No.,"No, the person is not cleaning; they are actively preparing food.",Whether Something Happened(Y/N)
9198b9a4-8d8f-4ba6-9924-4c86982d890a,Does this clip show the finished shawarma dish?,No.,"Yes, the clip shows the finished shawarma dish, with the filling being fully incorporated into the wrap, and the person is seen holding the completed dish, ready to be served.",Whether Something Happened(Y/N)
9198b9a4-8d8f-4ba6-9924-4c86982d890a,Are there any children present in this video?,No.,"No, there are no children present in this video.",Whether Something Happened(Y/N)
9198b9a4-8d8f-4ba6-9924-4c86982d890a,"In the video, is the shawarma prepared after I washed the vegetables?",No,"No, the shawarma is not prepared after I washed the vegetables.",Order Judging(Y/N)
9198b9a4-8d8f-4ba6-9924-4c86982d890a,"In the video, do I chop the parsley before assembling the shawarma?",Yes,"Yes, you chop the parsley before assembling the shawarma.",Order Judging(Y/N)
9198b9a4-8d8f-4ba6-9924-4c86982d890a,Does cutting tomatoes occur before the marinating of meat?,Yes,"Yes, the person is seen cutting tomatoes before the marinating of meat.",Order Judging(Y/N)
9198b9a4-8d8f-4ba6-9924-4c86982d890a,"In the clip, is the garlic crushed before the tzatziki sauce is mixed?",Yes,"Yes, the garlic is crushed before the tzatziki sauce is mixed.",Order Judging(Y/N)
9198b9a4-8d8f-4ba6-9924-4c86982d890a,Is the lettuce shredded after the hummus is spread on the bread?,Yes,Yes,Order Judging(Y/N)
9198b9a4-8d8f-4ba6-9924-4c86982d890a,What happens before I season the shawarma meat?,Chopping onions,"Before seasoning the shawarma meat, the person places the shawarma wrap on a plate and then adds a spoonful of the meat mixture to the plate.",What event order
9198b9a4-8d8f-4ba6-9924-4c86982d890a,What do I do just before wrapping the shawarma?,Adding sauces,"Just before wrapping the shawarma, you should place the tortilla on a plate or a cutting board and roll it up.",What event order
9198b9a4-8d8f-4ba6-9924-4c86982d890a,What occurs before I put the shawarma on the grill?,Skewing meat,"Before placing the shawarma on the grill, the person is seen holding a shaker of almond flour and a tortilla, preparing to roll the shawarma.",What event order
9198b9a4-8d8f-4ba6-9924-4c86982d890a,"In the video, what action precedes slicing the cooked shawarma?",Removing from heat,Slicing the cooked shawarma precedes the addition of the filling to the tortillas.,What event order
9198b9a4-8d8f-4ba6-9924-4c86982d890a,What task is completed before garnishing the dish with parsley?,Placing the shawarma on the plate.,"Before garnishing the dish with parsley, the task completed is spreading the filling onto the tortillas.",What event order
9198b9a4-8d8f-4ba6-9924-4c86982d890a,"In the kitchen, is shawarma added to the pita before chopping the herbs?",No,Yes,Order Judging(Y/N)
9198b9a4-8d8f-4ba6-9924-4c86982d890a,Are the herbs chopped before the shawarma is cooked?,Yes,"Yes, the herbs are chopped before the shawarma is cooked.",Order Judging(Y/N)
9198b9a4-8d8f-4ba6-9924-4c86982d890a,Is the pita prepared before any cooking starts?,No,"Yes, the pita is prepared and placed on a tray before the next step in the cooking process.",Order Judging(Y/N)
9198b9a4-8d8f-4ba6-9924-4c86982d890a,Is the pan on the stove before chopping the herbs?,Yes,Yes.,Order Judging(Y/N)
9198b9a4-8d8f-4ba6-9924-4c86982d890a,What happens before the pita is filled with shawarma?,Shawarma is cooked.,"Before the pita is filled with shawarma, the person places the pita on a tray lined with parchment paper and spreads a mixture of meat and vegetables on it.",What event order
9198b9a4-8d8f-4ba6-9924-4c86982d890a,What is the action performed after placing the pan on the stove?,Cooking shawarma.,"After placing the pan on the stove, the person starts to cook the filling in the pan.",What event order
9198b9a4-8d8f-4ba6-9924-4c86982d890a,What is the setting shown in the video clip?,A kitchen.,The setting shown in the video clip is a kitchen with a Christmas tree in the background.,Scene Summary
9198b9a4-8d8f-4ba6-9924-4c86982d890a,Which dish is being prepared in this video?,Shawarma.,The dish being prepared is tortillas filled with meat and vegetables.,Scene Summary
9198b9a4-8d8f-4ba6-9924-4c86982d890a,Are there any decorations visible in the video scene?,"Yes, a Christmas tree.","Yes, there are Christmas decorations visible in the background.",Scene Summary
9198b9a4-8d8f-4ba6-9924-4c86982d890a,What appliances are present in the video scene?,A stove and fridge are visible.,"The video scene features a stove, a blender, and a food processor.",Scene Summary
9198b9a4-8d8f-4ba6-9924-4c86982d890a,Is the kitchen depicted as clean or messy?,It appears clean.,"The kitchen is described as being messy, with various ingredients and utensils scattered around.",Scene Summary
9198b9a4-8d8f-4ba6-9924-4c86982d890a,Is any cooking appliance being used in the frames?,The stove is being used.,"Yes, a blender is being used in the frames.",Action Caption
9198b9a4-8d8f-4ba6-9924-4c86982d890a,Is there any evidence of recent cooking in the video?,"Yes, a pan is on the stovetop.","Yes, there is evidence of recent cooking in the video, as the person is seen stirring a pot on the stove, and the countertop is cluttered with various ingredients and cooking utensils.",Action Caption
9198b9a4-8d8f-4ba6-9924-4c86982d890a,Is food being cooked or assembled?,"Assembled, as shawarma is being prepared.","Yes, food is being cooked or assembled.",Action Caption
9198b9a4-8d8f-4ba6-9924-4c86982d890a,Does the clip show any ingredient being chopped or sliced?,"No, not depicted in the clip.","Yes, the clip shows the person chopping or slicing a vegetable on the cutting board.",Action Caption
9198b9a4-8d8f-4ba6-9924-4c86982d890a,Is there a person visible in the video clip?,No.,Yes.,Whether Something Happened(Y/N)
9198b9a4-8d8f-4ba6-9924-4c86982d890a,Does the clip include any festive decorations?,Yes.,"Yes, the video includes a glimpse of a Christmas tree in the background, indicating the festive decorations.",Whether Something Happened(Y/N)
9198b9a4-8d8f-4ba6-9924-4c86982d890a,Can you see any finished dish in the clip?,No.,"Yes, the finished dish appears to be a tortilla wrap filled with a mixture of vegetables and meat, ready to be served.",Whether Something Happened(Y/N)
9198b9a4-8d8f-4ba6-9924-4c86982d890a,Does the clip show someone doing the dishes?,No.,"Yes, the clip shows someone holding a plate with a bowl of food and a fork, indicating they are in the process of preparing or serving the food.",Whether Something Happened(Y/N)
9198b9a4-8d8f-4ba6-9924-4c86982d890a,Is there any visible flame or food being cooked directly?,No.,"Yes, there is visible smoke or steam rising from the pan, indicating that the food is being cooked directly on the stovetop.",Whether Something Happened(Y/N)
9198b9a4-8d8f-4ba6-9924-4c86982d890a,What is the setting of the latest video clip?,The setting is a kitchen.,"The setting of the latest video clip is a kitchen with a Christmas tree in the background, indicating a festive atmosphere.",Scene Summary
9198b9a4-8d8f-4ba6-9924-4c86982d890a,Describe the activity being carried out.,Cooking or food preparation is being performed.,"The video shows a person preparing a dish by grating cheese and mixing it with other ingredients on a countertop. The kitchen is decorated with Christmas decorations, and the person is using a grater to grate cheese and then mixes it with other ingredients, such as tortillas and tortillas shells. The scene is set in a kitchen with a Christmas tree in the background, and the person is using a red container to hold the grated cheese.",Scene Summary
9198b9a4-8d8f-4ba6-9924-4c86982d890a,Does the person open the refrigerator in the video?,Yes.,Yes.,Whether Something Happened(Y/N)
9198b9a4-8d8f-4ba6-9924-4c86982d890a,"In the video, is the refrigerator opened before the cheese is retrieved?",Yes,"Yes, the refrigerator is opened before the cheese is retrieved.",Order Judging(Y/N)
9198b9a4-8d8f-4ba6-9924-4c86982d890a,Is the kitchen light turned on after I enter the room?,No,Yes.,Order Judging(Y/N)
9198b9a4-8d8f-4ba6-9924-4c86982d890a,Do I start preparing shawarma before setting the ingredients on the counter?,No,"Yes, you start preparing shawarma before setting the ingredients on the counter.",Order Judging(Y/N)
9198b9a4-8d8f-4ba6-9924-4c86982d890a,"In the video, is the tree decorated before I begin cooking?",Yes,"Yes, the tree is decorated with Christmas lights before I begin cooking.",Order Judging(Y/N)
9198b9a4-8d8f-4ba6-9924-4c86982d890a,What's the setting of the video clip?,In a kitchen.,"The setting of the video clip is a kitchen with a Christmas tree in the background, decorated with lights and ornaments.",Scene Summary
9198b9a4-8d8f-4ba6-9924-4c86982d890a,What objects are present in this scene?,"Glass cup, glass bowls, steel bowls, whipping cream, flour, eggs, whisker.","The scene contains a kitchen with a Christmas tree decorated with lights and ornaments, a refrigerator, a countertop with various ingredients and utensils, and a bowl of tortillas.",Scene Summary
9198b9a4-8d8f-4ba6-9924-4c86982d890a,What is the main activity taking place?,Baking preparation.,The main activity is preparing a dish by mixing ingredients and adding cheese to it.,Scene Summary
9198b9a4-8d8f-4ba6-9924-4c86982d890a,Are there any kitchen appliances visible?,"Yes, a stove and a sink.","Yes, there are kitchen appliances visible in the background, including a Christmas tree and a Christmas tree decoration.",Scene Summary
9198b9a4-8d8f-4ba6-9924-4c86982d890a,Can you identify the ingredients used?,"Heavy whipping cream, flour, and eggs.","Yes, the ingredients used include tortillas, shredded cheese, and a yellow mixture that appears to be a filling or topping for the burritos.",Scene Summary
9198b9a4-8d8f-4ba6-9924-4c86982d890a,What is being prepared in the kitchen?,A baking recipe.,A dish that appears to be tortillas or wraps is being prepared in the kitchen.,Action Caption
9198b9a4-8d8f-4ba6-9924-4c86982d890a,What action does the person perform with the eggs?,Cracking and whipping them.,The person pours the eggs into the bowl and then uses a fork to mix them.,Action Caption
9198b9a4-8d8f-4ba6-9924-4c86982d890a,What tool is used for whipping the eggs?,A whisker.,A whisk is used for whipping the eggs.,Action Caption
9198b9a4-8d8f-4ba6-9924-4c86982d890a,Where are the ingredients placed after being prepared?,In glass and steel bowls.,The ingredients are placed on a countertop in the kitchen.,Action Caption
9198b9a4-8d8f-4ba6-9924-4c86982d890a,How are the ingredients combined?,Poured into bowls and whipped.,The ingredients are combined by pouring the beaten eggs into the tortillas and then adding the shredded cheese.,Action Caption
9198b9a4-8d8f-4ba6-9924-4c86982d890a,Is there an egg crate visible in the scene?,Yes.,Yes.,Whether Something Happened(Y/N)
9198b9a4-8d8f-4ba6-9924-4c86982d890a,Did the person crack eggs from both a slab and the fridge?,Yes.,"Yes, the person cracked eggs from both a slab and the fridge.",Whether Something Happened(Y/N)
9198b9a4-8d8f-4ba6-9924-4c86982d890a,Were the flour and whipping cream poured into separate containers?,Yes.,"Yes, the flour and whipping cream were poured into separate containers.",Whether Something Happened(Y/N)
9198b9a4-8d8f-4ba6-9924-4c86982d890a,Is the heavy whipping cream poured before cracking the eggs?,Yes,Yes,Order Judging(Y/N)
9198b9a4-8d8f-4ba6-9924-4c86982d890a,Is the flour added to the bowl before the eggs are cracked?,Yes,"No, the flour is added to the bowl after the eggs are cracked.",Order Judging(Y/N)
9198b9a4-8d8f-4ba6-9924-4c86982d890a,What did I do just before whipping the eggs in the video?,Crack the eggs into steel bowls,"Before whipping the eggs, the person was seen preparing a dish that included tortillas, cheese, and a sauce.",What event order
9198b9a4-8d8f-4ba6-9924-4c86982d890a,What takes place just before flour is poured into a bowl?,Pouring cream into a glass cup,"Before flour is poured into a bowl, the person is seen holding a bowl filled with flour, ready to start the cooking process.",What event order
9198b9a4-8d8f-4ba6-9924-4c86982d890a,What do we see happening before the egg crate is put in the fridge?,Cracking eggs on the slab,"Before the egg crate is put in the fridge, we see a Christmas tree decorated with lights and ornaments, a kitchen counter with various ingredients and utensils, and a Christmas tree decoration on the floor.",What event order
9198b9a4-8d8f-4ba6-9924-4c86982d890a,What occurs just before the shawarma preparation in the video?,Taking the egg crate out of the fridge,"Just before the shawarma preparation, the person is seen opening a refrigerator, possibly to retrieve ingredients or to store the prepared ingredients.",What event order
9198b9a4-8d8f-4ba6-9924-4c86982d890a,"In the video, is the egg cracked into the bowl before the cream is poured?",No,Yes,Order Judging(Y/N)
9198b9a4-8d8f-4ba6-9924-4c86982d890a,Does the egg crate go back into the fridge after the eggs are cracked?,Yes,"No, the egg crate is left on the counter after the eggs are cracked.",Order Judging(Y/N)
9198b9a4-8d8f-4ba6-9924-4c86982d890a,"In the video, is the flour poured into the bowl after the egg is cracked?",Yes,"No, the flour is poured into the bowl after the egg is cracked.",Order Judging(Y/N)
9198b9a4-8d8f-4ba6-9924-4c86982d890a,Does the preparation of shawarma occur before the cream is poured into the cup?,Yes,"Yes, the preparation of shawarma occurs before the cream is poured into the cup.",Order Judging(Y/N)
9198b9a4-8d8f-4ba6-9924-4c86982d890a,What happens just before the egg crate is put back in the fridge?,The eggs are cracked.,"Just before the egg crate is put back in the fridge, the person is seen holding the egg crate, preparing to close the door.",What event order
9198b9a4-8d8f-4ba6-9924-4c86982d890a,What occurs just before the whipping of the egg?,The egg is cracked into the bowl.,"Just before the whipping of the egg, the person places the egg into the bowl and starts whisking it.",What event order
9198b9a4-8d8f-4ba6-9924-4c86982d890a,"In the video, what do we see happening before the flour is poured into the bowl?",The cream is poured into a cup.,"Before the flour is poured into the bowl, we see a person holding a bowl with a yellow mixture, likely a dough or batter, and a spoon. The kitchen counter is cluttered with various ingredients and utensils, and the background features a decorated Christmas tree.",What event order
9198b9a4-8d8f-4ba6-9924-4c86982d890a,What happens just before the cream is poured into the cup?,Shawarma is prepared.,"Just before the cream is poured into the cup, the person is seen holding a small container, possibly containing a condiment or ingredient, and is preparing to add it to the bowl.",What event order
9198b9a4-8d8f-4ba6-9924-4c86982d890a,What is the setting of the video clip?,In a kitchen.,The setting of the video clip is a kitchen with a Christmas tree in the background.,Scene Summary
9198b9a4-8d8f-4ba6-9924-4c86982d890a,What ingredients are combined in the mixture?,"Egg, cheese, baking soda, cream, sugar, vegetables.","The mixture includes a yellowish liquid, a white powdery substance, and a greenish substance.",Scene Summary
9198b9a4-8d8f-4ba6-9924-4c86982d890a,What utensil is used to stir the mixture?,A spatula.,A blue spatula is used to stir the mixture.,Scene Summary
9198b9a4-8d8f-4ba6-9924-4c86982d890a,Where is the dough placed after removal from the fridge?,On a board on a slab in the kitchen.,The dough is placed on a cutting board on the kitchen counter.,Scene Summary
9198b9a4-8d8f-4ba6-9924-4c86982d890a,What does the person do with the dough and mixture?,Stir the mixture; place dough on board.,"The person uses a spatula to mix the dough and mixture in a bowl, ensuring it is well combined.",Scene Summary
9198b9a4-8d8f-4ba6-9924-4c86982d890a,What preparation is shown in the video clip?,Making some food involving a mixed batter.,"The preparation shown in the video clip includes preparing tortillas, adding ingredients to them, and preparing a mixture in a blender.",Action Caption
9198b9a4-8d8f-4ba6-9924-4c86982d890a,What sequence of actions is depicted in the clip?,"Stirring mixture, retrieving, placing dough.","The sequence of actions depicted in the clip includes preparing ingredients, mixing them, and preparing the dough.",Action Caption
9198b9a4-8d8f-4ba6-9924-4c86982d890a,Does the person whip cream into the mixture?,Yes.,Yes,Whether Something Happened(Y/N)
9198b9a4-8d8f-4ba6-9924-4c86982d890a,Does the person transfer the mixture to another container?,No.,Yes,Whether Something Happened(Y/N)
9198b9a4-8d8f-4ba6-9924-4c86982d890a,Is the dough placed in an oven?,No.,"No, the dough is not placed in an oven; it is being kneaded on a wooden cutting board.",Whether Something Happened(Y/N)
9198b9a4-8d8f-4ba6-9924-4c86982d890a,Does the person knead the dough in the clip?,No.,"Yes, the person kneads the dough in the clip.",Whether Something Happened(Y/N)
9198b9a4-8d8f-4ba6-9924-4c86982d890a,Is there a moment when sugar is added to the mixture?,No (sugar was already added before).,"Yes, there is a moment when sugar is added to the mixture, as the person uses a spoon to add it to the mixture.",Whether Something Happened(Y/N)
9198b9a4-8d8f-4ba6-9924-4c86982d890a,Was the cream poured into a cup before the eggs were cracked?,Yes,"Yes, the cream was poured into a cup before the eggs were cracked.",Order Judging(Y/N)
9198b9a4-8d8f-4ba6-9924-4c86982d890a,Was the mixture stirred before the dough was brought out?,Yes,"Yes, the mixture was stirred before the dough was brought out.",Order Judging(Y/N)
9198b9a4-8d8f-4ba6-9924-4c86982d890a,Did the whipping of eggs happen after the flour was poured?,Yes,"Yes, the flour was poured over the egg mixture, indicating that the egg was being whipped.",Order Judging(Y/N)
9198b9a4-8d8f-4ba6-9924-4c86982d890a,Is sugar added to the mixture after the egg is whipped?,Yes,"Yes, sugar is added to the mixture after the egg is whipped.",Order Judging(Y/N)
9198b9a4-8d8f-4ba6-9924-4c86982d890a,What happened before the dough was placed on the board?,Stirring the mixture,"Before the dough was placed on the board, it was mixed with other ingredients on the counter.",What event order
9198b9a4-8d8f-4ba6-9924-4c86982d890a,What occurs just before the eggs are whipped?,Cracking eggs into bowls,"Just before the eggs are whipped, the person holds a bowl of shredded cheese and a white cloth, preparing to use it.",What event order
9198b9a4-8d8f-4ba6-9924-4c86982d890a,What is done just before cracking eggs from the fridge?,Pouring cream into a cup,"Just before cracking eggs from the fridge, the person holds a bowl of shredded cheese and a white cloth, preparing to use it.",What event order
9198b9a4-8d8f-4ba6-9924-4c86982d890a,What is done right before adding grated cheese to the mixture?,Stirring the mixture,"Right before adding grated cheese to the mixture, the person mixes the dough with a fork.",What event order
9198b9a4-8d8f-4ba6-9924-4c86982d890a,"In the video, does the cheese get grated before the eggs are cracked?",No,"Yes, the cheese is grated before the eggs are cracked.",Order Judging(Y/N)
9198b9a4-8d8f-4ba6-9924-4c86982d890a,Is the heavy whipping cream poured into a cup after the flour?,Yes,"No, the heavy whipping cream is poured into a bowl after the flour.",Order Judging(Y/N)
9198b9a4-8d8f-4ba6-9924-4c86982d890a,Does the dough come out of the fridge before the eggs are whipped?,No,"Yes, the dough comes out of the fridge before the eggs are whipped.",Order Judging(Y/N)
9198b9a4-8d8f-4ba6-9924-4c86982d890a,"In the video, is the sugar added to the mixture before the vegetables?",Yes,Yes,Order Judging(Y/N)
9198b9a4-8d8f-4ba6-9924-4c86982d890a,Does the mixture get stirred before the eggs are cracked?,No,"Yes, the mixture is stirred before the eggs are cracked.",Order Judging(Y/N)
9198b9a4-8d8f-4ba6-9924-4c86982d890a,What happens just before the dough is placed on the board?,The mixture is stirred,"Just before the dough is placed on the board, the person uses a spatula to scrape the remaining oil from the bowl and then places the bowl on the board.",What event order
9198b9a4-8d8f-4ba6-9924-4c86982d890a,"In the video sequence, what action is taken before pouring flour into a glass bowl?",Preparing shawarma,"Before pouring flour into a glass bowl, the person is seen holding a bowl of dough and a white cloth.",What event order
9198b9a4-8d8f-4ba6-9924-4c86982d890a,What occurs just before grating the cheese?,Stirring the mixture,"Just before grating the cheese, the person holds a white cloth and a piece of dough, preparing to use it to grate the cheese.",What event order
9198b9a4-8d8f-4ba6-9924-4c86982d890a,"In the video, what happens right before whipping the egg?",Cracking the eggs,"Right before whipping the egg, the person holds a bowl of shredded cheese and a white cloth, preparing to use it to spread the cheese evenly.",What event order
9198b9a4-8d8f-4ba6-9924-4c86982d890a,What do we see happening before the heavy whipping cream is poured?,Preparing shawarma,"Before the heavy whipping cream is poured, we see a person holding a bowl of shredded cheese, a plate with a peeled onion, and a white cloth.",What event order
9198b9a4-8d8f-4ba6-9924-4c86982d890a,What is the setting of the video clip?,The setting is a kitchen.,"The setting of the video clip is a kitchen with a Christmas tree in the background, indicating a festive atmosphere.",Scene Summary
9198b9a4-8d8f-4ba6-9924-4c86982d890a,What ingredients are being used?,Dough and mixtures in bowls.,"The ingredients being used include shredded cheese, a yellow mixture, and a green herb.",Scene Summary
9198b9a4-8d8f-4ba6-9924-4c86982d890a,What equipment is being utilized?,Rolling pin and spatulas.,A large knife and a cutting board are being utilized.,Scene Summary
9198b9a4-8d8f-4ba6-9924-4c86982d890a,What is the main activity occurring?,Preparing dough and mixtures for baking.,"The main activity is the preparation of a dish, specifically making tortillas.",Scene Summary
9198b9a4-8d8f-4ba6-9924-4c86982d890a,What task is being performed with the dough?,Rolling the dough with a rolling pin.,"The task being performed with the dough is rolling it out into a thin, even layer.",Action Caption
9198b9a4-8d8f-4ba6-9924-4c86982d890a,What is being done to the mixtures?,The mixtures are being stirred in steel bowls.,The mixtures are being stirred together in a glass bowl.,Action Caption
9198b9a4-8d8f-4ba6-9924-4c86982d890a,Is the dough being prepared for baking?,Yes.,Yes,Whether Something Happened(Y/N)
9198b9a4-8d8f-4ba6-9924-4c86982d890a,Is only one type of spatula being used?,"No, two different spatulas are being used.","No, both hands are used to spread the dough evenly.",Whether Something Happened(Y/N)
9198b9a4-8d8f-4ba6-9924-4c86982d890a,Did the same person handle all tasks shown in the summary?,Yes.,"Yes, the same person was seen handling all tasks, including the cutting of the dough, spreading the filling, and preparing the oven.",Whether Something Happened(Y/N)
9198b9a4-8d8f-4ba6-9924-4c86982d890a,Is anything being cooked in the clip?,"No, only preparation steps are shown.","Yes, a pot of yellow liquid is being stirred in the background.",Whether Something Happened(Y/N)
9198b9a4-8d8f-4ba6-9924-4c86982d890a,Is the dough placed on the board before the mixture is stirred?,No,Yes.,Order Judging(Y/N)
9198b9a4-8d8f-4ba6-9924-4c86982d890a,Is the doe taken out of the fridge before the rolling pin is used?,Yes,Yes.,Order Judging(Y/N)
9198b9a4-8d8f-4ba6-9924-4c86982d890a,What do we see happening before the spatula stirs the mixture in the steel bowls?,The rolling pin rolls on the dough,"Before the spatula stirs the mixture in the steel bowls, we see a person holding a glass bowl with a yellow mixture, possibly a sauce or dip, and a spatula.",What event order
9198b9a4-8d8f-4ba6-9924-4c86982d890a,Did I pour heavy whipping cream before cracking eggs?,Yes,"Yes, the person in the video is seen pouring heavy whipping cream before cracking eggs, which is a common practice in the preparation of tortillas.",Order Judging(Y/N)
9198b9a4-8d8f-4ba6-9924-4c86982d890a,Is the dough rolled before stirring mixtures in bowls?,Yes,"Yes, the dough is rolled before stirring mixtures in bowls.",Order Judging(Y/N)
9198b9a4-8d8f-4ba6-9924-4c86982d890a,Do I place the dough on the board after pouring flour?,Yes,"Yes, the dough is placed on the board after pouring flour.",Order Judging(Y/N)
9198b9a4-8d8f-4ba6-9924-4c86982d890a,What happens just before I place the dough on the board?,I bring out the dough from the fridge.,"Just before placing the dough on the board, the person uses a spatula to spread the dough evenly across the board.",What event order
9198b9a4-8d8f-4ba6-9924-4c86982d890a,What is the setting of the video clip?,A kitchen with a board and cooking items.,"The setting of the video clip is a kitchen with a Christmas tree in the background, indicating a festive atmosphere.",Scene Summary
9198b9a4-8d8f-4ba6-9924-4c86982d890a,What object is primarily shown in the scene?,A doe laid out on a mat on a kitchen board.,The scene primarily shows a person preparing dough on a wooden cutting board.,Scene Summary
9198b9a4-8d8f-4ba6-9924-4c86982d890a,Which item is used in the scene?,A knife to trim edges of the doe.,A knife is used in the scene.,Scene Summary
9198b9a4-8d8f-4ba6-9924-4c86982d890a,What stage of the process is shown?,Trimming and folding the prepared doe.,"The video shows the final stages of the preparation process, where the dough is being rolled out and shaped into a tortilla.",Scene Summary
9198b9a4-8d8f-4ba6-9924-4c86982d890a,Can you describe the main task at hand?,Trimming rough edges of the doe.,"The main task at hand is preparing a tortilla dough for cooking, involving rolling it out, spreading it with butter, and shaping it into a tortilla.",Action Caption
9198b9a4-8d8f-4ba6-9924-4c86982d890a,What preparation step is shown in the clip?,Folding the trimmed doe together.,The preparation step shown in the clip is the filling being spread onto the dough.,Action Caption
9198b9a4-8d8f-4ba6-9924-4c86982d890a,Did the person use a knife in the video?,Yes.,"Yes, the person used a knife to cut the dough into smaller pieces.",Whether Something Happened(Y/N)
9198b9a4-8d8f-4ba6-9924-4c86982d890a,Is there any folding action happening?,Yes.,"Yes, the person is folding the dough into a circular shape, preparing it for the next step in the cooking process.",Whether Something Happened(Y/N)
9198b9a4-8d8f-4ba6-9924-4c86982d890a,Did the person complete the trimming action?,Yes.,"Yes, the person completed the trimming action by smoothing out the edges of the dough.",Whether Something Happened(Y/N)
9198b9a4-8d8f-4ba6-9924-4c86982d890a,Is the dough folded before trimming the rough edges?,No,Yes,Order Judging(Y/N)
9198b9a4-8d8f-4ba6-9924-4c86982d890a,Does stirring in the steel bowls happen after folding the dough?,No,"Yes, the video shows the dough being stirred in the steel bowls after folding it, indicating the preparation of the filling for the dish.",Order Judging(Y/N)
9198b9a4-8d8f-4ba6-9924-4c86982d890a,What occurs just before folding the dough?,Trimming the rough edges with a knife,"Just before folding the dough, the person uses a knife to carefully cut the dough into smaller pieces.",What event order
9198b9a4-8d8f-4ba6-9924-4c86982d890a,What happens before stirring mixtures in steel bowls?,Rolling the pin on the dough,"Before stirring mixtures in steel bowls, the person uses a spatula to mix the ingredients together.",What event order
9198b9a4-8d8f-4ba6-9924-4c86982d890a,Does rolling the dough with a rolling pin happen before trimming its edges?,Yes,"Yes, the video shows the person rolling the dough with a rolling pin to flatten it, which is a common step in making tortillas.",Order Judging(Y/N)
9198b9a4-8d8f-4ba6-9924-4c86982d890a,Is the trimmed dough folded before stirring the mixture?,No,"Yes, the dough is folded over itself before being stirred.",Order Judging(Y/N)
9198b9a4-8d8f-4ba6-9924-4c86982d890a,Do I take out the dough from the fridge before preparing mixtures?,Yes,"Yes, the person in the video takes out the dough from the fridge before preparing mixtures.",Order Judging(Y/N)
9198b9a4-8d8f-4ba6-9924-4c86982d890a,What occurs before folding the trimmed dough?,Trimming the rough edges with a knife,"Before folding the dough, the person uses a knife to cut the dough into smaller pieces.",What event order
9198b9a4-8d8f-4ba6-9924-4c86982d890a,What is the first thing I do with the dough after taking it out from the fridge?,Placing it on a board,The first thing you do with the dough after taking it out from the fridge is to spread it out on a baking sheet.,What event order
0fa75cb3-c4a0-4232-bdc4-15116ed39d88,What is the setting of the video clip?,It is in an outdoor field.,"The setting of the video clip is an empty room with a view of a sunset or sunrise, featuring a person standing in the foreground.",Scene Summary
0fa75cb3-c4a0-4232-bdc4-15116ed39d88,Is the scene occurring in an urban or rural environment?,Rural environment.,"The scene is occurring in a rural environment, as indicated by the presence of a person in a yellow top and a blurred figure in the foreground.",Scene Summary
0fa75cb3-c4a0-4232-bdc4-15116ed39d88,What time of day does the scene appear to be set in?,It appears to be set in the evening.,"The scene appears to be set during the early evening or late afternoon, as indicated by the soft lighting and the long shadows.",Scene Summary
0fa75cb3-c4a0-4232-bdc4-15116ed39d88,How is the subject navigating the outdoor space?,The subject is walking on the field and then heads home.,"The subject is seen walking towards the camera, moving around the space, and eventually exiting the frame.",Action Caption
0fa75cb3-c4a0-4232-bdc4-15116ed39d88,Can you provide an overview of the action in this clip?,"Subject walks outdoors, across a field, and returns home.","The video begins with an empty room, then transitions to a person walking towards the camera, and finally shows a person standing in the foreground, looking towards the camera.",Action Caption
0fa75cb3-c4a0-4232-bdc4-15116ed39d88,Does the video show the subject entering a building?,No.,"Yes, the video shows the subject entering a building, as indicated by the person's movement towards the camera.",Whether Something Happened(Y/N)
0fa75cb3-c4a0-4232-bdc4-15116ed39d88,Is the subject interacting with other people in the video?,No.,"Yes, the person in the yellow top is seen walking towards the camera, possibly interacting with the person in the yellow top.",Whether Something Happened(Y/N)
0fa75cb3-c4a0-4232-bdc4-15116ed39d88,Does the video capture the subject engaging in a sport?,No.,"Yes, the video captures a person in the foreground, blurred due to motion, walking towards the camera and then moving away, suggesting they are engaging in a sport.",Whether Something Happened(Y/N)
0fa75cb3-c4a0-4232-bdc4-15116ed39d88,Is the subject seen leaving the field in the video?,Yes.,Yes,Whether Something Happened(Y/N)
0fa75cb3-c4a0-4232-bdc4-15116ed39d88,Does the video show the subject at home?,"No, just heading home.","Yes, the video shows the subject at home, as indicated by the person's presence in the frame.",Whether Something Happened(Y/N)
0fa75cb3-c4a0-4232-bdc4-15116ed39d88,What is the location of the video clip?,The video clip is in a field with a walkway.,"The video clip is set in a serene environment with a road leading towards a sunset, featuring a person walking on the sidewalk and a person in a yellow top standing on the sidewalk.",Scene Summary
0fa75cb3-c4a0-4232-bdc4-15116ed39d88,What activity is shown in the video?,Walking on a walkway and looking around.,"The video shows a person walking on the sidewalk, moving along the road, and observing the surroundings.",Scene Summary
0fa75cb3-c4a0-4232-bdc4-15116ed39d88,What time of day does the video depict?,The video depicts evening or dusk.,"The video depicts either sunrise or sunset, as indicated by the low position of the sun on the horizon.",Scene Summary
0fa75cb3-c4a0-4232-bdc4-15116ed39d88,What natural features can be seen in the video?,There is a body of water visible.,"The video shows a road with a sidewalk, palm trees, a body of water, and a clear sky.",Scene Summary
0fa75cb3-c4a0-4232-bdc4-15116ed39d88,Does the person stop to observe a specific scene?,Yes.,"Yes, the person in the video is seen walking along the sidewalk, occasionally looking back, and appears to be observing a specific scene, possibly a person or an object, as they move along the road.",Whether Something Happened(Y/N)
0fa75cb3-c4a0-4232-bdc4-15116ed39d88,"In the video, did I look at the scenes before walking on the field?",No,"Yes, the person in the yellow top appears to be looking at the scenes before walking on the field.",Order Judging(Y/N)
0fa75cb3-c4a0-4232-bdc4-15116ed39d88,"In the video, was I indoors before going to the field?",No,"No, I was outdoors before going to the field.",Order Judging(Y/N)
0fa75cb3-c4a0-4232-bdc4-15116ed39d88,What happened before I walked on the walkway in the video?,I was in the field,"Before I walked on the walkway, I was seen from behind, wearing a yellow top and black pants, and moving away from the camera.",What event order
0fa75cb3-c4a0-4232-bdc4-15116ed39d88,What is depicted in the current frame?,It shows a sidewalk lined with palm trees and buildings.,"The current frame shows a person standing on the sidewalk, with a person in the foreground blurred out, suggesting motion or a focus on the person in the foreground. The scene is set in a residential area with a well-maintained street, palm trees, and a white building with a garage.",Scene Summary
0fa75cb3-c4a0-4232-bdc4-15116ed39d88,What activity is taking place in these frames?,Walking along a residential sidewalk.,The activity taking place in these frames is a person walking down the sidewalk.,Action Caption
0fa75cb3-c4a0-4232-bdc4-15116ed39d88,Does this video show a busy city street?,No.,"No, the video does not show a busy city street; it shows a quiet residential area with a single car driving down the street.",Whether Something Happened(Y/N)
0fa75cb3-c4a0-4232-bdc4-15116ed39d88,Does the clip capture any interaction with people?,No.,"Yes, the video captures a person walking on the sidewalk, adding a sense of movement and human interaction to the scene.",Whether Something Happened(Y/N)
0fa75cb3-c4a0-4232-bdc4-15116ed39d88,Is the person entering a building in this scene?,No.,Yes,Whether Something Happened(Y/N)
0fa75cb3-c4a0-4232-bdc4-15116ed39d88,Was I in the field after walking on the walkway?,No.,"Yes, you were in the field after walking on the walkway.",Order Judging(Y/N)
0fa75cb3-c4a0-4232-bdc4-15116ed39d88,Did I go home before looking at the scenes?,No.,"Yes, you can see a blurred figure in the bottom right corner of the video, indicating that you were likely walking or standing near the person in the yellow top before looking at the scenes.",Order Judging(Y/N)
0fa75cb3-c4a0-4232-bdc4-15116ed39d88,What occurs just before I look at the scenes?,I walk on the walkway.,"A person appears in the frame, walking towards the camera.",What event order
0fa75cb3-c4a0-4232-bdc4-15116ed39d88,What do I do before walking on the walkway?,I am in the field.,I turn left and walk towards the palm tree.,What event order
0fa75cb3-c4a0-4232-bdc4-15116ed39d88,Did I walk on the field before looking at the scenes?,Yes,"Yes, you walked on the field before looking at the scenes.",Order Judging(Y/N)
0fa75cb3-c4a0-4232-bdc4-15116ed39d88,Is the walk on the walkway shown before going home in the video?,Yes,"Yes, the walk on the walkway shown before going home in the video is the same one that is visible in the video.",Order Judging(Y/N)
0fa75cb3-c4a0-4232-bdc4-15116ed39d88,"In the video, do we see walking through the walkways before walking on the field?",No,"No, we do not see walking through the walkways before walking on the field.",Order Judging(Y/N)
0fa75cb3-c4a0-4232-bdc4-15116ed39d88,Do I walk along the water before walking under the trees as shown in the clip?,Yes,"No, you walk along the water before walking under the trees.",Order Judging(Y/N)
0fa75cb3-c4a0-4232-bdc4-15116ed39d88,"In the video sequence, what occurs before walking on the field?",Being outdoors,"Before walking on the field, a person wearing a yellow top walks towards the camera.",What event order
0fa75cb3-c4a0-4232-bdc4-15116ed39d88,What event takes place before walking under the trees in the clip?,Walking along the water,"A person is seen walking under the trees, possibly enjoying the serene atmosphere.",What event order
0fa75cb3-c4a0-4232-bdc4-15116ed39d88,What is the setting of the scenario seen in the video?,A residential area with palm trees and walkways.,"The setting of the scenario is a serene and tranquil outdoor area, possibly a park or a garden, with palm trees swaying gently in the breeze, a gazebo, and a paved walkway.",Scene Summary
0fa75cb3-c4a0-4232-bdc4-15116ed39d88,What can be seen in the background of the video frame?,"Houses, streetlights, and a clear sky.","In the background, there is a street with a car driving by, a person walking, and a person riding a bicycle.",Scene Summary
0fa75cb3-c4a0-4232-bdc4-15116ed39d88,What are the dominant features of the environment in this clip?,"Landscaped pathways, streetlamps, and tropical foliage.","The dominant features of the environment in this clip include a well-maintained pathway, a few palm trees, a gazebo, and a few benches.",Scene Summary
0fa75cb3-c4a0-4232-bdc4-15116ed39d88,Can you characterize the location shown in the video?,A well-maintained suburban neighborhood.,"The location shown in the video is a serene and well-maintained public space, likely a park or a recreational area, characterized by palm trees, a gazebo, and a paved walkway.",Scene Summary
0fa75cb3-c4a0-4232-bdc4-15116ed39d88,What action is being undertaken in the new frames?,Walking along a residential street.,A person is walking on the sidewalk in the new frames.,Action Caption
0fa75cb3-c4a0-4232-bdc4-15116ed39d88,Is there any sign of wildlife in the frames provided?,No.,"No, there are no signs of wildlife in the frames provided.",Whether Something Happened(Y/N)
0fa75cb3-c4a0-4232-bdc4-15116ed39d88,Did the person in the video use any transportation other than walking?,No.,"Yes, the person in the video used a bicycle to travel around the area.",Whether Something Happened(Y/N)
0fa75cb3-c4a0-4232-bdc4-15116ed39d88,Does the footage include any sporting activities?,No.,"Yes, the video includes a person riding a bicycle, adding a dynamic element to the otherwise serene setting.",Whether Something Happened(Y/N)
0fa75cb3-c4a0-4232-bdc4-15116ed39d88,"Is the person in the video engaging with the environment, like sitting or touching?",No.,"Yes, the person in the video is seen sitting on a bench and touching the ground.",Whether Something Happened(Y/N)
0fa75cb3-c4a0-4232-bdc4-15116ed39d88,Did I tour the park before walking on the walkways?,Yes,"Yes, you can see the person walking on the walkways of the park before you.",Order Judging(Y/N)
0fa75cb3-c4a0-4232-bdc4-15116ed39d88,What do I do before touring the park?,"Nothing, it is the first activity","Before touring the park, I should check the parking area and ensure that the gate is closed.",What event order
0fa75cb3-c4a0-4232-bdc4-15116ed39d88,Did I walk through the park before going home?,Yes,"Yes, you can see a person walking through the park before going home.",Order Judging(Y/N)
0fa75cb3-c4a0-4232-bdc4-15116ed39d88,What environment is depicted in this video clip?,"An outdoor, paved area with street lamps.","The video depicts a serene and quiet environment, possibly in a suburban or rural area, with a paved road, palm trees, and a clear sky.",Scene Summary
0fa75cb3-c4a0-4232-bdc4-15116ed39d88,What action am I performing in this clip?,Walking on a pavement outdoors.,I am riding a bicycle and passing a person.,Action Caption
0fa75cb3-c4a0-4232-bdc4-15116ed39d88,Do I interact with anyone in this video clip?,No.,"No, there is no interaction with anyone in this video clip.",Whether Something Happened(Y/N)
0fa75cb3-c4a0-4232-bdc4-15116ed39d88,What is the setting of this video clip?,The setting is an outdoor pavement in a residential area.,"The setting of the video clip is an outdoor urban area during twilight, featuring a street with parked cars, a person walking, and a person standing near a parked car.",Scene Summary
0fa75cb3-c4a0-4232-bdc4-15116ed39d88,What time of day is depicted in this frame?,It appears to be twilight or early evening.,"The time of day depicted in this frame is either early morning or late evening, as indicated by the low light conditions and the presence of a person walking.",Scene Summary
0fa75cb3-c4a0-4232-bdc4-15116ed39d88,What elements indicate that this is a residential area?,The presence of housing structures and lack of commercial signs.,"The residential area is indicated by the presence of houses with visible windows, a street lamp, and a parked car.",Scene Summary
0fa75cb3-c4a0-4232-bdc4-15116ed39d88,What type of path is the person on in the video?,The person is on a paved walkway.,The person is on a paved path that runs parallel to the road.,Scene Summary
0fa75cb3-c4a0-4232-bdc4-15116ed39d88,Does the scene suggest a leisurely or rushed pace?,The scene suggests a leisurely pace.,"The scene suggests a leisurely pace, as there are no people visible in the frame, and the lighting is consistent throughout the video.",Action Caption
0fa75cb3-c4a0-4232-bdc4-15116ed39d88,Does the person interact with any objects in the scene?,No.,"Yes, the person is seen holding a smartphone in the foreground.",Whether Something Happened(Y/N)
0fa75cb3-c4a0-4232-bdc4-15116ed39d88,Is the person traveling with someone else?,No.,Yes,Whether Something Happened(Y/N)
0fa75cb3-c4a0-4232-bdc4-15116ed39d88,Does the video capture any animals in the scene?,No.,"No, there are no animals visible in the scene.",Whether Something Happened(Y/N)
0fa75cb3-c4a0-4232-bdc4-15116ed39d88,Does the individual seem to be lost or searching for directions?,No.,"Yes, the individual appears to be lost or searching for directions, as they are walking along the sidewalk and looking around.",Whether Something Happened(Y/N)
879dd163-7588-45d1-9466-a5deabc59167,What is depicted in the scene of the video clip?,A person relaxing on a couch holding an e-reader.,"The scene depicts a person lounging on a couch in a cozy living room, surrounded by various items such as a bag, a book, and a remote control. The room has a warm and inviting ambiance, with a ceiling light and a window allowing natural light to filter in.",Scene Summary
879dd163-7588-45d1-9466-a5deabc59167,What location is shown in the video clip?,Inside a house.,"The video clip shows a cozy living room with a person sitting on a couch, surrounded by various items such as a bag, a book, and a remote control.",Scene Summary
879dd163-7588-45d1-9466-a5deabc59167,Describe the setting where the action takes place.,A living room with a dining area in the background.,"The setting is a cozy living room with a comfortable couch, a person sitting on it, and a person standing in the background. The room has a warm and inviting atmosphere, with a ceiling light and a decorative wall hanging.",Scene Summary
879dd163-7588-45d1-9466-a5deabc59167,How is the environment arranged in the video clip?,"A cozy arrangement with a couch, curtain, and dining set.","The environment is arranged with a cozy living room setting, featuring a comfortable couch, a chair, a table, and a decorative wall hanging.",Scene Summary
879dd163-7588-45d1-9466-a5deabc59167,What is the subject doing in the video?,Resting and perhaps beginning to read an e-book.,"The subject is sitting on a couch, holding a tablet, and appears to be reading or looking at the screen.",Action Caption
879dd163-7588-45d1-9466-a5deabc59167,Can you provide an overview of the action in this clip?,Leisurely activities involving electronic devices at home.,"The video begins with a person sitting on a couch, holding a tablet, and then transitions to a view of the living room, showing the person sitting on the couch with the tablet. The scene then shifts to a wider view of the living room, revealing a cozy and well-lit space with a person sitting on the couch, holding the tablet. The video wraps up with the person still holding the tablet, maintaining the cozy and well-lit atmosphere of the living room.",Action Caption
879dd163-7588-45d1-9466-a5deabc59167,Does the video capture the person sitting on the couch?,Yes.,"Yes, the video captures the person sitting on the couch, with their legs crossed and hands resting on their lap.",Whether Something Happened(Y/N)
879dd163-7588-45d1-9466-a5deabc59167,Is the person in the video engaged in a strenuous activity?,No.,No.,Whether Something Happened(Y/N)
879dd163-7588-45d1-9466-a5deabc59167,What is the setting of the scene in the clip?,The setting is inside a house.,"The setting of the scene is a cozy living room with a comfortable couch, a white tablet, and a white book.",Scene Summary
879dd163-7588-45d1-9466-a5deabc59167,Where was the reading activity taking place?,The reading took place on a couch.,The reading activity was taking place in a cozy living room.,Scene Summary
879dd163-7588-45d1-9466-a5deabc59167,What object is prominently featured in the scene?,A tablet is prominently featured.,A white e-reader is prominently featured in the scene.,Scene Summary
879dd163-7588-45d1-9466-a5deabc59167,What is the room's appearance in the video clip?,The room appears to be a living area.,"The room has a cozy ambiance with a comfortable couch, a white wall, and a ceiling light.",Scene Summary
879dd163-7588-45d1-9466-a5deabc59167,What activity is the subject engaged in?,The subject is engaged in reading a book.,The subject is engaged in reading a book.,Scene Summary
879dd163-7588-45d1-9466-a5deabc59167,Describe the posture of the person in the action.,The person is sitting with legs up on the couch.,"The person is lying on the couch with their legs crossed, holding the e-reader in their lap.",Action Caption
879dd163-7588-45d1-9466-a5deabc59167,Does the clip show a person reading a physical book?,No.,"No, the clip does not show a person reading a physical book; it only shows a person holding a white e-reader displaying text.",Whether Something Happened(Y/N)
879dd163-7588-45d1-9466-a5deabc59167,Is the subject standing while reading?,No.,"No, the subject is sitting on the couch while reading.",Whether Something Happened(Y/N)
879dd163-7588-45d1-9466-a5deabc59167,Does the video capture multiple people in the room?,No.,"No, the video only captures a single person in the room.",Whether Something Happened(Y/N)
879dd163-7588-45d1-9466-a5deabc59167,Does the video show a daytime setting?,No.,No.,Whether Something Happened(Y/N)
879dd163-7588-45d1-9466-a5deabc59167,What setting is shown in the video?,A house interior is shown in the video.,"The video shows a cozy living room setting with a person comfortably seated on a couch, engrossed in reading a white e-reader.",Scene Summary
879dd163-7588-45d1-9466-a5deabc59167,Explain the immediate scene in the video?,The video captures a moment of domestic relaxation.,"The video shows a person sitting on a couch in a cozy living room, holding a white e-reader with text on the screen. The room is dimly lit, creating a calm and relaxed atmosphere. The person is reading a book, and the background features a comfortable couch, a coffee table, and a few decorative items, including a vase and a small plant. The video captures the person's engagement with the e-reader, with the text on the screen appearing to be a passage from a book.",Scene Summary
879dd163-7588-45d1-9466-a5deabc59167,Can you describe the motion occurring in the clip?,"There is minimal motion, mainly of holding a tablet.","The motion in the clip is consistent, with the person's legs and the tablet being the primary subjects. The person is seated comfortably on the couch, holding the tablet with both hands, and appears to be reading or looking at the screen.",Action Caption
879dd163-7588-45d1-9466-a5deabc59167,How would you caption the video's current activity?,Leisure time: Engrossed in digital reading.,The caption could be 'A person is engrossed in reading a book on a white e-reader in a cozy living room setting.',Action Caption
879dd163-7588-45d1-9466-a5deabc59167,Does the video show a person standing up?,No.,"No, the video does not show a person standing up; it focuses on the person sitting on the couch and reading a book.",Whether Something Happened(Y/N)
879dd163-7588-45d1-9466-a5deabc59167,Is the video capturing outdoor activities?,No.,"No, the video does not show any outdoor activities. It focuses on indoor activities such as reading and relaxing.",Whether Something Happened(Y/N)
879dd163-7588-45d1-9466-a5deabc59167,Does the video depict a social gathering?,No.,"No, the video does not depict a social gathering; it shows a person reading a book in a quiet, comfortable setting.",Whether Something Happened(Y/N)
879dd163-7588-45d1-9466-a5deabc59167,Is the individual in the video interacting with others?,No.,"No, the individual is not interacting with others; they are focused on their own reading experience.",Whether Something Happened(Y/N)
879dd163-7588-45d1-9466-a5deabc59167,Is the scene taking place in a work environment?,No.,"No, the scene is not taking place in a work environment.",Whether Something Happened(Y/N)
879dd163-7588-45d1-9466-a5deabc59167,What is the main activity depicted in this video scene?,Reading a book on a tablet.,The main activity depicted in this video scene is a person reading a book on an e-reader.,Scene Summary
879dd163-7588-45d1-9466-a5deabc59167,Where is this scene taking place?,Inside a house.,This scene is taking place in a cozy living room.,Scene Summary
879dd163-7588-45d1-9466-a5deabc59167,How is the reader positioned in this scenario?,Relaxed on a couch with feet up.,"The reader is positioned comfortably on the couch, with their legs crossed and feet resting on the armrests.",Scene Summary
879dd163-7588-45d1-9466-a5deabc59167,Can you describe the posture of the reader in this clip?,The reader is lying back with feet propped up.,"The reader is comfortably reclined on the couch, with their legs crossed and feet resting on the armrest. They are holding the e-reader with both hands, indicating a relaxed and casual posture.",Action Caption
879dd163-7588-45d1-9466-a5deabc59167,What is the focal point of this particular frame?,The tablet displaying text.,"The focal point of this particular frame is the person's hands and the white e-reader they are holding, which is displaying a page of text.",Action Caption
879dd163-7588-45d1-9466-a5deabc59167,What does the stillness of the frame indicate about the action?,It indicates a calm and stationary activity.,"The stillness of the frame indicates that the person is engaged in a quiet and focused activity, likely reading or browsing on the e-reader.",Action Caption
879dd163-7588-45d1-9466-a5deabc59167,Does the video show any social interaction?,No.,"No, the video does not show any social interaction.",Whether Something Happened(Y/N)
879dd163-7588-45d1-9466-a5deabc59167,Is the reader changing positions frequently in this clip?,No.,"Yes, the reader is seen changing positions frequently throughout the clip.",Whether Something Happened(Y/N)
879dd163-7588-45d1-9466-a5deabc59167,Does the environment indicate a public or private space?,A private space.,"The environment appears to be a private space, as indicated by the presence of a dining table and chairs in the background.",Whether Something Happened(Y/N)
879dd163-7588-45d1-9466-a5deabc59167,Does the reader make use of any physical book in the scene?,No.,"Yes, the reader occasionally glances at a physical book, indicating a preference for traditional reading materials.",Whether Something Happened(Y/N)
879dd163-7588-45d1-9466-a5deabc59167,Is there any indication of the reader being disturbed or interrupted?,No.,"No, there is no indication of the reader being disturbed or interrupted.",Whether Something Happened(Y/N)
879dd163-7588-45d1-9466-a5deabc59167,What does the video show in the indoor setting?,Someone sitting on a couch using a tablet.,"The video shows a person sitting on a couch, engrossed in reading a book. The indoor setting includes a cozy and comfortable environment, with a warm and inviting atmosphere.",Scene Summary
879dd163-7588-45d1-9466-a5deabc59167,Where is the person located in the video?,The person is on the couch inside a house.,The person is located in a cozy living room.,Scene Summary
879dd163-7588-45d1-9466-a5deabc59167,How is the person positioned in this section of the video?,They are sitting with legs on the couch.,"The person is sitting cross-legged on a couch, with their legs crossed and feet resting on the armrest.",Scene Summary
879dd163-7588-45d1-9466-a5deabc59167,What is the person doing with their legs in the video?,They are moving their legs on the couch.,The person is sitting cross-legged on the couch with their legs crossed.,Action Caption
879dd163-7588-45d1-9466-a5deabc59167,How is the tablet being utilized in the video?,The tablet is being held and read from.,"The tablet is being used to read a book, as the person is seen holding the tablet and reading the text on the screen.",Action Caption
879dd163-7588-45d1-9466-a5deabc59167,Is the individual in the video eating?,No.,"No, the individual is not eating; they are focused on reading the e-reader.",Whether Something Happened(Y/N)
879dd163-7588-45d1-9466-a5deabc59167,Does the video show the person lying down on the couch?,No.,"No, the video does not show the person lying down on the couch; it only shows the person holding the e-reader.",Whether Something Happened(Y/N)
879dd163-7588-45d1-9466-a5deabc59167,Is there a pet visible in the video clip?,No.,"No, there is no pet visible in the video clip.",Whether Something Happened(Y/N)
879dd163-7588-45d1-9466-a5deabc59167,Does the video depict any outdoor scenes?,No.,"No, the video does not depict any outdoor scenes.",Whether Something Happened(Y/N)
879dd163-7588-45d1-9466-a5deabc59167,Is the person in the video talking on the phone?,No.,"No, the person is not talking on the phone.",Whether Something Happened(Y/N)
879dd163-7588-45d1-9466-a5deabc59167,Did I sit on the couch before reading the book on the tablet?,Yes,"No, you didn't sit on the couch before reading the book on the tablet.",Order Judging(Y/N)
879dd163-7588-45d1-9466-a5deabc59167,Did I move my legs on the couch before using the tablet?,Yes,"No, you did not move your legs on the couch before using the tablet.",Order Judging(Y/N)
879dd163-7588-45d1-9466-a5deabc59167,Was I in the house before I sat on the couch?,Yes,"Yes, you were in the house before you sat on the couch.",Order Judging(Y/N)
879dd163-7588-45d1-9466-a5deabc59167,Did I use the tablet before moving my legs on the couch?,No,"Yes, you did use the tablet before moving your legs on the couch.",Order Judging(Y/N)
879dd163-7588-45d1-9466-a5deabc59167,Was the tablet in my hands before I sat on the couch?,No,"Yes, the tablet was in my hands before I sat on the couch.",Order Judging(Y/N)
879dd163-7588-45d1-9466-a5deabc59167,What happens just before I read the book on the tablet?,Sitting on the couch.,"Just before I read the book on the tablet, the person removes their shoes and sits up, revealing their bare feet.",What event order
879dd163-7588-45d1-9466-a5deabc59167,What setting is depicted in the provided video clip?,A person sitting on a couch in a house.,"The setting depicted in the video clip is a cozy living room with a comfortable couch, a table with a laptop, and a potted plant.",Scene Summary
879dd163-7588-45d1-9466-a5deabc59167,What furnishings are visible in the video?,"A couch, chair, and a dining area in the background.","The video shows a cozy living room with a couch, a table, and a few decorative items.",Scene Summary
879dd163-7588-45d1-9466-a5deabc59167,Describe the atmosphere of the room shown in the video?,The room appears to be tidy and comfortably lit.,"The room has a cozy and comfortable atmosphere, with a comfortable couch, a table with a laptop, and a few personal items scattered around. The lighting is soft and warm, creating a relaxing environment.",Scene Summary
879dd163-7588-45d1-9466-a5deabc59167,Describe the posture of the individual in the video?,They are seated with their legs up on the couch.,The individual is lying on their back with their legs extended and crossed at the ankles.,Action Caption
879dd163-7588-45d1-9466-a5deabc59167,Can you summarize the person's behavior in the video?,They are relaxing and using an electronic device.,"The person is sitting cross-legged on a couch, holding a white e-reader with text on it, and appears to be reading or looking at the e-reader.",Action Caption
879dd163-7588-45d1-9466-a5deabc59167,Is there any noticeable movement or gesture in the video?,The person raised their hands at some point.,"No, there is no noticeable movement or gesture in the video.",Action Caption
879dd163-7588-45d1-9466-a5deabc59167,Did the person in the video adjust their position on the couch?,Not shown in the given frame.,"Yes, the person adjusted their position on the couch by moving their legs and feet.",Whether Something Happened(Y/N)
879dd163-7588-45d1-9466-a5deabc59167,Is the individual in the video communicating with someone else?,"No, not visibly.","No, the individual is not communicating with someone else; they are focused on their reading.",Whether Something Happened(Y/N)
879dd163-7588-45d1-9466-a5deabc59167,Does the video indicate that the person is multitasking?,"No, they appear focused on the tablet.","Yes, the video indicates that the person is multitasking by simultaneously reading and using the e-reader.",Whether Something Happened(Y/N)
879dd163-7588-45d1-9466-a5deabc59167,Is the person standing up at any point in the video?,"No, they are seated throughout.",No.,Whether Something Happened(Y/N)
879dd163-7588-45d1-9466-a5deabc59167,Did I move my legs on the couch before using the tablet?,Yes,"No, you did not move your legs on the couch before using the tablet.",Order Judging(Y/N)
879dd163-7588-45d1-9466-a5deabc59167,Did I raise my hands before sitting on the couch?,No,"No, you didn't raise your hands before sitting on the couch.",Order Judging(Y/N)
879dd163-7588-45d1-9466-a5deabc59167,Was I sitting on the couch before raising my hands?,Yes,"Yes, you were sitting on the couch before raising your hands.",Order Judging(Y/N)
879dd163-7588-45d1-9466-a5deabc59167,Did I use the tablet after sitting on the couch?,Yes,"Yes, you used the tablet after sitting on the couch.",Order Judging(Y/N)
879dd163-7588-45d1-9466-a5deabc59167,What did I do just before using the tablet in the house?,Sat on the couch,I just used the tablet in the house.,What event order
879dd163-7588-45d1-9466-a5deabc59167,What did I do just before raising my hands?,Used the tablet,I raised my hands to adjust the position of the white e-reader.,What event order
879dd163-7588-45d1-9466-a5deabc59167,Is the tablet used after sitting on the couch as shown in the clip?,Yes,"Yes, the tablet is used after sitting on the couch, as the person is seen holding it up to read the text on the screen.",Order Judging(Y/N)
879dd163-7588-45d1-9466-a5deabc59167,"In the video, is the tablet picked up before legs are placed on the couch?",Yes,"Yes, the tablet is picked up before legs are placed on the couch.",Order Judging(Y/N)
879dd163-7588-45d1-9466-a5deabc59167,Does sitting on the couch happen after raising hands in the sequence?,No,"No, the sequence does not involve sitting on the couch after raising hands.",Order Judging(Y/N)
879dd163-7588-45d1-9466-a5deabc59167,What is the setting of the video clip?,The setting is inside a house.,"The setting of the video clip is a cozy living room with a brown couch, a blue armchair, and a small table with a lamp and a few books.",Scene Summary
879dd163-7588-45d1-9466-a5deabc59167,Where is the person situated in this scene?,The person is sitting on the couch.,The person is seated on a couch in a cozy living room.,Scene Summary
879dd163-7588-45d1-9466-a5deabc59167,What object is the person interacting with?,The person is holding and using a tablet.,The person is interacting with a white e-reader.,Scene Summary
879dd163-7588-45d1-9466-a5deabc59167,Describe the person's posture in the video.,The person is reclined with feet up on the couch.,"The person is lying on their back with their legs crossed, holding a white e-reader with both hands, and appears to be reading or looking at the e-reader.",Scene Summary
879dd163-7588-45d1-9466-a5deabc59167,Is the person reading a book on the tablet?,Yes.,Yes,Whether Something Happened(Y/N)
879dd163-7588-45d1-9466-a5deabc59167,Does the scene show an interaction with digital technology?,Yes.,"Yes, the scene shows an interaction with digital technology as the person is holding a white e-reader and reading a book.",Whether Something Happened(Y/N)
879dd163-7588-45d1-9466-a5deabc59167,Is the individual standing while using the tablet?,No.,No.,Whether Something Happened(Y/N)
879dd163-7588-45d1-9466-a5deabc59167,Has the person positioned themselves comfortably for tablet use?,Yes.,"Yes, the person is comfortably positioned with their feet up on the couch, indicating a relaxed posture.",Whether Something Happened(Y/N)
879dd163-7588-45d1-9466-a5deabc59167,Does the video show the person watching TV?,No.,No.,Whether Something Happened(Y/N)
879dd163-7588-45d1-9466-a5deabc59167,"In the video, did I use the tablet before sitting on the couch?",No,"Yes, you can see the tablet on the couch in the first image, indicating that you used it before sitting on the couch.",Order Judging(Y/N)
879dd163-7588-45d1-9466-a5deabc59167,Did I raise my hands before holding the tablet?,No,"No, you didn't raise your hands before holding the tablet.",Order Judging(Y/N)
879dd163-7588-45d1-9466-a5deabc59167,"In the video, was I already seated on the couch before using the tablet?",Yes,"No, you were already seated on the couch before using the tablet.",Order Judging(Y/N)
879dd163-7588-45d1-9466-a5deabc59167,Was the tablet in my hand before I used it?,Yes,"Yes, the tablet was in my hand before I used it.",Order Judging(Y/N)
879dd163-7588-45d1-9466-a5deabc59167,What occurs just before I hold the tablet in the video?,I sit on the couch,"Just before I hold the tablet, the person is lying on the couch with their feet propped up on the blue cushion.",What event order
879dd163-7588-45d1-9466-a5deabc59167,What action takes place before using the tablet?,I hold the tablet,"Before using the tablet, the person lies on the couch with their feet up, holding the tablet in their hands.",What event order
879dd163-7588-45d1-9466-a5deabc59167,"In the video, did I move my legs on the couch before using the tablet?",Yes,"No, the person did not move their legs on the couch before using the tablet.",Order Judging(Y/N)
879dd163-7588-45d1-9466-a5deabc59167,"In the video, is the tablet held before raising hands?",Yes,"Yes, the tablet is held before raising hands.",Order Judging(Y/N)
879dd163-7588-45d1-9466-a5deabc59167,"In the video, does sitting on the couch happen before moving legs on the couch?",Yes,"Yes, sitting on the couch happens before moving legs on the couch.",Order Judging(Y/N)
879dd163-7588-45d1-9466-a5deabc59167,What happens before I use the tablet in the video?,I sit on the couch and move my legs,"Before using the tablet, the person is lying on the couch with their feet propped up on the blue cushion.",What event order
879dd163-7588-45d1-9466-a5deabc59167,What action is performed just before raising hands in the video?,Using the tablet,"Just before raising hands, the person is holding the white e-reader with both hands, indicating they are about to start reading or have just finished reading.",What event order
879dd163-7588-45d1-9466-a5deabc59167,What do I do right before moving my legs on the couch?,I sit on the couch,I adjust the position of the white tablet on the couch.,What event order
879dd163-7588-45d1-9466-a5deabc59167,"In the video, what takes place prior to holding the tablet?",I sit on the couch,"Prior to holding the tablet, the person is lying on the couch with their feet propped up on the blue cushion.",What event order
879dd163-7588-45d1-9466-a5deabc59167,What is the depicted scenario in this video frame?,A person sitting on a couch using a tablet.,"The video frame depicts a person lying on a couch, engrossed in reading a white e-reader. The person is wearing a beige shirt and blue jeans, and the couch is adorned with blue cushions. The background shows a cozy living room setting with a table and chairs, and a bookshelf filled with various items.",Scene Summary
879dd163-7588-45d1-9466-a5deabc59167,Can you summarize the environment in the video clip?,The environment is a cozy living room with a person on the couch.,"The video clip shows a cozy living room with a brown couch, blue velvet pillows, and a blue velvet throw blanket. The room has a warm and inviting atmosphere, with a table and chairs in the background.",Scene Summary
879dd163-7588-45d1-9466-a5deabc59167,Offer a caption for the ongoing activity in the video?,Enjoying digital content from the comfort of the couch.,'Enjoying a peaceful moment with a white e-reader',Action Caption
879dd163-7588-45d1-9466-a5deabc59167,Is the person in the video standing up?,No.,"No, the person is sitting on the couch.",Whether Something Happened(Y/N)
879dd163-7588-45d1-9466-a5deabc59167,Does the video capture the individual walking around?,No.,"No, the video does not capture the individual walking around; it focuses on the person sitting on the couch and reading the e-reader.",Whether Something Happened(Y/N)
879dd163-7588-45d1-9466-a5deabc59167,Is there a group of people in the video clip?,No.,No.,Whether Something Happened(Y/N)
879dd163-7588-45d1-9466-a5deabc59167,Does the frame show the person cooking in the kitchen?,No.,"No, the frame does not show the person cooking in the kitchen.",Whether Something Happened(Y/N)
879dd163-7588-45d1-9466-a5deabc59167,Is the person in the video engaging in a conversation?,No.,"No, the person is not engaging in a conversation; they are simply enjoying their reading experience.",Whether Something Happened(Y/N)
879dd163-7588-45d1-9466-a5deabc59167,Did I sit on the couch before using the tablet?,Yes.,"No, the person did not sit on the couch before using the tablet.",Order Judging(Y/N)
879dd163-7588-45d1-9466-a5deabc59167,Did I hold the tablet before sitting on the couch?,No.,"Yes, you held the tablet before sitting on the couch.",Order Judging(Y/N)
879dd163-7588-45d1-9466-a5deabc59167,Did I sit down after picking up the tablet?,Yes.,"No, you didn't sit down after picking up the tablet.",Order Judging(Y/N)
879dd163-7588-45d1-9466-a5deabc59167,"In the video, what do I do just before sitting on the couch?",There is no information on actions prior.,I sit on the couch with the white e-reader in front of me.,What event order
879dd163-7588-45d1-9466-a5deabc59167,"In the sequence, what happens before I use the tablet?",I hold the tablet.,"Before using the tablet, the person is lying on the couch with their legs crossed and their feet resting on the blue cushion.",What event order
879dd163-7588-45d1-9466-a5deabc59167,Does the action of sitting on the couch happen before using the tablet?,Yes,"No, the action of sitting on the couch happens after using the tablet.",Order Judging(Y/N)
879dd163-7588-45d1-9466-a5deabc59167,Does raising hands occur before sitting on the couch?,No,"No, raising hands do not occur before sitting on the couch.",Order Judging(Y/N)
879dd163-7588-45d1-9466-a5deabc59167,Is using the tablet done after sitting on the couch?,Yes,"Yes, the person is seen holding the tablet in their hands, indicating that they have finished using it.",Order Judging(Y/N)
879dd163-7588-45d1-9466-a5deabc59167,What happens before using the tablet?,Sitting on the couch and holding the tablet,"Before using the tablet, the person is lying on the couch with their legs crossed, holding the tablet in their hands.",What event order
879dd163-7588-45d1-9466-a5deabc59167,What occurs just before raising hands?,Using the tablet,"Just before raising hands, the person's legs are crossed, and they are holding the tablet with both hands.",What event order
cbfeb6c8-ec1f-4884-bcbf-14d7764c4a36,What environment surrounds the individual in the video?,An apartment setting.,"The individual is surrounded by a warm, natural light that illuminates the scene, creating a serene and focused atmosphere.",Scene Summary
cbfeb6c8-ec1f-4884-bcbf-14d7764c4a36,What activity is taking place in this particular setting?,Writing in a book with a pen.,"The person is engaged in studying or working on a task, possibly related to a study session or academic work.",Scene Summary
cbfeb6c8-ec1f-4884-bcbf-14d7764c4a36,Was the person depicted cooking in the kitchen?,No.,"No, the person was not cooking in the kitchen; they were simply enjoying a meal.",Whether Something Happened(Y/N)
cbfeb6c8-ec1f-4884-bcbf-14d7764c4a36,Did any outdoor activity occur in this video?,No.,"No, there were no outdoor activities observed in this video.",Whether Something Happened(Y/N)
cbfeb6c8-ec1f-4884-bcbf-14d7764c4a36,Was the individual standing while performing the task?,No.,"No, the individual was seated while performing the task.",Whether Something Happened(Y/N)
cbfeb6c8-ec1f-4884-bcbf-14d7764c4a36,Is there any verbal communication happening in this scene?,No.,"No, there is no verbal communication happening in this scene.",Whether Something Happened(Y/N)
cbfeb6c8-ec1f-4884-bcbf-14d7764c4a36,Does the video show someone reading a book?,No.,No.,Whether Something Happened(Y/N)
cbfeb6c8-ec1f-4884-bcbf-14d7764c4a36,What location is shown in the video?,A room with a table.,The video shows a person sitting at a desk with a notebook and a book titled 'PRAKASAN'.,Scene Summary
cbfeb6c8-ec1f-4884-bcbf-14d7764c4a36,What activity is being done in the clip?,Writing in a notebook.,The activity being done in the clip is studying or working on a notebook.,Scene Summary
cbfeb6c8-ec1f-4884-bcbf-14d7764c4a36,What object is being used to write?,A pen.,A spiral notebook is being used to write.,Scene Summary
cbfeb6c8-ec1f-4884-bcbf-14d7764c4a36,What item is on the table besides the notebook?,Opened books.,A blue pen is on the table besides the notebook.,Scene Summary
cbfeb6c8-ec1f-4884-bcbf-14d7764c4a36,Is the notebook on a flat surface?,"Yes, on a table.",Yes.,Scene Summary
cbfeb6c8-ec1f-4884-bcbf-14d7764c4a36,What color is the pen being used?,Blue.,The pen being used is blue.,Action Caption
cbfeb6c8-ec1f-4884-bcbf-14d7764c4a36,Is the person using both hands to write?,"Yes, one to hold and one to write.",Yes,Action Caption
cbfeb6c8-ec1f-4884-bcbf-14d7764c4a36,Has the pen made contact with the paper?,Yes.,"Yes, the pen has made contact with the paper.",Whether Something Happened(Y/N)
cbfeb6c8-ec1f-4884-bcbf-14d7764c4a36,Is there a book on the table?,Yes.,Yes.,Whether Something Happened(Y/N)
cbfeb6c8-ec1f-4884-bcbf-14d7764c4a36,"In the video, do I flip the book page before writing on it?",No,"No, you do not flip the book page before writing on it.",Order Judging(Y/N)
cbfeb6c8-ec1f-4884-bcbf-14d7764c4a36,"In the video, do I write with a pen after sitting at the table?",Yes,"Yes, you write with a pen after sitting at the table.",Order Judging(Y/N)
cbfeb6c8-ec1f-4884-bcbf-14d7764c4a36,Does the writing occur before closing the notebook?,Yes,"No, the writing continues as the person continues to write in the notebook.",Order Judging(Y/N)
cbfeb6c8-ec1f-4884-bcbf-14d7764c4a36,Do I start writing before opening the book?,No,"Yes, you start writing before opening the book.",Order Judging(Y/N)
cbfeb6c8-ec1f-4884-bcbf-14d7764c4a36,"Before closing the notebook, what event occurs in the video?",Writing on it,"Before closing the notebook, the person points to the page, indicating a moment of reflection or completion of a task.",What event order
cbfeb6c8-ec1f-4884-bcbf-14d7764c4a36,What is done prior to sitting at the table in the video?,Entering the room,"Prior to sitting at the table, the person is seen writing on a notebook, which is placed on the table.",What event order
cbfeb6c8-ec1f-4884-bcbf-14d7764c4a36,What is the setting of the scene in the video clip?,In an apartment.,"The setting of the scene is a wooden desk with a wooden chair, and the person is seated at the desk, working on a spiral notebook.",Scene Summary
cbfeb6c8-ec1f-4884-bcbf-14d7764c4a36,Who is present in this clip?,A woman writing and another woman interacting with her.,A person is present in this clip.,Scene Summary
cbfeb6c8-ec1f-4884-bcbf-14d7764c4a36,What objects are noticeable in the video?,A book and a pen.,"The video shows a person sitting at a wooden desk, writing in a spiral notebook, and a spiral notebook with handwritten notes.",Scene Summary
cbfeb6c8-ec1f-4884-bcbf-14d7764c4a36,What activities are being performed?,Writing in a book and interacting.,The person is writing in a spiral notebook and appears to be studying or working on a document.,Scene Summary
cbfeb6c8-ec1f-4884-bcbf-14d7764c4a36,How can we describe the movement in the clip?,Gentle and focused on writing.,"The movement in the clip is a continuous focus on the person's hands and the spiral notebook, with the person's hands moving back and forth across the pages, indicating a sense of concentration and engagement in the task at hand.",Action Caption
cbfeb6c8-ec1f-4884-bcbf-14d7764c4a36,Does the individual write with her right hand?,Yes.,"Yes, the individual writes with her right hand.",Whether Something Happened(Y/N)
cbfeb6c8-ec1f-4884-bcbf-14d7764c4a36,Is there another person besides the one writing?,Yes.,"Yes, another person is partially visible on the left side of the frame, sitting at the table and also writing in a notebook.",Whether Something Happened(Y/N)
cbfeb6c8-ec1f-4884-bcbf-14d7764c4a36,Is the setting a public place?,No.,No.,Whether Something Happened(Y/N)
cbfeb6c8-ec1f-4884-bcbf-14d7764c4a36,Do we see any electronic devices being used?,No.,"No, there are no electronic devices being used in the video.",Whether Something Happened(Y/N)
cbfeb6c8-ec1f-4884-bcbf-14d7764c4a36,What happens before picking up the pen in the video?,Sitting at the table,"Before picking up the pen, the person is seen writing on the notebook, indicating they are actively engaged in studying or note-taking.",What event order
cbfeb6c8-ec1f-4884-bcbf-14d7764c4a36,"In the video, does the interaction with woman A happen before writing in the notebook?",No,"No, the interaction with woman A does not happen before writing in the notebook.",Order Judging(Y/N)
cbfeb6c8-ec1f-4884-bcbf-14d7764c4a36,Is the book opened before picking up the pen?,Yes,Yes.,Order Judging(Y/N)
cbfeb6c8-ec1f-4884-bcbf-14d7764c4a36,What is the main activity depicted in the video clip?,Writing in a book with a pen.,The main activity depicted in the video clip is a person writing in a spiral notebook.,Scene Summary
cbfeb6c8-ec1f-4884-bcbf-14d7764c4a36,Where is the individual situated in the video clip?,In a room.,The individual is seated at a table.,Scene Summary
cbfeb6c8-ec1f-4884-bcbf-14d7764c4a36,What object is being utilized in the video clip?,A pen.,A spiral notebook is being utilized in the video clip.,Scene Summary
cbfeb6c8-ec1f-4884-bcbf-14d7764c4a36,Does the video show someone studying?,Yes.,"Yes, the video shows someone studying, as indicated by the presence of a spiral notebook and a pen.",Whether Something Happened(Y/N)
cbfeb6c8-ec1f-4884-bcbf-14d7764c4a36,Is the person in the video writing with their left hand?,No.,"Yes, the person in the video is writing with their left hand.",Whether Something Happened(Y/N)
cbfeb6c8-ec1f-4884-bcbf-14d7764c4a36,Does the video show a person writing on multiple pages?,Yes.,"Yes, the video shows a person writing on multiple pages, as indicated by the presence of the spiral notebook and the continuous writing activity.",Whether Something Happened(Y/N)
cbfeb6c8-ec1f-4884-bcbf-14d7764c4a36,Is pen picked up before writing on the book as shown in the clip?,Yes,"Yes, a blue pen is picked up before writing on the book.",Order Judging(Y/N)
cbfeb6c8-ec1f-4884-bcbf-14d7764c4a36,Does writing in the book happen after entering the apartment?,Yes,"No, writing in the book happens before entering the apartment.",Order Judging(Y/N)
cbfeb6c8-ec1f-4884-bcbf-14d7764c4a36,Is the person at the table before writing in the notebook?,Yes,Yes.,Order Judging(Y/N)
cbfeb6c8-ec1f-4884-bcbf-14d7764c4a36,Does the person use a pen after sitting at the table?,Yes,"Yes, the person uses a pen after sitting at the table.",Order Judging(Y/N)
cbfeb6c8-ec1f-4884-bcbf-14d7764c4a36,Is the person in the apartment before using the pen?,Yes,"No, the person is not before using the pen.",Order Judging(Y/N)
cbfeb6c8-ec1f-4884-bcbf-14d7764c4a36,What happens just before writing in the notebook in the video?,Sitting at the table,"Just before writing in the notebook, the person points to the page with a pen, indicating they are about to write something.",What event order
cbfeb6c8-ec1f-4884-bcbf-14d7764c4a36,"In the video sequence, what do we see occurring before sitting at the table?",Being in a room,"Before sitting at the table, we see the person sitting at the table, writing in a spiral notebook, and pointing at the notebook with their right hand.",What event order
cbfeb6c8-ec1f-4884-bcbf-14d7764c4a36,What location is shown in the video clip?,An indoor location.,The video clip shows a person sitting at a desk with a spiral notebook and a book titled 'BROOKS'.,Scene Summary
cbfeb6c8-ec1f-4884-bcbf-14d7764c4a36,What activity is depicted in this scene?,Writing in a book.,"The scene depicts a person engaged in studying or working on a notebook, with a spiral notebook and a book with a colorful cover visible in the background.",Scene Summary
cbfeb6c8-ec1f-4884-bcbf-14d7764c4a36,Can you caption the person's activity in this clip?,Writing diligently in a notebook.,"Yes, the caption reads 'The person is writing in a spiral notebook.'",Action Caption
cbfeb6c8-ec1f-4884-bcbf-14d7764c4a36,Is there a pen being used for writing in the video?,Yes.,Yes.,Whether Something Happened(Y/N)
cbfeb6c8-ec1f-4884-bcbf-14d7764c4a36,Does the clip show a person wearing a watch?,Yes.,"Yes, the clip shows a person wearing a watch.",Whether Something Happened(Y/N)
cbfeb6c8-ec1f-4884-bcbf-14d7764c4a36,Does the video include any dialogue or conversation?,"No, it only depicts writing activity.","No, the video does not include any dialogue or conversation.",Whether Something Happened(Y/N)
cbfeb6c8-ec1f-4884-bcbf-14d7764c4a36,"In the video, does opening the book happen before writing with a pen?",Yes,"No, the book is closed before writing with a pen.",Order Judging(Y/N)
cbfeb6c8-ec1f-4884-bcbf-14d7764c4a36,Is the pen picked up after turning the page as shown in the clip?,No,"Yes, the pen is picked up after turning the page.",Order Judging(Y/N)
cbfeb6c8-ec1f-4884-bcbf-14d7764c4a36,What occurs just before starting to write in the book?,Opening the book,"Just before starting to write in the book, the person points to the notebook, indicating they are about to start writing.",What event order
cbfeb6c8-ec1f-4884-bcbf-14d7764c4a36,Is the writing in the book shown after being indoor in the clip?,Yes,"Yes, the writing in the book is shown after being indoor in the clip.",Order Judging(Y/N)
cbfeb6c8-ec1f-4884-bcbf-14d7764c4a36,Which room is the person located in while writing?,The person is in a room.,The person is located in a room with a bookshelf in the background.,Scene Summary
cbfeb6c8-ec1f-4884-bcbf-14d7764c4a36,Is the person using any tools for writing?,"Yes, the person is using a pen.","Yes, the person is using a pen to write in the notebook.",Scene Summary
cbfeb6c8-ec1f-4884-bcbf-14d7764c4a36,Can you describe the setting of the action in the clip?,The action occurs in a room at a desk.,"The setting appears to be a study or work area, with a person sitting at a desk, surrounded by various study materials and a notebook with a colorful cover.",Action Caption
cbfeb6c8-ec1f-4884-bcbf-14d7764c4a36,What is the writing tool visible in the frame?,A pen is visible in the frame.,The writing tool visible in the frame is a blue pen.,Action Caption
cbfeb6c8-ec1f-4884-bcbf-14d7764c4a36,Is the person sitting at a desk in the video?,Yes.,Yes.,Whether Something Happened(Y/N)
cbfeb6c8-ec1f-4884-bcbf-14d7764c4a36,Does the person sit down after opening the book?,Yes,"Yes, the person sits down after opening the book.",Order Judging(Y/N)
cbfeb6c8-ec1f-4884-bcbf-14d7764c4a36,Is the book closed before the person starts writing?,No,"Yes, the book is closed before the person starts writing.",Order Judging(Y/N)
cbfeb6c8-ec1f-4884-bcbf-14d7764c4a36,What action is taken before the person caps the pen?,The person finishes writing.,"Before the person caps the pen, they make a final check of the notebook, ensuring all the information is correct.",What event order
cbfeb6c8-ec1f-4884-bcbf-14d7764c4a36,Is the pen placed in the book before writing?,No,"Yes, the pen is placed in the book before writing.",Order Judging(Y/N)
cbfeb6c8-ec1f-4884-bcbf-14d7764c4a36,Does the book close before the pen is picked up?,No,"Yes, the book closes before the pen is picked up.",Order Judging(Y/N)
cbfeb6c8-ec1f-4884-bcbf-14d7764c4a36,Is the cap of the pen removed after starting to write?,No,"No, the cap of the pen is not removed after starting to write.",Order Judging(Y/N)
cbfeb6c8-ec1f-4884-bcbf-14d7764c4a36,Does the hand turn the page before picking up the pen?,No,"Yes, the hand turns the page before picking up the pen.",Order Judging(Y/N)
cbfeb6c8-ec1f-4884-bcbf-14d7764c4a36,Is the pen visible in the scene before writing begins?,Yes,"Yes, the pen is visible in the scene before writing begins.",Order Judging(Y/N)
cbfeb6c8-ec1f-4884-bcbf-14d7764c4a36,What do we see happening before the hand appears in the frame?,The book is open,"A person is sitting at a table, writing on a spiral notebook with a blue pen.",What event order
cbfeb6c8-ec1f-4884-bcbf-14d7764c4a36,What happens just before the pen touches the paper?,The hand moves towards the paper,"Just before the pen touches the paper, the person is seen holding the notebook and pen, preparing to write.",What event order
cbfeb6c8-ec1f-4884-bcbf-14d7764c4a36,"In the video sequence, what action is performed before turning the page?",Writing on the current page,"Before turning the page, the person points to the page and begins to write on it.",What event order
cbfeb6c8-ec1f-4884-bcbf-14d7764c4a36,"In the video, what is done just before the hand finished writing?",Moving the pen across the paper,"Just before the hand finished writing, the person is seen holding the spiral notebook, which is open to a page with a yellow cover featuring a graphic of a bicycle.",What event order
cbfeb6c8-ec1f-4884-bcbf-14d7764c4a36,What does the brief of the depicted scenario show?,The scenario shows a person writing in a book in an apartment.,"The brief of the depicted scenario shows a person sitting at a table, writing in a spiral notebook, with a book titled 'BROOKS' in the background.",Scene Summary
cbfeb6c8-ec1f-4884-bcbf-14d7764c4a36,What is the setting of this video clip?,"The setting is indoors, in a well-lit apartment.","The setting of the video clip is a study or work area with a person sitting at a desk, surrounded by notebooks and a spiral-bound book with a tire advertisement.",Scene Summary
cbfeb6c8-ec1f-4884-bcbf-14d7764c4a36,Does the video capture the person stopping their writing at any point?,No.,"Yes, the video captures the person stopping their writing at the beginning of the sequence, as they are seen holding the spiral-bound notebook and writing on it.",Whether Something Happened(Y/N)
cbfeb6c8-ec1f-4884-bcbf-14d7764c4a36,Is the individual in the video using their left hand to write?,"No, they are using their right hand.","Yes, the individual is using their left hand to write.",Whether Something Happened(Y/N)
cbfeb6c8-ec1f-4884-bcbf-14d7764c4a36,Is there another person present in the scene assisting the writer?,"No, the person is writing alone.","Yes, another person is partially visible on the left side of the frame, suggesting that they might be assisting or observing the writing process.",Whether Something Happened(Y/N)
cbfeb6c8-ec1f-4884-bcbf-14d7764c4a36,"In the video, do I write in the book before holding the pen?",No,"Yes, you write in the book before holding the pen.",Order Judging(Y/N)
cbfeb6c8-ec1f-4884-bcbf-14d7764c4a36,Is the pen in my right hand before I start writing in the book?,Yes,"Yes, the pen is in my right hand before I start writing in the book.",Order Judging(Y/N)
cbfeb6c8-ec1f-4884-bcbf-14d7764c4a36,"In the sequence, do I open the book before writing on it?",Yes,"No, you do not open the book before writing on it.",Order Judging(Y/N)
cbfeb6c8-ec1f-4884-bcbf-14d7764c4a36,"In the clip, do I wear a green shirt before writing in the book?",Yes,"Yes, you can see a green shirt worn by the person in the clip.",Order Judging(Y/N)
cbfeb6c8-ec1f-4884-bcbf-14d7764c4a36,What occurs just before holding the pen in my right hand?,I am wearing a green shirt,"Just before holding the pen in your right hand, the person is seen writing on a notebook.",What event order
cbfeb6c8-ec1f-4884-bcbf-14d7764c4a36,Is the book opened before the pen is held in the right hand?,Yes,"Yes, the book is opened before the pen is held in the right hand.",Order Judging(Y/N)
cbfeb6c8-ec1f-4884-bcbf-14d7764c4a36,Is the hand placed on the book after the pen is picked up?,Yes,"Yes, the hand is placed on the book after the pen is picked up.",Order Judging(Y/N)
cbfeb6c8-ec1f-4884-bcbf-14d7764c4a36,What happens just before the pen starts writing?,The pen is held in the right hand,"Just before the pen starts writing, the person points at the spiral notebook, indicating they are about to write something.",What event order
cbfeb6c8-ec1f-4884-bcbf-14d7764c4a36,What is visible before the wrist with a bracelet appears?,The hand holding the pen,A spiral notebook with handwritten notes is visible before the wrist with a bracelet appears.,What event order
cbfeb6c8-ec1f-4884-bcbf-14d7764c4a36,What do we see happening before the hand touches the book?,The book and pen are visible,"Before the hand touches the book, the person is holding a blue pen and appears to be writing or marking something on the page.",What event order
cbfeb6c8-ec1f-4884-bcbf-14d7764c4a36,What takes place before the pen is seen in the video?,The apartment and the book are seen,"Before the pen is seen in the video, the person is holding a spiral-bound notebook with a yellow cover that features a picture of a person and the text 'BROOKS PREMIUM' and 'GILLETTE'.",What event order
cbfeb6c8-ec1f-4884-bcbf-14d7764c4a36,What is the setting of the video?,In an apartment.,"The setting of the video is a study or work environment, with a person sitting at a desk with a notebook and a spiral-bound book.",Scene Summary
cbfeb6c8-ec1f-4884-bcbf-14d7764c4a36,What activity does the video show?,Writing in a book.,The video shows a person writing in a spiral notebook while sitting at a table.,Scene Summary
cbfeb6c8-ec1f-4884-bcbf-14d7764c4a36,Which hand is used for writing in the video?,The right hand.,The right hand is used for writing in the video.,Scene Summary
cbfeb6c8-ec1f-4884-bcbf-14d7764c4a36,What type of pen is being used?,A ballpoint pen.,The pen being used is blue.,Scene Summary
cbfeb6c8-ec1f-4884-bcbf-14d7764c4a36,What object is being used in the action?,A pen.,A blue pen is being used in the action.,Action Caption
cbfeb6c8-ec1f-4884-bcbf-14d7764c4a36,Is the writing action fluent or hesitant?,Fluent.,The writing action is fluent.,Action Caption
cbfeb6c8-ec1f-4884-bcbf-14d7764c4a36,Which direction is the pen moving?,Left to right.,The pen is moving from the right side of the notebook to the left side.,Action Caption
cbfeb6c8-ec1f-4884-bcbf-14d7764c4a36,Is the person sitting on a cushion?,Yes.,No.,Whether Something Happened(Y/N)
cbfeb6c8-ec1f-4884-bcbf-14d7764c4a36,Does the video show page-turning?,No.,"Yes, the video shows page-turning, as the person is seen turning pages in the notebook.",Whether Something Happened(Y/N)
cbfeb6c8-ec1f-4884-bcbf-14d7764c4a36,Is the person wearing any wrist accessories?,Yes.,"Yes, the person is wearing a wrist accessory.",Whether Something Happened(Y/N)
cbfeb6c8-ec1f-4884-bcbf-14d7764c4a36,Did the writing happen in a different location than the apartment?,No,"No, the writing happened in the same location as the apartment.",Order Judging(Y/N)
cbfeb6c8-ec1f-4884-bcbf-14d7764c4a36,Did the use of right hand occur before writing in the book?,No,"Yes, the use of right hand occurred before writing in the book.",Order Judging(Y/N)
cbfeb6c8-ec1f-4884-bcbf-14d7764c4a36,Was there a pen used after the book was opened?,Yes,"Yes, after the book was opened, a blue pen was used.",Order Judging(Y/N)
cbfeb6c8-ec1f-4884-bcbf-14d7764c4a36,Did any writing in the book occur without the use of a pen?,No,"Yes, the writing in the book occurred without the use of a pen.",Order Judging(Y/N)
cbfeb6c8-ec1f-4884-bcbf-14d7764c4a36,Was the book closed before writing commenced?,Yes,"Yes, the book was closed before writing commenced.",Order Judging(Y/N)
cbfeb6c8-ec1f-4884-bcbf-14d7764c4a36,What happened before the writing started?,The book was opened,"Before the writing started, the person was seen sitting at a table with a notebook and a pen, possibly taking notes or preparing to write.",What event order
cbfeb6c8-ec1f-4884-bcbf-14d7764c4a36,Does the writing in the book occur before changing the page?,Yes,"Yes, the writing in the book occurs before changing the page.",Order Judging(Y/N)
cbfeb6c8-ec1f-4884-bcbf-14d7764c4a36,Does the page turn happen before writing with the pen?,No,"No, the page turns before writing with the pen.",Order Judging(Y/N)
cbfeb6c8-ec1f-4884-bcbf-14d7764c4a36,What occurs just before changing to a new page in the video?,I finish writing,"Just before changing to a new page, the person is seen holding the notebook with both hands, indicating a moment of pause or preparation.",What event order
cbfeb6c8-ec1f-4884-bcbf-14d7764c4a36,What do I do before sitting down to write in the video?,I enter the room,"Before sitting down to write in the video, the person is seen holding a blue pen and pointing at the notebook, indicating they are ready to start writing.",What event order
cbfeb6c8-ec1f-4884-bcbf-14d7764c4a36,What is the setting of the scene in the video clip?,The setting is inside a room.,The setting of the scene is a study or work area with a book and a spiral notebook on a table.,Scene Summary
cbfeb6c8-ec1f-4884-bcbf-14d7764c4a36,What objects are present in the video clip?,A book and a pen are present.,"The objects present in the video clip are a spiral notebook, a blue pen, and a yellow highlighter.",Scene Summary
cbfeb6c8-ec1f-4884-bcbf-14d7764c4a36,Can you describe the action the person is performing?,The person is flipping through pages and writing.,The person is holding a spiral notebook and writing on it with a blue pen.,Action Caption
cbfeb6c8-ec1f-4884-bcbf-14d7764c4a36,Does the video show the person closing the book?,No.,"No, the video does not show the person closing the book; it only shows the person holding the book open.",Whether Something Happened(Y/N)
cbfeb6c8-ec1f-4884-bcbf-14d7764c4a36,Is the person using a pencil to write?,No.,"Yes, the person is using a blue pen to write.",Whether Something Happened(Y/N)
cbfeb6c8-ec1f-4884-bcbf-14d7764c4a36,Does the video capture the person turning off the light?,No.,"Yes, the video captures the person turning off the light.",Whether Something Happened(Y/N)
cbfeb6c8-ec1f-4884-bcbf-14d7764c4a36,Does the video show the person taking notes from another text?,No.,"Yes, the video shows the person taking notes from another text, as indicated by the yellow highlighter on the page.",Whether Something Happened(Y/N)
cbfeb6c8-ec1f-4884-bcbf-14d7764c4a36,"In the video, is the book closed before writing begins?",Yes,"Yes, the book is closed before writing begins.",Order Judging(Y/N)
cbfeb6c8-ec1f-4884-bcbf-14d7764c4a36,Does turning the page happen after writing with the pen?,Yes,"No, turning the page happens after writing with the pen.",Order Judging(Y/N)
cbfeb6c8-ec1f-4884-bcbf-14d7764c4a36,"In the video, is the pen picked up before the book is opened?",No,"Yes, the pen is picked up before the book is opened.",Order Judging(Y/N)
cbfeb6c8-ec1f-4884-bcbf-14d7764c4a36,Does the writing occur before sitting down in the chair?,No,"No, the writing occurs after sitting down in the chair.",Order Judging(Y/N)
cbfeb6c8-ec1f-4884-bcbf-14d7764c4a36,"In the video sequence, what occurs before the person starts writing?",The book is opened,"Before the person starts writing, they are seen holding a notebook and a pen, with a pencil resting on the page.",What event order
cbfeb6c8-ec1f-4884-bcbf-14d7764c4a36,What action takes place before the book is closed?,The person stops writing,"Before the book is closed, the person points to a specific section of the page, possibly indicating a point of interest or a question.",What event order
cbfeb6c8-ec1f-4884-bcbf-14d7764c4a36,"In the video, is the book closed after the writing is done?",Yes,"Yes, the book is closed after the writing is done.",Order Judging(Y/N)
cbfeb6c8-ec1f-4884-bcbf-14d7764c4a36,"In the video, is there writing on the book's cover before the person writes inside?",Yes,"Yes, there is writing on the book's cover before the person writes inside.",Order Judging(Y/N)
cbfeb6c8-ec1f-4884-bcbf-14d7764c4a36,What is done before the pen cap is removed?,The person prepares to write,The pen cap is removed before the person starts writing on the page.,What event order
cbfeb6c8-ec1f-4884-bcbf-14d7764c4a36,What activity is displayed in the provided image?,Writing in a book.,The image shows a person engaged in writing or taking notes in a spiral-bound notebook.,Scene Summary
cbfeb6c8-ec1f-4884-bcbf-14d7764c4a36,Describe the setting where the depicted activity takes place.,In a room.,"The activity takes place in a well-lit room with natural light, likely a study or work area. The person is seated at a desk, surrounded by two open notebooks, and is using a blue pen to write in the one on the right.",Scene Summary
cbfeb6c8-ec1f-4884-bcbf-14d7764c4a36,What object is being used in conjunction with the book?,A pen.,A blue pen is being used in conjunction with the book.,Scene Summary
cbfeb6c8-ec1f-4884-bcbf-14d7764c4a36,How is the person holding the pen in the frame?,With their right hand.,"The person is holding the pen with their right hand, which is visible in the frame.",Action Caption
cbfeb6c8-ec1f-4884-bcbf-14d7764c4a36,What part of the room is visible in the clip?,"Only the table area, specifics of the room are not visible.","The room is visible in the background, with a desk and a chair partially visible.",Action Caption
cbfeb6c8-ec1f-4884-bcbf-14d7764c4a36,Is the person writing with their left hand?,No.,"Yes, the person is holding a pen in their left hand, which is used for writing.",Whether Something Happened(Y/N)
cbfeb6c8-ec1f-4884-bcbf-14d7764c4a36,Is the person writing on the last page of the book?,"No, there are more pages visible.",Yes,Whether Something Happened(Y/N)
cbfeb6c8-ec1f-4884-bcbf-14d7764c4a36,Can we assume the writer is in a public space?,"No, it appears to be a private space.","No, the setting appears to be a private study or work area, as indicated by the presence of the notebook and the individual's focused demeanor.",Whether Something Happened(Y/N)
cbfeb6c8-ec1f-4884-bcbf-14d7764c4a36,"In the video, does turning the page happen before writing begins?",No,"No, turning the page happens after writing begins.",Order Judging(Y/N)
cbfeb6c8-ec1f-4884-bcbf-14d7764c4a36,Is the book opened after the pen is held in the hand?,Yes,Yes,Order Judging(Y/N)
cbfeb6c8-ec1f-4884-bcbf-14d7764c4a36,"In the video, does writing in the book happen before closing the book?",Yes,"Yes, writing in the book happens before closing the book.",Order Judging(Y/N)
cbfeb6c8-ec1f-4884-bcbf-14d7764c4a36,"In the video sequence, what do we see occurring just before turning the page?",Writing on the previous page,"Before turning the page, the person is seen holding a pen and writing on the page, indicating they are actively engaged in writing or taking notes.",What event order
cbfeb6c8-ec1f-4884-bcbf-14d7764c4a36,What action takes place immediately before the pen touches the paper?,Holding the pen above the book,"The pen touches the paper, indicating the start of writing.",What event order
cbfeb6c8-ec1f-4884-bcbf-14d7764c4a36,"In the video, what happens right before the book is opened?",Sitting down,The person is seen holding a pen and writing on a spiral notebook.,What event order
cbfeb6c8-ec1f-4884-bcbf-14d7764c4a36,Did I write in the book before turning the page?,Yes,"Yes, the person was seen writing in the book before turning the page.",Order Judging(Y/N)
cbfeb6c8-ec1f-4884-bcbf-14d7764c4a36,Is the book already opened before I start writing?,Yes,"Yes, the book is already opened before I start writing.",Order Judging(Y/N)
cbfeb6c8-ec1f-4884-bcbf-14d7764c4a36,Did I place my left hand on the page before writing with the pen?,Yes,"Yes, you placed your left hand on the page before writing with the pen.",Order Judging(Y/N)
cbfeb6c8-ec1f-4884-bcbf-14d7764c4a36,What happens before I use the pen to write?,Opening the book,"Before writing, the person is holding a pen in their right hand.",What event order
cbfeb6c8-ec1f-4884-bcbf-14d7764c4a36,"Before closing the book, what action is performed?",Turning the page,"Before closing the book, the person writes something on the page.",What event order
cbfeb6c8-ec1f-4884-bcbf-14d7764c4a36,What is the setting of this video clip?,"The setting is indoors, at a desk.","The setting of the video clip is a study or work environment, with a person sitting at a desk surrounded by open notebooks and a spiral-bound notebook.",Scene Summary
cbfeb6c8-ec1f-4884-bcbf-14d7764c4a36,What objects are present in this scene?,"A book, a pen, and a desk.","A spiral-bound notebook, a spiral-bound notebook, a spiral-bound notebook, a spiral-bound notebook, a spiral-bound notebook, a spiral-bound notebook, a spiral-bound notebook, a spiral-bound notebook, a spiral-bound notebook, a spiral-bound notebook, a spiral-bound notebook, a spiral-bound notebook, a spiral-bound notebook, a spiral-bound notebook, a spiral-bound notebook, a spiral-bound notebook, a spiral-bound notebook, a spiral-bound notebook, a spiral-bound notebook, a spiral-bound notebook, a spiral-bound notebook, a spiral-bound notebook, a spiral-bound notebook, a spiral-bound notebook, a spiral-bound notebook, a spiral-bound notebook, a spiral-bound notebook, a spiral-bound notebook, a spiral-bound notebook, a spiral-bound notebook, a spiral-bound notebook, a spiral-bound notebook, a spiral-bound notebook, a spiral-bound notebook, a spiral-bound notebook, a spiral-bound notebook, a spiral-bound notebook, a spiral-bound notebook, a spiral-bound notebook, a spiral-bound notebook, a spiral-bound notebook, a spiral-bound notebook, a spiral-bound notebook, a spiral-bound notebook, a spiral-bound notebook, a spiral-bound notebook, a spiral-bound notebook, a spiral-bound notebook, a spiral-bound notebook, a spiral-bound notebook, a spiral-bound notebook, a",Scene Summary
cbfeb6c8-ec1f-4884-bcbf-14d7764c4a36,Is the person writing with their right hand?,Yes.,"Yes, the person is writing with their right hand.",Whether Something Happened(Y/N)
cbfeb6c8-ec1f-4884-bcbf-14d7764c4a36,Is the notebook placed on the person's lap?,No.,"Yes, the notebook is placed on the person's lap.",Whether Something Happened(Y/N)
cbfeb6c8-ec1f-4884-bcbf-14d7764c4a36,Does this video show any electronic devices being used?,No.,"No, the video does not show any electronic devices being used.",Whether Something Happened(Y/N)
cbfeb6c8-ec1f-4884-bcbf-14d7764c4a36,Is the person seated while writing in the book?,Yes.,Yes.,Whether Something Happened(Y/N)
cbfeb6c8-ec1f-4884-bcbf-14d7764c4a36,Do I sit down before beginning to write?,Yes,"Yes, you should sit down before beginning to write.",Order Judging(Y/N)
cbfeb6c8-ec1f-4884-bcbf-14d7764c4a36,What happens before the book is opened?,I sit down at the desk.,"Before the book is opened, the person is seen writing in a spiral notebook.",What event order
cbfeb6c8-ec1f-4884-bcbf-14d7764c4a36,Did I close the book before starting to write?,No,"Yes, the person closed the book before starting to write.",Order Judging(Y/N)
cbfeb6c8-ec1f-4884-bcbf-14d7764c4a36,Was I seated while writing in the book?,Yes,"Yes, the person was seated while writing in the book.",Order Judging(Y/N)
cbfeb6c8-ec1f-4884-bcbf-14d7764c4a36,Did I turn the page after finishing writing?,No,"Yes, the person turned the page after finishing writing.",Order Judging(Y/N)
cbfeb6c8-ec1f-4884-bcbf-14d7764c4a36,Was the pen put down before closing the book?,No,"Yes, the pen was put down before closing the book.",Order Judging(Y/N)
cbfeb6c8-ec1f-4884-bcbf-14d7764c4a36,Did I write on the left page before the right one?,No,"Yes, the left page was written before the right one.",Order Judging(Y/N)
cbfeb6c8-ec1f-4884-bcbf-14d7764c4a36,What is the setting of the scene in this video clip?,"The setting is indoors, with a person writing in a notebook.","The setting of the scene is a wooden desk with open notebooks and a spiral-bound notebook, suggesting a study or work environment.",Scene Summary
cbfeb6c8-ec1f-4884-bcbf-14d7764c4a36,What activity is being performed in the scene?,Writing on a notebook with a pen.,The activity being performed is studying or working on a notebook.,Scene Summary
cbfeb6c8-ec1f-4884-bcbf-14d7764c4a36,What can we deduce about the person's task in the video?,The person is engaged in a writing activity.,"The person appears to be engaged in a study or homework session, as indicated by the presence of notebooks and a spiral-bound notebook.",Action Caption
cbfeb6c8-ec1f-4884-bcbf-14d7764c4a36,Describe the motion taking place in these frames?,The movement of the hand while writing.,"The motion in these frames is a person's hand moving from the bottom of the frame to the top, indicating a transition or movement from one position to another.",Action Caption
cbfeb6c8-ec1f-4884-bcbf-14d7764c4a36,Does the person stop writing at any point in the video?,No.,"No, the person continues to write at various points throughout the video.",Whether Something Happened(Y/N)
cbfeb6c8-ec1f-4884-bcbf-14d7764c4a36,Is there any use of electronic devices in these frames?,No.,"No, there are no electronic devices visible in these frames.",Whether Something Happened(Y/N)
cbfeb6c8-ec1f-4884-bcbf-14d7764c4a36,"In the video sequence, what do we see happening before writing with the pen?",Sitting at the desk,"Before writing with the pen, the person is seen sitting at a table with open notebooks, one of which has the word 'BROOKS' visible on the page.",What event order
cbfeb6c8-ec1f-4884-bcbf-14d7764c4a36,What occurs just before opening the notebook in the video?,Sitting at the desk,"Just before opening the notebook, the person's hand is seen adjusting the spiral binding, and the notebook is opened to reveal a page with text.",What event order
cbfeb6c8-ec1f-4884-bcbf-14d7764c4a36,"In the video, does using the pen happen after sitting at the desk?",Yes,"Yes, the pen is used to write on the notebook after sitting at the desk.",Order Judging(Y/N)
cbfeb6c8-ec1f-4884-bcbf-14d7764c4a36,What action precedes putting down the pen on the desk?,Writing in the book,The action that precedes putting down the pen on the desk is the person writing on the notebook.,What event order
cbfeb6c8-ec1f-4884-bcbf-14d7764c4a36,What is done just before the writing starts in the video?,Picking up the pen,"Just before the writing starts, the person points to the notebook, indicating they are about to start writing.",What event order
cbfeb6c8-ec1f-4884-bcbf-14d7764c4a36,Which action is depicted in this frame?,Writing in a book with a pen.,The action depicted in this frame is the person writing in a notebook.,Scene Summary
cbfeb6c8-ec1f-4884-bcbf-14d7764c4a36,Describe the surroundings visible in this frame.,"Indoors, likely a desk or table.","The surroundings include a wooden desk with a spiral notebook and a pen, a chair, and a book with visible text.",Scene Summary
cbfeb6c8-ec1f-4884-bcbf-14d7764c4a36,Can you specify the object being used by the person?,A pen.,The person is using a blue pen to write on a spiral notebook.,Action Caption
cbfeb6c8-ec1f-4884-bcbf-14d7764c4a36,Did the interaction occur in an outdoor location?,No.,"No, the interaction occurred indoors, as indicated by the indoor setting and the presence of a chair and a book on the table.",Whether Something Happened(Y/N)
cbfeb6c8-ec1f-4884-bcbf-14d7764c4a36,Is the person predominantly engaged in a physical activity?,No.,"No, the person is not actively engaged in a physical activity; they are focused on writing in a notebook.",Whether Something Happened(Y/N)
cbfeb6c8-ec1f-4884-bcbf-14d7764c4a36,"In the video, does writing in the notebook occur before conversing with a woman?",Yes.,"Yes, writing in the notebook occurs before conversing with a woman.",Order Judging(Y/N)
cbfeb6c8-ec1f-4884-bcbf-14d7764c4a36,"In the video, does the conversation with a woman happen before being in an apartment?",No.,"No, the conversation with a woman does not happen before being in an apartment; it is a separate scene.",Order Judging(Y/N)
cbfeb6c8-ec1f-4884-bcbf-14d7764c4a36,Is the pen used before entering the apartment as shown in the clip?,No.,"Yes, the pen is seen in the clip, held by the person's hand as they write in the notebook.",Order Judging(Y/N)
cbfeb6c8-ec1f-4884-bcbf-14d7764c4a36,"In the video sequence, what do we see happening before conversing with woman X?",Being in an apartment.,"Before conversing with woman X, the woman is seen writing on a spiral notebook with a blue pen, with the notebook open on a table.",What event order
cbfeb6c8-ec1f-4884-bcbf-14d7764c4a36,What happens right before using a pen on the book?,Being indoors.,"The person is seen holding a pen in their right hand, poised to write or draw on the notebook.",What event order
cbfeb6c8-ec1f-4884-bcbf-14d7764c4a36,"In the video, what occurs directly before the pen is picked up?",Being indoors.,"The pen is placed on the notebook, and the person is seen writing or marking something on the page.",What event order
cbfeb6c8-ec1f-4884-bcbf-14d7764c4a36,What happens before the conversation with woman X in the video?,Writing on a book,"Before the conversation with woman X, the woman is sitting at a table with a notebook and a pen, writing on it.",What event order
6baa36c1-e4d0-4dbd-97b2-dff48ecf796e,What environments surround the individual scrapping the wall?,An outdoor setting with a ladder near a wooden fence.,"The individual is surrounded by a cluttered garage environment with various items scattered around, including a bicycle and a car.",Scene Summary
6baa36c1-e4d0-4dbd-97b2-dff48ecf796e,What tool is utilized for scrapping in the scene?,A scraper is used.,A metal scraper is utilized for scrapping in the scene.,Scene Summary
6baa36c1-e4d0-4dbd-97b2-dff48ecf796e,Is the individual standing on the ground or elevated while scrapping?,The individual is elevated on a ladder.,The individual is standing on the ground while scrapping.,Scene Summary
6baa36c1-e4d0-4dbd-97b2-dff48ecf796e,What is the purpose of using a ladder in this scenario?,To reach higher areas of the wall for scrapping.,"The ladder is used to reach higher areas, possibly to access the roof or other parts of the building.",Scene Summary
6baa36c1-e4d0-4dbd-97b2-dff48ecf796e,How does the individual prepare to scrape the wall?,The individual prepares by stretching out a ladder.,The individual prepares to scrape the wall by holding the scraper and using it to scrape the wall.,Action Caption
6baa36c1-e4d0-4dbd-97b2-dff48ecf796e,Does the video show a person using a ladder?,Yes.,"Yes, the video shows a person using a ladder to reach the ceiling of the garage.",Whether Something Happened(Y/N)
6baa36c1-e4d0-4dbd-97b2-dff48ecf796e,Is the wall being scraped in the video?,Yes.,Yes.,Whether Something Happened(Y/N)
6baa36c1-e4d0-4dbd-97b2-dff48ecf796e,Does the scene involve stretching a ladder before scrapping?,Yes.,Yes,Whether Something Happened(Y/N)
6baa36c1-e4d0-4dbd-97b2-dff48ecf796e,Does the individual scrap the wall without any tools?,No.,"No, the individual scrapes the wall with a tool.",Whether Something Happened(Y/N)
6baa36c1-e4d0-4dbd-97b2-dff48ecf796e,What location is depicted in this video clip?,The video clip depicts an outdoor scene with a wall.,The location depicted in the video clip is a garage or workshop.,Scene Summary
6baa36c1-e4d0-4dbd-97b2-dff48ecf796e,How does the environment appear in the video clip?,The environment appears to be a porch or exterior of a building.,The environment appears to be a garage or workshop with a cluttered and somewhat disorganized setting.,Scene Summary
6baa36c1-e4d0-4dbd-97b2-dff48ecf796e,What structure can be observed in this video clip?,A wall with white paint is observed in this video clip.,The video shows a garage or workshop with a window and a ladder.,Scene Summary
6baa36c1-e4d0-4dbd-97b2-dff48ecf796e,How is the exterior space utilized in the video action?,The exterior space provides a background for removal of an object.,The exterior space is utilized by the person to perform the task of painting the window frame.,Action Caption
6baa36c1-e4d0-4dbd-97b2-dff48ecf796e,Is the object completely removed from the wall in the video?,Yes,"No, the object is partially removed from the wall, with the person still holding it.",Whether Something Happened(Y/N)
6baa36c1-e4d0-4dbd-97b2-dff48ecf796e,Does the video clip show a wall being painted?,No,Yes.,Whether Something Happened(Y/N)
6baa36c1-e4d0-4dbd-97b2-dff48ecf796e,"In the video, is the wall outdoors?",Yes,No.,Whether Something Happened(Y/N)
6baa36c1-e4d0-4dbd-97b2-dff48ecf796e,"In the video, is the ladder stretched before scraping the wall?",Yes,Yes,Order Judging(Y/N)
6baa36c1-e4d0-4dbd-97b2-dff48ecf796e,What happens just before the wall is scraped in the video?,The ladder is stretched,"Just before the wall is scraped, the person uses a hammer to scrape the wall, causing the paint to peel off in several places.",What event order
6baa36c1-e4d0-4dbd-97b2-dff48ecf796e,What exterior work is being performed?,Scraping a wall and smoothing a surface.,The exterior work being performed involves scraping off the old paint from the window frame and applying a new coat of paint.,Scene Summary
6baa36c1-e4d0-4dbd-97b2-dff48ecf796e,Where is the activity taking place?,Outside a house.,The activity is taking place in a garage or workshop.,Scene Summary
6baa36c1-e4d0-4dbd-97b2-dff48ecf796e,Which tools are being used for the exterior tasks?,A scraper and a planer.,"A hammer and a red and black tool, possibly a screwdriver or a similar tool, are being used for the exterior tasks.",Scene Summary
6baa36c1-e4d0-4dbd-97b2-dff48ecf796e,Can you describe the sequence of work shown?,"Scraping first, then planing.","The sequence of work begins with the person using a hammer to smooth out the paint on the window, followed by the application of a red and yellow tool, likely a paint roller or sander, to further clean and prepare the window.",Action Caption
6baa36c1-e4d0-4dbd-97b2-dff48ecf796e,Does the video show painting work being done?,No.,Yes,Whether Something Happened(Y/N)
6baa36c1-e4d0-4dbd-97b2-dff48ecf796e,Is there any smoothing of surfaces portrayed?,Yes.,"Yes, the person is seen smoothing the surface with the tool, indicating the process of smoothing the paint or other surfaces.",Whether Something Happened(Y/N)
6baa36c1-e4d0-4dbd-97b2-dff48ecf796e,Does the scene capture window installation?,No.,Yes,Whether Something Happened(Y/N)
6baa36c1-e4d0-4dbd-97b2-dff48ecf796e,Does the clip depict interior renovation?,No.,Yes,Whether Something Happened(Y/N)
6baa36c1-e4d0-4dbd-97b2-dff48ecf796e,Does smoothing the surface occur before scraping the wall?,No,"Yes, the person is seen smoothing the surface before scraping the wall.",Order Judging(Y/N)
6baa36c1-e4d0-4dbd-97b2-dff48ecf796e,Is the removal of plaster seen before the scraping action?,Yes,"Yes, the removal of plaster is seen before the scraping action, as indicated by the person's hand holding the scraper and the plaster being scraped off the window sill.",Order Judging(Y/N)
6baa36c1-e4d0-4dbd-97b2-dff48ecf796e,Does the planer touch the surface after the wall is scrapped?,Yes,"Yes, the planer touches the surface after the wall is scrapped.",Order Judging(Y/N)
6baa36c1-e4d0-4dbd-97b2-dff48ecf796e,"In the video, is the ladder stretched before scraping the wall?",Yes,Yes,Order Judging(Y/N)
6baa36c1-e4d0-4dbd-97b2-dff48ecf796e,Does the smoothing of the surface occur after scraping the wall?,Yes,"Yes, the person continues to smooth the surface after scraping the wall, indicating a continuation of the work.",Order Judging(Y/N)
6baa36c1-e4d0-4dbd-97b2-dff48ecf796e,Is something removed from the wall before stretching the ladder?,No,"Yes, a piece of wood is removed from the wall before stretching the ladder.",Order Judging(Y/N)
6baa36c1-e4d0-4dbd-97b2-dff48ecf796e,"In the clip, is the ladder stretched after smoothing the surface?",No,Yes,Order Judging(Y/N)
6baa36c1-e4d0-4dbd-97b2-dff48ecf796e,What can be seen happening before smoothing the surface?,Scraping the wall,"Before smoothing the surface, a person is seen holding a red and black tool, possibly a hammer or a similar tool, and is seen adjusting or smoothing the surface of the window.",What event order
6baa36c1-e4d0-4dbd-97b2-dff48ecf796e,"In the video, what happens before stretching the ladder?","Nothing, it is the first action","Before stretching the ladder, the person is seen holding a red and black tool, possibly a hammer or a similar tool, and appears to be inspecting or adjusting something on the ladder.",What event order
6baa36c1-e4d0-4dbd-97b2-dff48ecf796e,What is the setting of the video clip?,Outside a house.,The setting of the video clip is a garage or workshop with a window frame and a ladder leaning against it.,Scene Summary
6baa36c1-e4d0-4dbd-97b2-dff48ecf796e,What task is being performed in the video clip?,Smoothing and scraping a surface.,The task being performed in the video clip is the person using a hammer to remove a piece of wood from a window frame.,Scene Summary
6baa36c1-e4d0-4dbd-97b2-dff48ecf796e,What tools are being used in the video clip?,A planer and a scraper.,A hammer and a screwdriver are being used in the video clip.,Scene Summary
6baa36c1-e4d0-4dbd-97b2-dff48ecf796e,What is the condition of the surface being worked on?,It is a rough surface.,The surface being worked on is dirty and has peeling paint.,Scene Summary
6baa36c1-e4d0-4dbd-97b2-dff48ecf796e,What is the first action taken on the surface in the clip?,Smoothing it with a planer.,"The first action taken on the surface is applying a white substance, likely a sealant or primer, to the surface.",Action Caption
6baa36c1-e4d0-4dbd-97b2-dff48ecf796e,What is the progression of work on the surface in the clip?,From smoothing to scraping.,"The progression of work starts with the person scraping off the old material, followed by the application of a new layer, and ends with the person securing the new layer in place.",Action Caption
6baa36c1-e4d0-4dbd-97b2-dff48ecf796e,How is the condition of the surface changing in the clip?,Becoming smoother and cleaner.,The surface is changing from being rough to being more polished and smooth.,Action Caption
6baa36c1-e4d0-4dbd-97b2-dff48ecf796e,Does the person use a planer on the surface?,Yes.,"Yes, the person uses a planer on the surface.",Whether Something Happened(Y/N)
6baa36c1-e4d0-4dbd-97b2-dff48ecf796e,Is there an action of scraping visible in the new frames?,Yes.,"Yes, there is an action of scraping visible in the new frames, as the person is seen using a tool to scrape the wall.",Whether Something Happened(Y/N)
6baa36c1-e4d0-4dbd-97b2-dff48ecf796e,Does the clip show the complete smoothing of the surface?,No.,"No, the clip shows the person smoothing the surface in a specific area, but the entire process of smoothing the surface is not fully shown.",Whether Something Happened(Y/N)
6baa36c1-e4d0-4dbd-97b2-dff48ecf796e,"In the video, is the surface scrapped before it is smoothened with a planer?",No,Yes,Order Judging(Y/N)
6baa36c1-e4d0-4dbd-97b2-dff48ecf796e,"In the sequence, is the planer used before the scraper?",Yes,"Yes, the planer is used before the scraper.",Order Judging(Y/N)
6baa36c1-e4d0-4dbd-97b2-dff48ecf796e,What occurs right before the planer is used on the surface?,"Nothing, it's the first action","A person points at the surface, indicating a point of interest or concern.",What event order
6baa36c1-e4d0-4dbd-97b2-dff48ecf796e,Did I remove something from the wall before scraping the wall?,Yes,"Yes, the person removed a piece of wood from the wall before scraping it.",Order Judging(Y/N)
6baa36c1-e4d0-4dbd-97b2-dff48ecf796e,Is the surface smoothened with a planer before scraping with a scraper?,Yes,"Yes, the surface is smoothened with a planer before scraping with a scraper.",Order Judging(Y/N)
6baa36c1-e4d0-4dbd-97b2-dff48ecf796e,Do I smoothen the surface with a planer before removing something from the wall?,No,"Yes, you can use a planer to smooth out the surface of the wall before removing something from it.",Order Judging(Y/N)
6baa36c1-e4d0-4dbd-97b2-dff48ecf796e,Is the wall scraped with a scraper before using a planer in one sequence?,No,Yes.,Order Judging(Y/N)
6baa36c1-e4d0-4dbd-97b2-dff48ecf796e,What setting is shown in the video clip?,An outdoor scene with window frame paint removal.,The setting shown in the video clip is a garage or workshop.,Scene Summary
6baa36c1-e4d0-4dbd-97b2-dff48ecf796e,Describe the environment shown in the clip.,"An outside area, likely a building's exterior.","The environment is a garage or workshop with a concrete floor, a ladder leaning against the wall, and a window with a metal frame. The person is working on a wooden door, using a hammer and a screwdriver to adjust or fix the door.",Scene Summary
6baa36c1-e4d0-4dbd-97b2-dff48ecf796e,What tool is being used in the current action?,A paint scraper is being used in the action.,A hammer is being used in the current action.,Action Caption
6baa36c1-e4d0-4dbd-97b2-dff48ecf796e,How is the paint being removed in this scene?,The paint is being manually scraped off.,"The paint is being removed by scraping it away with a small, gray-handled tool.",Action Caption
6baa36c1-e4d0-4dbd-97b2-dff48ecf796e,Does the video show a paint removal process?,Yes.,"Yes, the video shows a paint removal process, as the person is seen using a paint scraper to remove the paint from the window frame.",Whether Something Happened(Y/N)
6baa36c1-e4d0-4dbd-97b2-dff48ecf796e,Is the person successfully removing paint from a window frame?,Yes.,Yes,Whether Something Happened(Y/N)
6baa36c1-e4d0-4dbd-97b2-dff48ecf796e,Does the scene take place indoors?,No.,"No, the scene takes place outdoors.",Whether Something Happened(Y/N)
6baa36c1-e4d0-4dbd-97b2-dff48ecf796e,Is the surface smoothed with a planer before scraping with a scraper?,Yes,"Yes, the surface is smoothed with a planer before scraping with a scraper.",Order Judging(Y/N)
6baa36c1-e4d0-4dbd-97b2-dff48ecf796e,Does the removal of paint on the window frame happen after smoothing a surface?,Yes,"Yes, the removal of paint on the window frame happens after smoothing a surface.",Order Judging(Y/N)
6baa36c1-e4d0-4dbd-97b2-dff48ecf796e,Is the paint scraper used before the planer on any surface?,No,"Yes, the paint scraper is used before the planer on any surface.",Order Judging(Y/N)
6baa36c1-e4d0-4dbd-97b2-dff48ecf796e,Is the surface smoothed after removing paint from the window frame?,No,"Yes, the surface is smooth after the paint is removed from the window frame.",Order Judging(Y/N)
6baa36c1-e4d0-4dbd-97b2-dff48ecf796e,What happens just before using the scraper on the surface?,Smoothing the surface with a planer,"Just before using the scraper, the person points at the surface, possibly indicating a specific area or marking it for the purpose of the work.",What event order
6baa36c1-e4d0-4dbd-97b2-dff48ecf796e,What is done just prior to smoothing a surface?,"Nothing, it's the first action.","Just prior to smoothing a surface, the person uses a hammer to smooth the surface.",What event order
6baa36c1-e4d0-4dbd-97b2-dff48ecf796e,What action takes place before using the paint scraper?,Smoothing and scraping a surface,"Before using the paint scraper, the person points to the area where the paint is being applied, indicating the location where the paint scraper will be used.",What event order
6baa36c1-e4d0-4dbd-97b2-dff48ecf796e,What is the first action performed outside the house?,Smoothing a surface with a planer,The first action performed outside the house is the person using a hammer to scrape off the paint from the window frame.,What event order
6baa36c1-e4d0-4dbd-97b2-dff48ecf796e,Did I scrape the wall before smoothing the surface with a planer?,Yes.,"Yes, the person in the video has scraped the wall before smoothing the surface with a planer.",Order Judging(Y/N)
6baa36c1-e4d0-4dbd-97b2-dff48ecf796e,Did I smooth the surface with a planer before removing paint from the window frame?,Yes.,"Yes, the person used a planer to smooth the surface before removing paint from the window frame.",Order Judging(Y/N)
6baa36c1-e4d0-4dbd-97b2-dff48ecf796e,What do I do before removing paint from the window frame?,Scrape the wall and smooth a surface.,"Before removing paint from the window frame, you should first clean the area with a cloth or paper towel to remove any dirt or debris.",What event order
6baa36c1-e4d0-4dbd-97b2-dff48ecf796e,What is the setting of the video clip?,The setting is outside near a window.,"The setting of the video clip is a workshop or garage, with a focus on a window and a ladder.",Scene Summary
6baa36c1-e4d0-4dbd-97b2-dff48ecf796e,What tool is being used on the window?,A scraper is being used.,A red-handled tool is being used on the window.,Action Caption
6baa36c1-e4d0-4dbd-97b2-dff48ecf796e,Does the video show paint being scraped off?,Yes.,"Yes, the video shows paint being scraped off the window frame.",Whether Something Happened(Y/N)
6baa36c1-e4d0-4dbd-97b2-dff48ecf796e,Is the window frame being refinished?,Yes.,Yes,Whether Something Happened(Y/N)
6baa36c1-e4d0-4dbd-97b2-dff48ecf796e,Is a tool being used for paint removal?,Yes.,Yes,Whether Something Happened(Y/N)
6baa36c1-e4d0-4dbd-97b2-dff48ecf796e,Is the person working on interior maintenance?,No.,Yes,Whether Something Happened(Y/N)
6baa36c1-e4d0-4dbd-97b2-dff48ecf796e,Is the window frame being replaced?,No.,Yes,Whether Something Happened(Y/N)
6baa36c1-e4d0-4dbd-97b2-dff48ecf796e,Is the window opened before the paint is scraped?,Yes,Yes,Order Judging(Y/N)
6baa36c1-e4d0-4dbd-97b2-dff48ecf796e,Does the hand touch the window frame before using the scraper?,Yes,"Yes, the hand touches the window frame before using the scraper.",Order Judging(Y/N)
6baa36c1-e4d0-4dbd-97b2-dff48ecf796e,Is the paint on the window frame removed before the hand is visible?,No,Yes,Order Judging(Y/N)
6baa36c1-e4d0-4dbd-97b2-dff48ecf796e,Does the window frame appear before the scraper is in motion?,Yes,"Yes, the window frame appears before the scraper is in motion.",Order Judging(Y/N)
6baa36c1-e4d0-4dbd-97b2-dff48ecf796e,Is the paint removed from the window frame before using the planer?,No,Yes,Order Judging(Y/N)
6baa36c1-e4d0-4dbd-97b2-dff48ecf796e,Does the surface smoothing with a planer occur before the scraping?,Yes,"Yes, the surface smoothing with a planer occurs before the scraping.",Order Judging(Y/N)
6baa36c1-e4d0-4dbd-97b2-dff48ecf796e,Is the scraping of the surface completed before removing paint on the window frame?,No,"Yes, the scraping of the surface is completed before removing paint on the window frame, as indicated by the person's hand holding the scraper and the completed scraping of the surface.",Order Judging(Y/N)
6baa36c1-e4d0-4dbd-97b2-dff48ecf796e,What occurs just before scraping the surface?,Smoothening with a planer,"A person wearing a blue sleeve appears, holding a red and yellow scraper.",What event order
6baa36c1-e4d0-4dbd-97b2-dff48ecf796e,What is the main activity taking place outside the house?,Smoothing and scraping surfaces.,"The main activity is the person performing a task on the window, possibly fixing or repairing it.",Scene Summary
6baa36c1-e4d0-4dbd-97b2-dff48ecf796e,Where is the scene set?,Outside a house.,The scene is set in a garage or workshop.,Scene Summary
6baa36c1-e4d0-4dbd-97b2-dff48ecf796e,What tools are being used in this scene?,A planer and a scraper.,A hammer and a screwdriver are being used in this scene.,Scene Summary
6baa36c1-e4d0-4dbd-97b2-dff48ecf796e,How can you describe the area in which the activity occurs?,It's a woodworking area outside the house.,"The area is outdoors, with a grassy lawn and a metal ladder leaning against a wall.",Scene Summary
6baa36c1-e4d0-4dbd-97b2-dff48ecf796e,What actions are being performed in this video clip?,Smoothing with a planer and scraping with a scraper.,"The actions performed in this video clip include scraping the window, removing the window frame, and possibly repairing or installing a ladder.",Action Caption
6baa36c1-e4d0-4dbd-97b2-dff48ecf796e,What is the focus of the activity in these frames?,Wood surface maintenance.,The focus of the activity is on the person's hands and the tool being used to work on the window frame.,Action Caption
6baa36c1-e4d0-4dbd-97b2-dff48ecf796e,What is the sequence of actions performed outside?,"First smoothening, then scraping surfaces.","First, the person uses a hammer to remove the old paint from the window frame, then they use a screwdriver to adjust the screws on the window, and finally, they use a ladder to reach the window frame.",Action Caption
6baa36c1-e4d0-4dbd-97b2-dff48ecf796e,How does the person handle the tools in the video?,With precision and care for the task.,"The person uses a hammer and a screwdriver to work on the window frame, demonstrating a methodical approach to the task.",Action Caption
6baa36c1-e4d0-4dbd-97b2-dff48ecf796e,What are the visible results of the actions in this clip?,Smooth surfaces and wood shavings scattered.,"The visible results include the window being repaired, the ladder being used to reach the window, and the person's hands working on the window frame.",Action Caption
6baa36c1-e4d0-4dbd-97b2-dff48ecf796e,Does the video show the use of a woodworking planer?,Yes,"Yes, the video shows the use of a woodworking planer, as the person is seen using it to smooth out the wood.",Whether Something Happened(Y/N)
6baa36c1-e4d0-4dbd-97b2-dff48ecf796e,Is the person scraping a wooden surface?,Yes,Yes,Whether Something Happened(Y/N)
6baa36c1-e4d0-4dbd-97b2-dff48ecf796e,Are the actions performed indoor?,No,"Yes, the actions are performed indoors.",Whether Something Happened(Y/N)
6baa36c1-e4d0-4dbd-97b2-dff48ecf796e,Does the activity involve painting or staining?,No,"Yes, the activity involves painting or staining.",Whether Something Happened(Y/N)
6baa36c1-e4d0-4dbd-97b2-dff48ecf796e,Is the person wearing any safety gear?,No,"No, the person is not wearing any safety gear.",Whether Something Happened(Y/N)
6baa36c1-e4d0-4dbd-97b2-dff48ecf796e,Was the window frame scraped before it was planed?,No,"Yes, the window frame was scraped before it was planed.",Order Judging(Y/N)
6baa36c1-e4d0-4dbd-97b2-dff48ecf796e,Did the scraping of a surface happen after smoothening it?,Yes,"Yes, the scraping of a surface happened after smoothening it.",Order Judging(Y/N)
6baa36c1-e4d0-4dbd-97b2-dff48ecf796e,What happens just before the scraper is used on the window frame?,The surface is smoothened with a planer,"Just before the scraper is used on the window frame, the person points at the window frame, possibly indicating a specific area or object of interest.",What event order
6baa36c1-e4d0-4dbd-97b2-dff48ecf796e,What is the action taken just prior to the planer being used in the video?,There is no action shown before the planer is used,The action involves the person using a planer to smooth out the window frame.,What event order
6baa36c1-e4d0-4dbd-97b2-dff48ecf796e,Was the surface planed before the scraping of paint on the window frame?,Yes,"Yes, the surface planed was before the scraping of paint on the window frame.",Order Judging(Y/N)
6baa36c1-e4d0-4dbd-97b2-dff48ecf796e,Was the window frame scraped before planing the surface?,No,"Yes, the window frame was scraped before planing the surface.",Order Judging(Y/N)
6baa36c1-e4d0-4dbd-97b2-dff48ecf796e,Was the window frame scraped first before using any tools?,No,"Yes, the window frame was scraped first before using any tools.",Order Judging(Y/N)
6baa36c1-e4d0-4dbd-97b2-dff48ecf796e,What's the brief of the depicted scenario?,A person scrapes a surface outside a house.,"The brief of the depicted scenario is a person performing a task on a window, using a hammer to remove or adjust the window frame.",Scene Summary
6baa36c1-e4d0-4dbd-97b2-dff48ecf796e,What can be inferred about the location in the video clip?,It's a residential outdoor area by a window.,"The location appears to be a residential area, as indicated by the presence of a window with a decorative pot and a ladder leaning against it.",Scene Summary
6baa36c1-e4d0-4dbd-97b2-dff48ecf796e,How would you describe the environment surrounding the action?,It appears to be tranquil and domestic.,"The environment surrounding the action is a residential setting with a ladder leaning against the wall, a ladder leaning against the wall, and a car parked in the background.",Scene Summary
6baa36c1-e4d0-4dbd-97b2-dff48ecf796e,Is the person in the video using a tool for scraping?,Yes.,Yes,Whether Something Happened(Y/N)
6baa36c1-e4d0-4dbd-97b2-dff48ecf796e,Is the scraping happening indoors?,No.,Yes,Whether Something Happened(Y/N)
6baa36c1-e4d0-4dbd-97b2-dff48ecf796e,Does the footage show the completion of the scraping task?,No.,"Yes, the video concludes with the person finishing the task by removing the remaining debris from the window frame, indicating that the scraping task is complete.",Whether Something Happened(Y/N)
6baa36c1-e4d0-4dbd-97b2-dff48ecf796e,Is the person wearing gloves while scraping?,No.,"No, the person is not wearing gloves while scraping.",Whether Something Happened(Y/N)
6baa36c1-e4d0-4dbd-97b2-dff48ecf796e,Did I smoothen the surface with a planer before scraping it with a scraper?,Yes,"Yes, you did.",Order Judging(Y/N)
6baa36c1-e4d0-4dbd-97b2-dff48ecf796e,What occurs just before I scrape the surface with the scraper?,Smoothening with a planer,"Just before I scrape the surface with the scraper, the person points at the window, possibly indicating a specific area of interest or concern.",What event order
6baa36c1-e4d0-4dbd-97b2-dff48ecf796e,Is the scraping of the window frame after smoothing the surface?,Yes,Yes,Order Judging(Y/N)
6baa36c1-e4d0-4dbd-97b2-dff48ecf796e,What happens just before the window frame is scraped?,The surface is smoothened with a planer,"Just before the window frame is scraped, the person points at the window frame, indicating a point of interest or concern.",What event order
6baa36c1-e4d0-4dbd-97b2-dff48ecf796e,What occurs right before the surface is smoothened?,The paint is removed with a scraper,"A person wearing a blue sleeve is seen holding a tool, possibly a hammer or a similar object, and appears to be preparing to use it.",What event order
6baa36c1-e4d0-4dbd-97b2-dff48ecf796e,Can you describe the setting in the video?,The setting is outdoor by the side of a house.,"The setting is a workshop or garage with a ladder leaning against a wall, and a ladder is visible in the background. The walls are painted white, and there is a ladder leaning against the wall.",Scene Summary
6baa36c1-e4d0-4dbd-97b2-dff48ecf796e,Does the person succeed in scraping off the material?,Yes.,"Yes, the person successfully scrapes off the material, leaving the surface smooth and clean.",Whether Something Happened(Y/N)
6baa36c1-e4d0-4dbd-97b2-dff48ecf796e,Is the scraping being done on an interior wall?,No.,Yes,Whether Something Happened(Y/N)
6baa36c1-e4d0-4dbd-97b2-dff48ecf796e,Is the person using any tool other than a scraper?,No.,"No, the person is using a scraper to scrape the paint off the window frame.",Whether Something Happened(Y/N)
6baa36c1-e4d0-4dbd-97b2-dff48ecf796e,Does the scrapping of the surface start before walking outside the house?,No,"Yes, the scrapping of the surface starts before walking outside the house.",Order Judging(Y/N)
6baa36c1-e4d0-4dbd-97b2-dff48ecf796e,"In the video, is the scraper used on the lower part of the wall before the upper part?",No,"Yes, the scraper is used on the lower part of the wall before the upper part.",Order Judging(Y/N)
6baa36c1-e4d0-4dbd-97b2-dff48ecf796e,Is the paint removal near the window sill done after removing paint near the flower pot?,Yes,"Yes, the person is seen removing paint near the window sill after removing paint near the flower pot.",Order Judging(Y/N)
6baa36c1-e4d0-4dbd-97b2-dff48ecf796e,What action occurs just before the paint near the flower pot is scraped off?,Scraping near the window sill,"Just before the paint near the flower pot is scraped off, the person uses the hammer to carefully remove the paint from the flower pot.",What event order
6baa36c1-e4d0-4dbd-97b2-dff48ecf796e,Is the planer used before the scraper?,Yes,"Yes, the planer is used before the scraper.",Order Judging(Y/N)
6baa36c1-e4d0-4dbd-97b2-dff48ecf796e,Is the scraping done before smoothing the surface?,No,"Yes, the person is seen scraping the surface of the window before smoothing it out.",Order Judging(Y/N)
6baa36c1-e4d0-4dbd-97b2-dff48ecf796e,Does the planing occur after the scraping?,No,"No, the planing does not occur after the scraping.",Order Judging(Y/N)
6baa36c1-e4d0-4dbd-97b2-dff48ecf796e,What happens before the scraping begins?,Smoothing with a planer,"Before the scraping begins, the person points to a specific area on the wall, likely to guide their actions.",What event order
6baa36c1-e4d0-4dbd-97b2-dff48ecf796e,What task is being carried out outside the house?,Smoothening a surface with a planer and scraping.,The task being carried out outside the house is painting the window.,Scene Summary
6baa36c1-e4d0-4dbd-97b2-dff48ecf796e,What tools are used in the latest frames for the outdoor task?,A planer and a scraper.,A hammer and a paint roller are used in the latest frames for the outdoor task.,Scene Summary
6baa36c1-e4d0-4dbd-97b2-dff48ecf796e,Describe the surroundings where the task takes place.,"Outside a house, likely a work area with debris.","The task takes place in a room with a window, where the person is working on a wooden surface. The room has a window with a white frame, and the outside view shows a cloudy sky and some trees.",Scene Summary
6baa36c1-e4d0-4dbd-97b2-dff48ecf796e,What process is demonstrated in the recent video footage?,Woodworking involving smoothing and scraping actions.,"The video demonstrates the process of applying and smoothing down a paint or coating on a wooden surface, likely a window or door, using a paint roller.",Scene Summary
6baa36c1-e4d0-4dbd-97b2-dff48ecf796e,What is the likely purpose of the actions shown in the clip?,"Preparing a wooden surface, possibly for painting or finishing.","The likely purpose of the actions shown in the clip is to repair or maintain the window frame, as indicated by the peeling paint and the use of a sander.",Scene Summary
6baa36c1-e4d0-4dbd-97b2-dff48ecf796e,Describe the sequential actions taken by the individual.,"First, using a planer for smoothing, then a scraper.","The individual begins by applying a substance to the window frame, which appears to be a white paint or primer. They then use a tool to scrape off the substance, revealing the wooden surface underneath. The individual continues to work on the window frame, using the tool to smooth out the substance and remove any remaining debris.",Action Caption
6baa36c1-e4d0-4dbd-97b2-dff48ecf796e,Has the person completed the smoothening task?,Yes.,"Yes, the person has finished the smoothening task, as indicated by the smooth and even surface of the wood.",Whether Something Happened(Y/N)
6baa36c1-e4d0-4dbd-97b2-dff48ecf796e,Does the individual use more than one tool?,Yes.,"Yes, the individual uses a hammer and a brush to apply the paint.",Whether Something Happened(Y/N)
6baa36c1-e4d0-4dbd-97b2-dff48ecf796e,Is the work performed indoors in the latest frames?,"No, it's outside.",Yes,Whether Something Happened(Y/N)
6baa36c1-e4d0-4dbd-97b2-dff48ecf796e,Have any painting actions been depicted in the summary?,"No, only smoothening and scraping are shown.","Yes, the video shows the person using a paint roller to apply paint to the window frame, indicating the action of painting.",Whether Something Happened(Y/N)
6baa36c1-e4d0-4dbd-97b2-dff48ecf796e,"In the video, is scraping done before smoothing with a planer?",No,"Yes, the person is seen scraping the wall before smoothing with a planer.",Order Judging(Y/N)
6baa36c1-e4d0-4dbd-97b2-dff48ecf796e,Is the surface scraped after the house exterior is shown?,Yes,Yes,Order Judging(Y/N)
6baa36c1-e4d0-4dbd-97b2-dff48ecf796e,What is seen happening before any tool is used on the surface?,Outside of the house shown,"Before any tool is used, the surface is being prepared for painting or staining.",What event order
6baa36c1-e4d0-4dbd-97b2-dff48ecf796e,"In the sequence, is the scraper used before the planer?",No,"Yes, the scraper is used before the planer.",Order Judging(Y/N)
6baa36c1-e4d0-4dbd-97b2-dff48ecf796e,Does the scraping happen outdoors?,Yes,"Yes, the scraping happens outdoors, as indicated by the natural light and the presence of a car in the background.",Order Judging(Y/N)
6baa36c1-e4d0-4dbd-97b2-dff48ecf796e,Is the surface scraped after it is smoothened?,Yes,Yes,Order Judging(Y/N)
6baa36c1-e4d0-4dbd-97b2-dff48ecf796e,Is the scraping performed before standing up?,No,Yes,Order Judging(Y/N)
6baa36c1-e4d0-4dbd-97b2-dff48ecf796e,What is done before using the scraper in the video?,Smoothening the surface with a planer,"Before using the scraper, the person is seen applying a substance to the window, likely to prepare it for painting or to remove any existing paint.",What event order
6baa36c1-e4d0-4dbd-97b2-dff48ecf796e,What happens just before the second scraping action?,The first scraping action,"Just before the second scraping action, the person is seen holding a red-handled tool, possibly a scraper or a similar tool, and is pointing at the wall.",What event order
6baa36c1-e4d0-4dbd-97b2-dff48ecf796e,What occurs just before the surface is smoothened?,Going outside the house,"A person wearing a blue sleeve and a wristwatch is seen holding a tool, possibly a hammer or a similar object, and appears to be preparing to use it.",What event order
6baa36c1-e4d0-4dbd-97b2-dff48ecf796e,What is the setting of the video clip?,"The setting is outdoors, with a person removing unwanted cover.","The setting of the video clip is a workshop or garage, with a ladder and various tools visible in the background.",Scene Summary
6baa36c1-e4d0-4dbd-97b2-dff48ecf796e,What is the main focus of the video clip?,The main focus is on a person removing a cover from a surface.,The main focus of the video clip is the person's hands and the tool being used to apply a substance to a window.,Scene Summary
6baa36c1-e4d0-4dbd-97b2-dff48ecf796e,What is the person doing with their hand?,They are rubbing waste off with their hand.,"The person is holding a red-handled tool, possibly a hammer or a similar tool, and is using it to scrape or remove the paint from the window frame.",Action Caption
6baa36c1-e4d0-4dbd-97b2-dff48ecf796e,What action follows rubbing the waste?,The person climbs a ladder.,The action follows the person's hand moving the tool back and forth to remove the remaining paint.,Action Caption
6baa36c1-e4d0-4dbd-97b2-dff48ecf796e,What tool is the person using in the action?,The person is using a scraper or a similar tool.,"The person is using a red-handled tool, likely a hammer or a similar tool, to apply paint or adhesive to the wall.",Action Caption
6baa36c1-e4d0-4dbd-97b2-dff48ecf796e,Did the person climb a ladder in the video?,Yes.,"No, the person did not climb a ladder in the video.",Whether Something Happened(Y/N)
6baa36c1-e4d0-4dbd-97b2-dff48ecf796e,Does the video show the person successfully removing the cover?,Yes.,"Yes, the video shows the person successfully removing the cover, as indicated by the smooth and clean surface of the wall.",Whether Something Happened(Y/N)
6baa36c1-e4d0-4dbd-97b2-dff48ecf796e,Was the task performed indoors?,No.,"Yes, the task was performed indoors, as indicated by the presence of a ladder and a car in the background.",Whether Something Happened(Y/N)
6baa36c1-e4d0-4dbd-97b2-dff48ecf796e,Did I smoothen the surface with a planer before scraping it with a scraper?,Yes.,"Yes, the person used a planer to smooth out the surface before scraping it with a scraper.",Order Judging(Y/N)
6baa36c1-e4d0-4dbd-97b2-dff48ecf796e,Did I climb the ladder before rubbing waste with my hand?,No.,"No, you did not climb the ladder before rubbing waste with your hand.",Order Judging(Y/N)
6baa36c1-e4d0-4dbd-97b2-dff48ecf796e,Did the removal of unwanted cover happen before climbing the ladder?,No.,"Yes, the removal of unwanted cover happened before climbing the ladder.",Order Judging(Y/N)
6baa36c1-e4d0-4dbd-97b2-dff48ecf796e,Did I scrape the surface before smoothening it with a planer?,No.,"Yes, the person in the blue sleeve used a planer to smooth out the surface of the window.",Order Judging(Y/N)
6baa36c1-e4d0-4dbd-97b2-dff48ecf796e,Did the drawing a planer happen after climbing the ladder?,No.,"No, the drawing a planer happened before climbing the ladder.",Order Judging(Y/N)
6baa36c1-e4d0-4dbd-97b2-dff48ecf796e,What takes place immediately before drawing a planer across the surface?,Being outside the house.,"A person wearing a blue long-sleeve shirt and a wristwatch is seen holding a planer, preparing to apply it to the surface.",What event order
6baa36c1-e4d0-4dbd-97b2-dff48ecf796e,What do I do before rubbing waste with my hand?,Being outside.,"Before rubbing waste with your hand, you should first ensure that the area is clean and dry.",What event order
6baa36c1-e4d0-4dbd-97b2-dff48ecf796e,Did I scrape the surface before using a planer?,No,"Yes, the person used a planer to remove the old paint from the surface before scraping it.",Order Judging(Y/N)
6baa36c1-e4d0-4dbd-97b2-dff48ecf796e,Did the planer use happen after the ladder climbing?,No,"No, the planer did not use the ladder after the ladder climbing.",Order Judging(Y/N)
6baa36c1-e4d0-4dbd-97b2-dff48ecf796e,Was the surface scraped after using the planer?,Yes,"Yes, the surface was scraped after using the planer.",Order Judging(Y/N)
6baa36c1-e4d0-4dbd-97b2-dff48ecf796e,Was the waste rubbed off before I climbed the ladder?,Yes,"Yes, the waste was rubbed off before I climbed the ladder.",Order Judging(Y/N)
6baa36c1-e4d0-4dbd-97b2-dff48ecf796e,What happens just before I scrape the surface?,Smoothening with a planer,"Just before I scrape the surface, the person points at the wall, indicating a point of interest or concern.",What event order
6baa36c1-e4d0-4dbd-97b2-dff48ecf796e,What event occurs before using the planer?,Climbing the ladder,"Before using the planer, the person is seen holding a red-handled tool, likely a hammer, and pointing it at the wall.",What event order
6baa36c1-e4d0-4dbd-97b2-dff48ecf796e,What is the focus of the video's depicted scenario?,Removing unwanted cover from wood surface.,"The focus of the video's depicted scenario is on the meticulous and careful application of a substance, likely paint or primer, onto a wooden surface, emphasizing the precision and attention to detail in the painting process.",Scene Summary
6baa36c1-e4d0-4dbd-97b2-dff48ecf796e,Describe the setting shown in the video clip.,"Outside, near a window with a wood surface.","The video shows a person working on a wooden surface, likely a window or door, with a paint roller and a paintbrush. The setting includes a ladder and a ladder tool, indicating that the person is likely painting or repairing the wooden surface.",Scene Summary
6baa36c1-e4d0-4dbd-97b2-dff48ecf796e,What can be observed about the environment in the clip?,"It's outdoors, possibly at a residential location.","The environment includes a ladder leaning against the wall, a ladder on the left side of the frame, and a car parked outside the window.",Scene Summary
6baa36c1-e4d0-4dbd-97b2-dff48ecf796e,Narrate the activity captured in this clip.,"Holding a scraper, staring at, and scraping a wood surface.","The video showcases a person diligently working on a wooden surface, likely a wall or panel, using a hammer and a tool to smooth and prepare it for painting. The person is wearing a wristwatch and a watch on their left wrist, indicating a focus on detail and precision. The setting appears to be outdoors, with a view of a car and a house visible through the window, suggesting a residential area. The person's actions are methodical and deliberate, highlighting the importance of detail and care in the painting process.",Action Caption
6baa36c1-e4d0-4dbd-97b2-dff48ecf796e,Can you provide a caption for the action taking place?,Scraping Away: Unveiling the Wood Beneath.,"Yes, the caption for the action taking place is ""A person is painting a wall with a paint roller.""",Action Caption
6baa36c1-e4d0-4dbd-97b2-dff48ecf796e,Did the individual successfully remove some of the unwanted cover?,Yes.,"Yes, the individual successfully removed some of the unwanted cover, leaving the wall in a cleaner state.",Whether Something Happened(Y/N)
6baa36c1-e4d0-4dbd-97b2-dff48ecf796e,Is the person using a tool to work on the surface?,Yes.,Yes.,Whether Something Happened(Y/N)
6baa36c1-e4d0-4dbd-97b2-dff48ecf796e,Has the person been carefully examining the wood surface?,Yes.,Yes,Whether Something Happened(Y/N)
6baa36c1-e4d0-4dbd-97b2-dff48ecf796e,Is the work being performed close to a window?,Yes.,Yes.,Whether Something Happened(Y/N)
6baa36c1-e4d0-4dbd-97b2-dff48ecf796e,Did I rub waste with my hand before climbing the ladder?,Yes.,"Yes, you should have rubbed the waste with your hand before climbing the ladder.",Order Judging(Y/N)
6baa36c1-e4d0-4dbd-97b2-dff48ecf796e,Is the unwanted cover removed after I stare at the wood surface?,No.,Yes,Order Judging(Y/N)
6baa36c1-e4d0-4dbd-97b2-dff48ecf796e,Do I hold the scraper before removing the unwanted cover?,No.,"Yes, you hold the scraper before removing the unwanted cover.",Order Judging(Y/N)
6baa36c1-e4d0-4dbd-97b2-dff48ecf796e,Am I outside when I stare at the wood surface?,Yes.,"Yes, you are outside when you stare at the wood surface.",Order Judging(Y/N)
6baa36c1-e4d0-4dbd-97b2-dff48ecf796e,What happens just before I hold the scraper?,Staring at the wood surface.,"Just before I hold the scraper, the person is seen holding a red-handled scraper, indicating they are about to start scraping the wall.",What event order
6baa36c1-e4d0-4dbd-97b2-dff48ecf796e,Did I smooth the surface with a planer before scraping it with a scraper?,Yes,"Yes, the person used a planer to smooth the surface before scraping it with a scraper.",Order Judging(Y/N)
6baa36c1-e4d0-4dbd-97b2-dff48ecf796e,Did I rub waste with my hand before climbing the ladder?,Yes,"Yes, you should have rubbed the waste with your hand before climbing the ladder.",Order Judging(Y/N)
6baa36c1-e4d0-4dbd-97b2-dff48ecf796e,Did I climb the ladder before removing the unwanted cover from the surface?,Yes,"No, the ladder was not used to reach the surface.",Order Judging(Y/N)
6baa36c1-e4d0-4dbd-97b2-dff48ecf796e,What is the setting depicted in the video clip?,It is an outdoor setting surrounding a window frame.,The setting depicted in the video clip is a residential area with a window that has been partially stripped of its paint.,Scene Summary
6baa36c1-e4d0-4dbd-97b2-dff48ecf796e,What is the state of the window frame in the scene?,The window frame is in the process of being scraped.,"The window frame is in a state of disrepair, with peeling paint and a rough texture.",Scene Summary
6baa36c1-e4d0-4dbd-97b2-dff48ecf796e,Describe the immediate environment around the window frame.,There's discarded material on the ground near the window frame.,"The immediate environment around the window frame is a cluttered outdoor area with various objects scattered around, including a ladder and a small container.",Scene Summary
6baa36c1-e4d0-4dbd-97b2-dff48ecf796e,What can be inferred about the surface condition in the scene?,"The surface likely needed maintenance, as it's being scraped.","The surface appears to be weathered and worn, with peeling paint and a rough texture.",Scene Summary
6baa36c1-e4d0-4dbd-97b2-dff48ecf796e,Are there any signs of ongoing construction or repair in the video?,"Yes, the scraping indicates repair or renovation work.","Yes, there are signs of ongoing construction or repair in the video, as evidenced by the presence of a ladder and a bucket in the background.",Scene Summary
6baa36c1-e4d0-4dbd-97b2-dff48ecf796e,What action is the person performing in the new frames?,The person is scraping the surface of a window frame.,The person is using a tool to scrape or remove the old paint from the window frame.,Action Caption
6baa36c1-e4d0-4dbd-97b2-dff48ecf796e,How is the person preparing the window frame?,By removing unwanted cover and rubbing the surface.,"The person is using a tool to smooth out the paint on the window frame, ensuring it is clean and ready for installation.",Action Caption
6baa36c1-e4d0-4dbd-97b2-dff48ecf796e,What maintenance task can be seen happening around a window?,Scraping off old paint or material from the window frame.,"The maintenance task involves scraping off the paint from the window frame, which is a common task to remove old or damaged paint.",Action Caption
6baa36c1-e4d0-4dbd-97b2-dff48ecf796e,Has the protective cover been removed from the window surface?,Yes.,"Yes, the protective cover has been removed from the window surface.",Whether Something Happened(Y/N)
6baa36c1-e4d0-4dbd-97b2-dff48ecf796e,Is there any sign of the person completing the scraping action?,"No, the person is still holding the scraper.","Yes, the person is seen holding the scraper and pointing at the wall, indicating that they are finishing the scraping action.",Whether Something Happened(Y/N)
6baa36c1-e4d0-4dbd-97b2-dff48ecf796e,Does the footage show a fully renovated window frame?,"No, the window is still being worked on.","No, the footage does not show a fully renovated window frame; it shows a window frame being worked on.",Whether Something Happened(Y/N)
6baa36c1-e4d0-4dbd-97b2-dff48ecf796e,Did the person in the video fully rub the surface?,"No, only part of the surface has been rubbed.","Yes, the person in the video fully rubbed the surface, as indicated by the close-up view of the person's hands and the surface being thoroughly cleaned.",Whether Something Happened(Y/N)
6baa36c1-e4d0-4dbd-97b2-dff48ecf796e,Has all the discarded material been cleared from the ground?,"No, the material is still on the ground.","Yes, all the discarded material has been cleared from the ground.",Whether Something Happened(Y/N)
6baa36c1-e4d0-4dbd-97b2-dff48ecf796e,"In the video, does staring at the wood surface occur before removing the unwanted cover?",No,"Yes, staring at the wood surface occurs before removing the unwanted cover.",Order Judging(Y/N)
6baa36c1-e4d0-4dbd-97b2-dff48ecf796e,Is the wood surface rubbed after removing the unwanted cover?,Yes,Yes,Order Judging(Y/N)
6baa36c1-e4d0-4dbd-97b2-dff48ecf796e,"In the video, does holding the scraper happen before rubbing the surface?",Yes,"Yes, the person holds the scraper before rubbing the surface.",Order Judging(Y/N)
6baa36c1-e4d0-4dbd-97b2-dff48ecf796e,What happens just before rubbing the wood surface in the video?,Removing unwanted cover,"Just before rubbing the wood surface, the person uses a small tool to smooth out the wood grain.",What event order
6baa36c1-e4d0-4dbd-97b2-dff48ecf796e,What happens just before removing the unwanted cover in the video?,Staring at the wood surface.,"Just before removing the unwanted cover, the person uses a hammer to remove the cover from the window frame.",What event order
6baa36c1-e4d0-4dbd-97b2-dff48ecf796e,Did rubbing the surface happen before staring at the wood surface?,No,"Yes, rubbing the surface happened before staring at the wood surface.",Order Judging(Y/N)
6baa36c1-e4d0-4dbd-97b2-dff48ecf796e,Was the ladder climbed before removing the unwanted cover?,Yes,"Yes, the ladder was climbed before removing the unwanted cover.",Order Judging(Y/N)
6baa36c1-e4d0-4dbd-97b2-dff48ecf796e,Was the unwanted cover removed after rubbing waste with hand?,Yes,"Yes, the unwanted cover was removed after rubbing waste with the hand.",Order Judging(Y/N)
6baa36c1-e4d0-4dbd-97b2-dff48ecf796e,Did staring at the wood surface happen before holding the scraper?,No,"Yes, staring at the wood surface happened before holding the scraper.",Order Judging(Y/N)
6baa36c1-e4d0-4dbd-97b2-dff48ecf796e,What is done after staring at the wood surface?,Holding the scraper,"The person begins to work on the wood, using a tool to smooth out the surface.",What event order
6baa36c1-e4d0-4dbd-97b2-dff48ecf796e,What is the overall setting of the video clip?,"Outside, near a building with unwanted cover being removed.",The overall setting of the video clip is a workshop or garage where a person is working on a window.,Scene Summary
6baa36c1-e4d0-4dbd-97b2-dff48ecf796e,What's the main focus of the scene?,A person cleaning an area by a building.,The main focus of the scene is the person's hands and the tool being used to apply a substance to the wall.,Scene Summary
6baa36c1-e4d0-4dbd-97b2-dff48ecf796e,What kind of location is shown in the video?,An outdoor location by a building.,The video shows a residential area with a window that has been partially painted.,Scene Summary
6baa36c1-e4d0-4dbd-97b2-dff48ecf796e,What task is being performed in the frames?,Scraping off unwanted cover from a surface.,"The task being performed is the person sanding or smoothing a surface, likely a window or door, with a tool.",Action Caption
6baa36c1-e4d0-4dbd-97b2-dff48ecf796e,Can you detail the activity taking place?,A person removing a covering layer from a window.,"The video shows a person engaged in a DIY or repair task, focusing on a window or door frame. The individual is using a tool, possibly a hammer or a similar implement, to work on the surface of the window or door. The surrounding area is cluttered with debris, suggesting that the work is being done in a somewhat disorganized environment.",Action Caption
6baa36c1-e4d0-4dbd-97b2-dff48ecf796e,What is the immediate action captured?,A hand using a tool to clean a window.,The immediate action captured is a person using a hammer to smooth out a piece of wood or a similar material on a window frame.,Action Caption
6baa36c1-e4d0-4dbd-97b2-dff48ecf796e,What is the implication of the depicted movement?,Preparation or cleaning of a building's exterior.,"The implied movement suggests a repetitive action, possibly indicating a repetitive task or a series of steps being performed.",Action Caption
6baa36c1-e4d0-4dbd-97b2-dff48ecf796e,Did the camera wearer completely remove the unwanted cover?,No.,"No, the camera wearer did not completely remove the unwanted cover; they left some areas of the wall exposed.",Whether Something Happened(Y/N)
6baa36c1-e4d0-4dbd-97b2-dff48ecf796e,Did the video contain any interaction with another person?,"No, it only shows a person working alone.","No, the video does not contain any interaction with another person.",Whether Something Happened(Y/N)
6baa36c1-e4d0-4dbd-97b2-dff48ecf796e,Does the frame convey the completion of the task?,"No, the task appears to be in progress.","Yes, the frame shows the person's hands holding the tool steady, indicating that the task is complete.",Whether Something Happened(Y/N)
6baa36c1-e4d0-4dbd-97b2-dff48ecf796e,Did the rubbing of the surface happen before walking outside?,No,"Yes, the person is seen rubbing the surface of the wall with their hand before walking outside.",Order Judging(Y/N)
6baa36c1-e4d0-4dbd-97b2-dff48ecf796e,Is the scraper held after removing unwanted cover from the surface?,Yes,"Yes, the scraper is held after removing the unwanted cover, indicating the completion of the task.",Order Judging(Y/N)
6baa36c1-e4d0-4dbd-97b2-dff48ecf796e,Does the unwanted cover get removed before the surface is rubbed?,Yes,"Yes, the unwanted cover is removed before the surface is rubbed.",Order Judging(Y/N)
6baa36c1-e4d0-4dbd-97b2-dff48ecf796e,Did walking outside occur before holding the scraper?,Yes,"Yes, walking outside occurred before holding the scraper.",Order Judging(Y/N)
6baa36c1-e4d0-4dbd-97b2-dff48ecf796e,What happens before the surface is rubbed?,Unwanted cover is removed.,"Before the surface is rubbed, the person is seen holding a tool, possibly a hammer, and appears to be working on the surface, possibly sanding or smoothing it.",What event order
6baa36c1-e4d0-4dbd-97b2-dff48ecf796e,What occurs just before the scraper is held?,The surface is rubbed.,"Just before the scraper is held, the person points at the wall, indicating a point of interest or concern.",What event order
6baa36c1-e4d0-4dbd-97b2-dff48ecf796e,What takes place just before removing unwanted cover?,Being outside.,"Before removing unwanted cover, the person uses a hammer to smooth out the paint on the window frame.",What event order
6baa36c1-e4d0-4dbd-97b2-dff48ecf796e,What action occurs before the unwanted cover is removed a second time?,Holding the scraper.,"Before the unwanted cover is removed, the person uses a hammer to smooth out the paint on the wall.",What event order
6baa36c1-e4d0-4dbd-97b2-dff48ecf796e,Did I stare at the wood surface before removing the unwanted cover?,No,"Yes, the person removed the unwanted cover from the wood surface before continuing the work.",Order Judging(Y/N)
6baa36c1-e4d0-4dbd-97b2-dff48ecf796e,Did I rub the surface after removing the unwanted cover?,Yes,"Yes, the person in the video removed the unwanted cover and then rubbed the surface to ensure it was clean and free of debris.",Order Judging(Y/N)
6baa36c1-e4d0-4dbd-97b2-dff48ecf796e,Did I remove the unwanted cover before walking outside?,Yes,"Yes, the person removed the unwanted cover before walking outside.",Order Judging(Y/N)
6baa36c1-e4d0-4dbd-97b2-dff48ecf796e,What happened before I held the scraper?,Removed unwanted cover and stared at the surface,"Before I held the scraper, I saw a person working on a window.",What event order
6baa36c1-e4d0-4dbd-97b2-dff48ecf796e,What occurred just before walking outside?,Removed the unwanted cover,"Just before walking outside, the person was seen using a hammer to smooth out the paint on the window frame.",What event order
6baa36c1-e4d0-4dbd-97b2-dff48ecf796e,What takes place right before removing the unwanted cover?,"Nothing, it's the initial action","A person is seen holding a tool, possibly a hammer, and appears to be in the process of removing the unwanted cover from the window.",What event order
6baa36c1-e4d0-4dbd-97b2-dff48ecf796e,What action occurred immediately before rubbing the surface?,Removed unwanted cover,The action occurred immediately before rubbing the surface by the person using a hammer to smooth out the paint.,What event order
e58207f1-84ec-424b-a997-ff64a57eb13b,What is the setting of the video clip?,The setting is inside a house.,"The setting of the video clip is a modern, well-lit interior space with a minimalist design, featuring a living area, a bedroom, and a hallway.",Scene Summary
e58207f1-84ec-424b-a997-ff64a57eb13b,What activity occurs in the scene?,Walking around and checking items.,"A person wearing sunglasses and a black hoodie enters the room, walks towards the camera, and then exits.",Scene Summary
e58207f1-84ec-424b-a997-ff64a57eb13b,Are there multiple people in the video?,"Yes, two people are present.","Yes, there are multiple people in the video, including a person in a black jacket and sunglasses, a person in a black shirt and sunglasses, and another person in a black jacket and sunglasses.",Scene Summary
e58207f1-84ec-424b-a997-ff64a57eb13b,Did I exit the house during the video?,No.,"Yes, the person in the black hoodie and sunglasses exited the house during the video.",Whether Something Happened(Y/N)
e58207f1-84ec-424b-a997-ff64a57eb13b,Did I ignore any rooms while checking?,No.,"No, you didn't ignore any rooms.",Whether Something Happened(Y/N)
e58207f1-84ec-424b-a997-ff64a57eb13b,Did the interaction with the other person seem hostile?,No.,"No, the interaction with the other person seemed friendly and casual.",Whether Something Happened(Y/N)
e58207f1-84ec-424b-a997-ff64a57eb13b,Did I find anything unusual in the items?,The video does not indicate that.,"Yes, there is a blue bottle on the floor near the person in the black jacket.",Whether Something Happened(Y/N)
e58207f1-84ec-424b-a997-ff64a57eb13b,What setting is introduced in this video clip?,An interior of a house.,"The video introduces a cozy living room setting with a person sitting on a couch, a magazine on the coffee table, and a television in the background.",Scene Summary
e58207f1-84ec-424b-a997-ff64a57eb13b,What objects are central to the scene in this video?,A magazine and a woman.,"The central objects in the scene are a person sitting on a couch, a magazine with a cover featuring a woman's face, and a person holding a magazine.",Scene Summary
e58207f1-84ec-424b-a997-ff64a57eb13b,Describe the layout of the room shown.,Room with large windows and modern lighting.,"The room is spacious with a modern aesthetic, featuring a gray sofa, a glass coffee table, a television on a stand, a bookshelf, a plant, and a large window that allows natural light to flood the space.",Scene Summary
e58207f1-84ec-424b-a997-ff64a57eb13b,What activity dominates this scene?,Reading and interacting with another person.,"The activity that dominates this scene is the person sitting on the couch, engaged in a conversation or activity with the person on the couch.",Scene Summary
e58207f1-84ec-424b-a997-ff64a57eb13b,What is the relationship between the primary elements in this scene?,They involve engagement with reading material and human interaction.,"The relationship between the primary elements in this scene is that of a person sitting on a couch, engaged in a conversation or activity, with the person's hand holding a magazine or brochure.",Scene Summary
e58207f1-84ec-424b-a997-ff64a57eb13b,What action am I performing in these frames?,Holding and looking at a magazine.,"You are performing a series of actions in these frames, including sitting on a couch, holding a magazine, and interacting with a person.",Action Caption
e58207f1-84ec-424b-a997-ff64a57eb13b,What activity follows holding the magazine?,Looking at the magazine.,"Following the activity of holding the magazine, a hand appears, holding the magazine and looking at the front page.",Action Caption
e58207f1-84ec-424b-a997-ff64a57eb13b,Did I hold the magazine before walking around the house?,No,"Yes, you held the magazine before walking around the house.",Order Judging(Y/N)
e58207f1-84ec-424b-a997-ff64a57eb13b,Did I look at the magazine before walking around with another person?,Yes,"Yes, you did.",Order Judging(Y/N)
e58207f1-84ec-424b-a997-ff64a57eb13b,Was the magazine held after checking on items in the house?,No,"Yes, the magazine was held in the foreground after checking on items in the house.",Order Judging(Y/N)
e58207f1-84ec-424b-a997-ff64a57eb13b,What do I do just before interacting with the woman?,Holding the magazine,You should approach the woman and engage in a conversation.,What event order
e58207f1-84ec-424b-a997-ff64a57eb13b,What action is performed just before I check on items?,Walking around the house,"Just before I check on items, the person is seen holding a magazine with the text 'upgrade your tools' and 'How to look like a pro' visible on the cover.",What event order
e58207f1-84ec-424b-a997-ff64a57eb13b,What happens right before I hold the magazine?,Walking with another person,"A person wearing sunglasses and a black hoodie enters the room, holding the magazine.",What event order
e58207f1-84ec-424b-a997-ff64a57eb13b,What is done immediately before walking around the house?,Being inside the house,"The person walks around the house, moving towards the television and the television stand.",What event order
e58207f1-84ec-424b-a997-ff64a57eb13b,What does the environment indicate about the video's setting?,"The video is set in a modern, well-lit living space.","The environment, characterized by a modern and minimalist design, indicates a professional or corporate setting, possibly a studio or a well-organized office space.",Scene Summary
e58207f1-84ec-424b-a997-ff64a57eb13b,What activity is being undertaken in the living area?,Reading and interacting with another person.,The person in the living area is holding a magazine and appears to be reading or flipping through it.,Scene Summary
e58207f1-84ec-424b-a997-ff64a57eb13b,Describe the indoor setting captured in the video.,"A living room with a TV unit, books, and seating areas.","The video captures a spacious, well-lit living room with a modern design, featuring a gray sofa, a television on a stand, a floor lamp, and a large window that offers a view of the outdoors. The room is decorated with potted plants and a television, creating a comfortable and inviting atmosphere.",Scene Summary
e58207f1-84ec-424b-a997-ff64a57eb13b,What items in the room indicate leisure activities?,A television and books suggest leisure or relaxation.,The presence of a magazine on the coffee table and a person holding a drink indicate leisure activities.,Scene Summary
e58207f1-84ec-424b-a997-ff64a57eb13b,What furnishings can be observed in the video scene?,"A TV stand, shelves, and magazines can be seen.","The furnishings include a gray sofa, a white armchair, a television on a stand, a floor lamp, and a magazine on a coffee table.",Scene Summary
e58207f1-84ec-424b-a997-ff64a57eb13b,What actions are performed by the individual regarding the books?,The individual is turning the pages and reading a book.,"The individual is seen holding a book and reading it, and later, they are seen holding a magazine and flipping through its pages.",Action Caption
e58207f1-84ec-424b-a997-ff64a57eb13b,How does the person engage with the media in the room?,The person seems to ignore the TV and focuses on the book.,The person engages with the media by holding a magazine titled 'Stand-Up' and flipping through its pages.,Action Caption
e58207f1-84ec-424b-a997-ff64a57eb13b,Did the person read a book in the video?,Yes.,"Yes, the person was seen holding a book in the foreground of the video.",Whether Something Happened(Y/N)
e58207f1-84ec-424b-a997-ff64a57eb13b,Did the individual change the page of the book at least once?,Yes.,"Yes, the individual changed the page of the book at least once.",Whether Something Happened(Y/N)
e58207f1-84ec-424b-a997-ff64a57eb13b,Did the person have an interaction with someone in the room?,Yes.,"Yes, the person was seen holding a magazine and engaging with someone in the room, possibly reading or discussing the content.",Whether Something Happened(Y/N)
e58207f1-84ec-424b-a997-ff64a57eb13b,"In the video, is the magazine held before turning book pages?",Yes.,Yes,Order Judging(Y/N)
e58207f1-84ec-424b-a997-ff64a57eb13b,Is the book read after interacting with a woman?,No.,"Yes, the book is opened and read after the woman interacts with the person sitting on the couch.",Order Judging(Y/N)
e58207f1-84ec-424b-a997-ff64a57eb13b,"In the video, does looking around occur before holding the magazine?",No.,"Yes, looking around occurs before holding the magazine.",Order Judging(Y/N)
e58207f1-84ec-424b-a997-ff64a57eb13b,What is done just before interacting with a woman?,Looking at the magazine.,"Just before interacting with a woman, the person is seen holding a magazine titled 'Stand-Up' and appears to be reading it.",What event order
e58207f1-84ec-424b-a997-ff64a57eb13b,What occurs just before turning book pages?,Looking around.,"Just before turning the book pages, the person is seen holding a drink and appears to be in a relaxed state, possibly reading or preparing to read.",What event order
e58207f1-84ec-424b-a997-ff64a57eb13b,What is performed just before reading a book?,Turning book pages.,"A person is seen sitting on a couch, holding a book and appearing to read it.",What event order
e58207f1-84ec-424b-a997-ff64a57eb13b,"In the video sequence, what is done before interacting with a different woman?",Reading a book.,"Before interacting with a different woman, the person in the video sequence is seen sitting on a couch, holding a magazine titled 'Stand-Up' and a book titled 'The Art of War'.",What event order
e58207f1-84ec-424b-a997-ff64a57eb13b,Did I walk around the house before holding the magazine?,Yes.,"Yes, you walked around the house before holding the magazine.",Order Judging(Y/N)
e58207f1-84ec-424b-a997-ff64a57eb13b,Was the magazine held before reading a book?,Yes.,"Yes, the magazine was held before reading a book.",Order Judging(Y/N)
e58207f1-84ec-424b-a997-ff64a57eb13b,Did reading a book happen before walking around the house?,No.,"Yes, the person was seen holding a book before walking around the house.",Order Judging(Y/N)
e58207f1-84ec-424b-a997-ff64a57eb13b,What occurs just before reading a book?,Turn book pages.,"Just before reading a book, the person sits up, stretches, and adjusts their position on the couch.",What event order
e58207f1-84ec-424b-a997-ff64a57eb13b,What action takes place before walking around the house?,No preceding action mentioned.,"Before walking around the house, the person is seen holding a magazine and appears to be reading it.",What event order
e58207f1-84ec-424b-a997-ff64a57eb13b,What is the location setting in this video clip?,Inside a house.,"The location setting in this video clip is a modern, well-lit living room with a view of a balcony and a television screen.",Scene Summary
e58207f1-84ec-424b-a997-ff64a57eb13b,Describe the atmosphere of the scene.,"A casual, indoor environment.","The atmosphere of the scene is calm and relaxed, with natural light streaming in from the windows, creating a serene and inviting environment.",Scene Summary
e58207f1-84ec-424b-a997-ff64a57eb13b,What is the relationship between the participants in the video?,They appear to be acquaintances.,"The relationship between the participants in the video appears to be casual and relaxed, with one person sitting on a chair and the other standing and interacting with the seated individual.",Scene Summary
e58207f1-84ec-424b-a997-ff64a57eb13b,Did the characters engage in any recreational activity?,"Yes, they read magazines.","Yes, the woman in the video is seen holding a drink and engaging in a conversation, suggesting she might be enjoying a casual drink and engaging in a light-hearted conversation.",Action Caption
e58207f1-84ec-424b-a997-ff64a57eb13b,Did the characters sit down for a formal meeting?,No.,"No, the characters did not sit down for a formal meeting; they were engaged in a casual conversation.",Whether Something Happened(Y/N)
e58207f1-84ec-424b-a997-ff64a57eb13b,Are the characters in the video clip outdoors?,No.,No.,Whether Something Happened(Y/N)
e58207f1-84ec-424b-a997-ff64a57eb13b,Is there any sign of an argument happening in the video?,No.,"Yes, the person in the black hoodie is seen holding a drink and gesturing with their hands, which could indicate a casual conversation or a moment of relaxation.",Whether Something Happened(Y/N)
e58207f1-84ec-424b-a997-ff64a57eb13b,Did the characters watch television in the clip?,No.,"Yes, the characters watched television in the clip.",Whether Something Happened(Y/N)
e58207f1-84ec-424b-a997-ff64a57eb13b,Is there any physical activity performed by the characters?,No.,"No, there is no physical activity performed by the characters in the video.",Whether Something Happened(Y/N)
e58207f1-84ec-424b-a997-ff64a57eb13b,Does reading a book happen before talking to the woman?,Yes.,"Yes, the woman is seen holding a book and reading it before talking to her.",Order Judging(Y/N)
e58207f1-84ec-424b-a997-ff64a57eb13b,Is looking around done before turning book pages?,Yes.,"Yes, looking around is done before turning the book pages.",Order Judging(Y/N)
e58207f1-84ec-424b-a997-ff64a57eb13b,What occurs just before reading the magazines?,Talking to each other.,"Just before reading the magazines, the person is seen holding a magazine and appears to be reading it.",What event order
e58207f1-84ec-424b-a997-ff64a57eb13b,What takes place immediately before looking around?,Turning book pages.,"A person wearing sunglasses and a black hoodie with the text 'Los Angeles' on it, sitting on a gray chair, is seen looking around the room.",What event order
e58207f1-84ec-424b-a997-ff64a57eb13b,What action is performed just before talking to each other?,Looking around.,"Just before talking to each other, the person in the black hoodie and sunglasses is seen holding a drink and gesturing with their hands.",What event order
e58207f1-84ec-424b-a997-ff64a57eb13b,Did I look around before holding the magazine?,No.,"Yes, you can see the magazine on the coffee table in the foreground.",Order Judging(Y/N)
e58207f1-84ec-424b-a997-ff64a57eb13b,What activities were performed in the room?,Reading a magazine and making coffee.,"The activities performed in the room included a person sitting on a chair, holding a drink, and engaging in a conversation. Another person was seen sitting on a couch, holding a drink and gesturing with their hands.",Scene Summary
e58207f1-84ec-424b-a997-ff64a57eb13b,Describe the environment where the actions occurred.,"A room with a seated person, magazine, and phone.","The environment is a modern, well-lit living room with a cozy atmosphere. The room features a gray sofa, a coffee table with a magazine and a book, a television on a stand, a potted plant, a lamp, and a person sitting on a chair. The walls are white, and there is a large window that allows natural light to flood the space.",Scene Summary
e58207f1-84ec-424b-a997-ff64a57eb13b,What devices were used in the scenario?,A magazine and a phone.,"The scenario involved using a smartphone, a tablet, and a remote control.",Scene Summary
e58207f1-84ec-424b-a997-ff64a57eb13b,What was the person doing with the magazine?,The person was reading the magazine.,"The person was holding the magazine and looking at it, possibly reading or flipping through the pages.",Action Caption
e58207f1-84ec-424b-a997-ff64a57eb13b,What activity followed reading the magazine?,The person operated the phone.,"Following reading the magazine, the person in the video sat down on a gray armchair, holding the magazine and a drink, and began to read it.",Action Caption
e58207f1-84ec-424b-a997-ff64a57eb13b,Did the person remain seated throughout?,"No, they got up to make coffee.","Yes, the person remained seated throughout the video.",Action Caption
e58207f1-84ec-424b-a997-ff64a57eb13b,Did the person leave the room?,"No, the actions happened in the room.","Yes, the person is seen walking out of the room, leaving the room empty.",Whether Something Happened(Y/N)
e58207f1-84ec-424b-a997-ff64a57eb13b,Did the person use a laptop?,"No, the person used a phone.","Yes, the person used a laptop.",Whether Something Happened(Y/N)
e58207f1-84ec-424b-a997-ff64a57eb13b,Did I talk to the woman before reading the magazine?,Yes,"Yes, the woman was seen sitting on the couch and reading the magazine before she was seen talking to the woman.",Order Judging(Y/N)
e58207f1-84ec-424b-a997-ff64a57eb13b,Did I read the magazine before making coffee?,Yes,"Yes, the person in the video is holding a magazine and appears to be reading it before making coffee.",Order Judging(Y/N)
e58207f1-84ec-424b-a997-ff64a57eb13b,Did I operate the phone before talking to the woman?,No,"Yes, the woman was seen holding the phone before she began to talk to the person in the black shirt.",Order Judging(Y/N)
e58207f1-84ec-424b-a997-ff64a57eb13b,Did I make coffee before sitting in the room?,No,"Yes, you made coffee before sitting in the room.",Order Judging(Y/N)
e58207f1-84ec-424b-a997-ff64a57eb13b,Did I make coffee before reading a magazine?,No,"Yes, you made coffee before reading a magazine.",Order Judging(Y/N)
e58207f1-84ec-424b-a997-ff64a57eb13b,Did I interact with the woman before reading the book?,Yes,"Yes, the woman was seen holding a book and engaging with the camera before reading the book.",Order Judging(Y/N)
e58207f1-84ec-424b-a997-ff64a57eb13b,Was the magazine read before interacting with the woman?,No,"Yes, the magazine was read before interacting with the woman.",Order Judging(Y/N)
e58207f1-84ec-424b-a997-ff64a57eb13b,Was the phone operated before making coffee?,Yes,"Yes, the phone was operated before making coffee.",Order Judging(Y/N)
e58207f1-84ec-424b-a997-ff64a57eb13b,What occurs just before I make coffee?,Operate the phone,"Just before I make coffee, a person wearing sunglasses and a black shirt enters the room, holding a cup.",What event order
e58207f1-84ec-424b-a997-ff64a57eb13b,What do I do before reading the magazine?,Talk to the woman,"Before reading the magazine, I turn on the lamp and place the magazine on the coffee table.",What event order
e58207f1-84ec-424b-a997-ff64a57eb13b,What is done just before looking around?,Turn book pages,"Just before looking around, the person is seen holding a drink and a remote control.",What event order
e58207f1-84ec-424b-a997-ff64a57eb13b,What action takes place before reading the book?,Look around,"Before reading the book, the person is seen holding a smartphone and appears to be looking at it.",What event order
e58207f1-84ec-424b-a997-ff64a57eb13b,Describe the setting where the activity is taking place.,The activity is in an indoor room with modern furnishings.,"The activity is taking place in a cozy, modern living room with a television mounted on the wall, a coffee table with magazines and a book, and a person wearing sunglasses and a black shirt.",Scene Summary
e58207f1-84ec-424b-a997-ff64a57eb13b,Identify the furniture used by the individuals in the clip.,Chairs are used for seating during the card game.,The individuals are seated on a sofa and a chair.,Scene Summary
e58207f1-84ec-424b-a997-ff64a57eb13b,Did the individual participate in a recreational game?,Yes.,"Yes, the individual is seen holding a box of Jenga blocks, indicating they participated in a recreational game.",Whether Something Happened(Y/N)
e58207f1-84ec-424b-a997-ff64a57eb13b,Was there any interaction with another person during the game?,Yes.,"Yes, the person in the glasses was seen holding a phone and gesturing with their hand, possibly indicating a conversation or interaction with another person.",Whether Something Happened(Y/N)
e58207f1-84ec-424b-a997-ff64a57eb13b,Does the setting include contemporary room decor?,Yes.,"Yes, the setting includes contemporary room decor, such as a modern TV screen, a sleek black coffee table, and a contemporary TV stand.",Whether Something Happened(Y/N)
e58207f1-84ec-424b-a997-ff64a57eb13b,Name one activity that is clearly not happening in this scene.,Cooking food is clearly not happening in this scene.,"The activity that is clearly not happening in this scene is the person sitting on the couch, as they are not interacting with the person holding the Jenga puzzle.",Scene Summary
e58207f1-84ec-424b-a997-ff64a57eb13b,What parallel activity accompanies the main action in this clip?,A discussion with another person accompanies the main action.,"The parallel activity is a person holding a smartphone, possibly taking a selfie or recording a video.",Action Caption
e58207f1-84ec-424b-a997-ff64a57eb13b,Is there a creative or construction-related task shown?,"Yes, arranging wooden bricks can be considered a construction-related task.","Yes, there is a construction-related task shown, as the person is seen assembling a wooden structure on a table.",Action Caption
e58207f1-84ec-424b-a997-ff64a57eb13b,Does the video show any form of artistic painting?,No.,"No, the video does not show any form of artistic painting.",Whether Something Happened(Y/N)
e58207f1-84ec-424b-a997-ff64a57eb13b,Is there a solo performance happening in the video?,No.,Yes.,Whether Something Happened(Y/N)
e58207f1-84ec-424b-a997-ff64a57eb13b,Did I interact with Lady A after I sat on the chair?,Yes.,"Yes, after sitting on the chair, Lady A approached the camera and interacted with the person holding the Jenga puzzle.",Order Judging(Y/N)
e58207f1-84ec-424b-a997-ff64a57eb13b,What happens just before I sit on the chair?,Entering the room.,"Just before I sit on the chair, a person appears in the background, holding a black object, possibly a phone or a remote control.",What event order
e58207f1-84ec-424b-a997-ff64a57eb13b,What did I engage in right before sitting in a room?,I did not engage in anything; I was already seated.,You engaged in a video call with a person.,What event order
e58207f1-84ec-424b-a997-ff64a57eb13b,Where is this scene set?,In a room with another person.,"The scene is set in a modern, well-lit living room with a gray armchair, a glass coffee table, and a television screen.",Scene Summary
e58207f1-84ec-424b-a997-ff64a57eb13b,What are the main elements present in this scenario?,A Jenga game and two individuals.,"The main elements present in this scenario include a Jenga game, a person wearing VR glasses, a cozy living room setting with a gray armchair, a glass coffee table, a TV, and a person sitting on the armchair.",Scene Summary
e58207f1-84ec-424b-a997-ff64a57eb13b,What can be observed on the table in the video?,A Jenga tower and blocks.,"The table is cluttered with various items, including a remote control, a book, and a glass coffee table.",Scene Summary
e58207f1-84ec-424b-a997-ff64a57eb13b,Who is actively participating in the game shown in the video?,The person in the frame and another woman.,The person wearing a black shirt and a green wristband is actively participating in the game.,Action Caption
e58207f1-84ec-424b-a997-ff64a57eb13b,How is the game of Jenga progressing in the clip?,Blocks are being stacked atop the tower.,"The game of Jenga is progressing with the person successfully stacking the blocks, indicating a successful completion of the game.",Action Caption
e58207f1-84ec-424b-a997-ff64a57eb13b,What is the consequence of the actions performed with the Jenga blocks?,The Jenga tower is becoming taller.,The consequence of the actions is that the Jenga blocks are balanced and stacked in a tower.,Action Caption
e58207f1-84ec-424b-a997-ff64a57eb13b,What action precedes placing a block atop the Jenga tower?,Removing a block from the Jenga tower.,"The action that precedes placing a block atop the Jenga tower is the person wearing VR glasses and a headset, which is likely used for the Jenga game.",Action Caption
e58207f1-84ec-424b-a997-ff64a57eb13b,Does the video show a Jenga tower on a glass table?,Yes.,"Yes, the video shows a Jenga tower on a glass table.",Whether Something Happened(Y/N)
e58207f1-84ec-424b-a997-ff64a57eb13b,Are the Jenga blocks being carefully handled?,Yes.,"Yes, the Jenga blocks are being carefully handled, with the person using both hands to balance and manipulate them.",Whether Something Happened(Y/N)
e58207f1-84ec-424b-a997-ff64a57eb13b,Is the Jenga tower intact at this moment in the video?,Yes.,"Yes, the Jenga tower is intact and balanced at this moment in the video.",Whether Something Happened(Y/N)
e58207f1-84ec-424b-a997-ff64a57eb13b,What action occurred just before placing the blocks atop the Jenga tower?,Took Jenga blocks from the tower,"Just before placing the blocks atop the Jenga tower, the person in the video was seen wearing a VR headset, which was likely used to interact with the Jenga game.",What event order
e58207f1-84ec-424b-a997-ff64a57eb13b,What happened just before taking Jenga blocks from the tower?,Played game of Jenga,"Just before taking Jenga blocks from the tower, the person was wearing a VR headset and was seen holding a Jenga block.",What event order
e58207f1-84ec-424b-a997-ff64a57eb13b,Did I arrange wooden bricks before playing a card game?,No,"Yes, you arranged wooden bricks before playing a card game.",Order Judging(Y/N)
e58207f1-84ec-424b-a997-ff64a57eb13b,Did I sit on a chair before talking to a lady?,Yes,"Yes, you sat on a gray armchair before talking to a lady.",Order Judging(Y/N)
e58207f1-84ec-424b-a997-ff64a57eb13b,What activities are occurring inside the house?,Two individuals are playing Jenga.,"Inside the house, there is a person sitting on a couch, holding a stack of Jenga blocks, and another person standing near the couch.",Scene Summary
e58207f1-84ec-424b-a997-ff64a57eb13b,What is on the table between the participants?,A Jenga tower is on the table.,There is a green mug and a box of cereal on the table between the participants.,Scene Summary
e58207f1-84ec-424b-a997-ff64a57eb13b,How are the participants utilizing the wooden blocks?,They are carefully pulling blocks from the Jenga tower.,"The participants are using the wooden blocks to build a tower, with the person in the foreground holding the blocks and the person in the background using their hands to manipulate them.",Action Caption
e58207f1-84ec-424b-a997-ff64a57eb13b,Is the Jenga tower still standing?,Yes.,"Yes, the Jenga tower is still standing.",Whether Something Happened(Y/N)
e58207f1-84ec-424b-a997-ff64a57eb13b,Has a Jenga block just been successfully moved?,Yes.,Yes,Whether Something Happened(Y/N)
e58207f1-84ec-424b-a997-ff64a57eb13b,Are the participants seated during the game?,Yes.,"Yes, the participants are seated during the game.",Whether Something Happened(Y/N)
e58207f1-84ec-424b-a997-ff64a57eb13b,Is there a game being played on the floor?,No.,"Yes, there is a game being played on the floor.",Whether Something Happened(Y/N)
e58207f1-84ec-424b-a997-ff64a57eb13b,Does the frame display a competitive match in progress?,Yes.,"No, the frame does not display a competitive match in progress; it shows a person playing Jenga.",Whether Something Happened(Y/N)
e58207f1-84ec-424b-a997-ff64a57eb13b,Did I sit on the chairs before playing Jenga?,Yes.,"Yes, you can see the chairs in the background before you sat on them to play Jenga.",Order Judging(Y/N)
e58207f1-84ec-424b-a997-ff64a57eb13b,Did I take Jenga blocks from the tower before adding to its top?,Yes.,"Yes, you took Jenga blocks from the tower before adding to its top.",Order Judging(Y/N)
e58207f1-84ec-424b-a997-ff64a57eb13b,Did the Jenga game happen before relaxing on the chairs?,No.,"Yes, the Jenga game was already in progress before relaxing on the chairs.",Order Judging(Y/N)
e58207f1-84ec-424b-a997-ff64a57eb13b,Was placing blocks atop the Jenga tower before taking blocks from it?,No.,Yes,Order Judging(Y/N)
e58207f1-84ec-424b-a997-ff64a57eb13b,What occurs just before placing the blocks atop the Jenga tower?,Taking Jenga blocks from the tower.,"Just before placing the blocks atop the Jenga tower, the person is seen adjusting their glasses and smiling, indicating a moment of relaxation or enjoyment.",What event order
e58207f1-84ec-424b-a997-ff64a57eb13b,What happens just before sitting on the chairs to play?,Entering the room.,"Just before sitting on the chairs to play, the person is seen holding a stack of Jenga blocks, preparing to start the game.",What event order
e58207f1-84ec-424b-a997-ff64a57eb13b,Did the game start before arranging wooden bricks on a block?,No,"Yes, the game started before arranging wooden bricks on a block.",Order Judging(Y/N)
e58207f1-84ec-424b-a997-ff64a57eb13b,What is the setting of the current video clip?,The setting is inside a house.,The setting of the current video clip is a modern living room with a large window that offers a view of a serene outdoor scene.,Scene Summary
e58207f1-84ec-424b-a997-ff64a57eb13b,Describe the occupants in the house in the video.,"There are multiple individuals, both men and women.",The occupants in the house include a person wearing a black shirt and a person in a white shirt.,Scene Summary
e58207f1-84ec-424b-a997-ff64a57eb13b,What were the individuals doing with wood in the video?,They were arranging pieces of wood.,"The individuals were seen holding and stacking wooden blocks, with one person placing a block on top of another.",Scene Summary
e58207f1-84ec-424b-a997-ff64a57eb13b,What type of interaction occurred among the individuals?,They interacted with each other.,"The individuals engaged in a casual and friendly interaction, possibly discussing or sharing something related to the video, as indicated by their body language and gestures.",Scene Summary
e58207f1-84ec-424b-a997-ff64a57eb13b,Are the people stationary or moving about in the clip?,They are moving about the space.,"The people in the clip are moving about, with one person walking towards the camera and another person standing near the television.",Action Caption
e58207f1-84ec-424b-a997-ff64a57eb13b,Is the Jenga game played before arranging wood pieces?,Yes.,"Yes, the Jenga game is played before arranging wood pieces.",Order Judging(Y/N)
e58207f1-84ec-424b-a997-ff64a57eb13b,Does sitting on chairs happen before interacting with each other?,Yes.,"Yes, sitting on chairs happens before interacting with each other.",Order Judging(Y/N)
e58207f1-84ec-424b-a997-ff64a57eb13b,Is the wood arrangement completed before the Jenga tower is built?,No.,"Yes, the wooden arrangement is completed before the Jenga tower is built.",Order Judging(Y/N)
e58207f1-84ec-424b-a997-ff64a57eb13b,What happens before arranging the wood pieces?,Playing Jenga.,"Before arranging the wood pieces, the person places the wooden blocks on the table and adjusts the position of the blocks.",What event order
e58207f1-84ec-424b-a997-ff64a57eb13b,What takes place before the Jenga block is touched?,Sitting down.,"Before the Jenga block is touched, the person is seen holding a smartphone, possibly checking messages or notifications.",What event order
e58207f1-84ec-424b-a997-ff64a57eb13b,Did the Jenga game occur before sitting on the chairs?,No.,"Yes, the Jenga game was already set up on the coffee table before sitting on the chairs.",Order Judging(Y/N)
e58207f1-84ec-424b-a997-ff64a57eb13b,Was taking Jenga blocks from the tower after sitting on the chairs?,Yes.,Yes,Order Judging(Y/N)
e58207f1-84ec-424b-a997-ff64a57eb13b,What happened just before placing blocks atop the Jenga tower?,Taking Jenga blocks from the tower.,"Just before placing blocks atop the Jenga tower, the person was seen holding a smartphone, possibly taking a selfie or recording a video.",What event order
e58207f1-84ec-424b-a997-ff64a57eb13b,What happens before arranging the pieces of wood?,Playing the Jenga wooden blocks game.,"Before arranging the pieces of wood, the person places the wooden blocks on the table and then picks up the cardboard box.",What event order
e58207f1-84ec-424b-a997-ff64a57eb13b,What is the setting of the video clip?,An office.,"The setting of the video clip is a cozy living room with a television, a couch, and a coffee table.",Scene Summary
e58207f1-84ec-424b-a997-ff64a57eb13b,What activities are taking place in the clip?,Talking to a person and using a phone.,"The activities include a person playing a video game, interacting with a smartphone, and using a smartphone to take a selfie.",Scene Summary
e58207f1-84ec-424b-a997-ff64a57eb13b,What is the primary action in the recent frames?,Engaging in a discussion and using the phone.,"The primary action in the recent frames is the person interacting with a smartphone, which displays a game or application with a character and text.",Action Caption
e58207f1-84ec-424b-a997-ff64a57eb13b,What technology is in use in the action?,A phone.,The technology used in the action is a person wearing a VR headset.,Action Caption
e58207f1-84ec-424b-a997-ff64a57eb13b,Is the person alone in the scene?,No.,Yes.,Whether Something Happened(Y/N)
e58207f1-84ec-424b-a997-ff64a57eb13b,Did I interact with others after being at the office?,Yes,"Yes, after being at the office, the person was seen interacting with others through the video.",Order Judging(Y/N)
e58207f1-84ec-424b-a997-ff64a57eb13b,Did the office scene occur before the house activities?,Yes,"Yes, the office scene occurred before the house activities.",Order Judging(Y/N)
e58207f1-84ec-424b-a997-ff64a57eb13b,What happened right before I was at the office?,I was in the house,The person in the video was playing a game on a mobile device.,What event order
e58207f1-84ec-424b-a997-ff64a57eb13b,Did I play Jenga before arranging pieces of wood?,Yes.,"Yes, you played Jenga before arranging pieces of wood.",Order Judging(Y/N)
e58207f1-84ec-424b-a997-ff64a57eb13b,Did I use the phone before playing Jenga?,No.,"Yes, you used the phone before playing Jenga.",Order Judging(Y/N)
e58207f1-84ec-424b-a997-ff64a57eb13b,Was I at the office before playing with the Jenga blocks?,Yes.,"Yes, you were at the office before playing with the Jenga blocks.",Order Judging(Y/N)
89a95cd8-ca13-4edf-807e-d62138fd30e0,Describe the environment displayed in the video clip.,The video depicts a kitchen scenario.,"The video shows a cluttered kitchen counter with various kitchen items, including a hand holding a bowl, a hand reaching for a bowl, and a hand holding a spoon. The counter is cluttered with a variety of kitchen utensils, including a hand reaching for a bowl, a hand holding a spoon, and a hand reaching for a bowl. The background features a tiled wall with a small window and a hand reaching for a bowl.",Scene Summary
89a95cd8-ca13-4edf-807e-d62138fd30e0,Identify the items being interacted with in the video clip.,Flour and onions are being used with water and a knife.,"The items being interacted with include a hand holding a small bowl, a hand holding a spoon, a hand holding a small bowl, a hand holding a spoon, a hand holding a small bowl, a hand holding a spoon, a hand holding a small bowl, a hand holding a spoon, a hand holding a small bowl, a hand holding a spoon, a hand holding a small bowl, a hand holding a spoon, a hand holding a small bowl, a hand holding a spoon, a hand holding a small bowl, a hand holding a spoon, a hand holding a small bowl, a hand holding a spoon, a hand holding a small bowl, a hand holding a spoon, a hand holding a small bowl, a hand holding a spoon, a hand holding a small bowl, a hand holding a spoon, a hand holding a small bowl, a hand holding a spoon, a hand holding a small bowl, a hand holding a spoon, a hand holding a small bowl, a hand holding a spoon, a hand holding a small bowl, a hand holding a spoon, a hand holding a small bowl, a hand holding a spoon, a hand holding a small bowl, a hand holding a spoon, a hand holding a small bowl, a hand holding a spoon, a hand",Scene Summary
89a95cd8-ca13-4edf-807e-d62138fd30e0,What's the main activity in the scene?,"The main activity is preparing ingredients, mixing and chopping.","The main activity in the scene is the preparation of food, with a person mixing ingredients and handling kitchen utensils.",Scene Summary
89a95cd8-ca13-4edf-807e-d62138fd30e0,What objects are present in the scene related to the activity?,"Container of flour, a knife, and mixed dough are noticeable.","The objects present in the scene include a hand holding a small bowl, a hand holding a spoon, a hand holding a bowl, a hand holding a spoon, a hand holding a bowl, a hand holding a spoon, a hand holding a bowl, a hand holding a spoon, a hand holding a bowl, a hand holding a spoon, a hand holding a bowl, a hand holding a spoon, a hand holding a bowl, a hand holding a spoon, a hand holding a bowl, a hand holding a spoon, a hand holding a bowl, a hand holding a spoon, a hand holding a bowl, a hand holding a spoon, a hand holding a bowl, a hand holding a spoon, a hand holding a bowl, a hand holding a spoon, a hand holding a bowl, a hand holding a spoon, a hand holding a bowl, a hand holding a spoon, a hand holding a bowl, a hand holding a spoon, a hand holding a bowl, a hand holding a spoon, a hand holding a bowl, a hand holding a spoon, a hand holding a bowl, a hand holding a spoon, a hand holding a bowl, a hand holding a spoon, a hand holding a bowl, a hand holding a spoon, a hand holding a bowl, a hand",Scene Summary
89a95cd8-ca13-4edf-807e-d62138fd30e0,Did the person use a knife on the onions?,Yes.,Yes,Whether Something Happened(Y/N)
89a95cd8-ca13-4edf-807e-d62138fd30e0,Was water added to the flour in the video?,Yes.,"Yes, water was added to the flour in the video.",Whether Something Happened(Y/N)
89a95cd8-ca13-4edf-807e-d62138fd30e0,Did the preparation seem to be for baking?,"No, more likely for cooking.","Yes, the preparation seems to be for baking, as indicated by the presence of a bowl with a mixture and a hand holding a small bowl, suggesting the preparation of a recipe.",Whether Something Happened(Y/N)
89a95cd8-ca13-4edf-807e-d62138fd30e0,Describe the environment where the cooking is taking place.,The cooking is taking place in a kitchen.,"The cooking is taking place in a small, cluttered kitchen with a tiled wall and a sink. The kitchen is filled with various cooking utensils and ingredients, and the person is seen pouring oil into a pot on the stove.",Scene Summary
89a95cd8-ca13-4edf-807e-d62138fd30e0,What step is being performed with the pan?,Oil is being poured into the pan.,"The person is pouring a liquid from a container into the pan, likely to cook or mix the contents.",Scene Summary
89a95cd8-ca13-4edf-807e-d62138fd30e0,Are there any other objects visible associated with cooking?,"Yes, there are kitchen utensils and containers.","Yes, there are various kitchen utensils and ingredients visible, including a bowl of chopped vegetables and a cutting board with sliced vegetables.",Scene Summary
89a95cd8-ca13-4edf-807e-d62138fd30e0,Are there any ingredients ready to be cooked?,"Yes, there are chopped ingredients on the cutting board.","Yes, there are ingredients ready to be cooked, including a bowl of chickpeas and a bowl of chopped vegetables.",Action Caption
89a95cd8-ca13-4edf-807e-d62138fd30e0,What is implied by the action of pouring oil in the pan?,The person is preparing to cook or fry food.,"The action of pouring oil in the pan implies that the cooking process is about to begin, as oil is commonly used in cooking to prevent sticking and to add flavor to the dish.",Action Caption
89a95cd8-ca13-4edf-807e-d62138fd30e0,What will likely happen next in the cooking process?,The food will be added to the heated oil for cooking.,"Next, the person will likely add the chickpeas to the pot, which will likely start to cook, and then pour the liquid from the can into the pot to mix with the chickpeas.",Action Caption
89a95cd8-ca13-4edf-807e-d62138fd30e0,Did the person start cooking as soon as the video began?,No.,"Yes, the person began cooking as soon as the video began.",Whether Something Happened(Y/N)
89a95cd8-ca13-4edf-807e-d62138fd30e0,Has the person used any kitchen utensils yet?,Yes.,"Yes, the person is seen holding a pair of chopsticks and appears to be in the process of chopping something.",Whether Something Happened(Y/N)
89a95cd8-ca13-4edf-807e-d62138fd30e0,Is the person cooking unattended or seen in the frame?,"The person is unattended, not seen in the frame.","The person is seen in the frame, actively engaged in cooking.",Whether Something Happened(Y/N)
89a95cd8-ca13-4edf-807e-d62138fd30e0,Has the heat been turned on under the pan yet?,No.,"Yes, the heat has been turned on under the pan.",Whether Something Happened(Y/N)
89a95cd8-ca13-4edf-807e-d62138fd30e0,"In the video, does mixing flour with water happen before cutting onions?",Yes.,"Yes, the person mixes flour with water before cutting onions.",Order Judging(Y/N)
89a95cd8-ca13-4edf-807e-d62138fd30e0,Is cooking the food shown before opening the door in the video?,Yes.,Yes.,Order Judging(Y/N)
89a95cd8-ca13-4edf-807e-d62138fd30e0,"In the video, does pouring oil in the pan occur after cutting onions?",Yes.,"Yes, the video shows the person pouring oil into the pan after cutting onions.",Order Judging(Y/N)
89a95cd8-ca13-4edf-807e-d62138fd30e0,"In the video, is oil poured into the pan before cooking the food?",No.,Yes,Order Judging(Y/N)
89a95cd8-ca13-4edf-807e-d62138fd30e0,What is the setting of the video clip?,The setting is a kitchen.,The setting of the video clip is a kitchen.,Scene Summary
89a95cd8-ca13-4edf-807e-d62138fd30e0,What tasks are being performed in the scene?,"Cooking food, cleaning the counter, rolling dough.","The tasks being performed in the scene include cooking, preparing ingredients, and handling food.",Scene Summary
89a95cd8-ca13-4edf-807e-d62138fd30e0,Can you caption the cleaning action in the clip?,Tidying up the kitchen counter.,"Yes, the cleaning action in the clip involves a person using a sponge to scrub a bowl, followed by a hand holding a bowl of flour, and then a hand holding a bowl of water to clean the bowl.",Action Caption
89a95cd8-ca13-4edf-807e-d62138fd30e0,How is the dough being prepared?,The dough is being rolled.,The dough is being kneaded on a wooden board.,Action Caption
89a95cd8-ca13-4edf-807e-d62138fd30e0,Does the video show someone cooking?,Yes.,"Yes, the video shows someone cooking, as indicated by the person stirring a pot on the stove.",Whether Something Happened(Y/N)
89a95cd8-ca13-4edf-807e-d62138fd30e0,Is the counter being cleaned in the video?,Yes.,Yes.,Whether Something Happened(Y/N)
89a95cd8-ca13-4edf-807e-d62138fd30e0,Is there a scene of rolling dough in the video?,Yes.,Yes.,Whether Something Happened(Y/N)
89a95cd8-ca13-4edf-807e-d62138fd30e0,Does rolling the dough happen before cleaning the counter?,No,"Yes, the person is seen rolling the dough on the counter before cleaning it.",Order Judging(Y/N)
89a95cd8-ca13-4edf-807e-d62138fd30e0,Is the food cooked after I clean the counter?,Yes,Yes,Order Judging(Y/N)
89a95cd8-ca13-4edf-807e-d62138fd30e0,"Before the food is cooked, what do I do?",In the kitchen.,"Before the food is cooked, you should wash the hands and the bowl with water and soap.",What event order
89a95cd8-ca13-4edf-807e-d62138fd30e0,What occurs just before I clean the counter?,Cook food.,"A hand holding a yellow object appears, possibly a sponge or a cloth, and starts to clean the counter.",What event order
89a95cd8-ca13-4edf-807e-d62138fd30e0,"In the video, what takes place right before rolling the dough?",Clean the counter.,"Right before rolling the dough, a hand is seen holding a yellow lid over a container, preparing to cover the dough.",What event order
89a95cd8-ca13-4edf-807e-d62138fd30e0,"In the video, does the mixing of flour with water happen before cutting the onions?",Yes,"Yes, the mixing of flour with water happens before cutting the onions.",Order Judging(Y/N)
89a95cd8-ca13-4edf-807e-d62138fd30e0,What is the setting of the video clip?,"Inside a house, in the kitchen.",The setting of the video clip is a kitchen with a countertop and various kitchen utensils and appliances.,Scene Summary
89a95cd8-ca13-4edf-807e-d62138fd30e0,What activity is depicted in the scene?,Making dough for cooking.,"The scene depicts a person preparing food, specifically kneading dough.",Scene Summary
89a95cd8-ca13-4edf-807e-d62138fd30e0,What tools are being utilized in the scene?,"Hands, rolling pin, flour container.","A person is using a wooden spoon to scoop and mix ingredients, and a metal bowl is being used to scoop out the mixture.",Scene Summary
89a95cd8-ca13-4edf-807e-d62138fd30e0,Where specifically is the dough preparation taking place?,On a newspaper-covered surface.,The dough preparation is taking place in a kitchen.,Scene Summary
89a95cd8-ca13-4edf-807e-d62138fd30e0,What is the immediate environment around the dough-making area?,Nearby kitchen appliances and utensils.,"The immediate environment around the dough-making area is a kitchen with a countertop, various kitchen utensils, and a pot on the left side.",Scene Summary
89a95cd8-ca13-4edf-807e-d62138fd30e0,What is the main action taking place in these frames?,The dough is being rolled out.,"The main action is the preparation of a dough, with hands mixing and kneading the dough on a newspaper.",Action Caption
89a95cd8-ca13-4edf-807e-d62138fd30e0,What action precedes the rolling of the dough?,Dipping the dough in flour.,The action that precedes the rolling of the dough is kneading it.,Action Caption
89a95cd8-ca13-4edf-807e-d62138fd30e0,How is the dough initially shaped?,It is shaped by hand.,The dough is initially shaped into a small ball.,Action Caption
89a95cd8-ca13-4edf-807e-d62138fd30e0,What is the purpose of the flour in the dough rolling process?,To prevent sticking to the rolling pin.,The flour is used to create a smooth and elastic dough by kneading and rolling it out.,Action Caption
89a95cd8-ca13-4edf-807e-d62138fd30e0,What may likely be the next step after rolling the dough?,Cutting or shaping the dough for cooking.,"The next step after rolling the dough is likely to add more ingredients or spices to it, as indicated by the hand reaching for the container.",Action Caption
89a95cd8-ca13-4edf-807e-d62138fd30e0,Did the person use a rolling pin in the video?,Yes.,"Yes, the person used a rolling pin to press down on the dough, which is a common technique in making dough for cooking.",Whether Something Happened(Y/N)
89a95cd8-ca13-4edf-807e-d62138fd30e0,Did the dough-making happen on a bare countertop?,No.,"Yes, the dough-making happened on a bare countertop.",Whether Something Happened(Y/N)
89a95cd8-ca13-4edf-807e-d62138fd30e0,Was an electrical appliance used to roll the dough?,No.,"Yes, an electrical appliance was used to roll the dough.",Whether Something Happened(Y/N)
89a95cd8-ca13-4edf-807e-d62138fd30e0,Did the person complete the dough rolling in one try?,"Not specified, unclear.","Yes, the person completed the dough rolling in one try, as indicated by the completed dough on the cutting board.",Whether Something Happened(Y/N)
89a95cd8-ca13-4edf-807e-d62138fd30e0,Is the flour container closed in the scene?,Yes.,Yes.,Whether Something Happened(Y/N)
89a95cd8-ca13-4edf-807e-d62138fd30e0,"In the video, is the dough rolled with hands before it's dipped in flour?",Yes,Yes,Order Judging(Y/N)
89a95cd8-ca13-4edf-807e-d62138fd30e0,Is the food cooked before the counter is cleaned?,Yes,"No, the food is not cooked before the counter is cleaned.",Order Judging(Y/N)
89a95cd8-ca13-4edf-807e-d62138fd30e0,Does the dough rolling with a rolling pin happen after hand rolling?,Yes,"Yes, the dough is rolled with a rolling pin after hand rolling.",Order Judging(Y/N)
89a95cd8-ca13-4edf-807e-d62138fd30e0,Is the counter cleaned before the dough is rolled with hands?,Yes,Yes.,Order Judging(Y/N)
89a95cd8-ca13-4edf-807e-d62138fd30e0,"In the video, is the rolling pin used before the dough is dipped in flour?",Yes,"Yes, the rolling pin is used to scoop the dough before the dough is dipped in flour.",Order Judging(Y/N)
89a95cd8-ca13-4edf-807e-d62138fd30e0,What is done just before the dough is dipped in flour?,Roll dough with hands,A hand is seen mixing the dough with a wooden spoon.,What event order
89a95cd8-ca13-4edf-807e-d62138fd30e0,What action is performed before cleaning the counter?,Cook food,"Before cleaning the counter, the person picks up a bowl of flour and begins to mix it with their hands.",What event order
89a95cd8-ca13-4edf-807e-d62138fd30e0,What activity happens before the dough is rolled with hands?,Nothing is specified before hand rolling,"Before the dough is rolled with hands, the person is seen mixing the dough with their hands.",What event order
89a95cd8-ca13-4edf-807e-d62138fd30e0,Was the counter cleaned after cooking food?,Yes,"Yes, the counter was cleaned after cooking food.",Order Judging(Y/N)
89a95cd8-ca13-4edf-807e-d62138fd30e0,Did I roll the dough before dipping it in flour?,No,"Yes, you rolled the dough before dipping it in flour.",Order Judging(Y/N)
89a95cd8-ca13-4edf-807e-d62138fd30e0,Did I roll dough with hands before rolling it with a rolling pin?,Yes,"Yes, you rolled dough with your hands before rolling it with a rolling pin.",Order Judging(Y/N)
89a95cd8-ca13-4edf-807e-d62138fd30e0,What happens right before I dip the dough in flour?,Rolling the dough with hands,"A hand holding a bowl of flour appears, and the person starts dipping the dough into the flour.",What event order
89a95cd8-ca13-4edf-807e-d62138fd30e0,What action occurs just before I roll the dough with a rolling pin?,Dipping dough in flour,"A hand is seen holding a rolling pin, preparing to roll the dough.",What event order
89a95cd8-ca13-4edf-807e-d62138fd30e0,What do I do just before pouring oil in the pan?,Open the door,I place the pan on the stove and turn on the stove.,What event order
89a95cd8-ca13-4edf-807e-d62138fd30e0,What takes place immediately before I clean the counter?,Cook food,"A hand holding a bowl of flour appears, and the person starts to mix the flour with their hands.",What event order
89a95cd8-ca13-4edf-807e-d62138fd30e0,What location is shown in this video clip?,The kitchen.,The video clip shows a kitchen setting.,Scene Summary
89a95cd8-ca13-4edf-807e-d62138fd30e0,What task is being performed in this scene?,Making dough.,"The task being performed in this scene is preparing dough by mixing it with flour and water/INFO, as indicated by the person's hand moving the dough and flour together.",Scene Summary
89a95cd8-ca13-4edf-807e-d62138fd30e0,What is the setting of this clip?,A kitchen counter.,The setting of this clip is a kitchen.,Scene Summary
89a95cd8-ca13-4edf-807e-d62138fd30e0,What cooking action is taking place?,Rolling dough with a roller.,"The cooking action involves mixing ingredients in a bowl and then pouring a liquid, likely water or broth, into a pot.",Action Caption
89a95cd8-ca13-4edf-807e-d62138fd30e0,Does the frame capture using a rolling pin?,Yes.,"Yes, the frame captures the rolling of a dough by a hand.",Whether Something Happened(Y/N)
89a95cd8-ca13-4edf-807e-d62138fd30e0,Is dough being prepared in this scene?,Yes.,Yes,Whether Something Happened(Y/N)
89a95cd8-ca13-4edf-807e-d62138fd30e0,Are there ingredients visible on the kitchen counter?,Yes.,"Yes, there are various ingredients visible on the kitchen counter, including a container with a yellow lid, a plastic container with a floral pattern, and a bag of flour.",Whether Something Happened(Y/N)
89a95cd8-ca13-4edf-807e-d62138fd30e0,"In the video, is the dough cut before it's rolled with hands?",No,Yes,Order Judging(Y/N)
89a95cd8-ca13-4edf-807e-d62138fd30e0,Does the dipping of dough in flour happen after using the rolling pin?,No,"Yes, the person continues to knead the dough with the rolling pin after using the flour.",Order Judging(Y/N)
89a95cd8-ca13-4edf-807e-d62138fd30e0,Does rolling the dough with hands happen before cutting the dough?,Yes,"Yes, the person starts rolling the dough with their hands before cutting it.",Order Judging(Y/N)
89a95cd8-ca13-4edf-807e-d62138fd30e0,Is the dough rolled with a roller after being dipped in flour?,Yes,Yes,Order Judging(Y/N)
89a95cd8-ca13-4edf-807e-d62138fd30e0,What occurs just before rolling dough with a roller in the video?,The dough is cut,A hand holding a wooden spoon is seen stirring the dough on the countertop.,What event order
89a95cd8-ca13-4edf-807e-d62138fd30e0,"In the video sequence, what happens before rolling dough with hands?","Nothing, it's the first action","Before rolling dough with hands, the person places the dough into the bowl and then places the bowl into the sink.",What event order
89a95cd8-ca13-4edf-807e-d62138fd30e0,What is done just before cutting the dough?,The dough is rolled with hands,"Just before cutting the dough, the person places the dough into a large container with a yellow lid.",What event order
89a95cd8-ca13-4edf-807e-d62138fd30e0,Did I clean the counter before rolling the dough?,Yes,"Yes, you cleaned the counter before rolling the dough.",Order Judging(Y/N)
89a95cd8-ca13-4edf-807e-d62138fd30e0,Was the dough cut before being rolled?,Yes,"Yes, the dough was cut before being rolled.",Order Judging(Y/N)
89a95cd8-ca13-4edf-807e-d62138fd30e0,Did I dip the dough in flour before using the rolling pin?,Yes,"Yes, the person dipped the dough in flour before using the rolling pin.",Order Judging(Y/N)
89a95cd8-ca13-4edf-807e-d62138fd30e0,Did I cook food after rolling the dough with my hands?,No,"Yes, you can see the dough being rolled with your hands in the video.",Order Judging(Y/N)
89a95cd8-ca13-4edf-807e-d62138fd30e0,Was the counter cleaned after the dough was cut?,No,"Yes, the counter was cleaned after the dough was cut.",Order Judging(Y/N)
89a95cd8-ca13-4edf-807e-d62138fd30e0,What do I do before rolling the dough with a roller?,Cut the dough,I place the dough on the table and roll it with a roller.,What event order
89a95cd8-ca13-4edf-807e-d62138fd30e0,What occurs just before cutting the dough?,Rolling dough with hands,"Just before cutting the dough, the person places the dough into the bowl and then picks up a newspaper to read it.",What event order
89a95cd8-ca13-4edf-807e-d62138fd30e0,What do I do before cleaning the counter?,Cook food,I place the newspaper on the counter and start to clean it.,What event order
89a95cd8-ca13-4edf-807e-d62138fd30e0,Describe the main activity occurring in this section of video.,Food preparation for a meal.,"The main activity is the preparation of a dish involving cooking a flatbread or dough, as indicated by the person spreading it in a frying pan.",Action Caption
89a95cd8-ca13-4edf-807e-d62138fd30e0,What is the current culinary action captured here?,Ready to cook flatbread on the pan.,"The current culinary action captured here is the preparation of a dish, specifically making a flatbread or dough.",Action Caption
89a95cd8-ca13-4edf-807e-d62138fd30e0,Did the person successfully slice the cucumber?,Yes.,"Yes, the person successfully sliced the cucumber into thin pieces.",Whether Something Happened(Y/N)
89a95cd8-ca13-4edf-807e-d62138fd30e0,Has the lemon been placed on the cucumber slices?,Yes.,"No, the lemon has not been placed on the cucumber slices.",Whether Something Happened(Y/N)
89a95cd8-ca13-4edf-807e-d62138fd30e0,Describe the setting in this video clip.,A kitchen with a person cooking roti on a stove.,"The video takes place in a kitchen with a countertop and a stove. The kitchen is cluttered with various items, including a bowl of chopped vegetables, a hand holding a spatula, and a person preparing food. The person is seen mixing ingredients in a frying pan on the stove. The background features a sink and a hand holding a bowl of chopped vegetables. The video also shows a hand holding a spoon, stirring the mixture in the frying pan.",Scene Summary
89a95cd8-ca13-4edf-807e-d62138fd30e0,What is the visual focal point of this scene?,The pan with the roti being roasted.,The visual focal point of this scene is the person's hands as they knead the dough in the frying pan.,Scene Summary
89a95cd8-ca13-4edf-807e-d62138fd30e0,Where is the roti being placed after roasting?,In a pot next to the stove.,The roti is being placed on a newspaper on the countertop.,Scene Summary
89a95cd8-ca13-4edf-807e-d62138fd30e0,What kitchen equipment is being utilized in this action?,A frying pan and a stove.,"The kitchen equipment being utilized in this action includes a frying pan, a hand holding a spatula, a person's hand holding a knife, a bowl, a spoon, a hand holding a piece of food, a hand holding a spoon, a hand holding a spoon, a hand holding a spoon, a hand holding a spoon, a hand holding a spoon, a hand holding a spoon, a hand holding a spoon, a hand holding a spoon, a hand holding a spoon, a hand holding a spoon, a hand holding a spoon, a hand holding a spoon, a hand holding a spoon, a hand holding a spoon, a hand holding a spoon, a hand holding a spoon, a hand holding a spoon, a hand holding a spoon, a hand holding a spoon, a hand holding a spoon, a hand holding a spoon, a hand holding a spoon, a hand holding a spoon, a hand holding a spoon, a hand holding a spoon, a hand holding a spoon, a hand holding a spoon, a hand holding a spoon, a hand holding a spoon, a hand holding a spoon, a hand holding a spoon, a hand holding a spoon, a hand holding a spoon, a hand holding a spoon, a hand holding a spoon, a hand holding a",Action Caption
89a95cd8-ca13-4edf-807e-d62138fd30e0,Does the clip show a person flipping the roti?,No.,"Yes, the clip shows a person flipping the roti in the frying pan.",Whether Something Happened(Y/N)
89a95cd8-ca13-4edf-807e-d62138fd30e0,Is the roti being taken out of the pan in this frame?,Yes.,"No, the roti is not being taken out of the pan in this frame.",Whether Something Happened(Y/N)
89a95cd8-ca13-4edf-807e-d62138fd30e0,Does the clip involve any baking activity?,No.,"Yes, the clip involves baking activity as the person is seen rolling out dough on a flat surface, which is a common step in making flatbreads or tortillas.",Whether Something Happened(Y/N)
89a95cd8-ca13-4edf-807e-d62138fd30e0,Is there another person assisting with the cooking?,No.,"Yes, there is another person visible in the kitchen, partially visible in the frame, who appears to be assisting with the cooking process.",Whether Something Happened(Y/N)
89a95cd8-ca13-4edf-807e-d62138fd30e0,Was the flat bread prepared before the roti was roasted?,Yes,"Yes, the flat bread was prepared before the roti was roasted.",Order Judging(Y/N)
89a95cd8-ca13-4edf-807e-d62138fd30e0,Did I put the roasted roti in the pot before cutting the cucumber?,No,"No, you should have added the roasted roti to the pot before cutting the cucumber.",Order Judging(Y/N)
89a95cd8-ca13-4edf-807e-d62138fd30e0,Did I roast the roti after preparing the flat bread?,Yes,"Yes, you can see the roti being cooked in the pan on the stove.",Order Judging(Y/N)
89a95cd8-ca13-4edf-807e-d62138fd30e0,What cooking method is used for tortillas?,They are placed in a hot pot.,The tortillas are being cooked in a deep-fried pan.,Scene Summary
89a95cd8-ca13-4edf-807e-d62138fd30e0,Is the person wearing oven mitts?,No.,No.,Whether Something Happened(Y/N)
89a95cd8-ca13-4edf-807e-d62138fd30e0,"In the video, is the pot closed after the roti is put inside?",Yes,Yes,Order Judging(Y/N)
89a95cd8-ca13-4edf-807e-d62138fd30e0,Did I use a spatula to roast the roti before placing it in the pot?,Yes,"Yes, the person used a spatula to roast the roti before placing it in the pot.",Order Judging(Y/N)
89a95cd8-ca13-4edf-807e-d62138fd30e0,What activity is shown just before the roti comes in contact with the pan?,The roti is picked up,"Just before the roti comes in contact with the pan, a hand is seen holding a pair of tongs, ready to handle the roti.",What event order
2bb31b69-fcda-4f54-8338-f590944df999,What activity is depicted in this snapshot?,A card game is being played.,"The activity depicted in this snapshot is a person playing a card game, possibly a game of cards or a card game, with another person holding a deck of cards.",Scene Summary
2bb31b69-fcda-4f54-8338-f590944df999,Where is this scene likely taking place?,"The scene is indoors, possibly in a living room.",This scene is likely taking place in a living room.,Scene Summary
2bb31b69-fcda-4f54-8338-f590944df999,What objects are present in this setting?,"Cards, a piece of paper, and a plant.","Objects present in the setting include a person holding a smartphone, a smartphone, a smartphone, a smartphone, a smartphone, a smartphone, a smartphone, a smartphone, a smartphone, a smartphone, a smartphone, a smartphone, a smartphone, a smartphone, a smartphone, a smartphone, a smartphone, a smartphone, a smartphone, a smartphone, a smartphone, a smartphone, a smartphone, a smartphone, a smartphone, a smartphone, a smartphone, a smartphone, a smartphone, a smartphone, a smartphone, a smartphone, a smartphone, a smartphone, a smartphone, a smartphone, a smartphone, a smartphone, a smartphone, a smartphone, a smartphone, a smartphone, a smartphone, a smartphone, a smartphone, a smartphone, a smartphone, a smartphone, a smartphone, a smartphone, a smartphone, a smartphone, a smartphone, a smartphone, a smartphone, a smartphone, a smartphone, a smartphone, a smartphone, a smartphone, a smartphone, a smartphone, a smartphone, a smartphone, a smartphone, a smartphone, a smartphone, a smartphone, a smartphone, a smartphone, a smartphone, a smartphone, a smartphone, a smartphone, a smartphone, a smartphone, a smartphone, a smartphone, a smartphone, a smartphone, a smartphone, a smartphone, a",Scene Summary
2bb31b69-fcda-4f54-8338-f590944df999,How is the room furnished?,"With a couch, a rug, and various personal items.","The room is furnished with a wooden floor, a large area rug, and a wall-mounted TV.",Scene Summary
2bb31b69-fcda-4f54-8338-f590944df999,What is the approximate time of day in this scene?,It's not discernible from this image.,"The exact time of day is not specified, but it appears to be daytime based on the natural light coming through the windows.",Scene Summary
2bb31b69-fcda-4f54-8338-f590944df999,What action is being performed with the cards?,The cards are being reshuffled.,"The person in the foreground is holding up a card, possibly showing it to the person in the background.",Action Caption
2bb31b69-fcda-4f54-8338-f590944df999,What is the person across doing?,The person is holding and possibly organizing cards.,"The person across is playing a card game, specifically a game of 'Clue' or 'Clue for Two', as indicated by the cards in their hands.",Action Caption
2bb31b69-fcda-4f54-8338-f590944df999,What follow-up activity to shuffling is likely?,Dealing the cards to players.,The follow-up activity to shuffling is likely to be the person in the blue shirt continuing to shuffle the deck of cards.,Action Caption
2bb31b69-fcda-4f54-8338-f590944df999,Is there more than one participant in the card activity?,Yes.,Yes.,Whether Something Happened(Y/N)
2bb31b69-fcda-4f54-8338-f590944df999,Is any reading material involved in the activity?,"Yes, there's a piece of paper being held.","Yes, there is a book visible on the floor near the person in the foreground.",Whether Something Happened(Y/N)
2bb31b69-fcda-4f54-8338-f590944df999,Are any electronic devices being used in the game?,No visible electronic devices are used.,"Yes, a smartphone is being used to take a photo of the game.",Whether Something Happened(Y/N)
2bb31b69-fcda-4f54-8338-f590944df999,Has any card been laid out on the floor?,"No, they're being held or shuffled.","Yes, a card has been laid out on the floor.",Whether Something Happened(Y/N)
2bb31b69-fcda-4f54-8338-f590944df999,What activity is taking place in the room?,Playing poker.,"The activity taking place in the room is a card game, with one person holding a deck of cards and another person holding a piece of paper.",Scene Summary
2bb31b69-fcda-4f54-8338-f590944df999,What is the setting of this clip?,"Indoors, in a room.","The setting of this clip is a cozy living room with a patterned rug, a person sitting on the floor, and various items scattered around, including a piece of paper and a card.",Scene Summary
2bb31b69-fcda-4f54-8338-f590944df999,What objects are visible in the scene?,"Cards, a carpet, and furniture.","A colorful patterned rug, a person holding a deck of cards, a piece of paper, a small object, and a pair of shoes.",Scene Summary
2bb31b69-fcda-4f54-8338-f590944df999,Describe the atmosphere of the room.,Casual and leisurely.,"The room has a cozy and casual atmosphere, with a patterned rug, a person wearing a pink mask, and a person holding a deck of cards. There are also some papers and a small object on the floor.",Scene Summary
2bb31b69-fcda-4f54-8338-f590944df999,What precedes the dealing of cards in poker?,Reshuffling the cards.,"The scene begins with a person holding a deck of cards, preparing to deal them.",Action Caption
2bb31b69-fcda-4f54-8338-f590944df999,Did someone shuffle cards in this video?,Yes.,"Yes, someone in the video is seen shuffling cards.",Whether Something Happened(Y/N)
2bb31b69-fcda-4f54-8338-f590944df999,Is the room set up for a large gathering?,No.,Yes.,Whether Something Happened(Y/N)
2bb31b69-fcda-4f54-8338-f590944df999,Are the individuals standing in this video?,No.,"No, the individuals are sitting on the floor in this video.",Whether Something Happened(Y/N)
2bb31b69-fcda-4f54-8338-f590944df999,Was the deck reshuffled before playing the cards?,Yes.,"Yes, the deck was reshuffled before playing the cards.",Order Judging(Y/N)
2bb31b69-fcda-4f54-8338-f590944df999,What occurs just before picking up the cards?,The cards are spread on floor.,"Just before picking up the cards, the person places the cards on the table and then picks up the cards from the table.",What event order
2bb31b69-fcda-4f54-8338-f590944df999,What action occurs before the deck is seen in a unified stack?,Separate the cards.,"Before the deck is seen in a unified stack, the person is seen holding a deck of cards.",What event order
2bb31b69-fcda-4f54-8338-f590944df999,What is visible before I separate cards?,Floor and unorganized cards.,"Before I separate cards, there are several cards scattered on the floor.",What event order
2bb31b69-fcda-4f54-8338-f590944df999,What is the setting of the current video clip?,A room with two people playing cards.,"The setting of the current video clip is a cozy living room with a patterned rug, a person sitting on the floor, and various items scattered around, including playing cards, papers, and a smartphone.",Scene Summary
2bb31b69-fcda-4f54-8338-f590944df999,What objects are prominent in the video scene?,"Playing cards, a phone, and a paper.","The prominent objects in the video scene are a colorful patterned rug, a smartphone, a smartphone case, a smartphone, a smartphone case, a smartphone, a smartphone, a smartphone, a smartphone, a smartphone, a smartphone, a smartphone, a smartphone, a smartphone, a smartphone, a smartphone, a smartphone, a smartphone, a smartphone, a smartphone, a smartphone, a smartphone, a smartphone, a smartphone, a smartphone, a smartphone, a smartphone, a smartphone, a smartphone, a smartphone, a smartphone, a smartphone, a smartphone, a smartphone, a smartphone, a smartphone, a smartphone, a smartphone, a smartphone, a smartphone, a smartphone, a smartphone, a smartphone, a smartphone, a smartphone, a smartphone, a smartphone, a smartphone, a smartphone, a smartphone, a smartphone, a smartphone, a smartphone, a smartphone, a smartphone, a smartphone, a smartphone, a smartphone, a smartphone, a smartphone, a smartphone, a smartphone, a smartphone, a smartphone, a smartphone, a smartphone, a smartphone, a smartphone, a smartphone, a smartphone, a smartphone, a smartphone, a smartphone, a smartphone, a smartphone, a smartphone, a smartphone, a smartphone, a smartphone, a smartphone, a smartphone,",Scene Summary
2bb31b69-fcda-4f54-8338-f590944df999,How would you characterize the atmosphere in the video?,Casual and leisurely.,"The atmosphere in the video is casual and relaxed, with a focus on the card game and the interaction between the two individuals.",Scene Summary
2bb31b69-fcda-4f54-8338-f590944df999,What actions are being performed in the video clip?,"Shuffling, picking, and playing cards.","The actions performed in the video clip include a person holding a smartphone, another person holding a deck of cards, and a third person holding a smartphone.",Action Caption
2bb31b69-fcda-4f54-8338-f590944df999,Did the individuals reshuffle the cards in the video?,Yes.,"Yes, the individuals reshuffled the cards in the video.",Whether Something Happened(Y/N)
2bb31b69-fcda-4f54-8338-f590944df999,Was a phone used during the gameplay?,Yes.,"Yes, a hand holding a phone was seen in the video, suggesting the use of a mobile device for communication or to take photos during the gameplay.",Whether Something Happened(Y/N)
2bb31b69-fcda-4f54-8338-f590944df999,Was a new game started in the video clip?,Yes.,"Yes, a new game was started in the video clip.",Whether Something Happened(Y/N)
2bb31b69-fcda-4f54-8338-f590944df999,Did the scene capture any form of disagreement?,No.,"No, the scene does not capture any form of disagreement.",Whether Something Happened(Y/N)
2bb31b69-fcda-4f54-8338-f590944df999,"In the video, is the poker game started before the cards are reshuffled?",No.,"Yes, the poker game is started before the cards are reshuffled.",Order Judging(Y/N)
2bb31b69-fcda-4f54-8338-f590944df999,Is the deck spread out on the floor after picking a card?,Yes.,Yes,Order Judging(Y/N)
2bb31b69-fcda-4f54-8338-f590944df999,Does the card shuffling happen before sitting on the floor?,No.,"Yes, the card shuffling happens before sitting on the floor.",Order Judging(Y/N)
2bb31b69-fcda-4f54-8338-f590944df999,"In the video, is the card game initiated before sitting with the lady?",No.,"Yes, the card game is initiated before sitting with the lady.",Order Judging(Y/N)
2bb31b69-fcda-4f54-8338-f590944df999,What happens before the poker game is played in the video?,Cards are picked.,"Before the poker game is played, the person is seen holding a smartphone, possibly checking messages or notifications.",What event order
2bb31b69-fcda-4f54-8338-f590944df999,What occurs right before reshuffling the cards?,I sit with the lady.,"A hand holding a smartphone appears, possibly to take a photo or record the event.",What event order
2bb31b69-fcda-4f54-8338-f590944df999,What is done just before spreading the cards on the floor?,Cards are picked.,"Just before spreading the cards on the floor, the person is seen holding a smartphone, possibly checking or preparing to play with the cards.",What event order
2bb31b69-fcda-4f54-8338-f590944df999,"In the video, did I play cards before shuffling them?",No.,"Yes, you played cards before shuffling them.",Order Judging(Y/N)
2bb31b69-fcda-4f54-8338-f590944df999,"In the video, did I shuffle the cards before picking them?",Yes.,"Yes, the person in the video picks up the cards from the table and starts to shuffle them.",Order Judging(Y/N)
2bb31b69-fcda-4f54-8338-f590944df999,What is the action before reshuffling the cards in the video?,Separating the cards.,"Before reshuffling the cards, the person is seen holding a smartphone and a card, possibly preparing to shuffle the cards.",What event order
2bb31b69-fcda-4f54-8338-f590944df999,What is the setting of the video?,A room with two people playing poker.,"The setting of the video is a cozy living room with a wooden floor, where a person is playing a card game.",Scene Summary
2bb31b69-fcda-4f54-8338-f590944df999,What objects are present in the scene?,"Cards, a tablecloth, and personal items on the floor.","The objects present in the scene include a smartphone, playing cards, a smartphone, a cup, a remote control, a remote, a smartphone, a remote, a smartphone, a remote, a smartphone, a remote, a smartphone, a remote, a smartphone, a remote, a smartphone, a remote, a smartphone, a remote, a smartphone, a remote, a smartphone, a remote, a smartphone, a remote, a smartphone, a remote, a smartphone, a remote, a smartphone, a remote, a smartphone, a remote, a smartphone, a remote, a smartphone, a remote, a smartphone, a remote, a smartphone, a remote, a smartphone, a remote, a smartphone, a remote, a smartphone, a remote, a smartphone, a remote, a smartphone, a remote, a smartphone, a remote, a smartphone, a remote, a smartphone, a remote, a smartphone, a remote, a smartphone, a remote, a smartphone, a remote, a smartphone, a remote, a smartphone, a remote, a smartphone, a remote, a smartphone, a remote, a smartphone, a remote, a smartphone, a remote, a smartphone, a remote, a smartphone, a remote, a smartphone, a remote, a smartphone",Scene Summary
2bb31b69-fcda-4f54-8338-f590944df999,What is the main focus of the camera?,The poker game and the players' actions.,"The main focus of the camera is on the hands of the person playing cards, showing the cards being dealt and the person's actions.",Scene Summary
2bb31b69-fcda-4f54-8338-f590944df999,What stage of the game is shown?,"The preparation phase, shuffling and dealing cards.","The video shows the game in progress, with the person holding a card and the other person holding a smartphone, possibly to take a photo or record the game.",Action Caption
2bb31b69-fcda-4f54-8338-f590944df999,Capture the essence of the action in a short phrase.,An intense poker game in progress.,"A person is playing cards, while another person drinks from a cup.",Action Caption
2bb31b69-fcda-4f54-8338-f590944df999,Did the person shuffle the cards more than once?,Yes.,"Yes, the person shuffled the cards multiple times, as indicated by the cards being moved around and the person's hand movements.",Whether Something Happened(Y/N)
2bb31b69-fcda-4f54-8338-f590944df999,Is there another activity besides poker being portrayed?,No.,"Yes, there is another activity portrayed, where a person is holding a smartphone and appears to be taking a selfie or recording the scene.",Whether Something Happened(Y/N)
2bb31b69-fcda-4f54-8338-f590944df999,Are both players sitting on chairs?,"No, they are sitting on the floor.","No, only one player is sitting on a chair.",Whether Something Happened(Y/N)
2bb31b69-fcda-4f54-8338-f590944df999,"In the video, is the card reshuffling performed before picking the cards?",No,"Yes, the card reshuffling is performed before picking the cards.",Order Judging(Y/N)
2bb31b69-fcda-4f54-8338-f590944df999,Is the lady X present in the room before I reshuffle the cards?,Yes,"Yes, the lady X is present in the room before I reshuffle the cards.",Order Judging(Y/N)
2bb31b69-fcda-4f54-8338-f590944df999,Do I play the cards before lady X picks her phone?,No,"No, you play the cards before lady X picks her phone.",Order Judging(Y/N)
2bb31b69-fcda-4f54-8338-f590944df999,Are the cards picked before they are played?,Yes,"Yes, the cards are picked before they are played.",Order Judging(Y/N)
2bb31b69-fcda-4f54-8338-f590944df999,What happens just before the cards are played in the video?,The cards are reshuffled.,"Just before the cards are played, the person in the pink and blue shirt is seen holding a white cup, possibly to drink from it.",What event order
2bb31b69-fcda-4f54-8338-f590944df999,What do we see happening just before the cards are picked?,The cards are reshuffled.,"Just before the cards are picked, the person is seen holding a smartphone, possibly to take a photo or video of the game.",What event order
2bb31b69-fcda-4f54-8338-f590944df999,What action takes place before reshuffling the cards?,The cards are picked.,"Before reshuffling, the person in the pink and blue shirt is seen holding a white object, possibly a card or a small object, and appears to be interacting with the cards.",What event order
2bb31b69-fcda-4f54-8338-f590944df999,"Before the poker game begins, what is the last action performed?",The cards are reshuffled.,"Before the poker game begins, the last action performed is the person holding the card in their hand, preparing to make a move.",What event order
2bb31b69-fcda-4f54-8338-f590944df999,Did the card reshuffling happen before picking the cards?,No,"Yes, the card reshuffling happened before picking the cards.",Order Judging(Y/N)
2bb31b69-fcda-4f54-8338-f590944df999,Was playing cards done after picking the cards?,Yes,"Yes, after picking the cards, the person was seen holding the cards in their hands, indicating that the game was completed.",Order Judging(Y/N)
2bb31b69-fcda-4f54-8338-f590944df999,What happened just before playing poker cards?,Reshuffled the cards,"Just before playing poker cards, the person in the pink and blue shirt was seen holding a white cup, possibly to drink, and then they were seen holding a card and gesturing with their hand, possibly explaining something or making a point.",What event order
2bb31b69-fcda-4f54-8338-f590944df999,What occurs right before reshuffling the cards?,Picked the cards,"A person in a blue shirt is seen holding a smartphone, possibly checking the cards or preparing to shuffle them.",What event order
2bb31b69-fcda-4f54-8338-f590944df999,What action took place just before picking the cards?,Reshuffled the cards,"Just before picking the cards, the person in the pink and blue shirt was seen holding a white object, possibly a phone or a remote control, and gesturing with their hands.",What event order
2bb31b69-fcda-4f54-8338-f590944df999,What environment is presented in the video?,A casual indoor space with a card game being played.,"The video is set in a cozy living room with a leopard print blanket, a white cup, and a smartphone.",Scene Summary
2bb31b69-fcda-4f54-8338-f590944df999,What sequence of actions is depicted here?,"Selecting, organizing, and using cards in a game is depicted.","The sequence of actions depicted in the video is a person playing a card game, holding a card in their hand, and then taking a sip from a cup. The person then places the cup down and starts to flip through a deck of cards.",Action Caption
2bb31b69-fcda-4f54-8338-f590944df999,How are the participants utilizing the items?,They are using cards for a recreational activity.,"The participants are using the items in a way that suggests they are playing a card game or a similar activity. One person is holding a card, another is holding a smartphone, and the third person is holding a drink.",Action Caption
2bb31b69-fcda-4f54-8338-f590944df999,Is there a competitive game being played in this scene?,Yes.,"Yes, there is a card game being played, with one person holding a deck of cards and another holding a smartphone.",Whether Something Happened(Y/N)
2bb31b69-fcda-4f54-8338-f590944df999,Has any card been placed face-up on the carpet?,Yes.,"Yes, a card has been placed face-up on the carpet.",Whether Something Happened(Y/N)
2bb31b69-fcda-4f54-8338-f590944df999,Are there drinks present on the floor beside the players?,Yes.,"Yes, there are drinks present on the floor beside the players.",Whether Something Happened(Y/N)
2bb31b69-fcda-4f54-8338-f590944df999,Is there a document visible on the floor?,Yes.,Yes.,Whether Something Happened(Y/N)
2bb31b69-fcda-4f54-8338-f590944df999,Are both participants actively selecting cards?,Yes.,"Yes, both participants are actively selecting cards, with one person holding a card and the other holding a card with a different face.",Whether Something Happened(Y/N)
2bb31b69-fcda-4f54-8338-f590944df999,Is the poker game played before reshuffling the cards?,No,"Yes, the game is played before reshuffling the cards, as indicated by the cards being shuffled and the cards being held by the person in the foreground.",Order Judging(Y/N)
2bb31b69-fcda-4f54-8338-f590944df999,What action is performed immediately before reshuffling?,Picking the cards,"Before reshuffling, the person holding the card is seen holding a white cup, possibly to drink from it.",What event order
2bb31b69-fcda-4f54-8338-f590944df999,Was the poker card played after the cards were picked?,Yes.,"Yes, the person holding the poker card was seen holding it up, possibly to show it to the other person.",Order Judging(Y/N)
2bb31b69-fcda-4f54-8338-f590944df999,What action occurs before playing the card game?,Separating cards.,"Before playing the card game, the person in the striped shirt is seen holding a white cup, possibly preparing to drink from it.",What event order
2bb31b69-fcda-4f54-8338-f590944df999,What is done just before reshuffling the cards?,Picking the cards.,"Just before reshuffling the cards, the person holding the card with a straw is seen holding a drink, possibly a beverage, and appears to be drinking from it.",What event order
2bb31b69-fcda-4f54-8338-f590944df999,What is the main setting of this scene?,The setting is a room where a poker card game is being played.,The main setting of this scene is a cozy living room where a person is playing a card game.,Scene Summary
2bb31b69-fcda-4f54-8338-f590944df999,How many participants are involved in the card game?,There are two participants in the card game.,Two participants are involved in the card game.,Scene Summary
2bb31b69-fcda-4f54-8338-f590944df999,What objects are primarily visible on the table?,Visible objects include poker cards and scattered items.,"The objects primarily visible on the table are a white cup, a glass, and a small stack of cards.",Scene Summary
2bb31b69-fcda-4f54-8338-f590944df999,Describe the sequence of actions with the poker cards.,"The poker cards are picked up, shuffled, then played in turns.","The sequence of actions begins with the person holding a cup and a card, then they take a card from the deck and place it on the table. The person continues to hold the card and the cup, and later, they place the card back on the table. The person then reaches for the card on the table and places it back. The person continues to hold the card and the cup, and finally, they place the card back on the table.",Action Caption
2bb31b69-fcda-4f54-8338-f590944df999,Did I carry out a reshuffle of the poker cards?,Yes.,"Yes, you did.",Whether Something Happened(Y/N)
2bb31b69-fcda-4f54-8338-f590944df999,Was a complete poker game played in this clip?,Yes.,"Yes, the video shows a complete poker game being played, with the players alternating between playing cards and holding money, and the game continues throughout the clip.",Whether Something Happened(Y/N)
2bb31b69-fcda-4f54-8338-f590944df999,Did the game involve more than two players?,No.,"Yes, the game involved more than two players, as indicated by the presence of two hands holding cards and a cup in the scene.",Whether Something Happened(Y/N)
2bb31b69-fcda-4f54-8338-f590944df999,Did I participate in dealing the cards?,Yes.,"Yes, you participated in dealing the cards.",Whether Something Happened(Y/N)
2bb31b69-fcda-4f54-8338-f590944df999,"In the video, did the card shuffling happen before playing the game?",Yes.,"Yes, the card shuffling happened before playing the game.",Order Judging(Y/N)
2bb31b69-fcda-4f54-8338-f590944df999,Did the playing of poker cards occur before reshuffling the cards?,No.,"Yes, the playing of poker cards occurred before reshuffling the cards.",Order Judging(Y/N)
2bb31b69-fcda-4f54-8338-f590944df999,Did picking the cards happen after playing the card game?,No.,"Yes, the person holding the card with a drink in hand appears to be picking up the cards after playing the card game.",Order Judging(Y/N)
2bb31b69-fcda-4f54-8338-f590944df999,What happens just before playing the poker card game in the video?,Reshuffling the cards.,"Just before playing the poker card game, the person holding the cup takes a sip from it, and the other person places a hand on the table.",What event order
2bb31b69-fcda-4f54-8338-f590944df999,What occurs directly before playing the card game?,Separating the cards.,"A person is seen holding a cup, possibly drinking, while another person is holding a card.",What event order
2bb31b69-fcda-4f54-8338-f590944df999,"In the video, was the poker card played before they were reshuffled?",No,"Yes, the poker card was played before the cards were reshuffled.",Order Judging(Y/N)
2bb31b69-fcda-4f54-8338-f590944df999,"In the clip, was the poker card reshuffled after card separation?",Yes,"Yes, the poker card was reshuffled after card separation.",Order Judging(Y/N)
2bb31b69-fcda-4f54-8338-f590944df999,What occurs just before playing the poker card in the video?,Reshuffling the cards,"Just before playing the poker card, the person in the pink shirt is seen holding a cup, possibly to drink, and then takes a sip.",What event order
2bb31b69-fcda-4f54-8338-f590944df999,"In the video, what event precedes playing the card game?",Separating cards,"The event that precedes playing the card game is a person holding a cup, possibly enjoying a drink, and engaging in a casual conversation or activity.",What event order
2bb31b69-fcda-4f54-8338-f590944df999,What does this video clip depict in the room scene?,The video shows a card game session in a room.,"The video clip depicts a person sitting on the floor in a room, playing a card game. The room is cluttered with various items, including a cup, a bottle, a cup, a bottle, a cup, a bottle, a cup, a bottle, a cup, a bottle, a cup, a bottle, a cup, a bottle, a cup, a bottle, a cup, a bottle, a cup, a bottle, a cup, a bottle, a cup, a bottle, a cup, a bottle, a cup, a bottle, a cup, a bottle, a cup, a bottle, a cup, a bottle, a cup, a bottle, a cup, a bottle, a cup, a bottle, a cup, a bottle, a cup, a bottle, a cup, a bottle, a cup, a bottle, a cup, a bottle, a cup, a bottle, a cup, a bottle, a cup, a bottle, a cup, a bottle, a cup, a bottle, a cup, a bottle, a cup, a bottle, a cup, a bottle, a cup, a bottle, a cup, a bottle, a cup, a bottle, a cup, a bottle, a cup, a bottle",Scene Summary
2bb31b69-fcda-4f54-8338-f590944df999,What can you infer about the location in the video?,"It is a casual, home-like space with a seated person.","The location appears to be a casual indoor setting, possibly a living room, with a relaxed atmosphere.",Scene Summary
2bb31b69-fcda-4f54-8338-f590944df999,Do these frames show any specific action with the cards?,"Yes, the cards are being reshuffled by the person.","Yes, the frames show the cards being dealt and the cards being held by the person.",Action Caption
2bb31b69-fcda-4f54-8338-f590944df999,Did the scene show a game in progress?,Yes.,"Yes, the scene shows a game in progress, as indicated by the cards being dealt and the person holding a card.",Whether Something Happened(Y/N)
2bb31b69-fcda-4f54-8338-f590944df999,Was there a card shuffle taking place?,Yes.,"Yes, there was a card shuffle taking place.",Whether Something Happened(Y/N)
2bb31b69-fcda-4f54-8338-f590944df999,Did they play the cards on a traditional table?,No.,"No, they played the cards on a table with a white surface.",Whether Something Happened(Y/N)
2bb31b69-fcda-4f54-8338-f590944df999,Was the person alone in this activity?,No.,"Yes, the person was alone in this activity.",Whether Something Happened(Y/N)
2bb31b69-fcda-4f54-8338-f590944df999,Did the video capture an outdoor event?,No.,"No, the video does not capture an outdoor event. It focuses on a card game session inside a living room.",Whether Something Happened(Y/N)
2bb31b69-fcda-4f54-8338-f590944df999,What action takes place immediately before the carpet is covered?,Sitting down.,"Before the carpet is covered, the person holding the card is seen holding a smartphone, possibly to take a photo or record the event.",What event order
2bb31b69-fcda-4f54-8338-f590944df999,Is the card game played before reshuffling the cards?,No,"Yes, the card game is played before reshuffling the cards.",Order Judging(Y/N)
2bb31b69-fcda-4f54-8338-f590944df999,Is picking the cards shown before separating them?,Yes,"Yes, the person is seen picking the cards before separating them.",Order Judging(Y/N)
2bb31b69-fcda-4f54-8338-f590944df999,Does separating cards happen before reshuffling?,Yes,"Yes, before reshuffling, the cards are separated and placed on the table.",Order Judging(Y/N)
2bb31b69-fcda-4f54-8338-f590944df999,Is reshuffling the cards shown before playing poker?,Yes,"Yes, the video shows the person reorganizing the cards before starting to shuffle them.",Order Judging(Y/N)
2bb31b69-fcda-4f54-8338-f590944df999,Does picking cards occur before playing the card game?,Yes,"Yes, picking cards occurs before playing the card game.",Order Judging(Y/N)
2bb31b69-fcda-4f54-8338-f590944df999,What is the current setting in the video clip?,A room where a card game is being played.,"The setting is a cozy living room with a person sitting on the floor, playing a card game.",Scene Summary
2bb31b69-fcda-4f54-8338-f590944df999,What objects are central to the scene in the video?,A deck of poker cards.,The central objects in the scene are the playing cards and the hands of the person playing the game.,Scene Summary
2bb31b69-fcda-4f54-8338-f590944df999,What is the main focus of the scene?,The act of playing a poker game.,"The main focus of the scene is a person playing a card game, with the camera capturing the action from various angles.",Scene Summary
2bb31b69-fcda-4f54-8338-f590944df999,Detail the sequence of actions with the cards.,"Cards are being selected, shuffled, and dealt for poker.","The sequence of actions begins with the person holding a deck of cards and a smartphone, preparing to shuffle the cards. The person then places the smartphone on the table and starts to shuffle the cards. The person continues to shuffle the cards, making sure to keep the cards in order. The person then places the smartphone back on the table and starts to shuffle the cards again. The person continues to shuffle the cards, making sure to keep the cards in order. The person then places the smartphone back on the table and starts to shuffle the cards again. The person continues to shuffle the cards, making sure to keep the cards in order. The person then places the smartphone back on the table and starts to shuffle the cards again. The person continues to shuffle the cards, making sure to keep the cards in order. The person then places the smartphone back on the table and starts to shuffle the cards again. The person continues to shuffle the cards, making sure to keep the cards in order. The person then places the smartphone back on the table and starts to shuffle the cards again. The person continues to shuffle the cards, making sure to keep the cards in order. The person then places the smartphone back on the table and starts to shuffle the cards again. The person continues to shuffle the cards",Action Caption
2bb31b69-fcda-4f54-8338-f590944df999,Does the scene show a poker game in action?,Yes.,"No, the scene does not show a poker game in action. It is a card game being played.",Whether Something Happened(Y/N)
2bb31b69-fcda-4f54-8338-f590944df999,Does the video include a moment of card shuffling?,Yes.,"Yes, the video includes a moment of card shuffling, where the person is seen holding a card and preparing to shuffle it.",Whether Something Happened(Y/N)
2bb31b69-fcda-4f54-8338-f590944df999,Is a card game being organized on a carpet?,Yes.,Yes,Whether Something Happened(Y/N)
2bb31b69-fcda-4f54-8338-f590944df999,Does the clip show someone dealing cards?,Yes.,"Yes, the clip shows someone dealing cards.",Whether Something Happened(Y/N)
2bb31b69-fcda-4f54-8338-f590944df999,Is the lady sitting on the floor while playing cards?,Yes.,Yes,Whether Something Happened(Y/N)
2bb31b69-fcda-4f54-8338-f590944df999,Did the card shuffling happen before playing cards?,Yes,"Yes, the card shuffling happened before playing cards.",Order Judging(Y/N)
2bb31b69-fcda-4f54-8338-f590944df999,Was the room entered before the cards were reshuffled?,Yes,"Yes, the room was entered before the cards were reshuffled.",Order Judging(Y/N)
2bb31b69-fcda-4f54-8338-f590944df999,Did card shuffling occur before the cards were picked?,No,"Yes, card shuffling occurred before the cards were picked.",Order Judging(Y/N)
2bb31b69-fcda-4f54-8338-f590944df999,What action is performed right before playing cards?,Reshuffling the cards,"A hand holding a smartphone is shown, likely preparing to make a call or send a message.",What event order
2bb31b69-fcda-4f54-8338-f590944df999,What happens just before reshuffling the cards?,Picking up the cards,"Just before reshuffling, the person in the foreground reaches out to the camera, possibly to shake hands or make a gesture, and the other person in the background starts to shuffle the cards.",What event order
2bb31b69-fcda-4f54-8338-f590944df999,What is done immediately before picking up cards?,Entering the room,"Before picking up cards, the person is seen holding a smartphone, possibly checking or preparing to show something on the screen.",What event order
2bb31b69-fcda-4f54-8338-f590944df999,What takes place immediately after reshuffling cards?,Playing cards,"After reshuffling cards, the person in the foreground starts to shuffle the deck of cards, while the person in the background continues to play cards.",What event order
2bb31b69-fcda-4f54-8338-f590944df999,"In the video, is the poker game started before reshuffling the cards?",No,"Yes, the poker game is started before reshuffling the cards.",Order Judging(Y/N)
2bb31b69-fcda-4f54-8338-f590944df999,"In the video, is the poker game initiated before the cards are spread out on the floor?",Yes,"Yes, the poker game is initiated before the cards are spread out on the floor.",Order Judging(Y/N)
2bb31b69-fcda-4f54-8338-f590944df999,What happens just before the cards are reshuffled in the video?,The cards are picked up,"Just before the cards are reshuffled, the person in the foreground reaches out to the camera, possibly to shake hands or make a gesture.",What event order
2bb31b69-fcda-4f54-8338-f590944df999,What happens immediately before the cards are spread out on the floor?,Poker game is played,"A hand holding a smartphone appears, and the person starts to flip through the cards.",What event order
2bb31b69-fcda-4f54-8338-f590944df999,What activity is being depicted in this room?,A card game is being played in the room.,"The activity depicted in the room is a card game, specifically playing cards, with a person holding a card and another person holding a smartphone.",Scene Summary
2bb31b69-fcda-4f54-8338-f590944df999,What can you deduce about the space shown?,"It's a lived-in room with a casual, cozy setting.","The space shown is a cozy room with a rug on the floor, a couch, and a potted plant in the background.",Scene Summary
2bb31b69-fcda-4f54-8338-f590944df999,Where are the players sitting in the scenario?,The players are seated on the floor.,The players are sitting on the floor in a relaxed manner.,Scene Summary
2bb31b69-fcda-4f54-8338-f590944df999,What are the visible objects associated with the activity?,Playing cards and casual footwear are visible.,"The visible objects associated with the activity include playing cards, a smartphone, a smartphone case, a smartphone remote, a smartphone screen, a smartphone case, a smartphone remote, a smartphone, a smartphone case, a smartphone remote, a smartphone, a smartphone case, a smartphone remote, a smartphone, a smartphone case, a smartphone remote, a smartphone, a smartphone case, a smartphone remote, a smartphone, a smartphone case, a smartphone remote, a smartphone, a smartphone case, a smartphone remote, a smartphone, a smartphone case, a smartphone remote, a smartphone, a smartphone case, a smartphone remote, a smartphone, a smartphone case, a smartphone remote, a smartphone, a smartphone case, a smartphone remote, a smartphone, a smartphone case, a smartphone remote, a smartphone, a smartphone case, a smartphone remote, a smartphone, a smartphone case, a smartphone remote, a smartphone, a smartphone case, a smartphone remote, a smartphone, a smartphone case, a smartphone remote, a smartphone, a smartphone case, a smartphone remote, a smartphone, a smartphone case, a smartphone remote, a smartphone, a smartphone case, a smartphone remote, a smartphone, a smartphone case, a smartphone remote, a smartphone, a smartphone case, a smartphone remote, a smartphone",Scene Summary
2bb31b69-fcda-4f54-8338-f590944df999,Does playing poker occur after picking cards?,Yes,"Yes, after picking cards, the person picks up a card and starts to shuffle it, indicating that playing poker is occurring.",Order Judging(Y/N)
2bb31b69-fcda-4f54-8338-f590944df999,Are cards picked before reshuffling?,Yes,"Yes, cards are picked before reshuffling.",Order Judging(Y/N)
2bb31b69-fcda-4f54-8338-f590944df999,Is the poker card played after reshuffling?,Yes,Yes,Order Judging(Y/N)
2bb31b69-fcda-4f54-8338-f590944df999,What happens just before reshuffling the cards?,Picking the cards,"Just before reshuffling, the person holding the card in their hand reaches out to the other person, possibly to place the card back on the table.",What event order
2bb31b69-fcda-4f54-8338-f590944df999,"In the video, is a card picked up before reshuffling the deck?",No,Yes,Order Judging(Y/N)
2bb31b69-fcda-4f54-8338-f590944df999,"In the video, does playing cards occur before picking any card from the deck?",No,"Yes, the video shows the person picking up a card from the deck before the others begin to play cards.",Order Judging(Y/N)
2bb31b69-fcda-4f54-8338-f590944df999,"In the video, what happens before reshuffling the cards?",Picking up the cards,"Before reshuffling, the person is seen holding a card and looking at it, possibly contemplating their next move.",What event order
2bb31b69-fcda-4f54-8338-f590944df999,What takes place just after the cards are picked up?,Reshuffling the cards,"After the cards are picked up, the person holding the card with the red dot is seen placing it on the table, while the other person is holding a card with a white dot.",What event order
2bb31b69-fcda-4f54-8338-f590944df999,What is done right after reshuffling the deck?,Playing poker cards,"The person places the cards back into the deck, ready for the next round of cards.",What event order
2bb31b69-fcda-4f54-8338-f590944df999,What is the setting of the scene depicted?,The setting is inside a room with two individuals playing poker.,"The scene is set in a cozy living room with a wooden floor, a wooden coffee table, and a wooden floor lamp. There is a wooden floor lamp in the background, and a wooden coffee table in front of the person.",Scene Summary
2bb31b69-fcda-4f54-8338-f590944df999,What objects are prominent in this scene?,Poker cards and hands are prominent in the scene.,"A deck of playing cards, a smartphone, and a smartphone case are prominent objects in this scene.",Scene Summary
2bb31b69-fcda-4f54-8338-f590944df999,Is there a card game being played in this video?,Yes.,Yes.,Whether Something Happened(Y/N)
2bb31b69-fcda-4f54-8338-f590944df999,Does this video show a person dealing cards?,Yes.,"Yes, the video shows a person dealing cards.",Whether Something Happened(Y/N)
2bb31b69-fcda-4f54-8338-f590944df999,Are the poker cards being reshuffled in this scene?,Yes.,"Yes, the poker cards are being reshuffled in this scene.",Whether Something Happened(Y/N)
2bb31b69-fcda-4f54-8338-f590944df999,Did the card reshuffling occur before playing poker?,Yes.,"Yes, the card reshuffling occurred before playing poker.",Order Judging(Y/N)
2bb31b69-fcda-4f54-8338-f590944df999,Do I wear blue sleeves before the lady reads a card?,Yes.,"Yes, the lady is wearing blue sleeves before she reads a card.",Order Judging(Y/N)
2bb31b69-fcda-4f54-8338-f590944df999,Are poker cards spread on the carpet before organizing them into rows?,Yes.,"Yes, poker cards are spread out on the carpet before organizing them into rows.",Order Judging(Y/N)
2bb31b69-fcda-4f54-8338-f590944df999,Is the picking of cards done before reshuffling?,No,"Yes, the picking of cards is done before reshuffling.",Order Judging(Y/N)
2bb31b69-fcda-4f54-8338-f590944df999,Is playing poker done after reshuffling cards?,Yes,"Yes, after reshuffling the cards, the game is completed.",Order Judging(Y/N)
2bb31b69-fcda-4f54-8338-f590944df999,Does the reshuffling occur before arranging cards on the floor?,Yes,"Yes, the reshuffling occurs before arranging cards on the floor.",Order Judging(Y/N)
2bb31b69-fcda-4f54-8338-f590944df999,What takes place right before picking cards?,Sitting in the room,"Before picking cards, the person is seen holding a smartphone, possibly checking the score or looking up information.",What event order
2bb31b69-fcda-4f54-8338-f590944df999,What activity is taking place in this clip?,Playing cards with a woman.,"The activity taking place in this clip is a card game, specifically playing cards.",Scene Summary
2bb31b69-fcda-4f54-8338-f590944df999,What is the setting of this scene?,Inside a house.,"The setting of this scene is a cozy indoor environment, likely a living room具体的 setting, where a group of people are engaged in a card game.",Scene Summary
2bb31b69-fcda-4f54-8338-f590944df999,What objects are prominently featured in this clip?,Cards and a carpet.,"The objects prominently featured in this clip are a deck of playing cards, a smartphone, and a smartphone case.",Scene Summary
2bb31b69-fcda-4f54-8338-f590944df999,What is the atmosphere in this scene?,Casual indoor leisure.,"The atmosphere in this scene is casual and relaxed, with the participants enjoying a card game.",Scene Summary
2bb31b69-fcda-4f54-8338-f590944df999,Is there any interaction between the players?,"Yes, they are playing a game together.","Yes, the players are actively engaged in the game, with one player making hand gestures and the other holding cards, indicating an ongoing game.",Action Caption
2bb31b69-fcda-4f54-8338-f590944df999,Can you describe the table setup for the game?,Cards are spread out haphazardly on the carpet.,"The table is adorned with a white tablecloth and has a few scattered items, including a white cup and a black object.",Action Caption
2bb31b69-fcda-4f54-8338-f590944df999,How are the players seated during the game?,They are sitting cross-legged on the floor.,"The players are seated on the floor, with one player sitting on the left side and the other on the right.",Action Caption
2bb31b69-fcda-4f54-8338-f590944df999,Did the game just start?,"No, it is in progress as cards are already spread out.","Yes, the game appears to have just started as the cards are being dealt and the players are actively participating in the game.",Whether Something Happened(Y/N)
2bb31b69-fcda-4f54-8338-f590944df999,Did reshuffling the cards happen before playing the poker cards?,Yes.,"Yes, the cards were reshuffled before the poker cards were dealt.",Order Judging(Y/N)
2bb31b69-fcda-4f54-8338-f590944df999,Did laying out the cards on the floor occur after sitting down?,Yes.,"Yes, the cards were laid out on the floor after sitting down.",Order Judging(Y/N)
2bb31b69-fcda-4f54-8338-f590944df999,Did the game of cards start after the cards were laid out?,Yes.,"Yes, the game of cards began after the cards were laid out.",Order Judging(Y/N)
2bb31b69-fcda-4f54-8338-f590944df999,Did I play cards before reshuffling them?,No,"Yes, you were playing cards before reshuffling them.",Order Judging(Y/N)
2bb31b69-fcda-4f54-8338-f590944df999,Was the rug visible before I dealt the cards?,Yes,"Yes, the rug was visible before I dealt the cards.",Order Judging(Y/N)
2bb31b69-fcda-4f54-8338-f590944df999,Did I spread cards on the floor before sitting down?,Yes,"Yes, the person sitting down placed the cards on the floor before sitting down.",Order Judging(Y/N)
2bb31b69-fcda-4f54-8338-f590944df999,Were cards in my hand before reshuffling?,No,"No, the cards were not in your hand before reshuffling.",Order Judging(Y/N)
2bb31b69-fcda-4f54-8338-f590944df999,Was I seated before the cards were displayed face-up?,Yes,"Yes, you were seated before the cards were displayed face-up.",Order Judging(Y/N)
2bb31b69-fcda-4f54-8338-f590944df999,What happened just before playing cards?,Reshuffled the cards,"Just before playing cards, the person in the pink shirt was seen holding a smartphone, possibly checking a message or looking at something on the screen.",What event order
2bb31b69-fcda-4f54-8338-f590944df999,What happened before reshuffling the cards?,Sat in the room,"Before reshuffling, the cards were laid out on the table, and the person in the pink shirt was seen holding a card and gesturing with their hand, possibly explaining something or making a point.",What event order
2bb31b69-fcda-4f54-8338-f590944df999,What did I do before spreading cards on the floor?,Reshuffled them,"Before spreading cards on the floor, the person was holding a smartphone and a small object, possibly a pen or a small tool.",What event order
2bb31b69-fcda-4f54-8338-f590944df999,What action took place before sitting down?,Entered the room,"Before sitting down, the person was seen holding a smartphone and a deck of cards.",What event order
2bb31b69-fcda-4f54-8338-f590944df999,What activity is being performed in the scene?,Playing cards is the activity.,The activity being performed in the scene is playing cards.,Scene Summary
2bb31b69-fcda-4f54-8338-f590944df999,How many individuals are participating in the activity?,Two individuals are participating.,Two individuals are participating in the activity.,Scene Summary
2bb31b69-fcda-4f54-8338-f590944df999,Can you describe the setting of the video clip?,"The setting is indoors, on the floor with a rug.","The video clip takes place in a cozy room with a wooden floor, where a person is sitting on the floor while another person is holding a deck of cards. The room is decorated with a few items, including a cup, a book, and a small TV on a stand.",Scene Summary
2bb31b69-fcda-4f54-8338-f590944df999,What is the gender composition of the participants?,One male and one female are participating.,"The gender composition of the participants is not explicitly stated, but it appears to be a mix of genders.",Scene Summary
2bb31b69-fcda-4f54-8338-f590944df999,How are the participants positioned in the clip?,They are sitting on the floor.,"The participants are positioned on a floor, with one person sitting on the floor and the other standing.",Action Caption
2bb31b69-fcda-4f54-8338-f590944df999,Describe the interaction between the individuals.,They are engaged in a card game.,"The individuals are deeply engaged in a card game, with one person holding a deck of cards and the other holding a smartphone. The person holding the smartphone appears to be taking a photo or recording the game, while the person with the deck of cards is actively playing the game. The atmosphere is lively and focused, with both individuals deeply involved in the game.",Action Caption
2bb31b69-fcda-4f54-8338-f590944df999,Are there any other objects involved in the action?,"Yes, a deck of cards is involved.","Yes, there is a small black object on the floor near the person holding the cards.",Action Caption
2bb31b69-fcda-4f54-8338-f590944df999,Is there a competitive activity occurring in the video?,Yes.,"Yes, there is a competitive activity occurring in the video, as indicated by the cards being dealt and the focused expressions of the players.",Whether Something Happened(Y/N)
2bb31b69-fcda-4f54-8338-f590944df999,Is there a visible winner in the card game?,No.,"Yes, the person in the foreground is holding up a card, indicating that they have won the game.",Whether Something Happened(Y/N)
2bb31b69-fcda-4f54-8338-f590944df999,Did I pick up a card before shuffling the deck?,No,"Yes, you picked up a card before shuffling the deck.",Order Judging(Y/N)
2bb31b69-fcda-4f54-8338-f590944df999,Was the woman seen holding cards before I laid mine on the floor?,Yes,"Yes, the woman was seen holding cards before I laid mine on the floor.",Order Judging(Y/N)
2bb31b69-fcda-4f54-8338-f590944df999,Did I deal cards to the woman before sitting down?,No,"Yes, the woman was seen holding a deck of cards before sitting down.",Order Judging(Y/N)
2bb31b69-fcda-4f54-8338-f590944df999,Did the woman adjust her glasses before smiling at me?,Yes,"Yes, she adjusted her glasses before smiling at me.",Order Judging(Y/N)
2bb31b69-fcda-4f54-8338-f590944df999,Was the woman's sock visible before she crossed her legs?,Yes,"Yes, the woman's sock was visible before she crossed her legs.",Order Judging(Y/N)
2bb31b69-fcda-4f54-8338-f590944df999,What did the woman do before looking at her hand of cards?,She crossed her legs,She was seen holding a smartphone.,What event order
2bb31b69-fcda-4f54-8338-f590944df999,What occurred before the woman adjusted her glasses?,She held her cards,"Before the woman adjusted her glasses, she was holding a deck of cards and a smartphone.",What event order
2bb31b69-fcda-4f54-8338-f590944df999,What action took place before I dealt the cards?,I picked up the deck,"Before dealing the cards, the person in the foreground, who is holding the cards, was seen holding a smartphone and gesturing with their hands, possibly explaining something or preparing to make a call.",What event order
2bb31b69-fcda-4f54-8338-f590944df999,"In the video, is the poker game started before reshuffling the cards?",No,"Yes, the poker game is started before reshuffling the cards.",Order Judging(Y/N)
2bb31b69-fcda-4f54-8338-f590944df999,"In the sequence, does the lady pick up her cards before the cards are laid out on the floor?",Yes,"Yes, the lady picks up her cards before the cards are laid out on the floor.",Order Judging(Y/N)
2bb31b69-fcda-4f54-8338-f590944df999,"In the clip, do the cards get scattered on the table before being picked up?",Yes,"Yes, the cards get scattered on the table before being picked up.",Order Judging(Y/N)
2bb31b69-fcda-4f54-8338-f590944df999,Does the video show the lady with cards in hand before the cards are shuffled?,No,"Yes, the video shows the lady with cards in hand before the cards are shuffled.",Order Judging(Y/N)
2bb31b69-fcda-4f54-8338-f590944df999,What occurs just before the lady picks up her cards?,Cards are laid out on the floor,"Just before the lady picks up her cards, a hand holding a smartphone appears, and she is seen holding a card in her hand.",What event order
2bb31b69-fcda-4f54-8338-f590944df999,"In the video, what happens before the cards are reshuffled?",A round of poker is played,"Before the cards are reshuffled, the person is seen holding a smartphone, possibly checking a message or app, and then the cards are shuffled.",What event order
2bb31b69-fcda-4f54-8338-f590944df999,What event happens before the cards get scattered on the table?,The lady picks up her cards,"Before the cards get scattered on the table, the person is seen holding a smartphone, possibly checking messages or notifications.",What event order
2bb31b69-fcda-4f54-8338-f590944df999,What do we see happening before the cards are laid out on the floor?,Reshuffling of cards,"Before the cards are laid out on the floor, the person is seen holding a smartphone, possibly checking messages or notifications.",What event order
2bb31b69-fcda-4f54-8338-f590944df999,What action takes place before the poker game starts?,Cards are reshuffled,"Before the poker game starts, the person holding the deck of cards is seen holding a small object, possibly a phone or a remote control, and appears to be preparing to shuffle the cards.",What event order
2bb31b69-fcda-4f54-8338-f590944df999,What is the setting of this video clip?,I played cards with a woman inside a house.,"The setting of the video clip is a cozy indoor environment, likely a living room, where a group of people is engaged in a card game.",Scene Summary
2bb31b69-fcda-4f54-8338-f590944df999,How many people are involved in the scene?,Two people are involved in the scene.,There are two people involved in the scene.,Scene Summary
2bb31b69-fcda-4f54-8338-f590944df999,Is there a competitive element visible here?,"Yes, the card game implies a competitive interaction.","Yes, there is a competitive element visible as the person in the foreground is holding a card and appears to be making a hand gesture, possibly indicating a decision or action related to the game.",Action Caption
2bb31b69-fcda-4f54-8338-f590944df999,Did the individuals rearrange the furniture for playing?,No.,"Yes, the individuals rearranged the furniture to create a more comfortable playing environment.",Whether Something Happened(Y/N)
2bb31b69-fcda-4f54-8338-f590944df999,Did someone draw a card in the clip?,Yes.,"Yes, someone drew a card from the deck of cards.",Whether Something Happened(Y/N)
2bb31b69-fcda-4f54-8338-f590944df999,Did the scene involve any form of digital technology?,No.,"Yes, the scene involved a smartphone being used to interact with the cards, as indicated by the person's hand gestures and the smartphone being held in their hand.",Whether Something Happened(Y/N)
2bb31b69-fcda-4f54-8338-f590944df999,Did the people appear to be outdoors?,No.,"No, the people were indoors, as indicated by the indoor setting and the presence of a television in the background.",Whether Something Happened(Y/N)
2bb31b69-fcda-4f54-8338-f590944df999,"In the video, did the shoe appear before the card deck on the carpet?",Yes,"Yes, the shoe appears before the card deck on the carpet.",Order Judging(Y/N)
2bb31b69-fcda-4f54-8338-f590944df999,Was the hand holding cards before the bottle was seen?,Yes,"Yes, the hand holding cards was seen before the bottle was seen.",Order Judging(Y/N)
2bb31b69-fcda-4f54-8338-f590944df999,"In the clip, did the playing of cards happen before the plant was visible?",No,"Yes, the playing of cards happened before the plant was visible.",Order Judging(Y/N)
2bb31b69-fcda-4f54-8338-f590944df999,What is shown before the bottle on the left side of the frame?,Cards on the floor,"Before the bottle, there is a bottle of water on the left side of the frame.",What event order
2bb31b69-fcda-4f54-8338-f590944df999,What do you see before the plant in the video's background?,A sofa,"Before the plant, there is a wooden floor and a white wall.",What event order
2bb31b69-fcda-4f54-8338-f590944df999,Was the rug straightened before I sat down to play?,No.,"Yes, the rug was straightened before I sat down to play.",Order Judging(Y/N)
2bb31b69-fcda-4f54-8338-f590944df999,Did I touch my foot before picking more cards from the pile?,No.,"Yes, you touched your foot before picking more cards from the pile.",Order Judging(Y/N)
2bb31b69-fcda-4f54-8338-f590944df999,Were the cards spread out on the rug before the game started?,No.,"Yes, the cards were spread out on the rug before the game started.",Order Judging(Y/N)
2bb31b69-fcda-4f54-8338-f590944df999,Did I pick a card from my hand before the woman looked at hers?,Yes.,"Yes, the woman picked a card from her hand before looking at hers.",Order Judging(Y/N)
2bb31b69-fcda-4f54-8338-f590944df999,What occurs just before I look at my cards?,I pick them up.,"Just before I look at my cards, the person in the foreground reaches out to pick up a card from the deck.",What event order
2bb31b69-fcda-4f54-8338-f590944df999,What action takes place before the game begins?,Sitting down on the rug.,"Before the game begins, the person holding the card is seen holding it up, possibly to show it to the other person.",What event order
2bb31b69-fcda-4f54-8338-f590944df999,What happens before more cards are picked from the pile?,Playing a round of cards.,"Before more cards are picked from the pile, the person places the cards back into the pile.",What event order
2bb31b69-fcda-4f54-8338-f590944df999,What activity takes place in this scene?,Playing cards in the house.,The activity is a card game being played/INFO,Scene Summary
2bb31b69-fcda-4f54-8338-f590944df999,Where are the individuals in this scene?,Inside a house.,The individuals are sitting on a patterned rug in a room.,Scene Summary
2bb31b69-fcda-4f54-8338-f590944df999,What objects are central in this scenario?,Cards on the floor.,The central objects in the video are the playing cards and the playing cards on the table.,Scene Summary
2bb31b69-fcda-4f54-8338-f590944df999,How is the room in the clip furnished?,There's a bookshelf and a couch.,"The room is furnished with a patterned rug, a couch, and a few scattered items on the floor.",Scene Summary
2bb31b69-fcda-4f54-8338-f590944df999,What action is the person opposite performing?,Holding and presumably playing cards.,"The person opposite is holding a smartphone and appears to be interacting with it, possibly taking a photo or recording the game.",Action Caption
2bb31b69-fcda-4f54-8338-f590944df999,What seems to be the immediate action captured in the frame?,Dealing or picking up cards.,"The immediate action captured in the frame is the person in the foreground, who is holding a smartphone and appears to be interacting with it, possibly taking a photo or recording the scene.",Action Caption
2bb31b69-fcda-4f54-8338-f590944df999,What can be said about the card game's progression?,It looks mid-game with several cards played.,"The video shows a series of actions that suggest a progression of the card game. Initially, the players are seen holding cards, with one player holding a card and another holding a card, indicating that they are in the middle of the game. The player with the card in hand is seen placing it on the table, possibly to shuffle the deck or to shuffle the cards. The player with the card in hand is seen holding a card, possibly preparing to deal or shuffle the cards. The player with the card in hand is seen holding a card, possibly preparing to deal or shuffle the cards. The player with the card in hand is seen holding a card, possibly preparing to shuffle the cards. The player with the card in hand is seen holding a card, possibly preparing to deal or shuffle the cards. The player with the card in hand is seen holding a card, possibly preparing to shuffle the cards. The player with the card in hand is seen holding a card, possibly preparing to deal or shuffle the cards. The player with the card in hand is seen holding a card, possibly preparing to shuffle the cards. The player with the card in hand is seen holding a card, possibly preparing to deal or shuffle the cards. The player with the card in hand is seen holding a card",Action Caption
2bb31b69-fcda-4f54-8338-f590944df999,Is there a card game occurring?,Yes.,"Yes, there is a card game on the table.",Whether Something Happened(Y/N)
2bb31b69-fcda-4f54-8338-f590944df999,Is there more than one participant in the game?,Yes.,"Yes, there are two participants in the game.",Whether Something Happened(Y/N)
2bb31b69-fcda-4f54-8338-f590944df999,Have any cards been laid out on the floor?,Yes.,Yes具体的描述中没有直接的描述，但根据描述，我们可以推测在游戏开始前，可能有几副散落的牌，但没有具体数量。,Whether Something Happened(Y/N)
2bb31b69-fcda-4f54-8338-f590944df999,Is the activity taking place indoors?,Yes.,Yes.,Whether Something Happened(Y/N)
2bb31b69-fcda-4f54-8338-f590944df999,Does it appear to be a formal card-playing setting?,No.,"Yes, the scene appears to be a formal card-playing setting, as indicated by the presence of a deck of cards, a smartphone, and a smartphone case on the table.",Whether Something Happened(Y/N)
2bb31b69-fcda-4f54-8338-f590944df999,Was the rug visible before I started playing cards?,Yes.,"Yes/INFO's hand was visible in the foreground, holding a small object, possibly a card or a small item.",Order Judging(Y/N)
2bb31b69-fcda-4f54-8338-f590944df999,Did the plant appear in the frame before the game began?,Yes.,"No, the plant was not visible in the frame before the game began.",Order Judging(Y/N)
2bb31b69-fcda-4f54-8338-f590944df999,What happens before I sit on the floor?,The setting of the room is displayed.,"Before sitting on the floor, the person is seen holding a smartphone and a small object, possibly a card or a small device, and appears to be interacting with it.",What event order
2bb31b69-fcda-4f54-8338-f590944df999,"In the video, does the arrangement of cards on the floor change before a new card is drawn?",No,"Yes, the arrangement of cards on the table changes before a new card is drawn.",Order Judging(Y/N)
2bb31b69-fcda-4f54-8338-f590944df999,"In the video, is the heart card shown before a player picks more cards?",Yes,"Yes, the heart card is shown before a player picks more cards.",Order Judging(Y/N)
2bb31b69-fcda-4f54-8338-f590944df999,Does the woman put down a card before all cards are laid out?,Yes,"Yes, the woman places a card on the table/INFO",Order Judging(Y/N)
2bb31b69-fcda-4f54-8338-f590944df999,What occurs just before a new card is drawn from the deck?,Players examine their cards,"A hand holding a card appears, and the card is revealed.",What event order
2bb31b69-fcda-4f54-8338-f590944df999,"In the video sequence, what do we see happening before the cards are spread out?",A card is being placed down,"Before the cards are spread out, the scene shows a person sitting on the floor, holding a smartphone, and interacting with a card. The person is wearing a blue and white striped/INFO shirt and striped socks. The room is cluttered with various items, including a smartphone, a remote control, and a small white object.",What event order
2bb31b69-fcda-4f54-8338-f590944df999,What takes place right before more cards are picked from the deck?,The woman sorts her cards,"Before more cards are picked from the deck, the person is seen holding a small object, possibly a card or a small object, and appears to be examining it closely.",What event order
af400f98-3c57-46ad-acac-eaca6f940180,What location is shown in the video frame?,It shows a road.,The location shown in the video frame is a dimly lit street with a person holding hands with another person.,Scene Summary
af400f98-3c57-46ad-acac-eaca6f940180,Are there other people present in this scene?,"Yes, people are present.","Yes, there are other people present in the scene, including a person in a blue and white outfit and another person in a dark outfit.",Scene Summary
af400f98-3c57-46ad-acac-eaca6f940180,Is the environment urban or rural?,The environment appears to be urban.,"The environment appears to be urban, as indicated by the presence of a motorcycle and the urban setting.",Scene Summary
af400f98-3c57-46ad-acac-eaca6f940180,Is the road busy or empty?,The road is busy with movement.,"The road is empty, with only a few people and a dog visible.",Scene Summary
af400f98-3c57-46ad-acac-eaca6f940180,What is the weather like in the scene?,The weather information is not provided.,"The weather appears to be overcast, with a dimly lit environment.",Scene Summary
af400f98-3c57-46ad-acac-eaca6f940180,Who is walking in this clip?,I am walking along the road.,A person wearing a blue and white patterned dress and dark shoes is walking in this clip.,Action Caption
af400f98-3c57-46ad-acac-eaca6f940180,What is the camera angle capturing?,The camera angle captures from the walker's perspective.,"The camera angle is from a first-person perspective, capturing the view of the person's feet and the ground.",Action Caption
af400f98-3c57-46ad-acac-eaca6f940180,Is there interaction with the passerby?,No interaction is mentioned or shown.,"Yes, the person in the blue and white outfit is seen holding the hand of the person in the blue and white outfit, indicating a possible interaction or connection between them.",Action Caption
af400f98-3c57-46ad-acac-eaca6f940180,Do any vehicles pass by closely?,"The summary indicates vehicles move past, but closeness isn't specified.","Yes, a vehicle passes by closely in the distance.",Action Caption
af400f98-3c57-46ad-acac-eaca6f940180,Is there an accident occurring in the video?,"No, no accident is mentioned.",Yes.,Whether Something Happened(Y/N)
af400f98-3c57-46ad-acac-eaca6f940180,Is there any construction work shown in the video?,"No, no construction is mentioned.","No, there is no construction work shown in the video.",Whether Something Happened(Y/N)
af400f98-3c57-46ad-acac-eaca6f940180,Does the video frame show clear skies?,The video frame does not provide this information.,"No, the video frame shows a dark night sky, indicating that the video was taken during nighttime.",Whether Something Happened(Y/N)
af400f98-3c57-46ad-acac-eaca6f940180,What is the main event depicted in this video clip?,A walk on the road with a woman and interactions with passersby.,"The main event depicted in this video clip is a person holding a cigarette, walking down a street, and then passing by a person who is holding a banana.",Scene Summary
af400f98-3c57-46ad-acac-eaca6f940180,Which location is primarily featured in this video clip?,The video clip features a road.,The primary location featured in this video clip is a dirt road in a rural or semi-urban area.,Scene Summary
af400f98-3c57-46ad-acac-eaca6f940180,How many main subjects are involved in this video scenario?,"Two main subjects, a man and a woman.","Three main subjects are involved: the person in the white shirt, the person in the blue shirt, and the person in the red shirt.",Scene Summary
af400f98-3c57-46ad-acac-eaca6f940180,Are there other individuals present in this video scene besides the subjects?,"Yes, there are passersby present.","Yes, there is another individual in the background, partially visible, who appears to be wearing a blue and white striped shirt.",Scene Summary
af400f98-3c57-46ad-acac-eaca6f940180,What actions are shown in these new frames?,A person is seen walking and reaching out to others.,"In the new frames, the person is seen holding a cigarette, walking with a relaxed posture, and holding a phone.",Action Caption
af400f98-3c57-46ad-acac-eaca6f940180,Is there any communication depicted in the clip?,"Yes, there is interaction with passersby.","Yes, there is a hand gesture that appears to be a thumbs-up, suggesting a positive or approving interaction between the two individuals.",Action Caption
af400f98-3c57-46ad-acac-eaca6f940180,Can you describe the physical posture in this frame?,The person's arm is extended forward as if reaching out.,"The person in the foreground is holding a cigarette, and their posture is slightly bent forward, with their left hand resting on their knee and their right hand holding the cigarette.",Action Caption
af400f98-3c57-46ad-acac-eaca6f940180,Are the movements in the video leisurely or hurried?,They appear leisurely.,The movements in the video are leisurely and unhurried.,Action Caption
af400f98-3c57-46ad-acac-eaca6f940180,Does the person in the video come into physical contact with others?,It is implied but not visible.,"No, the person in the video does not come into physical contact with others.",Whether Something Happened(Y/N)
af400f98-3c57-46ad-acac-eaca6f940180,Is the person in the video engaging in a conversation?,Yes.,"Yes, the person in the video is holding a phone and appears to be engaged in a conversation.",Whether Something Happened(Y/N)
af400f98-3c57-46ad-acac-eaca6f940180,Does the person walk on a grassy path in the video?,No.,"Yes, the person walks on a grassy path in the video.",Whether Something Happened(Y/N)
af400f98-3c57-46ad-acac-eaca6f940180,Does the person in the video interact with more than one passerby?,Yes.,"Yes, the person in the video interacts with at least one other person, as indicated by their hand reaching out towards the other person.",Whether Something Happened(Y/N)
af400f98-3c57-46ad-acac-eaca6f940180,What is the setting of this video clip?,It's on a road with a person walking and interacting with a woman.,"The setting of the video clip is a paved path with grass on either side, and the individuals are walking in a casual, relaxed manner.",Scene Summary
af400f98-3c57-46ad-acac-eaca6f940180,Is there any physical contact between the two individuals?,No.,"Yes, the person in the blue dress is holding the other person's hand, suggesting a physical connection or interaction between them.",Whether Something Happened(Y/N)
af400f98-3c57-46ad-acac-eaca6f940180,Did the person in the video stop walking while interacting?,No.,"Yes, the person in the video stopped walking while interacting with the person in the blue dress.",Whether Something Happened(Y/N)
af400f98-3c57-46ad-acac-eaca6f940180,Is the communication friendly and non-threatening?,Yes.,"Yes, the communication is friendly and non-threatening, as indicated by the person in the blue and white outfit holding the hand of the person in the patterned dress.",Whether Something Happened(Y/N)
af400f98-3c57-46ad-acac-eaca6f940180,"In the video, do I interact with some passersby before walking with the woman on the road?",No,"Yes, I interact with some passersby before walking with the woman on the road.",Order Judging(Y/N)
af400f98-3c57-46ad-acac-eaca6f940180,"In the video, do I walk alone on the road before interacting with a woman?",Yes,"Yes, you walk alone on the road before interacting with a woman.",Order Judging(Y/N)
af400f98-3c57-46ad-acac-eaca6f940180,What do I do just before interacting with the woman on the road in the video?,Walk alone,"I point at the woman on the road, indicating her presence.",What event order
20bc995f-c3de-4789-bd7a-34cf1a313b0c,Who is involved in the scene?,A man and some girls.,"A person is involved in the scene, specifically a person wearing a pink shirt.",Scene Summary
20bc995f-c3de-4789-bd7a-34cf1a313b0c,What activity is taking place?,Food preparation.,"The activity taking place is the preparation of food, specifically making a dish that involves mixing and adding various ingredients to create a flavorful and appetizing dish.",Scene Summary
20bc995f-c3de-4789-bd7a-34cf1a313b0c,What can be seen on the table in the scene?,Ingredients and cooking utensils.,"The table is cluttered with various food items, including a bowl of rice, a small bowl of white substance, and a small bowl of green and red mixture.",Scene Summary
20bc995f-c3de-4789-bd7a-34cf1a313b0c,What is the camera wearer doing with the spoon?,Cooking food.,The camera wearer is holding a spoon and appears to be mixing or stirring something in the bowl.,Action Caption
20bc995f-c3de-4789-bd7a-34cf1a313b0c,What can be assumed about the pace of the activity?,It is fast-paced.,"The activity appears to be fast-paced, with the person moving around and interacting with the food preparation area.",Action Caption
20bc995f-c3de-4789-bd7a-34cf1a313b0c,Does the video show any monetary transaction?,No.,"No, the video does not show any monetary transaction.",Whether Something Happened(Y/N)
20bc995f-c3de-4789-bd7a-34cf1a313b0c,Is the food prepared for a large group?,Yes.,"Yes, the person is seen holding a small container, possibly containing more ingredients or condiments, indicating that the food preparation is for a large group.",Whether Something Happened(Y/N)
20bc995f-c3de-4789-bd7a-34cf1a313b0c,Does the camera wearer handle more than one dish?,Yes.,"Yes, the camera wearer is seen handling two dishes, one with a small piece of food and the other with a small amount of sauce.",Whether Something Happened(Y/N)
20bc995f-c3de-4789-bd7a-34cf1a313b0c,What is the setting in this video clip?,A food tent with servings of food.,"The setting in this video clip is a bustling street food stall at night, with various dishes and ingredients on display, and people interacting with the food.",Scene Summary
20bc995f-c3de-4789-bd7a-34cf1a313b0c,Is the person serving food to more than one person?,Yes.,"Yes, the person is seen serving food to more than one person, as indicated by the hand holding a spoon and the presence of multiple plates with food.",Whether Something Happened(Y/N)
20bc995f-c3de-4789-bd7a-34cf1a313b0c,Is there a pot included in the food items being served?,Yes.,"Yes, there is a pot included in the food items being served.",Whether Something Happened(Y/N)
20bc995f-c3de-4789-bd7a-34cf1a313b0c,Is the setting of this video during a nighttime event?,Yes.,Yes.,Whether Something Happened(Y/N)
20bc995f-c3de-4789-bd7a-34cf1a313b0c,Is the food made for a man and some girls before serving food under the tent?,Yes,"Yes, the food is made for a man and some girls before serving food under the tent.",Order Judging(Y/N)
20bc995f-c3de-4789-bd7a-34cf1a313b0c,What is the setting of the video clip?,At a roadside food stall.,"The setting of the video clip is a bustling street food stall at night, with people interacting around the food preparation area.",Scene Summary
20bc995f-c3de-4789-bd7a-34cf1a313b0c,Who is the main person interacting with others in the scene?,A food stall vendor.,The main person interacting with others is a person wearing a black shirt.,Scene Summary
20bc995f-c3de-4789-bd7a-34cf1a313b0c,What type of interaction occurs between the vendor and customers?,Serving food and conversing.,The vendor interacts with customers by serving food and interacting with them through a mobile phone.,Scene Summary
20bc995f-c3de-4789-bd7a-34cf1a313b0c,How is the stall vendor engaging with the customers besides serving food?,Talking with them.,"The stall vendor is engaging with the customers by interacting with them through a mobile phone, possibly checking on their order or asking for feedback.",Action Caption
20bc995f-c3de-4789-bd7a-34cf1a313b0c,Is the vendor wearing gloves while handling food?,No.,"Yes, the vendor is wearing gloves while handling food.",Whether Something Happened(Y/N)
20bc995f-c3de-4789-bd7a-34cf1a313b0c,Does the video show a customer receiving change after payment?,No.,"Yes, the video shows a customer receiving change after payment, as indicated by the person holding a smartphone and a small container.",Whether Something Happened(Y/N)
20bc995f-c3de-4789-bd7a-34cf1a313b0c,Is there any interaction between the customers in the frame?,No.,"Yes, a customer is seen holding a smartphone, possibly taking a photo or video of the food preparation process.",Whether Something Happened(Y/N)
20bc995f-c3de-4789-bd7a-34cf1a313b0c,Does the stall have a digital payment option displayed?,Yes.,"Yes, the stall has a digital payment option displayed.",Whether Something Happened(Y/N)
20bc995f-c3de-4789-bd7a-34cf1a313b0c,Does the interaction with woman B happen before serving to woman C?,Yes,"Yes, the interaction with woman B happens before serving to woman C.",Order Judging(Y/N)
20bc995f-c3de-4789-bd7a-34cf1a313b0c,Do I serve food to a group of people before the roadside food stall scene?,No,"Yes, you can serve food to a group of people before the roadside food stall scene.",Order Judging(Y/N)
20bc995f-c3de-4789-bd7a-34cf1a313b0c,"In the video, did I serve food under the tent before talking to man A at the stand?",No,"Yes, the video shows the person serving food under the tent before talking to man A at the stand.",Order Judging(Y/N)
20bc995f-c3de-4789-bd7a-34cf1a313b0c,"In the video, does serving pani puri occur before making food for the man and girls?",Yes,"Yes, the video shows the pani puri being served to the man and girls before making food for them.",Order Judging(Y/N)
20bc995f-c3de-4789-bd7a-34cf1a313b0c,"What happens before interacting with woman A, B, and C at the roadside stall?",I serve food to a group of people.,"Before interacting with woman A, B, and C, the person is seen holding a small container, possibly containing a condiment or ingredient.",What event order
20bc995f-c3de-4789-bd7a-34cf1a313b0c,Describe the setting of this video clip.,A roadside food stall at night.,"The video takes place in a bustling street food stall at night, characterized by dim lighting and a lively atmosphere. The scene is filled with various food items, including a large metal tray with a mixture of chickpeas, vegetables, and a dark liquid, a small metal bowl with a mixture of vegetables and spices, and a large metal bowl with a dark liquid and a spoon. A person is seen holding a smartphone, possibly checking a message or app, while another person is seen interacting with the food items. The background features a busy street with other people and vehicles, adding to the vibrant and dynamic setting.",Scene Summary
20bc995f-c3de-4789-bd7a-34cf1a313b0c,Could you summarize the depicted scenario?,A person serving and conversing at a food stall.,"The video showcases a bustling street food stall at night, where a person is seen preparing and serving food. The scene is filled with vibrant colors and a variety of dishes, including a plate of doskas and a bowl of chickpeas. The person is using a smartphone to take a photo of the food, capturing the lively atmosphere and the delicious offerings. The background is dimly lit, emphasizing the bright lights and colors of the food and the lively atmosphere of the street food stall.",Scene Summary
20bc995f-c3de-4789-bd7a-34cf1a313b0c,Did the vendor converse with two individuals?,Yes.,"Yes, the vendor engaged in conversation with one of the individuals.",Whether Something Happened(Y/N)
20bc995f-c3de-4789-bd7a-34cf1a313b0c,"In the sequence, is food served at the roadside stall before the food tent?",No,"Yes, the video shows food being served at the roadside stall before the food tent.",Order Judging(Y/N)
20bc995f-c3de-4789-bd7a-34cf1a313b0c,What scene is captured in the video clip?,A food stand with cooking in progress.,"The video captures a bustling street food stall at night, filled with vibrant colors and a variety of dishes. The scene is illuminated by a bright overhead light, highlighting the lively atmosphere and the colorful array of food items. A person is seen interacting with the food, possibly preparing or serving it. The video also shows a close-up of a hand holding a small container, possibly containing a condiment or ingredient, and a person in the background, possibly a customer or another vendor. The video concludes with a close-up of a hand holding a small container, possibly containing a condiment or ingredient, and a person in the background, possibly a customer or another vendor.",Scene Summary
20bc995f-c3de-4789-bd7a-34cf1a313b0c,What's the brief of the depicted scenario?,Food preparation at a stand with a customer waiting.,"The brief of the depicted scenario shows a person preparing a dish at a street food stall, with various ingredients and utensils visible on the table. The scene is illuminated by a bright light source, possibly a flashlight or a camera flash, highlighting the vibrant colors and textures of the food.",Scene Summary
20bc995f-c3de-4789-bd7a-34cf1a313b0c,Does the scene capture a customer receiving their order?,No.,"Yes, the scene captures a customer receiving their order, as indicated by the person's hand reaching towards the food on the table.",Whether Something Happened(Y/N)
20bc995f-c3de-4789-bd7a-34cf1a313b0c,Is there any indication of a payment transaction in the video?,No.,"Yes, there is a person in the video holding a smartphone, possibly capturing the moment or checking the transaction.",Whether Something Happened(Y/N)
20bc995f-c3de-4789-bd7a-34cf1a313b0c,Does the video show the cook finishing the dish?,No.,"Yes, the video shows the cook finishing the dish, as indicated by the hand holding a spoon and the final presentation of the dish.",Whether Something Happened(Y/N)
20bc995f-c3de-4789-bd7a-34cf1a313b0c,Is the cook multitasking between cooking and another activity?,Yes.,"Yes, the cook is seen handling a bowl of food and a spoon, indicating multitasking between cooking and another activity.",Whether Something Happened(Y/N)
20bc995f-c3de-4789-bd7a-34cf1a313b0c,Does the cook appear to be preparing food for more than one person?,Yes.,"Yes, the cook appears to be preparing food for more than one person, as indicated by the presence of multiple individuals in the background.",Whether Something Happened(Y/N)
20bc995f-c3de-4789-bd7a-34cf1a313b0c,Did the discussion with man X and man Y happen before serving woman Z?,No,"No, the discussion with man X and man Y happened after serving woman Z.",Order Judging(Y/N)
20bc995f-c3de-4789-bd7a-34cf1a313b0c,What event happened before the phone conversation?,Serving a different customer,"Before the phone conversation, the person was seen preparing food at a street food stall.",What event order
20bc995f-c3de-4789-bd7a-34cf1a313b0c,Was food made for woman A after the interaction with woman B?,Yes,"Yes, food was made for woman A after the interaction with woman B.",Order Judging(Y/N)
20bc995f-c3de-4789-bd7a-34cf1a313b0c,Did the phone conversation occur before discussing with man Y?,Yes,"No, the phone conversation did not occur before discussing with man Y.",Order Judging(Y/N)
20bc995f-c3de-4789-bd7a-34cf1a313b0c,What is seen happening before making food for man B?,Talked on the phone,"Before making food for man B, the scene shows a person preparing food on a table, with various items such as a bowl, a spoon, and a container visible.",What event order
20bc995f-c3de-4789-bd7a-34cf1a313b0c,What took place just before making food for woman A?,Talked on the phone,"Just before making food for woman A, a person was seen holding a small container, possibly containing a condiment or ingredient, and preparing to add it to the food preparation area.",What event order
20bc995f-c3de-4789-bd7a-34cf1a313b0c,What is the location of the scene in the video?,The location is at a food stand.,"The scene is set in a bustling street food stall at night, illuminated by artificial lighting.",Scene Summary
20bc995f-c3de-4789-bd7a-34cf1a313b0c,How many customers are being interacted with?,Three customers are being interacted with.,Two customers are being interacted with.,Scene Summary
20bc995f-c3de-4789-bd7a-34cf1a313b0c,Does the frame show the server handing pani puris to a customer?,Yes.,"Yes, the frame shows the server handing pani puris to a customer.",Whether Something Happened(Y/N)
20bc995f-c3de-4789-bd7a-34cf1a313b0c,Is the shown frame depicting an indoor activity?,No.,"No, the frame is taken from an outdoor perspective, showing a person preparing food at a street food stall.",Whether Something Happened(Y/N)
20bc995f-c3de-4789-bd7a-34cf1a313b0c,Does the video involve interaction between the server and customers?,Yes.,"Yes, the video shows the server interacting with customers, including one who is seen holding a phone, possibly taking a photo or recording the experience.",Whether Something Happened(Y/N)
20bc995f-c3de-4789-bd7a-34cf1a313b0c,Is the phone conversation happening before making food for woman A?,Yes,"Yes, the phone conversation is happening before making food for woman A.",Order Judging(Y/N)
20bc995f-c3de-4789-bd7a-34cf1a313b0c,Does man Z get served before the phone conversation starts?,No,"No, man Z does not get served before the phone conversation starts.",Order Judging(Y/N)
20bc995f-c3de-4789-bd7a-34cf1a313b0c,"In the video, is the interaction with man X and Y before the food preparation for woman A and man B?",No,"Yes, the interaction with man X and Y before the food preparation for woman A and man B is not mentioned in the video caption.",Order Judging(Y/N)
20bc995f-c3de-4789-bd7a-34cf1a313b0c,Do I talk to man Z before making food for woman A and man B?,No.,"No, you don't talk to the man Z before making food for woman A and man B.",Order Judging(Y/N)
20bc995f-c3de-4789-bd7a-34cf1a313b0c,Is the food prepared for woman Z before the interaction with man Z?,Yes.,"Yes, the food is prepared for woman Z before the interaction with man Z.",Order Judging(Y/N)
20bc995f-c3de-4789-bd7a-34cf1a313b0c,What do I do before making food for woman A and man B?,Talking on the phone.,"Before making food for woman A and man B, you should prepare the food on the table.",What event order
20bc995f-c3de-4789-bd7a-34cf1a313b0c,How many individuals does the camera wearer interact with?,Three individuals.,The camera wearer interacts with two individuals.,Scene Summary
20bc995f-c3de-4789-bd7a-34cf1a313b0c,Are there any objects visible in the scene?,"Yes, food and serving utensils.","Yes, there are various objects visible, including a hand holding a smartphone, a hand holding a spoon, and a hand holding a small container.",Scene Summary
20bc995f-c3de-4789-bd7a-34cf1a313b0c,Is the environment depicted busy or calm?,"Busy, with serving and conversation happening.",The environment depicted is calm.,Scene Summary
20bc995f-c3de-4789-bd7a-34cf1a313b0c,Did the camera wearer carry out more than one task?,"Yes, serving and conversing.","Yes, the camera wearer was seen holding a smartphone and interacting with the food stall, possibly taking orders or checking the food.",Action Caption
20bc995f-c3de-4789-bd7a-34cf1a313b0c,Did the serving of food appear organized or haphazard?,"Organized, with food laid out.","The serving of food appeared to be organized, with the food items neatly arranged on the table.",Action Caption
20bc995f-c3de-4789-bd7a-34cf1a313b0c,Are all men engaged in eating or just conversing?,"Only one is shown eating, others converse.","No, only one man is actively engaged in eating, while the other man is engaged in a phone conversation.",Action Caption
20bc995f-c3de-4789-bd7a-34cf1a313b0c,Was there verbal exchange under the tent?,Yes.,"Yes, there was verbal exchange under the tent, as the person in the pink shirt is seen holding a mobile phone and appears to be speaking to the person in the blue shirt.",Whether Something Happened(Y/N)
20bc995f-c3de-4789-bd7a-34cf1a313b0c,Is there visible evidence of food being consumed in the frame?,Yes.,"Yes, there is a hand reaching towards the food on the table, indicating that someone is about to eat.",Whether Something Happened(Y/N)
20bc995f-c3de-4789-bd7a-34cf1a313b0c,Does the scene suggest any sign of a rush or urgency?,"No, it appears orderly.","Yes, the scene suggests a rush or urgency, as indicated by the person's hand reaching out towards the food, possibly to pick up a piece or to interact with the food.",Whether Something Happened(Y/N)
20bc995f-c3de-4789-bd7a-34cf1a313b0c,Is the preparation of pani puris shown before serving them to man X and Y?,Yes,"Yes, the preparation of pani puris is shown before serving them to man X and Y.",Order Judging(Y/N)
20bc995f-c3de-4789-bd7a-34cf1a313b0c,Do I talk on the phone prior to serving food under the food tent?,Yes,"Yes, you can see a hand holding a phone in the foreground, suggesting that you might be talking on the phone before serving food under the food tent.",Order Judging(Y/N)
20bc995f-c3de-4789-bd7a-34cf1a313b0c,What occurs just before serving food to man A under the food tent?,Preparing food,"Just before serving food to man A under the food tent, the man A is seen holding a smartphone, possibly checking a recipe or looking up information.",What event order
20bc995f-c3de-4789-bd7a-34cf1a313b0c,What activity is taking place at the stall?,A person is serving potato balls and gruel.,"The activity taking place at the stall is the preparation and serving of food, with a person scooping food from a bowl and placing it into a container.",Scene Summary
20bc995f-c3de-4789-bd7a-34cf1a313b0c,Who is interacting at the food stall?,"A server, a woman, and a girl.",A person wearing a blue shirt is interacting at the food stall.,Scene Summary
20bc995f-c3de-4789-bd7a-34cf1a313b0c,What type of service is depicted at the stall?,Food service involving potato balls and gruel.,"The service at the stall appears to be a food preparation or serving, as indicated by the presence of various food items and utensils.",Scene Summary
20bc995f-c3de-4789-bd7a-34cf1a313b0c,Who is preparing the food in the video clip?,The server at the stall.,A person is preparing the food in the video clip.,Action Caption
20bc995f-c3de-4789-bd7a-34cf1a313b0c,What actions can be seen in the frame provided?,Preparing and serving food at the stall.,"The frame shows a person scooping a small portion of a dark, chunky substance from a bowl, possibly a type of curry or dal, and then placing it onto a plate. The person is using a spoon to scoop and then using their hand to hold the spoon, indicating the action of serving or preparing the dish.",Action Caption
20bc995f-c3de-4789-bd7a-34cf1a313b0c,Is the food being freshly prepared or pre-packaged?,"Freshly prepared, as seen in the video.","The food is being freshly prepared, as indicated by the hand holding a small container and the person pouring the contents into a bowl.",Action Caption
20bc995f-c3de-4789-bd7a-34cf1a313b0c,Does the server use any special tools for serving?,Not evident in the provided frame.,"Yes, the server uses a spoon to scoop the food from the bowl and then uses a spatula to transfer it to the plate.",Action Caption
20bc995f-c3de-4789-bd7a-34cf1a313b0c,Does the video show the server using a foam plate for serving?,Yes.,"Yes, the server is seen using a foam plate to scoop the food from the pot.",Whether Something Happened(Y/N)
20bc995f-c3de-4789-bd7a-34cf1a313b0c,Can we see any cooking equipment in the video?,"Yes, in the provided frame.","Yes, there are various cooking equipment visible in the video, including a large metal plate with a mixture of ingredients and a small metal bowl with a spoon.",Whether Something Happened(Y/N)
20bc995f-c3de-4789-bd7a-34cf1a313b0c,Did the serving of potato balls occur before serving gruel?,Yes,"Yes, the serving of potato balls occurred before serving gruel.",Order Judging(Y/N)
20bc995f-c3de-4789-bd7a-34cf1a313b0c,Was the conversation with man E before serving food to the woman Z?,No,"No, the conversation with man E was not before serving food to the woman Z.",Order Judging(Y/N)
20bc995f-c3de-4789-bd7a-34cf1a313b0c,What event occurs just before serving food to man A?,Being under a food tent,"Just before serving food to man A, the scene transitions to a bustling street food vendor, with a person holding a small container, possibly containing a condiment or ingredient, and a hand reaching towards the food preparation area.",What event order
20bc995f-c3de-4789-bd7a-34cf1a313b0c,What happens right before serving potato balls?,Interacting with a group of people,A person picks up a potato ball and places it into a bowl.,What event order
20bc995f-c3de-4789-bd7a-34cf1a313b0c,What event happens before interacting with a group of people?,Being at a stall,"Before interacting with a group of people, the person is seen preparing a dish, possibly a dosa or a similar type of food, which is being served to a customer.",What event order
20bc995f-c3de-4789-bd7a-34cf1a313b0c,Did the serving of potato balls happen before the gruel in foam plates?,No,"Yes, the serving of potato balls happened before the gruel in foam plates.",Order Judging(Y/N)
20bc995f-c3de-4789-bd7a-34cf1a313b0c,"In the video, is the food tent scene before the interaction with the group of people?",No,"No, the food tent scene is not before the interaction with the group of people.",Order Judging(Y/N)
20bc995f-c3de-4789-bd7a-34cf1a313b0c,What do we see happening just before the food stand scene?,Serving at a stall,"Just before the food stand scene, we see a person holding a small container, possibly a spoon or a piece of food, and a smartphone. The person is standing in front of a food stand with various items on it, including a large bowl filled with a dark, chunky substance, possibly a type of curry or stew.",What event order
20bc995f-c3de-4789-bd7a-34cf1a313b0c,What's the setting of the video clip?,Inside a food kiosk.,"The setting of the video clip is a bustling street food stall with a vibrant and colorful background, featuring various food items and a person preparing food.",Scene Summary
20bc995f-c3de-4789-bd7a-34cf1a313b0c,What is the primary activity occurring?,Food preparation and sales.,The primary activity is the preparation and serving of food at a street food stall.,Scene Summary
20bc995f-c3de-4789-bd7a-34cf1a313b0c,Are there any customers present in the video?,"Yes, a group of people.","No, there are no customers present in the video.",Scene Summary
20bc995f-c3de-4789-bd7a-34cf1a313b0c,What can be seen in the kiosk besides the food?,Food ingredients and cooking utensils.,"Besides the food, the kiosk is adorned with colorful decorations and has a variety of items on the shelves, including a bowl of water, a bottle, and a few other containers.",Scene Summary
20bc995f-c3de-4789-bd7a-34cf1a313b0c,What type of food is being sold?,It is not specified.,"The video shows a person preparing food at a street food stall, which appears to be a variety of snacks and possibly some street food items.",Action Caption
20bc995f-c3de-4789-bd7a-34cf1a313b0c,Is the food seller working alone?,It's not clear from the clip.,"Yes, the food seller is working alone, as indicated by the focus on the food preparation process and the absence of other individuals in the frame.",Action Caption
20bc995f-c3de-4789-bd7a-34cf1a313b0c,Does the video show the exchange of goods for payment?,It is not confirmed.,"Yes, the video shows the exchange of goods for payment, with the person in the blue shirt receiving a payment from the person in the white shirt.",Action Caption
20bc995f-c3de-4789-bd7a-34cf1a313b0c,Does the video show the food being cooked?,No.,"Yes, the video shows the food being cooked, with the person using a spatula to stir the mixture in the pan.",Whether Something Happened(Y/N)
20bc995f-c3de-4789-bd7a-34cf1a313b0c,Does the video show the food being packaged?,"No, it shows it being prepared.","Yes, the video shows the food being packaged, with the person holding a small container and a spoon, indicating the process of packaging the food.",Whether Something Happened(Y/N)
20bc995f-c3de-4789-bd7a-34cf1a313b0c,Is there any indication of the kiosk's location being outdoors?,No.,"Yes, the kiosk is situated outdoors, as indicated by the natural light and the presence of a clear sky.",Whether Something Happened(Y/N)
20bc995f-c3de-4789-bd7a-34cf1a313b0c,"In the video, is the gruel served after the interaction with the group of people?",Yes,"Yes, the gruel is served after the interaction with the group of people, as indicated by the person holding the gruel and the group of people eating it.",Order Judging(Y/N)
20bc995f-c3de-4789-bd7a-34cf1a313b0c,Was I at the kiosk before serving potato balls and gruel?,No,"Yes, you were at the kiosk before serving potato balls and gruel.",Order Judging(Y/N)
20bc995f-c3de-4789-bd7a-34cf1a313b0c,Did I sell food before I prepared it in the kiosk?,No,"Yes, the video shows a person preparing food in the kiosk, which suggests that they may have sold food before preparing it.",Order Judging(Y/N)
20bc995f-c3de-4789-bd7a-34cf1a313b0c,Is the food sold to the group of people after I prepared it?,Yes,"Yes, the food is being served to the group of people after the individual in the blue shirt has prepared it.",Order Judging(Y/N)
20bc995f-c3de-4789-bd7a-34cf1a313b0c,What event took place before serving food to a group of people?,Prepared food in the kiosk,The video does not provide information about a specific event taking place before serving food to a group of people.,What event order
20bc995f-c3de-4789-bd7a-34cf1a313b0c,Did I serve gruel before serving potato balls?,No,"Yes, you can see the gruel being served before the potato balls are served.",Order Judging(Y/N)
